<?xml version="1.0" encoding="UTF-8"?>
<gpx xmlns="http://www.topografix.com/GPX/1/1" xmlns:gpxtpx="http://www.garmin.com/xmlschemas/TrackPointExtension/v1" xmlns:xsi="http://www.w3.org/2001/XMLSchema-instance" xsi:schemaLocation="http://www.topografix.com/GPX/1/1 http://www.topografix.com/GPX/1/1/gpx.xsd" version="1.1" creator="gpx.py -- https://github.com/tkrajina/gpxpy">
  <trk>
    <name>gpx from keep</name>
    <type>Run</type>
    <trkseg>
      <trkpt lat="22.5911507226792" lon="113.98641362021367">
        <ele>66.54347783140838</ele>
        <time>7638-09-18T19:30:02.399994Z</time>
      </trkpt>
      <trkpt lat="22.59114865044824" lon="113.98639988775528">
        <ele>66.28970067296177</ele>
        <time>1970-01-01T00:00:00.900000Z</time>
      </trkpt>
      <trkpt lat="22.591146292159085" lon="113.98638387114865">
        <ele>66.02324185799807</ele>
        <time>1970-01-01T00:00:01.900000Z</time>
      </trkpt>
      <trkpt lat="22.59114386296219" lon="113.9863660305249">
        <ele>65.74259678367525</ele>
        <time>1970-01-01T00:00:02.900000Z</time>
      </trkpt>
      <trkpt lat="22.591141789488823" lon="113.98634693499912">
        <ele>65.43313738703728</ele>
        <time>1970-01-01T00:00:03.900000Z</time>
      </trkpt>
      <trkpt lat="22.591140172400888" lon="113.98632712405215">
        <ele>65.10357358399779</ele>
        <time>1970-01-01T00:00:04.900000Z</time>
      </trkpt>
      <trkpt lat="22.591138912167295" lon="113.98630660393218">
        <ele>64.755724651739</ele>
        <time>1970-01-01T00:00:05.900000Z</time>
      </trkpt>
      <trkpt lat="22.591138219024216" lon="113.98628541211485">
        <ele>64.39504363015294</ele>
        <time>1970-01-01T00:00:06.900000Z</time>
      </trkpt>
      <trkpt lat="22.591137833752292" lon="113.98626412954114">
        <ele>64.0328327966854</ele>
        <time>1970-01-01T00:00:07.900000Z</time>
      </trkpt>
      <trkpt lat="22.591137457871213" lon="113.98624336943357">
        <ele>63.65522443968803</ele>
        <time>1970-01-01T00:00:08.900000Z</time>
      </trkpt>
      <trkpt lat="22.591137180619587" lon="113.98622378081535">
        <ele>63.27916500531137</ele>
        <time>1970-01-01T00:00:09.900000Z</time>
      </trkpt>
      <trkpt lat="22.591137012514274" lon="113.98620612726494">
        <ele>62.898423311300576</ele>
        <time>1970-01-01T00:00:10.900000Z</time>
      </trkpt>
      <trkpt lat="22.591138223538454" lon="113.98619009393074">
        <ele>62.51886160764843</ele>
        <time>1970-01-01T00:00:11.900000Z</time>
      </trkpt>
      <trkpt lat="22.59114116892347" lon="113.9861746978158">
        <ele>62.142008831724524</ele>
        <time>1970-01-01T00:00:12.900000Z</time>
      </trkpt>
      <trkpt lat="22.591145589822343" lon="113.98615954501352">
        <ele>61.76921809837222</ele>
        <time>1970-01-01T00:00:13.900000Z</time>
      </trkpt>
      <trkpt lat="22.591151957814528" lon="113.98614442646577">
        <ele>61.40158261079341</ele>
        <time>1970-01-01T00:00:14.900000Z</time>
      </trkpt>
      <trkpt lat="22.59115979325157" lon="113.98612999653928">
        <ele>61.037800911813974</ele>
        <time>1970-01-01T00:00:15.900000Z</time>
      </trkpt>
      <trkpt lat="22.59116892260314" lon="113.98611676931871">
        <ele>60.67710194271058</ele>
        <time>1970-01-01T00:00:16.900000Z</time>
      </trkpt>
      <trkpt lat="22.591179759960156" lon="113.98610456288635">
        <ele>60.31982390489429</ele>
        <time>1970-01-01T00:00:17.900000Z</time>
      </trkpt>
      <trkpt lat="22.591192882054035" lon="113.98609302820942">
        <ele>59.96482467465103</ele>
        <time>1970-01-01T00:00:18.900000Z</time>
      </trkpt>
      <trkpt lat="22.591208205597432" lon="113.98608202364659">
        <ele>59.61147128418088</ele>
        <time>1970-01-01T00:00:19.900000Z</time>
      </trkpt>
      <trkpt lat="22.59122499752505" lon="113.9860716207352">
        <ele>59.259176081977785</ele>
        <time>1970-01-01T00:00:20.900000Z</time>
      </trkpt>
      <trkpt lat="22.591242980058144" lon="113.98606174006792">
        <ele>58.90767998807132</ele>
        <time>1970-01-01T00:00:21.900000Z</time>
      </trkpt>
      <trkpt lat="22.59126201796464" lon="113.98605237261371">
        <ele>58.55650755763054</ele>
        <time>1970-01-01T00:00:22.900000Z</time>
      </trkpt>
      <trkpt lat="22.591281948034066" lon="113.98604335350272">
        <ele>58.203278478235006</ele>
        <time>1970-01-01T00:00:23.900000Z</time>
      </trkpt>
      <trkpt lat="22.591302572372097" lon="113.98603452746934">
        <ele>57.849426376633346</ele>
        <time>1970-01-01T00:00:24.900000Z</time>
      </trkpt>
      <trkpt lat="22.591323374579794" lon="113.98602586499186">
        <ele>57.49239406827837</ele>
        <time>1970-01-01T00:00:25.900000Z</time>
      </trkpt>
      <trkpt lat="22.59134395048195" lon="113.98601734871498">
        <ele>57.13410007581115</ele>
        <time>1970-01-01T00:00:26.900000Z</time>
      </trkpt>
      <trkpt lat="22.591364047182882" lon="113.98600892884157">
        <ele>56.771223574876785</ele>
        <time>1970-01-01T00:00:27.900000Z</time>
      </trkpt>
      <trkpt lat="22.591383402762688" lon="113.9860007365129">
        <ele>56.4046979630366</ele>
        <time>1970-01-01T00:00:28.900000Z</time>
      </trkpt>
      <trkpt lat="22.591401711337916" lon="113.98599290121699">
        <ele>56.032983526587486</ele>
        <time>1970-01-01T00:00:29.900000Z</time>
      </trkpt>
      <trkpt lat="22.591418319254686" lon="113.98598539496639">
        <ele>55.65827006660402</ele>
        <time>1970-01-01T00:00:30.900000Z</time>
      </trkpt>
      <trkpt lat="22.591432323467263" lon="113.98597882165079">
        <ele>55.283595317043364</ele>
        <time>1970-01-01T00:00:31.900000Z</time>
      </trkpt>
      <trkpt lat="22.591443694782633" lon="113.98597411721813">
        <ele>54.90975318104029</ele>
        <time>1970-01-01T00:00:32.900000Z</time>
      </trkpt>
      <trkpt lat="22.591453574483616" lon="113.98597163876187">
        <ele>54.54039709176868</ele>
        <time>1970-01-01T00:00:33.900000Z</time>
      </trkpt>
      <trkpt lat="22.591463401859823" lon="113.98597129908815">
        <ele>54.17546847742051</ele>
        <time>1970-01-01T00:00:34.900000Z</time>
      </trkpt>
      <trkpt lat="22.59147471830043" lon="113.98597266922542">
        <ele>53.814684144221246</ele>
        <time>1970-01-01T00:00:35.900000Z</time>
      </trkpt>
      <trkpt lat="22.59148789595092" lon="113.98597489306326">
        <ele>53.45591963920742</ele>
        <time>1970-01-01T00:00:36.800000Z</time>
      </trkpt>
      <trkpt lat="22.59150210364619" lon="113.98597704687631">
        <ele>53.0993364341557</ele>
        <time>1970-01-01T00:00:37.800000Z</time>
      </trkpt>
      <trkpt lat="22.591516607843193" lon="113.98597850696963">
        <ele>52.74273759778589</ele>
        <time>1970-01-01T00:00:38.800000Z</time>
      </trkpt>
      <trkpt lat="22.591531157468065" lon="113.9859788995043">
        <ele>52.385074633173645</ele>
        <time>1970-01-01T00:00:39.800000Z</time>
      </trkpt>
      <trkpt lat="22.59154615353746" lon="113.98597799022485">
        <ele>52.02802277542651</ele>
        <time>1970-01-01T00:00:40.800000Z</time>
      </trkpt>
      <trkpt lat="22.59156183869235" lon="113.98597547856656">
        <ele>51.66937602683902</ele>
        <time>1970-01-01T00:00:41.800000Z</time>
      </trkpt>
      <trkpt lat="22.591576618970933" lon="113.9859717537451">
        <ele>51.341056887060404</ele>
        <time>1970-01-01T00:00:42.700000Z</time>
      </trkpt>
      <trkpt lat="22.591593462150268" lon="113.98596786399025">
        <ele>50.97954002954066</ele>
        <time>1970-01-01T00:00:43.700000Z</time>
      </trkpt>
      <trkpt lat="22.591611143137044" lon="113.98596554201721">
        <ele>50.61643494013697</ele>
        <time>1970-01-01T00:00:44.700000Z</time>
      </trkpt>
      <trkpt lat="22.591629134045103" lon="113.98596447112479">
        <ele>50.25248165987432</ele>
        <time>1970-01-01T00:00:45.700000Z</time>
      </trkpt>
      <trkpt lat="22.591647505019644" lon="113.98596409312238">
        <ele>49.8888118378818</ele>
        <time>1970-01-01T00:00:46.700000Z</time>
      </trkpt>
      <trkpt lat="22.591666712134415" lon="113.98596398272704">
        <ele>49.52600074931979</ele>
        <time>1970-01-01T00:00:47.700000Z</time>
      </trkpt>
      <trkpt lat="22.591687039022226" lon="113.98596430584732">
        <ele>49.16482095606625</ele>
        <time>1970-01-01T00:00:48.700000Z</time>
      </trkpt>
      <trkpt lat="22.591708542092732" lon="113.98596512433497">
        <ele>48.805931334383786</ele>
        <time>1970-01-01T00:00:49.700000Z</time>
      </trkpt>
      <trkpt lat="22.591731194398918" lon="113.98596626264724">
        <ele>48.45073501393199</ele>
        <time>1970-01-01T00:00:50.700000Z</time>
      </trkpt>
      <trkpt lat="22.591754890268742" lon="113.98596755943714">
        <ele>48.10064488649368</ele>
        <time>1970-01-01T00:00:51.700000Z</time>
      </trkpt>
      <trkpt lat="22.591779336548843" lon="113.985968804104">
        <ele>47.75694112852216</ele>
        <time>1970-01-01T00:00:52.700000Z</time>
      </trkpt>
      <trkpt lat="22.591803829035744" lon="113.9859697258984">
        <ele>47.42059423774481</ele>
        <time>1970-01-01T00:00:53.700000Z</time>
      </trkpt>
      <trkpt lat="22.5918273880656" lon="113.98597022052662">
        <ele>47.09420664794743</ele>
        <time>1970-01-01T00:00:54.700000Z</time>
      </trkpt>
      <trkpt lat="22.591849490572265" lon="113.98597051938192">
        <ele>46.7781653245911</ele>
        <time>1970-01-01T00:00:55.700000Z</time>
      </trkpt>
      <trkpt lat="22.59187038239047" lon="113.98597065228229">
        <ele>46.47373232804239</ele>
        <time>1970-01-01T00:00:56.700000Z</time>
      </trkpt>
      <trkpt lat="22.591890872800327" lon="113.98597030080522">
        <ele>46.18066724482924</ele>
        <time>1970-01-01T00:00:57.700000Z</time>
      </trkpt>
      <trkpt lat="22.591911810717033" lon="113.98596914884322">
        <ele>45.898741176351905</ele>
        <time>1970-01-01T00:00:58.700000Z</time>
      </trkpt>
      <trkpt lat="22.591933528750307" lon="113.9859675111458">
        <ele>45.6262141559273</ele>
        <time>1970-01-01T00:00:59.700000Z</time>
      </trkpt>
      <trkpt lat="22.591956335468268" lon="113.98596594677934">
        <ele>45.36232348065823</ele>
        <time>1970-01-01T00:01:00.700000Z</time>
      </trkpt>
      <trkpt lat="22.591980212892615" lon="113.98596479887891">
        <ele>45.109150387346745</ele>
        <time>1970-01-01T00:01:01.700000Z</time>
      </trkpt>
      <trkpt lat="22.59200463774201" lon="113.98596426868139">
        <ele>44.86558453459293</ele>
        <time>1970-01-01T00:01:02.700000Z</time>
      </trkpt>
      <trkpt lat="22.59202919450534" lon="113.98596413194913">
        <ele>44.6345186047256</ele>
        <time>1970-01-01T00:01:03.700000Z</time>
      </trkpt>
      <trkpt lat="22.592054235821863" lon="113.98596397302472">
        <ele>44.409402921795845</ele>
        <time>1970-01-01T00:01:04.800000Z</time>
      </trkpt>
      <trkpt lat="22.592078652179378" lon="113.98596367711433">
        <ele>44.20372443832457</ele>
        <time>1970-01-01T00:01:05.800000Z</time>
      </trkpt>
      <trkpt lat="22.59210315816197" lon="113.98596332352957">
        <ele>44.011823863722384</ele>
        <time>1970-01-01T00:01:06.800000Z</time>
      </trkpt>
      <trkpt lat="22.592127426180287" lon="113.98596298553635">
        <ele>43.83868524990976</ele>
        <time>1970-01-01T00:01:07.700000Z</time>
      </trkpt>
      <trkpt lat="22.592152133811013" lon="113.98596245306958">
        <ele>43.67914416640997</ele>
        <time>1970-01-01T00:01:08.700000Z</time>
      </trkpt>
      <trkpt lat="22.59217676396088" lon="113.9859614900974">
        <ele>43.53811508696526</ele>
        <time>1970-01-01T00:01:09.700000Z</time>
      </trkpt>
      <trkpt lat="22.592201340390734" lon="113.98596011117428">
        <ele>43.41456383652985</ele>
        <time>1970-01-01T00:01:10.700000Z</time>
      </trkpt>
      <trkpt lat="22.592225850336835" lon="113.98595840261437">
        <ele>43.30958225205541</ele>
        <time>1970-01-01T00:01:11.700000Z</time>
      </trkpt>
      <trkpt lat="22.592250103394008" lon="113.98595624648509">
        <ele>43.22312820702791</ele>
        <time>1970-01-01T00:01:12.700000Z</time>
      </trkpt>
      <trkpt lat="22.592273965205617" lon="113.98595323678012">
        <ele>43.15549724828452</ele>
        <time>1970-01-01T00:01:13.700000Z</time>
      </trkpt>
      <trkpt lat="22.59229773021624" lon="113.98594927805868">
        <ele>43.10674397461116</ele>
        <time>1970-01-01T00:01:14.700000Z</time>
      </trkpt>
      <trkpt lat="22.59232167271877" lon="113.98594467932071">
        <ele>43.076048605144024</ele>
        <time>1970-01-01T00:01:15.700000Z</time>
      </trkpt>
      <trkpt lat="22.592345591347684" lon="113.98593996156862">
        <ele>43.062499201856554</ele>
        <time>1970-01-01T00:01:16.700000Z</time>
      </trkpt>
      <trkpt lat="22.592369284520156" lon="113.98593542300512">
        <ele>43.06519166752696</ele>
        <time>1970-01-01T00:01:17.700000Z</time>
      </trkpt>
      <trkpt lat="22.59239268250925" lon="113.98593095184039">
        <ele>43.08299132529646</ele>
        <time>1970-01-01T00:01:18.700000Z</time>
      </trkpt>
      <trkpt lat="22.592415667771782" lon="113.98592658161587">
        <ele>43.115330091677606</ele>
        <time>1970-01-01T00:01:19.700000Z</time>
      </trkpt>
      <trkpt lat="22.59243833209131" lon="113.9859222822719">
        <ele>43.16167651489377</ele>
        <time>1970-01-01T00:01:20.700000Z</time>
      </trkpt>
      <trkpt lat="22.592460905157324" lon="113.98591769918606">
        <ele>43.22199771460146</ele>
        <time>1970-01-01T00:01:21.700000Z</time>
      </trkpt>
      <trkpt lat="22.592483705798983" lon="113.98591266739388">
        <ele>43.29544561263174</ele>
        <time>1970-01-01T00:01:22.700000Z</time>
      </trkpt>
      <trkpt lat="22.592506695138983" lon="113.98590740203778">
        <ele>43.38176553416997</ele>
        <time>1970-01-01T00:01:23.700000Z</time>
      </trkpt>
      <trkpt lat="22.592529613711154" lon="113.98590212829362">
        <ele>43.48053846042603</ele>
        <time>1970-01-01T00:01:24.700000Z</time>
      </trkpt>
      <trkpt lat="22.592552481292067" lon="113.98589694430572">
        <ele>43.591217746026814</ele>
        <time>1970-01-01T00:01:25.700000Z</time>
      </trkpt>
      <trkpt lat="22.592575227845884" lon="113.98589179265586">
        <ele>43.714320694096386</ele>
        <time>1970-01-01T00:01:26.700000Z</time>
      </trkpt>
      <trkpt lat="22.592597686376294" lon="113.98588648795877">
        <ele>43.84970795549452</ele>
        <time>1970-01-01T00:01:27.700000Z</time>
      </trkpt>
      <trkpt lat="22.592619721484354" lon="113.98588112534058">
        <ele>43.99772740993649</ele>
        <time>1970-01-01T00:01:28.700000Z</time>
      </trkpt>
      <trkpt lat="22.592641305069158" lon="113.98587590982976">
        <ele>44.15796113666147</ele>
        <time>1970-01-01T00:01:29.700000Z</time>
      </trkpt>
      <trkpt lat="22.592662570176103" lon="113.98587090441579">
        <ele>44.330213085748255</ele>
        <time>1970-01-01T00:01:30.700000Z</time>
      </trkpt>
      <trkpt lat="22.59268368825248" lon="113.98586621781409">
        <ele>44.512851354666054</ele>
        <time>1970-01-01T00:01:31.700000Z</time>
      </trkpt>
      <trkpt lat="22.59270441381474" lon="113.98586206119451">
        <ele>44.70402406901121</ele>
        <time>1970-01-01T00:01:32.700000Z</time>
      </trkpt>
      <trkpt lat="22.592724214377125" lon="113.98585836372183">
        <ele>44.90033821109682</ele>
        <time>1970-01-01T00:01:33.700000Z</time>
      </trkpt>
      <trkpt lat="22.592742951287782" lon="113.9858545584911">
        <ele>45.09901785757393</ele>
        <time>1970-01-01T00:01:34.700000Z</time>
      </trkpt>
      <trkpt lat="22.592760752405827" lon="113.98585033149665">
        <ele>45.29721585661173</ele>
        <time>1970-01-01T00:01:35.700000Z</time>
      </trkpt>
      <trkpt lat="22.592777707861806" lon="113.98584569009752">
        <ele>45.49249941948801</ele>
        <time>1970-01-01T00:01:36.700000Z</time>
      </trkpt>
      <trkpt lat="22.592794287814815" lon="113.98584078646476">
        <ele>45.68298421148211</ele>
        <time>1970-01-01T00:01:37.700000Z</time>
      </trkpt>
      <trkpt lat="22.592811380193375" lon="113.98583573417693">
        <ele>45.8662752462551</ele>
        <time>1970-01-01T00:01:38.700000Z</time>
      </trkpt>
      <trkpt lat="22.5928296951161" lon="113.98583063204843">
        <ele>46.04125057999045</ele>
        <time>1970-01-01T00:01:39.700000Z</time>
      </trkpt>
      <trkpt lat="22.592849305704508" lon="113.98582564230037">
        <ele>46.20532766263932</ele>
        <time>1970-01-01T00:01:40.700000Z</time>
      </trkpt>
      <trkpt lat="22.592870095175325" lon="113.98582071202918">
        <ele>46.357360906898975</ele>
        <time>1970-01-01T00:01:41.700000Z</time>
      </trkpt>
      <trkpt lat="22.592891959337212" lon="113.98581564879242">
        <ele>46.495772862806916</ele>
        <time>1970-01-01T00:01:42.700000Z</time>
      </trkpt>
      <trkpt lat="22.59291466509004" lon="113.98581045541833">
        <ele>46.61943600140512</ele>
        <time>1970-01-01T00:01:43.700000Z</time>
      </trkpt>
      <trkpt lat="22.592938026924763" lon="113.98580526417092">
        <ele>46.72727082204074</ele>
        <time>1970-01-01T00:01:44.700000Z</time>
      </trkpt>
      <trkpt lat="22.59296183290566" lon="113.98580026801471">
        <ele>46.818328998051584</ele>
        <time>1970-01-01T00:01:45.700000Z</time>
      </trkpt>
      <trkpt lat="22.59298589647744" lon="113.98579566461859">
        <ele>46.892004172317684</ele>
        <time>1970-01-01T00:01:46.700000Z</time>
      </trkpt>
      <trkpt lat="22.593009882710394" lon="113.98579118252843">
        <ele>46.94757641851902</ele>
        <time>1970-01-01T00:01:47.700000Z</time>
      </trkpt>
      <trkpt lat="22.593033319923357" lon="113.98578651149876">
        <ele>46.984757693484426</ele>
        <time>1970-01-01T00:01:48.700000Z</time>
      </trkpt>
      <trkpt lat="22.59305621761604" lon="113.98578164819894">
        <ele>47.00292069185525</ele>
        <time>1970-01-01T00:01:49.600000Z</time>
      </trkpt>
      <trkpt lat="22.593078978735505" lon="113.98577653955377">
        <ele>47.001747897826135</ele>
        <time>1970-01-01T00:01:50.600000Z</time>
      </trkpt>
      <trkpt lat="22.5931018714749" lon="113.98577119051075">
        <ele>46.980388740077615</ele>
        <time>1970-01-01T00:01:51.600000Z</time>
      </trkpt>
      <trkpt lat="22.59312461433609" lon="113.98576560428921">
        <ele>46.93776060640812</ele>
        <time>1970-01-01T00:01:52.600000Z</time>
      </trkpt>
      <trkpt lat="22.59314669474374" lon="113.98575983758225">
        <ele>46.872405466623604</ele>
        <time>1970-01-01T00:01:53.600000Z</time>
      </trkpt>
      <trkpt lat="22.593168032186476" lon="113.98575387629629">
        <ele>46.78349544014782</ele>
        <time>1970-01-01T00:01:54.600000Z</time>
      </trkpt>
      <trkpt lat="22.593188979224223" lon="113.98574770765661">
        <ele>46.67108734231442</ele>
        <time>1970-01-01T00:01:55.600000Z</time>
      </trkpt>
      <trkpt lat="22.593209996007452" lon="113.98574141355789">
        <ele>46.53555505722761</ele>
        <time>1970-01-01T00:01:56.600000Z</time>
      </trkpt>
      <trkpt lat="22.593231308914582" lon="113.98573504069003">
        <ele>46.377202332019806</ele>
        <time>1970-01-01T00:01:57.600000Z</time>
      </trkpt>
      <trkpt lat="22.593253068788254" lon="113.98572830953059">
        <ele>46.19576731324196</ele>
        <time>1970-01-01T00:01:58.600000Z</time>
      </trkpt>
      <trkpt lat="22.59327548510576" lon="113.98572106287799">
        <ele>45.990997755900025</ele>
        <time>1970-01-01T00:01:59.600000Z</time>
      </trkpt>
      <trkpt lat="22.59329852659647" lon="113.98571346687301">
        <ele>45.762987876310945</ele>
        <time>1970-01-01T00:02:00.600000Z</time>
      </trkpt>
      <trkpt lat="22.593321962008247" lon="113.98570568988677">
        <ele>45.51314564328641</ele>
        <time>1970-01-01T00:02:01.600000Z</time>
      </trkpt>
      <trkpt lat="22.593345610866" lon="113.98569803832305">
        <ele>45.24347443226725</ele>
        <time>1970-01-01T00:02:02.600000Z</time>
      </trkpt>
      <trkpt lat="22.593369284211636" lon="113.9856906734801">
        <ele>44.956348242238164</ele>
        <time>1970-01-01T00:02:03.600000Z</time>
      </trkpt>
      <trkpt lat="22.593392588499395" lon="113.98568360563057">
        <ele>44.65420207940042</ele>
        <time>1970-01-01T00:02:04.600000Z</time>
      </trkpt>
      <trkpt lat="22.593415498926515" lon="113.98567685082136">
        <ele>44.33962508197874</ele>
        <time>1970-01-01T00:02:05.600000Z</time>
      </trkpt>
      <trkpt lat="22.593438171109668" lon="113.98567038090823">
        <ele>44.015350837260485</ele>
        <time>1970-01-01T00:02:06.600000Z</time>
      </trkpt>
      <trkpt lat="22.59346067482184" lon="113.98566421063724">
        <ele>43.68423854280263</ele>
        <time>1970-01-01T00:02:07.600000Z</time>
      </trkpt>
      <trkpt lat="22.593483249093634" lon="113.98565820428465">
        <ele>43.34935863222927</ele>
        <time>1970-01-01T00:02:08.600000Z</time>
      </trkpt>
      <trkpt lat="22.593505972595914" lon="113.98565198856932">
        <ele>43.013981053605676</ele>
        <time>1970-01-01T00:02:09.600000Z</time>
      </trkpt>
      <trkpt lat="22.59352876511467" lon="113.98564540245057">
        <ele>42.68135838396847</ele>
        <time>1970-01-01T00:02:10.600000Z</time>
      </trkpt>
      <trkpt lat="22.593551682833095" lon="113.98563851478056">
        <ele>42.35452018491924</ele>
        <time>1970-01-01T00:02:11.600000Z</time>
      </trkpt>
      <trkpt lat="22.593574949272984" lon="113.98563140215369">
        <ele>42.03604669962078</ele>
        <time>1970-01-01T00:02:12.600000Z</time>
      </trkpt>
      <trkpt lat="22.593598786176365" lon="113.98562402420163">
        <ele>41.72838296554983</ele>
        <time>1970-01-01T00:02:13.600000Z</time>
      </trkpt>
      <trkpt lat="22.593623126508078" lon="113.98561651381104">
        <ele>41.43360455613583</ele>
        <time>1970-01-01T00:02:14.600000Z</time>
      </trkpt>
      <trkpt lat="22.593647666233338" lon="113.98560901628919">
        <ele>41.153494492173195</ele>
        <time>1970-01-01T00:02:15.600000Z</time>
      </trkpt>
      <trkpt lat="22.59367229401337" lon="113.98560159964897">
        <ele>40.889538856223226</ele>
        <time>1970-01-01T00:02:16.600000Z</time>
      </trkpt>
      <trkpt lat="22.593696978510003" lon="113.98559440075721">
        <ele>40.64280113577843</ele>
        <time>1970-01-01T00:02:17.600000Z</time>
      </trkpt>
      <trkpt lat="22.59372160898974" lon="113.98558765125817">
        <ele>40.41401674039662</ele>
        <time>1970-01-01T00:02:18.600000Z</time>
      </trkpt>
      <trkpt lat="22.59374625014701" lon="113.98558150931429">
        <ele>40.20352666731924</ele>
        <time>1970-01-01T00:02:19.600000Z</time>
      </trkpt>
      <trkpt lat="22.59377101434556" lon="113.98557607975361">
        <ele>40.01135343499482</ele>
        <time>1970-01-01T00:02:20.600000Z</time>
      </trkpt>
      <trkpt lat="22.593795847275604" lon="113.98557136254918">
        <ele>39.836954419501126</ele>
        <time>1970-01-01T00:02:21.600000Z</time>
      </trkpt>
      <trkpt lat="22.593820729252577" lon="113.9855670568664">
        <ele>39.67924461700022</ele>
        <time>1970-01-01T00:02:22.600000Z</time>
      </trkpt>
      <trkpt lat="22.59384581031054" lon="113.98556282328923">
        <ele>39.53659822884947</ele>
        <time>1970-01-01T00:02:23.600000Z</time>
      </trkpt>
      <trkpt lat="22.593871273334717" lon="113.98555858961787">
        <ele>39.40720882732421</ele>
        <time>1970-01-01T00:02:24.600000Z</time>
      </trkpt>
      <trkpt lat="22.59389700285733" lon="113.9855543572858">
        <ele>39.28912207763642</ele>
        <time>1970-01-01T00:02:25.500000Z</time>
      </trkpt>
      <trkpt lat="22.593922902236702" lon="113.98555030026652">
        <ele>39.180305410176516</ele>
        <time>1970-01-01T00:02:26.500000Z</time>
      </trkpt>
      <trkpt lat="22.593949076080545" lon="113.98554677343078">
        <ele>39.0781275620684</ele>
        <time>1970-01-01T00:02:27.500000Z</time>
      </trkpt>
      <trkpt lat="22.593975483310437" lon="113.98554375806005">
        <ele>38.97936209384352</ele>
        <time>1970-01-01T00:02:28.500000Z</time>
      </trkpt>
      <trkpt lat="22.594001807424277" lon="113.98554095867824">
        <ele>38.88029144145548</ele>
        <time>1970-01-01T00:02:29.500000Z</time>
      </trkpt>
      <trkpt lat="22.5940276666982" lon="113.98553817761639">
        <ele>38.777470727451146</ele>
        <time>1970-01-01T00:02:30.500000Z</time>
      </trkpt>
      <trkpt lat="22.594052690308" lon="113.98553562645425">
        <ele>38.66858232021332</ele>
        <time>1970-01-01T00:02:31.500000Z</time>
      </trkpt>
      <trkpt lat="22.594076891273836" lon="113.9855337135723">
        <ele>38.552767931483686</ele>
        <time>1970-01-01T00:02:32.500000Z</time>
      </trkpt>
      <trkpt lat="22.59410076443964" lon="113.9855326974458">
        <ele>38.42944710329175</ele>
        <time>1970-01-01T00:02:33.500000Z</time>
      </trkpt>
      <trkpt lat="22.59412485514594" lon="113.9855323091555">
        <ele>38.298638293519616</ele>
        <time>1970-01-01T00:02:34.500000Z</time>
      </trkpt>
      <trkpt lat="22.594149493179636" lon="113.98553176711461">
        <ele>38.16041696816683</ele>
        <time>1970-01-01T00:02:35.500000Z</time>
      </trkpt>
      <trkpt lat="22.59417462320354" lon="113.9855309612742">
        <ele>38.01469769701362</ele>
        <time>1970-01-01T00:02:36.500000Z</time>
      </trkpt>
      <trkpt lat="22.59420018986551" lon="113.9855304975411">
        <ele>37.8623874373734</ele>
        <time>1970-01-01T00:02:37.500000Z</time>
      </trkpt>
      <trkpt lat="22.59422609710076" lon="113.98553043967654">
        <ele>37.70470283925533</ele>
        <time>1970-01-01T00:02:38.500000Z</time>
      </trkpt>
      <trkpt lat="22.594251996219874" lon="113.98553032769532">
        <ele>37.54305761680007</ele>
        <time>1970-01-01T00:02:39.500000Z</time>
      </trkpt>
      <trkpt lat="22.5942775831982" lon="113.98552949906617">
        <ele>37.37965966947377</ele>
        <time>1970-01-01T00:02:40.500000Z</time>
      </trkpt>
      <trkpt lat="22.59430268128726" lon="113.98552767389504">
        <ele>37.21560913324356</ele>
        <time>1970-01-01T00:02:41.500000Z</time>
      </trkpt>
      <trkpt lat="22.594327216030173" lon="113.98552485379646">
        <ele>37.05288849957287</ele>
        <time>1970-01-01T00:02:42.500000Z</time>
      </trkpt>
      <trkpt lat="22.59435119436999" lon="113.98552146829608">
        <ele>36.892692340537906</ele>
        <time>1970-01-01T00:02:43.500000Z</time>
      </trkpt>
      <trkpt lat="22.594374613748876" lon="113.98551809245402">
        <ele>36.73650569561869</ele>
        <time>1970-01-01T00:02:44.500000Z</time>
      </trkpt>
      <trkpt lat="22.5943977279205" lon="113.98551466221654">
        <ele>36.58740245830268</ele>
        <time>1970-01-01T00:02:45.500000Z</time>
      </trkpt>
      <trkpt lat="22.594420928829066" lon="113.98551099468088">
        <ele>36.44605019874871</ele>
        <time>1970-01-01T00:02:46.500000Z</time>
      </trkpt>
      <trkpt lat="22.59444425952113" lon="113.98550699700917">
        <ele>36.31438687071204</ele>
        <time>1970-01-01T00:02:47.500000Z</time>
      </trkpt>
      <trkpt lat="22.59446759943786" lon="113.98550261870612">
        <ele>36.19318086840212</ele>
        <time>1970-01-01T00:02:48.500000Z</time>
      </trkpt>
      <trkpt lat="22.59449090869572" lon="113.985497734249">
        <ele>36.08302421309054</ele>
        <time>1970-01-01T00:02:49.500000Z</time>
      </trkpt>
      <trkpt lat="22.594514060236353" lon="113.98549231753171">
        <ele>35.98347086831927</ele>
        <time>1970-01-01T00:02:50.500000Z</time>
      </trkpt>
      <trkpt lat="22.59453683791376" lon="113.98548665014025">
        <ele>35.89331548009068</ele>
        <time>1970-01-01T00:02:51.500000Z</time>
      </trkpt>
      <trkpt lat="22.59455922116429" lon="113.98548118149895">
        <ele>35.81007184367627</ele>
        <time>1970-01-01T00:02:52.500000Z</time>
      </trkpt>
      <trkpt lat="22.594581310933986" lon="113.98547626853818">
        <ele>35.7307766918093</ele>
        <time>1970-01-01T00:02:53.500000Z</time>
      </trkpt>
      <trkpt lat="22.594603227144336" lon="113.98547211914655">
        <ele>35.653455761261284</ele>
        <time>1970-01-01T00:02:54.500000Z</time>
      </trkpt>
      <trkpt lat="22.59462515465308" lon="113.98546855808013">
        <ele>35.57576896995306</ele>
        <time>1970-01-01T00:02:55.500000Z</time>
      </trkpt>
      <trkpt lat="22.594647275510223" lon="113.98546559452586">
        <ele>35.496375942602754</ele>
        <time>1970-01-01T00:02:56.500000Z</time>
      </trkpt>
      <trkpt lat="22.59466988449672" lon="113.98546358054267">
        <ele>35.41212489083409</ele>
        <time>1970-01-01T00:02:57.500000Z</time>
      </trkpt>
      <trkpt lat="22.594692890759244" lon="113.98546294956208">
        <ele>35.32237047236413</ele>
        <time>1970-01-01T00:02:58.500000Z</time>
      </trkpt>
      <trkpt lat="22.594716089424573" lon="113.98546355026474">
        <ele>35.22532700654119</ele>
        <time>1970-01-01T00:02:59.500000Z</time>
      </trkpt>
      <trkpt lat="22.594739612621318" lon="113.98546471969615">
        <ele>35.12056074012071</ele>
        <time>1970-01-01T00:03:00.500000Z</time>
      </trkpt>
      <trkpt lat="22.594763525490297" lon="113.98546608541253">
        <ele>35.008114382624626</ele>
        <time>1970-01-01T00:03:01.500000Z</time>
      </trkpt>
      <trkpt lat="22.594787938166586" lon="113.98546753460397">
        <ele>34.888379666022956</ele>
        <time>1970-01-01T00:03:02.400000Z</time>
      </trkpt>
      <trkpt lat="22.59481305258575" lon="113.98546941295885">
        <ele>34.76179285161197</ele>
        <time>1970-01-01T00:03:03.400000Z</time>
      </trkpt>
      <trkpt lat="22.594838458359522" lon="113.98547210048658">
        <ele>34.62644959706813</ele>
        <time>1970-01-01T00:03:04.400000Z</time>
      </trkpt>
      <trkpt lat="22.59486335781384" lon="113.98547533692107">
        <ele>34.48318701516837</ele>
        <time>1970-01-01T00:03:05.400000Z</time>
      </trkpt>
      <trkpt lat="22.5948874058177" lon="113.98547867669613">
        <ele>34.33086800109595</ele>
        <time>1970-01-01T00:03:06.400000Z</time>
      </trkpt>
      <trkpt lat="22.594910805855818" lon="113.98548214981007">
        <ele>34.16931714769453</ele>
        <time>1970-01-01T00:03:07.400000Z</time>
      </trkpt>
      <trkpt lat="22.59493396688298" lon="113.98548564105648">
        <ele>33.998645067214966</ele>
        <time>1970-01-01T00:03:08.400000Z</time>
      </trkpt>
      <trkpt lat="22.59495685027741" lon="113.9854890384512">
        <ele>33.81965274643153</ele>
        <time>1970-01-01T00:03:09.400000Z</time>
      </trkpt>
      <trkpt lat="22.59497954113114" lon="113.98549230254301">
        <ele>33.63360180705786</ele>
        <time>1970-01-01T00:03:10.400000Z</time>
      </trkpt>
      <trkpt lat="22.595002074359098" lon="113.98549563391187">
        <ele>33.44147339463234</ele>
        <time>1970-01-01T00:03:11.400000Z</time>
      </trkpt>
      <trkpt lat="22.59502438059315" lon="113.98549923154842">
        <ele>33.243735602125525</ele>
        <time>1970-01-01T00:03:12.400000Z</time>
      </trkpt>
      <trkpt lat="22.595046161930025" lon="113.98550262834546">
        <ele>33.04136867262423</ele>
        <time>1970-01-01T00:03:13.400000Z</time>
      </trkpt>
      <trkpt lat="22.59506704047573" lon="113.9855049854393">
        <ele>32.83526825718582</ele>
        <time>1970-01-01T00:03:14.400000Z</time>
      </trkpt>
      <trkpt lat="22.59508677617909" lon="113.98550572349694">
        <ele>32.627476214431226</ele>
        <time>1970-01-01T00:03:15.400000Z</time>
      </trkpt>
      <trkpt lat="22.5951058550569" lon="113.98550510192915">
        <ele>32.41798719763756</ele>
        <time>1970-01-01T00:03:16.400000Z</time>
      </trkpt>
      <trkpt lat="22.595124903246237" lon="113.9855037101551">
        <ele>32.20857071969658</ele>
        <time>1970-01-01T00:03:17.400000Z</time>
      </trkpt>
      <trkpt lat="22.595144356195153" lon="113.98550219036467">
        <ele>32.00055828783661</ele>
        <time>1970-01-01T00:03:18.400000Z</time>
      </trkpt>
      <trkpt lat="22.595164797498526" lon="113.98550139679195">
        <ele>31.79407582525164</ele>
        <time>1970-01-01T00:03:19.400000Z</time>
      </trkpt>
      <trkpt lat="22.595186315486153" lon="113.98550180482354">
        <ele>31.590426796115935</ele>
        <time>1970-01-01T00:03:20.400000Z</time>
      </trkpt>
      <trkpt lat="22.59520853519284" lon="113.98550283155822">
        <ele>31.389247396960855</ele>
        <time>1970-01-01T00:03:21.400000Z</time>
      </trkpt>
      <trkpt lat="22.595231466155052" lon="113.98550377158926">
        <ele>31.193583785556257</ele>
        <time>1970-01-01T00:03:22.400000Z</time>
      </trkpt>
      <trkpt lat="22.59525535274872" lon="113.98550455110586">
        <ele>31.00230849161744</ele>
        <time>1970-01-01T00:03:23.400000Z</time>
      </trkpt>
      <trkpt lat="22.59527989192586" lon="113.98550412341883">
        <ele>30.815281050279737</ele>
        <time>1970-01-01T00:03:24.400000Z</time>
      </trkpt>
      <trkpt lat="22.595304604554453" lon="113.98550206598391">
        <ele>30.63201587460935</ele>
        <time>1970-01-01T00:03:25.400000Z</time>
      </trkpt>
      <trkpt lat="22.59532954624491" lon="113.98549918909086">
        <ele>30.45167514681816</ele>
        <time>1970-01-01T00:03:26.400000Z</time>
      </trkpt>
      <trkpt lat="22.595355007276027" lon="113.98549561560432">
        <ele>30.27416057139635</ele>
        <time>1970-01-01T00:03:27.400000Z</time>
      </trkpt>
      <trkpt lat="22.59538073724371" lon="113.98549126523606">
        <ele>30.099075021222234</ele>
        <time>1970-01-01T00:03:28.400000Z</time>
      </trkpt>
      <trkpt lat="22.595405937021553" lon="113.98548615975244">
        <ele>29.926330420188606</ele>
        <time>1970-01-01T00:03:29.400000Z</time>
      </trkpt>
      <trkpt lat="22.59542995374588" lon="113.98548025605896">
        <ele>29.754760197363794</ele>
        <time>1970-01-01T00:03:30.400000Z</time>
      </trkpt>
      <trkpt lat="22.595452572215837" lon="113.98547377839218">
        <ele>29.581944808363914</ele>
        <time>1970-01-01T00:03:31.400000Z</time>
      </trkpt>
      <trkpt lat="22.595473840165173" lon="113.98546714715825">
        <ele>29.408477908931673</ele>
        <time>1970-01-01T00:03:32.400000Z</time>
      </trkpt>
      <trkpt lat="22.595493958192325" lon="113.98546095681108">
        <ele>29.23425287846476</ele>
        <time>1970-01-01T00:03:33.400000Z</time>
      </trkpt>
      <trkpt lat="22.59551165118926" lon="113.98545410408208">
        <ele>29.0586055573076</ele>
        <time>1970-01-01T00:03:34.400000Z</time>
      </trkpt>
      <trkpt lat="22.595524370150994" lon="113.98544521619573">
        <ele>28.880715348757803</ele>
        <time>1970-01-01T00:03:35.400000Z</time>
      </trkpt>
      <trkpt lat="22.595533945858985" lon="113.98543436204918">
        <ele>28.701866632327437</ele>
        <time>1970-01-01T00:03:36.400000Z</time>
      </trkpt>
      <trkpt lat="22.59554397014072" lon="113.98542100996545">
        <ele>28.521526534110308</ele>
        <time>1970-01-01T00:03:37.400000Z</time>
      </trkpt>
      <trkpt lat="22.59555543320859" lon="113.98540437418869">
        <ele>28.3423923086375</ele>
        <time>1970-01-01T00:03:38.300000Z</time>
      </trkpt>
      <trkpt lat="22.595568345205834" lon="113.98538482811303">
        <ele>28.163751774467528</ele>
        <time>1970-01-01T00:03:39.300000Z</time>
      </trkpt>
      <trkpt lat="22.595581956016705" lon="113.98536369272477">
        <ele>27.98702350538224</ele>
        <time>1970-01-01T00:03:40.300000Z</time>
      </trkpt>
      <trkpt lat="22.59559561860755" lon="113.98534206246265">
        <ele>27.811273105442524</ele>
        <time>1970-01-01T00:03:41.300000Z</time>
      </trkpt>
      <trkpt lat="22.59560954778967" lon="113.98532040494926">
        <ele>27.63616682216525</ele>
        <time>1970-01-01T00:03:42.300000Z</time>
      </trkpt>
      <trkpt lat="22.59562378312546" lon="113.98529882400909">
        <ele>27.462041353806853</ele>
        <time>1970-01-01T00:03:43.300000Z</time>
      </trkpt>
      <trkpt lat="22.59563808432884" lon="113.98527713769268">
        <ele>27.288098143413663</ele>
        <time>1970-01-01T00:03:44.300000Z</time>
      </trkpt>
      <trkpt lat="22.595652604254457" lon="113.9852550753856">
        <ele>27.11454359162599</ele>
        <time>1970-01-01T00:03:45.300000Z</time>
      </trkpt>
      <trkpt lat="22.59566763009171" lon="113.98523250186558">
        <ele>26.942068131640553</ele>
        <time>1970-01-01T00:03:46.300000Z</time>
      </trkpt>
      <trkpt lat="22.595683176395116" lon="113.98520951814686">
        <ele>26.77043837402016</ele>
        <time>1970-01-01T00:03:47.300000Z</time>
      </trkpt>
      <trkpt lat="22.595698815371886" lon="113.98518664341596">
        <ele>26.59986832551658</ele>
        <time>1970-01-01T00:03:48.300000Z</time>
      </trkpt>
      <trkpt lat="22.59571399792838" lon="113.98516459146835">
        <ele>26.430684817023575</ele>
        <time>1970-01-01T00:03:49.300000Z</time>
      </trkpt>
      <trkpt lat="22.595728664994084" lon="113.98514358690288">
        <ele>26.26409152895212</ele>
        <time>1970-01-01T00:03:50.300000Z</time>
      </trkpt>
      <trkpt lat="22.59574330365054" lon="113.98512320070681">
        <ele>26.099559533409774</ele>
        <time>1970-01-01T00:03:51.300000Z</time>
      </trkpt>
      <trkpt lat="22.595758215772634" lon="113.98510300471061">
        <ele>25.938930990174413</ele>
        <time>1970-01-01T00:03:52.300000Z</time>
      </trkpt>
      <trkpt lat="22.595773246215295" lon="113.98508286501814">
        <ele>25.781053952872753</ele>
        <time>1970-01-01T00:03:53.300000Z</time>
      </trkpt>
      <trkpt lat="22.59578800448122" lon="113.98506303916187">
        <ele>25.62820259295404</ele>
        <time>1970-01-01T00:03:54.300000Z</time>
      </trkpt>
      <trkpt lat="22.595802467201498" lon="113.98504380512394">
        <ele>25.47850819863379</ele>
        <time>1970-01-01T00:03:55.300000Z</time>
      </trkpt>
      <trkpt lat="22.59581702563384" lon="113.98502502847262">
        <ele>25.333218772895634</ele>
        <time>1970-01-01T00:03:56.300000Z</time>
      </trkpt>
      <trkpt lat="22.59583210990458" lon="113.98500641096301">
        <ele>25.193595124408603</ele>
        <time>1970-01-01T00:03:57.300000Z</time>
      </trkpt>
      <trkpt lat="22.59584797111996" lon="113.98498759678115">
        <ele>25.059921103529632</ele>
        <time>1970-01-01T00:03:58.300000Z</time>
      </trkpt>
      <trkpt lat="22.595864525538932" lon="113.98496871467049">
        <ele>24.932230062782764</ele>
        <time>1970-01-01T00:03:59.300000Z</time>
      </trkpt>
      <trkpt lat="22.595881498319876" lon="113.98495007402806">
        <ele>24.808073829859495</ele>
        <time>1970-01-01T00:04:00.300000Z</time>
      </trkpt>
      <trkpt lat="22.595898703844085" lon="113.9849317450792">
        <ele>24.691104793921113</ele>
        <time>1970-01-01T00:04:01.300000Z</time>
      </trkpt>
      <trkpt lat="22.595916033790292" lon="113.98491362378485">
        <ele>24.57875820994377</ele>
        <time>1970-01-01T00:04:02.300000Z</time>
      </trkpt>
      <trkpt lat="22.5959333331841" lon="113.98489553301019">
        <ele>24.474616991356015</ele>
        <time>1970-01-01T00:04:03.300000Z</time>
      </trkpt>
      <trkpt lat="22.5959505861667" lon="113.9848772008139">
        <ele>24.376453639008105</ele>
        <time>1970-01-01T00:04:04.300000Z</time>
      </trkpt>
      <trkpt lat="22.59596801902905" lon="113.98485852294418">
        <ele>24.287867235951126</ele>
        <time>1970-01-01T00:04:05.300000Z</time>
      </trkpt>
      <trkpt lat="22.59598586548175" lon="113.9848397968435">
        <ele>24.207115257158875</ele>
        <time>1970-01-01T00:04:06.300000Z</time>
      </trkpt>
      <trkpt lat="22.596003961383445" lon="113.98482113533899">
        <ele>24.132751451805234</ele>
        <time>1970-01-01T00:04:07.300000Z</time>
      </trkpt>
      <trkpt lat="22.59602187545344" lon="113.98480242007797">
        <ele>24.065343412570655</ele>
        <time>1970-01-01T00:04:08.300000Z</time>
      </trkpt>
      <trkpt lat="22.59603915198093" lon="113.98478376706831">
        <ele>24.0049341423437</ele>
        <time>1970-01-01T00:04:09.300000Z</time>
      </trkpt>
      <trkpt lat="22.596055574698752" lon="113.98476551742276">
        <ele>23.94812032021582</ele>
        <time>1970-01-01T00:04:10.300000Z</time>
      </trkpt>
      <trkpt lat="22.596071237255124" lon="113.98474783111327">
        <ele>23.895422792062163</ele>
        <time>1970-01-01T00:04:11.300000Z</time>
      </trkpt>
      <trkpt lat="22.59608654735285" lon="113.98473063836256">
        <ele>23.846421148627996</ele>
        <time>1970-01-01T00:04:12.300000Z</time>
      </trkpt>
      <trkpt lat="22.596102015945103" lon="113.98471356098788">
        <ele>23.80054527428001</ele>
        <time>1970-01-01T00:04:13.300000Z</time>
      </trkpt>
      <trkpt lat="22.59611761693813" lon="113.98469622448012">
        <ele>23.757110382430255</ele>
        <time>1970-01-01T00:04:14.300000Z</time>
      </trkpt>
      <trkpt lat="22.596132864749666" lon="113.98467857395181">
        <ele>23.71287415921688</ele>
        <time>1970-01-01T00:04:15.200000Z</time>
      </trkpt>
      <trkpt lat="22.596147317302623" lon="113.98466060055881">
        <ele>23.668895144946873</ele>
        <time>1970-01-01T00:04:16.200000Z</time>
      </trkpt>
      <trkpt lat="22.596161498066838" lon="113.98464301324584">
        <ele>23.62481562886387</ele>
        <time>1970-01-01T00:04:17.200000Z</time>
      </trkpt>
      <trkpt lat="22.596176268044424" lon="113.9846263900064">
        <ele>23.58105159457773</ele>
        <time>1970-01-01T00:04:18.200000Z</time>
      </trkpt>
      <trkpt lat="22.59619182648578" lon="113.9846108262045">
        <ele>23.53774112649262</ele>
        <time>1970-01-01T00:04:19.200000Z</time>
      </trkpt>
      <trkpt lat="22.59620877729939" lon="113.98459740657327">
        <ele>23.4943842664361</ele>
        <time>1970-01-01T00:04:20.200000Z</time>
      </trkpt>
      <trkpt lat="22.596227281941935" lon="113.98458715929513">
        <ele>23.450518402270973</ele>
        <time>1970-01-01T00:04:21.200000Z</time>
      </trkpt>
      <trkpt lat="22.596246534879374" lon="113.9845798457104">
        <ele>23.407511364668608</ele>
        <time>1970-01-01T00:04:22.200000Z</time>
      </trkpt>
      <trkpt lat="22.59626590227061" lon="113.98457478458914">
        <ele>23.365057385526597</ele>
        <time>1970-01-01T00:04:23.200000Z</time>
      </trkpt>
      <trkpt lat="22.596284793774423" lon="113.98457058964921">
        <ele>23.321161556057632</ele>
        <time>1970-01-01T00:04:24.200000Z</time>
      </trkpt>
      <trkpt lat="22.59630214086839" lon="113.98456530940614">
        <ele>23.278107528574765</ele>
        <time>1970-01-01T00:04:25.200000Z</time>
      </trkpt>
      <trkpt lat="22.596315622173964" lon="113.98455702096778">
        <ele>23.234277554787695</ele>
        <time>1970-01-01T00:04:26.200000Z</time>
      </trkpt>
      <trkpt lat="22.596321901245318" lon="113.98454549341179">
        <ele>23.191606547683477</ele>
        <time>1970-01-01T00:04:27.200000Z</time>
      </trkpt>
      <trkpt lat="22.596319829290085" lon="113.98453404588398">
        <ele>23.14920596871525</ele>
        <time>1970-01-01T00:04:28.200000Z</time>
      </trkpt>
      <trkpt lat="22.596312824942157" lon="113.98452475998289">
        <ele>23.108204592950642</ele>
        <time>1970-01-01T00:04:29.200000Z</time>
      </trkpt>
      <trkpt lat="22.596304313906746" lon="113.9845162153806">
        <ele>23.068998684175313</ele>
        <time>1970-01-01T00:04:30.200000Z</time>
      </trkpt>
      <trkpt lat="22.59629527898911" lon="113.98450633128171">
        <ele>23.031763213686645</ele>
        <time>1970-01-01T00:04:31.200000Z</time>
      </trkpt>
      <trkpt lat="22.596286659084985" lon="113.98449324249768">
        <ele>22.995503704994917</ele>
        <time>1970-01-01T00:04:32.200000Z</time>
      </trkpt>
      <trkpt lat="22.59627929216839" lon="113.98447711517818">
        <ele>22.961788727901876</ele>
        <time>1970-01-01T00:04:33.200000Z</time>
      </trkpt>
      <trkpt lat="22.596273612368314" lon="113.9844595417231">
        <ele>22.93174532148987</ele>
        <time>1970-01-01T00:04:34.200000Z</time>
      </trkpt>
      <trkpt lat="22.59626952788214" lon="113.98444132913552">
        <ele>22.903781265951693</ele>
        <time>1970-01-01T00:04:35.200000Z</time>
      </trkpt>
      <trkpt lat="22.596267002290595" lon="113.98442281368445">
        <ele>22.87918994296342</ele>
        <time>1970-01-01T00:04:36.200000Z</time>
      </trkpt>
      <trkpt lat="22.59626671191125" lon="113.98440371259125">
        <ele>22.856373003683984</ele>
        <time>1970-01-01T00:04:37.200000Z</time>
      </trkpt>
      <trkpt lat="22.59626808279161" lon="113.98438355691208">
        <ele>22.836461083963513</ele>
        <time>1970-01-01T00:04:38.200000Z</time>
      </trkpt>
      <trkpt lat="22.596268327507747" lon="113.98436243622007">
        <ele>22.818672209978104</ele>
        <time>1970-01-01T00:04:39.200000Z</time>
      </trkpt>
      <trkpt lat="22.596267055247917" lon="113.98434117341344">
        <ele>22.802401593886316</ele>
        <time>1970-01-01T00:04:40.200000Z</time>
      </trkpt>
      <trkpt lat="22.596265457056447" lon="113.9843208811254">
        <ele>22.7876816354692</ele>
        <time>1970-01-01T00:04:41.200000Z</time>
      </trkpt>
      <trkpt lat="22.596262731349853" lon="113.98430193151916">
        <ele>22.773845746181905</ele>
        <time>1970-01-01T00:04:42.200000Z</time>
      </trkpt>
      <trkpt lat="22.59625768863403" lon="113.98428394300939">
        <ele>22.76118649635464</ele>
        <time>1970-01-01T00:04:43.200000Z</time>
      </trkpt>
      <trkpt lat="22.596249645673" lon="113.98426648511796">
        <ele>22.749061946757138</ele>
        <time>1970-01-01T00:04:44.200000Z</time>
      </trkpt>
      <trkpt lat="22.596238872481315" lon="113.98424958859766">
        <ele>22.738660199567676</ele>
        <time>1970-01-01T00:04:45.200000Z</time>
      </trkpt>
      <trkpt lat="22.596226218501243" lon="113.98423292392036">
        <ele>22.727675859816372</ele>
        <time>1970-01-01T00:04:46.200000Z</time>
      </trkpt>
      <trkpt lat="22.596212880613706" lon="113.98421589095187">
        <ele>22.718111309222877</ele>
        <time>1970-01-01T00:04:47.200000Z</time>
      </trkpt>
      <trkpt lat="22.596199695124454" lon="113.98419861861643">
        <ele>22.7072916040197</ele>
        <time>1970-01-01T00:04:48.200000Z</time>
      </trkpt>
      <trkpt lat="22.596187149032225" lon="113.98418169555343">
        <ele>22.69615381769836</ele>
        <time>1970-01-01T00:04:49.200000Z</time>
      </trkpt>
      <trkpt lat="22.596175740828826" lon="113.98416519222147">
        <ele>22.68445298448205</ele>
        <time>1970-01-01T00:04:50.200000Z</time>
      </trkpt>
      <trkpt lat="22.596164917807833" lon="113.98414829548821">
        <ele>22.669039712287486</ele>
        <time>1970-01-01T00:04:51.100000Z</time>
      </trkpt>
      <trkpt lat="22.596153940162953" lon="113.98413029536425">
        <ele>22.652421060949564</ele>
        <time>1970-01-01T00:04:52.100000Z</time>
      </trkpt>
      <trkpt lat="22.59614258812033" lon="113.98411115811867">
        <ele>22.633268491365016</ele>
        <time>1970-01-01T00:04:53.100000Z</time>
      </trkpt>
      <trkpt lat="22.596130763166304" lon="113.98409146723887">
        <ele>22.61135304067284</ele>
        <time>1970-01-01T00:04:54.100000Z</time>
      </trkpt>
      <trkpt lat="22.596118559177185" lon="113.98407186487687">
        <ele>22.585991515778005</ele>
        <time>1970-01-01T00:04:55.100000Z</time>
      </trkpt>
      <trkpt lat="22.596106131264257" lon="113.98405280279235">
        <ele>22.556183169595897</ele>
        <time>1970-01-01T00:04:56.100000Z</time>
      </trkpt>
      <trkpt lat="22.596093857342552" lon="113.98403432237653">
        <ele>22.522215680219233</ele>
        <time>1970-01-01T00:04:57.100000Z</time>
      </trkpt>
      <trkpt lat="22.596081825954716" lon="113.98401664358789">
        <ele>22.483655631542206</ele>
        <time>1970-01-01T00:04:58.100000Z</time>
      </trkpt>
      <trkpt lat="22.596069680105348" lon="113.98399982237444">
        <ele>22.440968945622444</ele>
        <time>1970-01-01T00:04:59.100000Z</time>
      </trkpt>
      <trkpt lat="22.59605675364567" lon="113.98398373393324">
        <ele>22.394924049265683</ele>
        <time>1970-01-01T00:05:00.100000Z</time>
      </trkpt>
      <trkpt lat="22.59604246121752" lon="113.98396841330604">
        <ele>22.34588696435094</ele>
        <time>1970-01-01T00:05:01.100000Z</time>
      </trkpt>
      <trkpt lat="22.596026647869866" lon="113.98395409234179">
        <ele>22.294854890555143</ele>
        <time>1970-01-01T00:05:02.100000Z</time>
      </trkpt>
      <trkpt lat="22.59600959727038" lon="113.98394086484676">
        <ele>22.24141459725797</ele>
        <time>1970-01-01T00:05:03.100000Z</time>
      </trkpt>
      <trkpt lat="22.595992598079942" lon="113.98392721300611">
        <ele>22.186734144575894</ele>
        <time>1970-01-01T00:05:04.100000Z</time>
      </trkpt>
      <trkpt lat="22.595976915723472" lon="113.98391196277238">
        <ele>22.131775841116905</ele>
        <time>1970-01-01T00:05:05.100000Z</time>
      </trkpt>
      <trkpt lat="22.59596244323536" lon="113.9838956968885">
        <ele>22.077247659675777</ele>
        <time>1970-01-01T00:05:06.100000Z</time>
      </trkpt>
      <trkpt lat="22.595948399849814" lon="113.98387935636812">
        <ele>22.023904285393655</ele>
        <time>1970-01-01T00:05:07.100000Z</time>
      </trkpt>
      <trkpt lat="22.595934124045044" lon="113.98386293992048">
        <ele>21.971823949366808</ele>
        <time>1970-01-01T00:05:08.100000Z</time>
      </trkpt>
      <trkpt lat="22.59591886354648" lon="113.98384624358883">
        <ele>21.921209383755922</ele>
        <time>1970-01-01T00:05:09.100000Z</time>
      </trkpt>
      <trkpt lat="22.59590206252908" lon="113.98382968569756">
        <ele>21.87154318485409</ele>
        <time>1970-01-01T00:05:10.100000Z</time>
      </trkpt>
      <trkpt lat="22.595883754971428" lon="113.98381413597969">
        <ele>21.822216475382447</ele>
        <time>1970-01-01T00:05:11.100000Z</time>
      </trkpt>
      <trkpt lat="22.595864899697727" lon="113.98379939113866">
        <ele>21.77205110155046</ele>
        <time>1970-01-01T00:05:12.100000Z</time>
      </trkpt>
      <trkpt lat="22.59584651637643" lon="113.9837847401013">
        <ele>21.720294751226902</ele>
        <time>1970-01-01T00:05:13.100000Z</time>
      </trkpt>
      <trkpt lat="22.595828772835272" lon="113.9837702781675">
        <ele>21.665906900539994</ele>
        <time>1970-01-01T00:05:14.100000Z</time>
      </trkpt>
      <trkpt lat="22.595811493145717" lon="113.9837556606781">
        <ele>21.608618047088385</ele>
        <time>1970-01-01T00:05:15.100000Z</time>
      </trkpt>
      <trkpt lat="22.59579430622285" lon="113.98374031895413">
        <ele>21.547556476667523</ele>
        <time>1970-01-01T00:05:16.100000Z</time>
      </trkpt>
      <trkpt lat="22.59577664768679" lon="113.98372396209264">
        <ele>21.48292062804103</ele>
        <time>1970-01-01T00:05:17.100000Z</time>
      </trkpt>
      <trkpt lat="22.595758377946584" lon="113.98370656463979">
        <ele>21.414281960576773</ele>
        <time>1970-01-01T00:05:18.100000Z</time>
      </trkpt>
      <trkpt lat="22.595740019472807" lon="113.98368863710733">
        <ele>21.34180516283959</ele>
        <time>1970-01-01T00:05:19.100000Z</time>
      </trkpt>
      <trkpt lat="22.595722011473043" lon="113.98367068284567">
        <ele>21.265763571485877</ele>
        <time>1970-01-01T00:05:20.100000Z</time>
      </trkpt>
      <trkpt lat="22.59570448042028" lon="113.98365326404655">
        <ele>21.18756741657853</ele>
        <time>1970-01-01T00:05:21.100000Z</time>
      </trkpt>
      <trkpt lat="22.595687362811297" lon="113.98363660453494">
        <ele>21.106880199164152</ele>
        <time>1970-01-01T00:05:22.100000Z</time>
      </trkpt>
      <trkpt lat="22.595670012890213" lon="113.98362037657775">
        <ele>21.02547208312899</ele>
        <time>1970-01-01T00:05:23.100000Z</time>
      </trkpt>
      <trkpt lat="22.59565176432691" lon="113.98360436010083">
        <ele>20.943860301747918</ele>
        <time>1970-01-01T00:05:24.100000Z</time>
      </trkpt>
      <trkpt lat="22.595632408686857" lon="113.98358852516371">
        <ele>20.863503266125917</ele>
        <time>1970-01-01T00:05:25.100000Z</time>
      </trkpt>
      <trkpt lat="22.59561202258288" lon="113.98357290584322">
        <ele>20.784900410100818</ele>
        <time>1970-01-01T00:05:26.100000Z</time>
      </trkpt>
      <trkpt lat="22.595590991228352" lon="113.98355745120638">
        <ele>20.709334815852344</ele>
        <time>1970-01-01T00:05:27.100000Z</time>
      </trkpt>
      <trkpt lat="22.59556993833533" lon="113.98354193619166">
        <ele>20.637733477167785</ele>
        <time>1970-01-01T00:05:28Z</time>
      </trkpt>
      <trkpt lat="22.595549333310874" lon="113.98352590333171">
        <ele>20.57103499211371</ele>
        <time>1970-01-01T00:05:29Z</time>
      </trkpt>
      <trkpt lat="22.59552939170584" lon="113.98350889504225">
        <ele>20.510340368375182</ele>
        <time>1970-01-01T00:05:30Z</time>
      </trkpt>
      <trkpt lat="22.595510080010012" lon="113.98349080562654">
        <ele>20.456120719201863</ele>
        <time>1970-01-01T00:05:31Z</time>
      </trkpt>
      <trkpt lat="22.595491491078114" lon="113.98347190578438">
        <ele>20.409117801114917</ele>
        <time>1970-01-01T00:05:32Z</time>
      </trkpt>
      <trkpt lat="22.59547393990864" lon="113.98345248528825">
        <ele>20.37052778713405</ele>
        <time>1970-01-01T00:05:33Z</time>
      </trkpt>
      <trkpt lat="22.59545757832227" lon="113.98343282188497">
        <ele>20.340797037817538</ele>
        <time>1970-01-01T00:05:34Z</time>
      </trkpt>
      <trkpt lat="22.595442293076967" lon="113.98341301527381">
        <ele>20.320448212325573</ele>
        <time>1970-01-01T00:05:35Z</time>
      </trkpt>
      <trkpt lat="22.59542764851778" lon="113.98339313946263">
        <ele>20.309813242405653</ele>
        <time>1970-01-01T00:05:36Z</time>
      </trkpt>
      <trkpt lat="22.595413129677706" lon="113.983373423945">
        <ele>20.309946511872113</ele>
        <time>1970-01-01T00:05:37Z</time>
      </trkpt>
      <trkpt lat="22.59539865640865" lon="113.98335407875932">
        <ele>20.32107373699546</ele>
        <time>1970-01-01T00:05:38Z</time>
      </trkpt>
      <trkpt lat="22.59538448266688" lon="113.98333537018021">
        <ele>20.343637391924858</ele>
        <time>1970-01-01T00:05:39Z</time>
      </trkpt>
      <trkpt lat="22.59537079068352" lon="113.98331780778766">
        <ele>20.378136661835015</ele>
        <time>1970-01-01T00:05:40Z</time>
      </trkpt>
      <trkpt lat="22.59535904876584" lon="113.98330096002846">
        <ele>20.424793161451817</ele>
        <time>1970-01-01T00:05:41Z</time>
      </trkpt>
      <trkpt lat="22.595351641645475" lon="113.98328391790822">
        <ele>20.4838756211102</ele>
        <time>1970-01-01T00:05:42Z</time>
      </trkpt>
      <trkpt lat="22.595347496478986" lon="113.98326658284334">
        <ele>20.554757026024163</ele>
        <time>1970-01-01T00:05:43Z</time>
      </trkpt>
      <trkpt lat="22.595342114085017" lon="113.98324929688117">
        <ele>20.63539537321776</ele>
        <time>1970-01-01T00:05:44Z</time>
      </trkpt>
      <trkpt lat="22.595333779507794" lon="113.9832324454813">
        <ele>20.72377845272422</ele>
        <time>1970-01-01T00:05:45Z</time>
      </trkpt>
      <trkpt lat="22.595323397880076" lon="113.98321603654162">
        <ele>20.81828689109534</ele>
        <time>1970-01-01T00:05:46Z</time>
      </trkpt>
      <trkpt lat="22.595311223465227" lon="113.98319981896027">
        <ele>20.91610378958285</ele>
        <time>1970-01-01T00:05:47Z</time>
      </trkpt>
      <trkpt lat="22.595297335063584" lon="113.98318355994364">
        <ele>21.0161227080971</ele>
        <time>1970-01-01T00:05:48Z</time>
      </trkpt>
      <trkpt lat="22.595281821982272" lon="113.98316710651878">
        <ele>21.116697088815272</ele>
        <time>1970-01-01T00:05:49Z</time>
      </trkpt>
      <trkpt lat="22.595264873073393" lon="113.98315040944988">
        <ele>21.216611350886524</ele>
        <time>1970-01-01T00:05:50Z</time>
      </trkpt>
      <trkpt lat="22.59524688287319" lon="113.98313351183678">
        <ele>21.312360351905227</ele>
        <time>1970-01-01T00:05:51Z</time>
      </trkpt>
      <trkpt lat="22.595228219156816" lon="113.98311667267147">
        <ele>21.405719827860594</ele>
        <time>1970-01-01T00:05:52Z</time>
      </trkpt>
      <trkpt lat="22.595209178778575" lon="113.98310017782205">
        <ele>21.4927447270602</ele>
        <time>1970-01-01T00:05:53Z</time>
      </trkpt>
      <trkpt lat="22.595189974499366" lon="113.9830839120749">
        <ele>21.573519536294043</ele>
        <time>1970-01-01T00:05:54Z</time>
      </trkpt>
      <trkpt lat="22.59517048315526" lon="113.98306754373007">
        <ele>21.64877486974001</ele>
        <time>1970-01-01T00:05:55Z</time>
      </trkpt>
      <trkpt lat="22.595150495700395" lon="113.98305112810532">
        <ele>21.717334281653166</ele>
        <time>1970-01-01T00:05:56Z</time>
      </trkpt>
      <trkpt lat="22.595130098652348" lon="113.98303507446852">
        <ele>21.78480367641896</ele>
        <time>1970-01-01T00:05:57Z</time>
      </trkpt>
      <trkpt lat="22.595109459061355" lon="113.98301948458202">
        <ele>21.845207686536014</ele>
        <time>1970-01-01T00:05:58Z</time>
      </trkpt>
      <trkpt lat="22.595088565298617" lon="113.98300395177911">
        <ele>21.902269140817225</ele>
        <time>1970-01-01T00:05:59Z</time>
      </trkpt>
      <trkpt lat="22.595067382533923" lon="113.98298810204074">
        <ele>21.95491009298712</ele>
        <time>1970-01-01T00:06:00Z</time>
      </trkpt>
      <trkpt lat="22.59504610712523" lon="113.98297188123402">
        <ele>22.002413324080408</ele>
        <time>1970-01-01T00:06:01Z</time>
      </trkpt>
      <trkpt lat="22.595025050099608" lon="113.98295518956401">
        <ele>22.045448826625943</ele>
        <time>1970-01-01T00:06:02Z</time>
      </trkpt>
      <trkpt lat="22.595004201027024" lon="113.982937916027">
        <ele>22.082710333168507</ele>
        <time>1970-01-01T00:06:03Z</time>
      </trkpt>
      <trkpt lat="22.594983229127376" lon="113.98292021157168">
        <ele>22.114586372859776</ele>
        <time>1970-01-01T00:06:03.900000Z</time>
      </trkpt>
      <trkpt lat="22.59496196524036" lon="113.98290235950154">
        <ele>22.14159468188882</ele>
        <time>1970-01-01T00:06:04.900000Z</time>
      </trkpt>
      <trkpt lat="22.59494042426701" lon="113.98288456386486">
        <ele>22.163030029274523</ele>
        <time>1970-01-01T00:06:05.900000Z</time>
      </trkpt>
      <trkpt lat="22.594918712682162" lon="113.98286672370509">
        <ele>22.179950018413365</ele>
        <time>1970-01-01T00:06:06.900000Z</time>
      </trkpt>
      <trkpt lat="22.594897117211293" lon="113.98284883401516">
        <ele>22.192188620567322</ele>
        <time>1970-01-01T00:06:07.900000Z</time>
      </trkpt>
      <trkpt lat="22.594875931383083" lon="113.98283089157526">
        <ele>22.200723791494966</ele>
        <time>1970-01-01T00:06:08.900000Z</time>
      </trkpt>
      <trkpt lat="22.59485532383472" lon="113.98281259647904">
        <ele>22.205949807539582</ele>
        <time>1970-01-01T00:06:09.900000Z</time>
      </trkpt>
      <trkpt lat="22.59483515098641" lon="113.9827935715949">
        <ele>22.20918089337647</ele>
        <time>1970-01-01T00:06:10.900000Z</time>
      </trkpt>
      <trkpt lat="22.594815560343704" lon="113.9827738578113">
        <ele>22.210703461430967</ele>
        <time>1970-01-01T00:06:11.900000Z</time>
      </trkpt>
      <trkpt lat="22.59479675878178" lon="113.98275388640222">
        <ele>22.211306259036064</ele>
        <time>1970-01-01T00:06:12.900000Z</time>
      </trkpt>
      <trkpt lat="22.594778606940675" lon="113.98273402757525">
        <ele>22.211832519620657</ele>
        <time>1970-01-01T00:06:13.900000Z</time>
      </trkpt>
      <trkpt lat="22.594761058180083" lon="113.98271447558105">
        <ele>22.212424497120082</ele>
        <time>1970-01-01T00:06:14.900000Z</time>
      </trkpt>
      <trkpt lat="22.594744042276844" lon="113.9826953807317">
        <ele>22.21561230160296</ele>
        <time>1970-01-01T00:06:15.900000Z</time>
      </trkpt>
      <trkpt lat="22.594727272789388" lon="113.98267683203753">
        <ele>22.221623075194657</ele>
        <time>1970-01-01T00:06:16.900000Z</time>
      </trkpt>
      <trkpt lat="22.594710556382353" lon="113.98265882496553">
        <ele>22.231157754547894</ele>
        <time>1970-01-01T00:06:17.900000Z</time>
      </trkpt>
      <trkpt lat="22.59469367042391" lon="113.98264155898755">
        <ele>22.246473849751055</ele>
        <time>1970-01-01T00:06:18.900000Z</time>
      </trkpt>
      <trkpt lat="22.594676527032963" lon="113.98262511203816">
        <ele>22.26803790125996</ele>
        <time>1970-01-01T00:06:19.900000Z</time>
      </trkpt>
      <trkpt lat="22.594659350213846" lon="113.98260892072418">
        <ele>22.295631917193532</ele>
        <time>1970-01-01T00:06:20.900000Z</time>
      </trkpt>
      <trkpt lat="22.59464241245519" lon="113.98259251540172">
        <ele>22.33145077340305</ele>
        <time>1970-01-01T00:06:21.900000Z</time>
      </trkpt>
      <trkpt lat="22.594625465902645" lon="113.98257606344148">
        <ele>22.374157634563744</ele>
        <time>1970-01-01T00:06:22.900000Z</time>
      </trkpt>
      <trkpt lat="22.594608151647883" lon="113.98255967810631">
        <ele>22.424106564372778</ele>
        <time>1970-01-01T00:06:23.900000Z</time>
      </trkpt>
      <trkpt lat="22.59459036886773" lon="113.98254362267282">
        <ele>22.481597890146077</ele>
        <time>1970-01-01T00:06:24.900000Z</time>
      </trkpt>
      <trkpt lat="22.594572276766062" lon="113.98252792239909">
        <ele>22.54461414925754</ele>
        <time>1970-01-01T00:06:25.900000Z</time>
      </trkpt>
      <trkpt lat="22.594554412978148" lon="113.98251188573495">
        <ele>22.613232584670186</ele>
        <time>1970-01-01T00:06:26.900000Z</time>
      </trkpt>
      <trkpt lat="22.59453699129324" lon="113.98249505075015">
        <ele>22.686269028112292</ele>
        <time>1970-01-01T00:06:27.900000Z</time>
      </trkpt>
      <trkpt lat="22.594520044804415" lon="113.98247756807747">
        <ele>22.762267008423805</ele>
        <time>1970-01-01T00:06:28.900000Z</time>
      </trkpt>
      <trkpt lat="22.59450346626396" lon="113.98245935067467">
        <ele>22.842373182065785</ele>
        <time>1970-01-01T00:06:29.900000Z</time>
      </trkpt>
      <trkpt lat="22.594487001236867" lon="113.9824404958742">
        <ele>22.92381282057613</ele>
        <time>1970-01-01T00:06:30.900000Z</time>
      </trkpt>
      <trkpt lat="22.594470685760744" lon="113.98242146410756">
        <ele>23.005905136466026</ele>
        <time>1970-01-01T00:06:31.900000Z</time>
      </trkpt>
      <trkpt lat="22.594454534794988" lon="113.98240251091815">
        <ele>23.089338815771043</ele>
        <time>1970-01-01T00:06:32.900000Z</time>
      </trkpt>
      <trkpt lat="22.594438442708064" lon="113.98238375409889">
        <ele>23.172094840556383</ele>
        <time>1970-01-01T00:06:33.900000Z</time>
      </trkpt>
      <trkpt lat="22.594422310650806" lon="113.98236520462267">
        <ele>23.25489083211869</ele>
        <time>1970-01-01T00:06:34.900000Z</time>
      </trkpt>
      <trkpt lat="22.594406250949994" lon="113.98234672717284">
        <ele>23.336661369539797</ele>
        <time>1970-01-01T00:06:35.900000Z</time>
      </trkpt>
      <trkpt lat="22.594390261970513" lon="113.98232825549222">
        <ele>23.417008625343442</ele>
        <time>1970-01-01T00:06:36.900000Z</time>
      </trkpt>
      <trkpt lat="22.59437428187558" lon="113.982309961214">
        <ele>23.493993379175663</ele>
        <time>1970-01-01T00:06:37.900000Z</time>
      </trkpt>
      <trkpt lat="22.594358280250397" lon="113.98229194447497">
        <ele>23.569705811329186</ele>
        <time>1970-01-01T00:06:38.900000Z</time>
      </trkpt>
      <trkpt lat="22.594342381073503" lon="113.98227418472948">
        <ele>23.642417803406715</ele>
        <time>1970-01-01T00:06:39.800000Z</time>
      </trkpt>
      <trkpt lat="22.594326724620394" lon="113.98225667211142">
        <ele>23.712006616406143</ele>
        <time>1970-01-01T00:06:40.800000Z</time>
      </trkpt>
      <trkpt lat="22.594311312876965" lon="113.98223906618855">
        <ele>23.78117834404111</ele>
        <time>1970-01-01T00:06:41.800000Z</time>
      </trkpt>
      <trkpt lat="22.59429595406984" lon="113.98222068156012">
        <ele>23.84968552272767</ele>
        <time>1970-01-01T00:06:42.800000Z</time>
      </trkpt>
      <trkpt lat="22.59428013838592" lon="113.98220108372324">
        <ele>23.920139640569687</ele>
        <time>1970-01-01T00:06:43.800000Z</time>
      </trkpt>
      <trkpt lat="22.594263853546103" lon="113.98218023886703">
        <ele>23.994712952524424</ele>
        <time>1970-01-01T00:06:44.800000Z</time>
      </trkpt>
      <trkpt lat="22.59424710653297" lon="113.98215840039859">
        <ele>24.074745044112206</ele>
        <time>1970-01-01T00:06:45.800000Z</time>
      </trkpt>
      <trkpt lat="22.59422967741799" lon="113.98213582763373">
        <ele>24.161297781392932</ele>
        <time>1970-01-01T00:06:46.800000Z</time>
      </trkpt>
      <trkpt lat="22.59421130316559" lon="113.9821128523504">
        <ele>24.254027829505503</ele>
        <time>1970-01-01T00:06:47.800000Z</time>
      </trkpt>
      <trkpt lat="22.59419192176043" lon="113.98208974877794">
        <ele>24.350685631856322</ele>
        <time>1970-01-01T00:06:48.800000Z</time>
      </trkpt>
      <trkpt lat="22.594171748076587" lon="113.98206709232487">
        <ele>24.450911621563137</ele>
        <time>1970-01-01T00:06:49.800000Z</time>
      </trkpt>
      <trkpt lat="22.594150975461346" lon="113.9820448720178">
        <ele>24.552834862843156</ele>
        <time>1970-01-01T00:06:50.800000Z</time>
      </trkpt>
      <trkpt lat="22.594130032068154" lon="113.98202257268204">
        <ele>24.655082773417234</ele>
        <time>1970-01-01T00:06:51.800000Z</time>
      </trkpt>
      <trkpt lat="22.594109565999275" lon="113.9819999414068">
        <ele>24.757337004877627</ele>
        <time>1970-01-01T00:06:52.800000Z</time>
      </trkpt>
      <trkpt lat="22.59408985621931" lon="113.98197704649343">
        <ele>24.858895757235587</ele>
        <time>1970-01-01T00:06:53.800000Z</time>
      </trkpt>
      <trkpt lat="22.594071072660917" lon="113.98195397804776">
        <ele>24.95743878837675</ele>
        <time>1970-01-01T00:06:54.800000Z</time>
      </trkpt>
      <trkpt lat="22.594052973605404" lon="113.9819306402422">
        <ele>25.053548115305603</ele>
        <time>1970-01-01T00:06:55.800000Z</time>
      </trkpt>
      <trkpt lat="22.59403527842719" lon="113.98190699786741">
        <ele>25.146694919094443</ele>
        <time>1970-01-01T00:06:56.800000Z</time>
      </trkpt>
      <trkpt lat="22.594017757653628" lon="113.98188285369848">
        <ele>25.23620982095599</ele>
        <time>1970-01-01T00:06:57.800000Z</time>
      </trkpt>
      <trkpt lat="22.594000345257005" lon="113.98185828892355">
        <ele>25.323455224744976</ele>
        <time>1970-01-01T00:06:58.800000Z</time>
      </trkpt>
      <trkpt lat="22.593983061136406" lon="113.98183352580428">
        <ele>25.404854180291295</ele>
        <time>1970-01-01T00:06:59.800000Z</time>
      </trkpt>
      <trkpt lat="22.593965767013334" lon="113.9818087738733">
        <ele>25.48114378657192</ele>
        <time>1970-01-01T00:07:00.800000Z</time>
      </trkpt>
      <trkpt lat="22.593948379805894" lon="113.98178432009229">
        <ele>25.553499300032854</ele>
        <time>1970-01-01T00:07:01.800000Z</time>
      </trkpt>
      <trkpt lat="22.59393147449986" lon="113.98175976529996">
        <ele>25.621826359070837</ele>
        <time>1970-01-01T00:07:02.800000Z</time>
      </trkpt>
      <trkpt lat="22.593916047592415" lon="113.98173448838762">
        <ele>25.683016996830702</ele>
        <time>1970-01-01T00:07:03.800000Z</time>
      </trkpt>
      <trkpt lat="22.593901910936808" lon="113.98170828415581">
        <ele>25.739260585047305</ele>
        <time>1970-01-01T00:07:04.800000Z</time>
      </trkpt>
      <trkpt lat="22.593888383318323" lon="113.98168124570408">
        <ele>25.79096243623644</ele>
        <time>1970-01-01T00:07:05.800000Z</time>
      </trkpt>
      <trkpt lat="22.593875178202115" lon="113.98165331740688">
        <ele>25.83576280530542</ele>
        <time>1970-01-01T00:07:06.800000Z</time>
      </trkpt>
      <trkpt lat="22.59386220434237" lon="113.98162458301638">
        <ele>25.87516730464995</ele>
        <time>1970-01-01T00:07:07.800000Z</time>
      </trkpt>
      <trkpt lat="22.593849438992457" lon="113.98159549514325">
        <ele>25.909496248699725</ele>
        <time>1970-01-01T00:07:08.800000Z</time>
      </trkpt>
      <trkpt lat="22.593836688636145" lon="113.98156621081012">
        <ele>25.93828948121518</ele>
        <time>1970-01-01T00:07:09.800000Z</time>
      </trkpt>
      <trkpt lat="22.593824025869242" lon="113.98153665081767">
        <ele>25.962612072005868</ele>
        <time>1970-01-01T00:07:10.800000Z</time>
      </trkpt>
      <trkpt lat="22.59381152816298" lon="113.98150698984382">
        <ele>25.983080494217575</ele>
        <time>1970-01-01T00:07:11.800000Z</time>
      </trkpt>
      <trkpt lat="22.59379931947854" lon="113.98147778399093">
        <ele>25.9995051138103</ele>
        <time>1970-01-01T00:07:12.800000Z</time>
      </trkpt>
      <trkpt lat="22.5937875152807" lon="113.98144913313615">
        <ele>26.014001375064254</ele>
        <time>1970-01-01T00:07:13.800000Z</time>
      </trkpt>
      <trkpt lat="22.593776075757763" lon="113.98142089656022">
        <ele>26.02644498553127</ele>
        <time>1970-01-01T00:07:14.800000Z</time>
        <extensions>
          <gpxtpx:TrackPointExtension>
            <gpxtpx:hr>175</gpxtpx:hr>
          </gpxtpx:TrackPointExtension>
        </extensions>
      </trkpt>
      <trkpt lat="22.593765207410378" lon="113.98139297913937">
        <ele>26.03679008036852</ele>
        <time>1970-01-01T00:07:15.700000Z</time>
        <extensions>
          <gpxtpx:TrackPointExtension>
            <gpxtpx:hr>175</gpxtpx:hr>
          </gpxtpx:TrackPointExtension>
        </extensions>
      </trkpt>
      <trkpt lat="22.593754806029775" lon="113.98136520394439">
        <ele>26.047289620153606</ele>
        <time>1970-01-01T00:07:16.700000Z</time>
        <extensions>
          <gpxtpx:TrackPointExtension>
            <gpxtpx:hr>175</gpxtpx:hr>
          </gpxtpx:TrackPointExtension>
        </extensions>
      </trkpt>
      <trkpt lat="22.59374480214569" lon="113.98133754316949">
        <ele>26.057500609196723</ele>
        <time>1970-01-01T00:07:17.700000Z</time>
        <extensions>
          <gpxtpx:TrackPointExtension>
            <gpxtpx:hr>175</gpxtpx:hr>
          </gpxtpx:TrackPointExtension>
        </extensions>
      </trkpt>
      <trkpt lat="22.593735000205697" lon="113.9813098389156">
        <ele>26.068590293638408</ele>
        <time>1970-01-01T00:07:18.700000Z</time>
        <extensions>
          <gpxtpx:TrackPointExtension>
            <gpxtpx:hr>175</gpxtpx:hr>
          </gpxtpx:TrackPointExtension>
        </extensions>
      </trkpt>
      <trkpt lat="22.59372512120432" lon="113.98128214301613">
        <ele>26.082450727000833</ele>
        <time>1970-01-01T00:07:19.700000Z</time>
        <extensions>
          <gpxtpx:TrackPointExtension>
            <gpxtpx:hr>175</gpxtpx:hr>
          </gpxtpx:TrackPointExtension>
        </extensions>
      </trkpt>
      <trkpt lat="22.59371520064103" lon="113.98125468647913">
        <ele>26.09671581722796</ele>
        <time>1970-01-01T00:07:20.700000Z</time>
        <extensions>
          <gpxtpx:TrackPointExtension>
            <gpxtpx:hr>175</gpxtpx:hr>
          </gpxtpx:TrackPointExtension>
        </extensions>
      </trkpt>
      <trkpt lat="22.593705714120322" lon="113.98122731317792">
        <ele>26.111621964722872</ele>
        <time>1970-01-01T00:07:21.700000Z</time>
        <extensions>
          <gpxtpx:TrackPointExtension>
            <gpxtpx:hr>175</gpxtpx:hr>
          </gpxtpx:TrackPointExtension>
        </extensions>
      </trkpt>
      <trkpt lat="22.593697403784383" lon="113.98119966034012">
        <ele>26.128111550584435</ele>
        <time>1970-01-01T00:07:22.700000Z</time>
        <extensions>
          <gpxtpx:TrackPointExtension>
            <gpxtpx:hr>175</gpxtpx:hr>
          </gpxtpx:TrackPointExtension>
        </extensions>
      </trkpt>
      <trkpt lat="22.593690187103864" lon="113.98117172006316">
        <ele>26.14485925063491</ele>
        <time>1970-01-01T00:07:23.700000Z</time>
        <extensions>
          <gpxtpx:TrackPointExtension>
            <gpxtpx:hr>175</gpxtpx:hr>
          </gpxtpx:TrackPointExtension>
        </extensions>
      </trkpt>
      <trkpt lat="22.593683607589245" lon="113.98114359354553">
        <ele>26.16097550932318</ele>
        <time>1970-01-01T00:07:24.700000Z</time>
        <extensions>
          <gpxtpx:TrackPointExtension>
            <gpxtpx:hr>175</gpxtpx:hr>
          </gpxtpx:TrackPointExtension>
        </extensions>
      </trkpt>
      <trkpt lat="22.593677430891475" lon="113.9811149848581">
        <ele>26.17557861842215</ele>
        <time>1970-01-01T00:07:25.700000Z</time>
        <extensions>
          <gpxtpx:TrackPointExtension>
            <gpxtpx:hr>175</gpxtpx:hr>
          </gpxtpx:TrackPointExtension>
        </extensions>
      </trkpt>
      <trkpt lat="22.593671803536193" lon="113.98108571365259">
        <ele>26.187340422533453</ele>
        <time>1970-01-01T00:07:26.700000Z</time>
        <extensions>
          <gpxtpx:TrackPointExtension>
            <gpxtpx:hr>175</gpxtpx:hr>
          </gpxtpx:TrackPointExtension>
        </extensions>
      </trkpt>
      <trkpt lat="22.593666912232948" lon="113.98105552016864">
        <ele>26.19682575762272</ele>
        <time>1970-01-01T00:07:27.700000Z</time>
        <extensions>
          <gpxtpx:TrackPointExtension>
            <gpxtpx:hr>175</gpxtpx:hr>
          </gpxtpx:TrackPointExtension>
        </extensions>
      </trkpt>
      <trkpt lat="22.59366270327961" lon="113.98102444558158">
        <ele>26.20190451387316</ele>
        <time>1970-01-01T00:07:28.700000Z</time>
        <extensions>
          <gpxtpx:TrackPointExtension>
            <gpxtpx:hr>175</gpxtpx:hr>
          </gpxtpx:TrackPointExtension>
        </extensions>
      </trkpt>
      <trkpt lat="22.59365901074263" lon="113.98099314542027">
        <ele>26.202753204852343</ele>
        <time>1970-01-01T00:07:29.700000Z</time>
        <extensions>
          <gpxtpx:TrackPointExtension>
            <gpxtpx:hr>175</gpxtpx:hr>
          </gpxtpx:TrackPointExtension>
        </extensions>
      </trkpt>
      <trkpt lat="22.59365543279984" lon="113.98096213646622">
        <ele>26.199270924553275</ele>
        <time>1970-01-01T00:07:30.700000Z</time>
        <extensions>
          <gpxtpx:TrackPointExtension>
            <gpxtpx:hr>175</gpxtpx:hr>
          </gpxtpx:TrackPointExtension>
        </extensions>
      </trkpt>
      <trkpt lat="22.59365179901877" lon="113.98093184451174">
        <ele>26.192673275247216</ele>
        <time>1970-01-01T00:07:31.700000Z</time>
        <extensions>
          <gpxtpx:TrackPointExtension>
            <gpxtpx:hr>175</gpxtpx:hr>
          </gpxtpx:TrackPointExtension>
        </extensions>
      </trkpt>
      <trkpt lat="22.59364798362718" lon="113.98090212495877">
        <ele>26.18222503270954</ele>
        <time>1970-01-01T00:07:32.700000Z</time>
        <extensions>
          <gpxtpx:TrackPointExtension>
            <gpxtpx:hr>175</gpxtpx:hr>
          </gpxtpx:TrackPointExtension>
        </extensions>
      </trkpt>
      <trkpt lat="22.5936448505868" lon="113.98087227547508">
        <ele>26.168764870613813</ele>
        <time>1970-01-01T00:07:33.700000Z</time>
        <extensions>
          <gpxtpx:TrackPointExtension>
            <gpxtpx:hr>175</gpxtpx:hr>
          </gpxtpx:TrackPointExtension>
        </extensions>
      </trkpt>
      <trkpt lat="22.59364333985964" lon="113.98084191768113">
        <ele>26.154509296640754</ele>
        <time>1970-01-01T00:07:34.700000Z</time>
      </trkpt>
      <trkpt lat="22.59364316554478" lon="113.98081088359886">
        <ele>26.13786250911653</ele>
        <time>1970-01-01T00:07:35.700000Z</time>
      </trkpt>
      <trkpt lat="22.593643869489245" lon="113.98077904585632">
        <ele>26.1206466415897</ele>
        <time>1970-01-01T00:07:36.700000Z</time>
      </trkpt>
      <trkpt lat="22.593644948512985" lon="113.98074635932147">
        <ele>26.103117810562253</ele>
        <time>1970-01-01T00:07:37.700000Z</time>
      </trkpt>
      <trkpt lat="22.593646114257833" lon="113.98071322033209">
        <ele>26.08343928307295</ele>
        <time>1970-01-01T00:07:38.700000Z</time>
      </trkpt>
      <trkpt lat="22.59364706520807" lon="113.98067998498651">
        <ele>26.06346354354173</ele>
        <time>1970-01-01T00:07:39.700000Z</time>
      </trkpt>
      <trkpt lat="22.593647464298495" lon="113.9806466101216">
        <ele>26.042786304838955</ele>
        <time>1970-01-01T00:07:40.700000Z</time>
      </trkpt>
      <trkpt lat="22.59364701058285" lon="113.9806130114971">
        <ele>26.0197319900617</ele>
        <time>1970-01-01T00:07:41.700000Z</time>
      </trkpt>
      <trkpt lat="22.593645418116942" lon="113.98057902123533">
        <ele>25.997442284598947</ele>
        <time>1970-01-01T00:07:42.700000Z</time>
      </trkpt>
      <trkpt lat="22.593643548836464" lon="113.98054464771437">
        <ele>25.973934966139495</ele>
        <time>1970-01-01T00:07:43.700000Z</time>
      </trkpt>
      <trkpt lat="22.593642702611724" lon="113.98050993037849">
        <ele>25.95045110490173</ele>
        <time>1970-01-01T00:07:44.700000Z</time>
      </trkpt>
      <trkpt lat="22.59364308126952" lon="113.9804751835002">
        <ele>25.927500613965094</ele>
        <time>1970-01-01T00:07:45.700000Z</time>
      </trkpt>
      <trkpt lat="22.59364416037189" lon="113.98044023673505">
        <ele>25.903963800519705</ele>
        <time>1970-01-01T00:07:46.700000Z</time>
      </trkpt>
      <trkpt lat="22.59364557690706" lon="113.98040451794569">
        <ele>25.879433187656105</ele>
        <time>1970-01-01T00:07:47.700000Z</time>
      </trkpt>
      <trkpt lat="22.593647200006696" lon="113.98036808127381">
        <ele>25.85334295127541</ele>
        <time>1970-01-01T00:07:48.700000Z</time>
      </trkpt>
      <trkpt lat="22.59364886476686" lon="113.98033106544057">
        <ele>25.82438804395497</ele>
        <time>1970-01-01T00:07:49.700000Z</time>
      </trkpt>
      <trkpt lat="22.593650332157296" lon="113.98029385899419">
        <ele>25.792714735493064</ele>
        <time>1970-01-01T00:07:50.700000Z</time>
      </trkpt>
      <trkpt lat="22.59365129550198" lon="113.98025688202675">
        <ele>25.756400672718883</ele>
        <time>1970-01-01T00:07:51.700000Z</time>
      </trkpt>
      <trkpt lat="22.593651707582197" lon="113.98022034426552">
        <ele>25.71373669616878</ele>
        <time>1970-01-01T00:07:52.600000Z</time>
      </trkpt>
      <trkpt lat="22.593651755811795" lon="113.98018432077556">
        <ele>25.664492903277278</ele>
        <time>1970-01-01T00:07:53.600000Z</time>
      </trkpt>
      <trkpt lat="22.593651593080885" lon="113.98014844695426">
        <ele>25.60798715800047</ele>
        <time>1970-01-01T00:07:54.600000Z</time>
      </trkpt>
      <trkpt lat="22.59365137799465" lon="113.98011242731347">
        <ele>25.54450001846999</ele>
        <time>1970-01-01T00:07:55.600000Z</time>
      </trkpt>
      <trkpt lat="22.59365107510221" lon="113.9800762077831">
        <ele>25.473779123276472</ele>
        <time>1970-01-01T00:07:56.600000Z</time>
      </trkpt>
      <trkpt lat="22.59365070103087" lon="113.98004029471376">
        <ele>25.39851787313819</ele>
        <time>1970-01-01T00:07:57.600000Z</time>
      </trkpt>
      <trkpt lat="22.593650257010356" lon="113.98000500891742">
        <ele>25.319721744395792</ele>
        <time>1970-01-01T00:07:58.600000Z</time>
      </trkpt>
      <trkpt lat="22.59364951050832" lon="113.97996987798814">
        <ele>25.244197986088693</ele>
        <time>1970-01-01T00:07:59.600000Z</time>
      </trkpt>
      <trkpt lat="22.593648462190657" lon="113.9799346749725">
        <ele>25.170381057076156</ele>
        <time>1970-01-01T00:08:00.600000Z</time>
      </trkpt>
      <trkpt lat="22.593647070023916" lon="113.97989924744836">
        <ele>25.099183049052954</ele>
        <time>1970-01-01T00:08:01.600000Z</time>
      </trkpt>
      <trkpt lat="22.59364547629739" lon="113.97986367783517">
        <ele>25.03529733698815</ele>
        <time>1970-01-01T00:08:02.600000Z</time>
      </trkpt>
      <trkpt lat="22.593643738351783" lon="113.97982809688307">
        <ele>24.9785513645038</ele>
        <time>1970-01-01T00:08:03.600000Z</time>
      </trkpt>
      <trkpt lat="22.59364188021291" lon="113.97979254643786">
        <ele>24.93130067177117</ele>
        <time>1970-01-01T00:08:04.600000Z</time>
      </trkpt>
      <trkpt lat="22.59364001389973" lon="113.97975728524422">
        <ele>24.894487247802317</ele>
        <time>1970-01-01T00:08:05.600000Z</time>
      </trkpt>
      <trkpt lat="22.59363797181851" lon="113.97972226622142">
        <ele>24.86622738558799</ele>
        <time>1970-01-01T00:08:06.600000Z</time>
      </trkpt>
      <trkpt lat="22.593635874296666" lon="113.97968764565294">
        <ele>24.8498469972983</ele>
        <time>1970-01-01T00:08:07.600000Z</time>
      </trkpt>
      <trkpt lat="22.593633870267794" lon="113.97965343132476">
        <ele>24.844594925642014</ele>
        <time>1970-01-01T00:08:08.600000Z</time>
      </trkpt>
      <trkpt lat="22.59363208438804" lon="113.9796192371516">
        <ele>24.849132011644542</ele>
        <time>1970-01-01T00:08:09.600000Z</time>
      </trkpt>
      <trkpt lat="22.59363062907853" lon="113.97958489706868">
        <ele>24.864126374013722</ele>
        <time>1970-01-01T00:08:10.600000Z</time>
      </trkpt>
      <trkpt lat="22.59362943285266" lon="113.97955048322046">
        <ele>24.887165542691946</ele>
        <time>1970-01-01T00:08:11.600000Z</time>
      </trkpt>
      <trkpt lat="22.59362817997934" lon="113.97951644894918">
        <ele>24.9176625944674</ele>
        <time>1970-01-01T00:08:12.600000Z</time>
      </trkpt>
      <trkpt lat="22.593626491343606" lon="113.97948306184925">
        <ele>24.953381024301052</ele>
        <time>1970-01-01T00:08:13.600000Z</time>
      </trkpt>
      <trkpt lat="22.593624576328384" lon="113.979450340113">
        <ele>24.993171554990113</ele>
        <time>1970-01-01T00:08:14.600000Z</time>
      </trkpt>
      <trkpt lat="22.59362285780027" lon="113.97941798232272">
        <ele>25.035799701698124</ele>
        <time>1970-01-01T00:08:15.600000Z</time>
      </trkpt>
      <trkpt lat="22.593621510585834" lon="113.97938537778907">
        <ele>25.079986886121333</ele>
        <time>1970-01-01T00:08:16.600000Z</time>
      </trkpt>
      <trkpt lat="22.59362034854334" lon="113.97935219782424">
        <ele>25.125347290188074</ele>
        <time>1970-01-01T00:08:17.600000Z</time>
      </trkpt>
      <trkpt lat="22.59361894334341" lon="113.97931828608691">
        <ele>25.16949495859444</ele>
        <time>1970-01-01T00:08:18.600000Z</time>
      </trkpt>
      <trkpt lat="22.593616718058048" lon="113.97928379997009">
        <ele>25.211665180511773</ele>
        <time>1970-01-01T00:08:19.600000Z</time>
      </trkpt>
      <trkpt lat="22.593614149000615" lon="113.97924912879698">
        <ele>25.2518655275926</ele>
        <time>1970-01-01T00:08:20.600000Z</time>
      </trkpt>
      <trkpt lat="22.59361266650895" lon="113.97921478927358">
        <ele>25.288163552992046</ele>
        <time>1970-01-01T00:08:21.600000Z</time>
      </trkpt>
      <trkpt lat="22.593612472366072" lon="113.9791808679925">
        <ele>25.32063831575215</ele>
        <time>1970-01-01T00:08:22.600000Z</time>
      </trkpt>
      <trkpt lat="22.593612998985616" lon="113.97914674533219">
        <ele>25.348846371285617</ele>
        <time>1970-01-01T00:08:23.600000Z</time>
      </trkpt>
      <trkpt lat="22.593613652092706" lon="113.97911216732209">
        <ele>25.37069533392787</ele>
        <time>1970-01-01T00:08:24.600000Z</time>
      </trkpt>
      <trkpt lat="22.593613931576233" lon="113.97907715779242">
        <ele>25.384599164128304</ele>
        <time>1970-01-01T00:08:25.600000Z</time>
      </trkpt>
      <trkpt lat="22.593613741789817" lon="113.97904212832577">
        <ele>25.391391954384744</ele>
        <time>1970-01-01T00:08:26.600000Z</time>
      </trkpt>
      <trkpt lat="22.59361299653021" lon="113.97900761397409">
        <ele>25.38912790827453</ele>
        <time>1970-01-01T00:08:27.600000Z</time>
      </trkpt>
      <trkpt lat="22.593611589301176" lon="113.97897381878245">
        <ele>25.377292823046446</ele>
        <time>1970-01-01T00:08:28.500000Z</time>
      </trkpt>
      <trkpt lat="22.59360951846091" lon="113.97894084971801">
        <ele>25.354350882582366</ele>
        <time>1970-01-01T00:08:29.500000Z</time>
      </trkpt>
      <trkpt lat="22.593607639882837" lon="113.97890886476435">
        <ele>25.319966692477465</ele>
        <time>1970-01-01T00:08:30.500000Z</time>
      </trkpt>
      <trkpt lat="22.593606609508885" lon="113.97887847649984">
        <ele>25.274174769409</ele>
        <time>1970-01-01T00:08:31.500000Z</time>
      </trkpt>
      <trkpt lat="22.593605867837447" lon="113.97885012413641">
        <ele>25.21515778079629</ele>
        <time>1970-01-01T00:08:32.500000Z</time>
      </trkpt>
      <trkpt lat="22.59360453335061" lon="113.97882501873539">
        <ele>25.143158259801567</ele>
        <time>1970-01-01T00:08:33.500000Z</time>
      </trkpt>
      <trkpt lat="22.59360166362575" lon="113.97880575439929">
        <ele>25.057156370952725</ele>
        <time>1970-01-01T00:08:34.500000Z</time>
      </trkpt>
      <trkpt lat="22.59359666419749" lon="113.97879610402161">
        <ele>24.957969426177442</ele>
        <time>1970-01-01T00:08:35.500000Z</time>
      </trkpt>
      <trkpt lat="22.593591993569486" lon="113.97879773906688">
        <ele>24.84438791219145</ele>
        <time>1970-01-01T00:08:36.500000Z</time>
      </trkpt>
      <trkpt lat="22.593589740093442" lon="113.97880892919315">
        <ele>24.717728121206164</ele>
        <time>1970-01-01T00:08:37.500000Z</time>
      </trkpt>
      <trkpt lat="22.593589047556026" lon="113.9788280876904">
        <ele>24.579900834709406</ele>
        <time>1970-01-01T00:08:38.500000Z</time>
      </trkpt>
      <trkpt lat="22.593589375742223" lon="113.97885330942836">
        <ele>24.431443627923727</ele>
        <time>1970-01-01T00:08:39.500000Z</time>
      </trkpt>
      <trkpt lat="22.593590348899202" lon="113.97888182949004">
        <ele>24.27398773562163</ele>
        <time>1970-01-01T00:08:40.500000Z</time>
      </trkpt>
      <trkpt lat="22.593591665931587" lon="113.97891184643983">
        <ele>24.108465215191245</ele>
        <time>1970-01-01T00:08:41.500000Z</time>
      </trkpt>
      <trkpt lat="22.59359307366016" lon="113.97894256814209">
        <ele>23.936374475248158</ele>
        <time>1970-01-01T00:08:42.500000Z</time>
      </trkpt>
      <trkpt lat="22.59359444944637" lon="113.97897320280295">
        <ele>23.75803222320974</ele>
        <time>1970-01-01T00:08:43.500000Z</time>
      </trkpt>
      <trkpt lat="22.593595716646604" lon="113.97900355123883">
        <ele>23.574833942577243</ele>
        <time>1970-01-01T00:08:44.500000Z</time>
      </trkpt>
      <trkpt lat="22.593596856704725" lon="113.97903400695837">
        <ele>23.387973037548363</ele>
        <time>1970-01-01T00:08:45.500000Z</time>
      </trkpt>
      <trkpt lat="22.59359778325578" lon="113.97906484665516">
        <ele>23.199328920803964</ele>
        <time>1970-01-01T00:08:46.500000Z</time>
      </trkpt>
      <trkpt lat="22.593598608627378" lon="113.9790958273537">
        <ele>23.010542291216552</ele>
        <time>1970-01-01T00:08:47.500000Z</time>
      </trkpt>
      <trkpt lat="22.593599611367654" lon="113.97912669383673">
        <ele>22.822655455209315</ele>
        <time>1970-01-01T00:08:48.500000Z</time>
      </trkpt>
      <trkpt lat="22.593600695446245" lon="113.97915747702099">
        <ele>22.63622742239386</ele>
        <time>1970-01-01T00:08:49.500000Z</time>
      </trkpt>
      <trkpt lat="22.593601752813772" lon="113.97918827146874">
        <ele>22.45266123022884</ele>
        <time>1970-01-01T00:08:50.500000Z</time>
      </trkpt>
      <trkpt lat="22.593602662398446" lon="113.9792195511817">
        <ele>22.272604960016906</ele>
        <time>1970-01-01T00:08:51.500000Z</time>
      </trkpt>
      <trkpt lat="22.593603463586273" lon="113.97925133400966">
        <ele>22.097085042856634</ele>
        <time>1970-01-01T00:08:52.500000Z</time>
      </trkpt>
      <trkpt lat="22.593604221944425" lon="113.97928343371575">
        <ele>21.92643299512565</ele>
        <time>1970-01-01T00:08:53.500000Z</time>
      </trkpt>
      <trkpt lat="22.593604945354244" lon="113.97931539152606">
        <ele>21.761071849614382</ele>
        <time>1970-01-01T00:08:54.500000Z</time>
      </trkpt>
      <trkpt lat="22.59360553377371" lon="113.97934691676369">
        <ele>21.601212362758815</ele>
        <time>1970-01-01T00:08:55.500000Z</time>
      </trkpt>
      <trkpt lat="22.593605818056737" lon="113.97937799307178">
        <ele>21.44729703105986</ele>
        <time>1970-01-01T00:08:56.500000Z</time>
      </trkpt>
      <trkpt lat="22.593605798998976" lon="113.97940870475144">
        <ele>21.299982491880655</ele>
        <time>1970-01-01T00:08:57.500000Z</time>
      </trkpt>
      <trkpt lat="22.593605607138258" lon="113.9794391663273">
        <ele>21.159278015606105</ele>
        <time>1970-01-01T00:08:58.500000Z</time>
      </trkpt>
      <trkpt lat="22.59360544209926" lon="113.97946910688454">
        <ele>21.02506892941892</ele>
        <time>1970-01-01T00:08:59.500000Z</time>
      </trkpt>
      <trkpt lat="22.593605440329604" lon="113.97949798939864">
        <ele>20.898736622184515</ele>
        <time>1970-01-01T00:09:00.500000Z</time>
      </trkpt>
      <trkpt lat="22.593605645366146" lon="113.97952559505168">
        <ele>20.77926317602396</ele>
        <time>1970-01-01T00:09:01.500000Z</time>
      </trkpt>
      <trkpt lat="22.593606015442372" lon="113.97955238510727">
        <ele>20.66764566861093</ele>
        <time>1970-01-01T00:09:02.500000Z</time>
      </trkpt>
      <trkpt lat="22.593606676349143" lon="113.9795785100362">
        <ele>20.563450068235397</ele>
        <time>1970-01-01T00:09:03.500000Z</time>
      </trkpt>
      <trkpt lat="22.593607763395774" lon="113.97960362895327">
        <ele>20.467240613885224</ele>
        <time>1970-01-01T00:09:04.400000Z</time>
      </trkpt>
      <trkpt lat="22.59360958097786" lon="113.97962667063942">
        <ele>20.37803897727281</ele>
        <time>1970-01-01T00:09:05.400000Z</time>
      </trkpt>
      <trkpt lat="22.5936118800598" lon="113.97964599399617">
        <ele>20.297185831703246</ele>
        <time>1970-01-01T00:09:06.400000Z</time>
      </trkpt>
      <trkpt lat="22.59361123732252" lon="113.97966015196346">
        <ele>20.2233620705083</ele>
        <time>1970-01-01T00:09:07.400000Z</time>
      </trkpt>
      <trkpt lat="22.5936079486446" lon="113.97967453565586">
        <ele>20.15565704088658</ele>
        <time>1970-01-01T00:09:08.400000Z</time>
      </trkpt>
      <trkpt lat="22.593605424979117" lon="113.97969364350861">
        <ele>20.094399213790894</ele>
        <time>1970-01-01T00:09:09.400000Z</time>
      </trkpt>
      <trkpt lat="22.59360397848694" lon="113.97971557241121">
        <ele>20.03903918992728</ele>
        <time>1970-01-01T00:09:10.400000Z</time>
      </trkpt>
      <trkpt lat="22.593603837687787" lon="113.97973905859996">
        <ele>19.989747151732445</ele>
        <time>1970-01-01T00:09:11.400000Z</time>
      </trkpt>
      <trkpt lat="22.593605210429896" lon="113.97976304431546">
        <ele>19.944687642157078</ele>
        <time>1970-01-01T00:09:12.400000Z</time>
      </trkpt>
      <trkpt lat="22.593608298686817" lon="113.97978706329582">
        <ele>19.903303533792496</ele>
        <time>1970-01-01T00:09:13.400000Z</time>
      </trkpt>
      <trkpt lat="22.593611710262827" lon="113.97981137241749">
        <ele>19.867587354034185</ele>
        <time>1970-01-01T00:09:14.400000Z</time>
      </trkpt>
      <trkpt lat="22.593613873143386" lon="113.97983626305513">
        <ele>19.835868740454316</ele>
        <time>1970-01-01T00:09:15.400000Z</time>
      </trkpt>
      <trkpt lat="22.59361492614656" lon="113.9798615211674">
        <ele>19.8060747012496</ele>
        <time>1970-01-01T00:09:16.400000Z</time>
      </trkpt>
      <trkpt lat="22.59361528779761" lon="113.97988683649679">
        <ele>19.77812387049198</ele>
        <time>1970-01-01T00:09:17.400000Z</time>
      </trkpt>
      <trkpt lat="22.593615208842373" lon="113.97991226244687">
        <ele>19.750359976664186</ele>
        <time>1970-01-01T00:09:18.400000Z</time>
      </trkpt>
      <trkpt lat="22.593614832371024" lon="113.97993786598857">
        <ele>19.724610810168087</ele>
        <time>1970-01-01T00:09:19.400000Z</time>
      </trkpt>
      <trkpt lat="22.593614149669005" lon="113.9799632358134">
        <ele>19.700508719310164</ele>
        <time>1970-01-01T00:09:20.400000Z</time>
      </trkpt>
      <trkpt lat="22.593613204204633" lon="113.9799879630237">
        <ele>19.678792451508343</ele>
        <time>1970-01-01T00:09:21.400000Z</time>
      </trkpt>
      <trkpt lat="22.59361196889918" lon="113.98001182446556">
        <ele>19.65984981600195</ele>
        <time>1970-01-01T00:09:22.400000Z</time>
      </trkpt>
      <trkpt lat="22.593610464128407" lon="113.98003466084069">
        <ele>19.642534090206027</ele>
        <time>1970-01-01T00:09:23.400000Z</time>
      </trkpt>
      <trkpt lat="22.59360901620578" lon="113.98005624886711">
        <ele>19.62886048667133</ele>
        <time>1970-01-01T00:09:24.400000Z</time>
      </trkpt>
      <trkpt lat="22.59360829547529" lon="113.98007587317788">
        <ele>19.616808764636517</ele>
        <time>1970-01-01T00:09:25.400000Z</time>
      </trkpt>
      <trkpt lat="22.593608983324444" lon="113.9800923145474">
        <ele>19.607967872172594</ele>
        <time>1970-01-01T00:09:26.400000Z</time>
      </trkpt>
      <trkpt lat="22.59361137998645" lon="113.98010383015216">
        <ele>19.60424812324345</ele>
        <time>1970-01-01T00:09:27.400000Z</time>
      </trkpt>
      <trkpt lat="22.593614258090803" lon="113.98010839939988">
        <ele>19.605066536925733</ele>
        <time>1970-01-01T00:09:28.400000Z</time>
      </trkpt>
      <trkpt lat="22.593616292680426" lon="113.98010684227008">
        <ele>19.610697344876826</ele>
        <time>1970-01-01T00:09:29.400000Z</time>
      </trkpt>
      <trkpt lat="22.59361736411443" lon="113.98010152970164">
        <ele>19.621730108745396</ele>
        <time>1970-01-01T00:09:30.400000Z</time>
      </trkpt>
      <trkpt lat="22.593617736440574" lon="113.98009344020109">
        <ele>19.638512768782675</ele>
        <time>1970-01-01T00:09:31.400000Z</time>
      </trkpt>
      <trkpt lat="22.593617605610827" lon="113.98008312213656">
        <ele>19.66115013603121</ele>
        <time>1970-01-01T00:09:32.400000Z</time>
      </trkpt>
      <trkpt lat="22.593617149961467" lon="113.98007078153923">
        <ele>19.689565600827336</ele>
        <time>1970-01-01T00:09:33.400000Z</time>
      </trkpt>
      <trkpt lat="22.59361648711396" lon="113.98005630616522">
        <ele>19.72533781733364</ele>
        <time>1970-01-01T00:09:34.400000Z</time>
      </trkpt>
      <trkpt lat="22.593615665886396" lon="113.9800391666471">
        <ele>19.76567632239312</ele>
        <time>1970-01-01T00:09:35.400000Z</time>
      </trkpt>
      <trkpt lat="22.59361467645808" lon="113.9800190073762">
        <ele>19.811349409632385</ele>
        <time>1970-01-01T00:09:36.400000Z</time>
      </trkpt>
      <trkpt lat="22.593613629058904" lon="113.97999597002372">
        <ele>19.861695397645235</ele>
        <time>1970-01-01T00:09:37.400000Z</time>
        <extensions>
          <gpxtpx:TrackPointExtension>
            <gpxtpx:hr>141</gpxtpx:hr>
          </gpxtpx:TrackPointExtension>
        </extensions>
      </trkpt>
      <trkpt lat="22.593612518310323" lon="113.9799707882372">
        <ele>19.917296309955418</ele>
        <time>1970-01-01T00:09:38.400000Z</time>
        <extensions>
          <gpxtpx:TrackPointExtension>
            <gpxtpx:hr>141</gpxtpx:hr>
          </gpxtpx:TrackPointExtension>
        </extensions>
      </trkpt>
      <trkpt lat="22.59361140565147" lon="113.97994429919518">
        <ele>19.977300343103707</ele>
        <time>1970-01-01T00:09:39.400000Z</time>
        <extensions>
          <gpxtpx:TrackPointExtension>
            <gpxtpx:hr>141</gpxtpx:hr>
          </gpxtpx:TrackPointExtension>
        </extensions>
      </trkpt>
      <trkpt lat="22.593610373198793" lon="113.9799171636666">
        <ele>20.041796950623393</ele>
        <time>1970-01-01T00:09:40.300000Z</time>
        <extensions>
          <gpxtpx:TrackPointExtension>
            <gpxtpx:hr>141</gpxtpx:hr>
          </gpxtpx:TrackPointExtension>
        </extensions>
      </trkpt>
      <trkpt lat="22.593609428413" lon="113.97989005522874">
        <ele>20.110484150238335</ele>
        <time>1970-01-01T00:09:41.300000Z</time>
        <extensions>
          <gpxtpx:TrackPointExtension>
            <gpxtpx:hr>141</gpxtpx:hr>
          </gpxtpx:TrackPointExtension>
        </extensions>
      </trkpt>
      <trkpt lat="22.593608692231097" lon="113.97986328731992">
        <ele>20.182293087244034</ele>
        <time>1970-01-01T00:09:42.300000Z</time>
        <extensions>
          <gpxtpx:TrackPointExtension>
            <gpxtpx:hr>141</gpxtpx:hr>
          </gpxtpx:TrackPointExtension>
        </extensions>
      </trkpt>
      <trkpt lat="22.593608286963224" lon="113.97983700473073">
        <ele>20.258113034069538</ele>
        <time>1970-01-01T00:09:43.300000Z</time>
        <extensions>
          <gpxtpx:TrackPointExtension>
            <gpxtpx:hr>141</gpxtpx:hr>
          </gpxtpx:TrackPointExtension>
        </extensions>
      </trkpt>
      <trkpt lat="22.593607977422394" lon="113.97981094009367">
        <ele>20.338672624900937</ele>
        <time>1970-01-01T00:09:44.300000Z</time>
        <extensions>
          <gpxtpx:TrackPointExtension>
            <gpxtpx:hr>141</gpxtpx:hr>
          </gpxtpx:TrackPointExtension>
        </extensions>
      </trkpt>
      <trkpt lat="22.593607704501235" lon="113.97978486595076">
        <ele>20.421050270088017</ele>
        <time>1970-01-01T00:09:45.300000Z</time>
        <extensions>
          <gpxtpx:TrackPointExtension>
            <gpxtpx:hr>141</gpxtpx:hr>
          </gpxtpx:TrackPointExtension>
        </extensions>
      </trkpt>
      <trkpt lat="22.593607397380556" lon="113.97975867413355">
        <ele>20.506159253418446</ele>
        <time>1970-01-01T00:09:46.300000Z</time>
        <extensions>
          <gpxtpx:TrackPointExtension>
            <gpxtpx:hr>141</gpxtpx:hr>
          </gpxtpx:TrackPointExtension>
        </extensions>
      </trkpt>
      <trkpt lat="22.593607088464477" lon="113.97973258471428">
        <ele>20.594874375499785</ele>
        <time>1970-01-01T00:09:47.300000Z</time>
        <extensions>
          <gpxtpx:TrackPointExtension>
            <gpxtpx:hr>141</gpxtpx:hr>
          </gpxtpx:TrackPointExtension>
        </extensions>
      </trkpt>
      <trkpt lat="22.59360702966697" lon="113.97970670621994">
        <ele>20.687087652273476</ele>
        <time>1970-01-01T00:09:48.300000Z</time>
        <extensions>
          <gpxtpx:TrackPointExtension>
            <gpxtpx:hr>141</gpxtpx:hr>
          </gpxtpx:TrackPointExtension>
        </extensions>
      </trkpt>
      <trkpt lat="22.59360735642357" lon="113.97968108953734">
        <ele>20.783850314095616</ele>
        <time>1970-01-01T00:09:49.300000Z</time>
        <extensions>
          <gpxtpx:TrackPointExtension>
            <gpxtpx:hr>140</gpxtpx:hr>
          </gpxtpx:TrackPointExtension>
        </extensions>
      </trkpt>
      <trkpt lat="22.593607870958248" lon="113.97965558834012">
        <ele>20.884617583826184</ele>
        <time>1970-01-01T00:09:50.300000Z</time>
        <extensions>
          <gpxtpx:TrackPointExtension>
            <gpxtpx:hr>140</gpxtpx:hr>
          </gpxtpx:TrackPointExtension>
        </extensions>
      </trkpt>
      <trkpt lat="22.59360857875267" lon="113.97963003729546">
        <ele>20.990585098974407</ele>
        <time>1970-01-01T00:09:51.300000Z</time>
        <extensions>
          <gpxtpx:TrackPointExtension>
            <gpxtpx:hr>140</gpxtpx:hr>
          </gpxtpx:TrackPointExtension>
        </extensions>
      </trkpt>
      <trkpt lat="22.593609434056102" lon="113.97960437561018">
        <ele>21.101433612406254</ele>
        <time>1970-01-01T00:09:52.300000Z</time>
        <extensions>
          <gpxtpx:TrackPointExtension>
            <gpxtpx:hr>141</gpxtpx:hr>
          </gpxtpx:TrackPointExtension>
        </extensions>
      </trkpt>
      <trkpt lat="22.593610304645413" lon="113.97957869516172">
        <ele>21.217485344968736</ele>
        <time>1970-01-01T00:09:53.300000Z</time>
        <extensions>
          <gpxtpx:TrackPointExtension>
            <gpxtpx:hr>141</gpxtpx:hr>
          </gpxtpx:TrackPointExtension>
        </extensions>
      </trkpt>
      <trkpt lat="22.59361103990028" lon="113.97955300880366">
        <ele>21.33859865181148</ele>
        <time>1970-01-01T00:09:54.300000Z</time>
        <extensions>
          <gpxtpx:TrackPointExtension>
            <gpxtpx:hr>141</gpxtpx:hr>
          </gpxtpx:TrackPointExtension>
        </extensions>
      </trkpt>
      <trkpt lat="22.593611609085134" lon="113.9795274762317">
        <ele>21.464236987754703</ele>
        <time>1970-01-01T00:09:55.300000Z</time>
        <extensions>
          <gpxtpx:TrackPointExtension>
            <gpxtpx:hr>141</gpxtpx:hr>
          </gpxtpx:TrackPointExtension>
        </extensions>
      </trkpt>
      <trkpt lat="22.593612147399764" lon="113.97950232753794">
        <ele>21.59473191946745</ele>
        <time>1970-01-01T00:09:56.300000Z</time>
        <extensions>
          <gpxtpx:TrackPointExtension>
            <gpxtpx:hr>141</gpxtpx:hr>
          </gpxtpx:TrackPointExtension>
        </extensions>
      </trkpt>
      <trkpt lat="22.59361288560303" lon="113.97947743938715">
        <ele>21.728539456613362</ele>
        <time>1970-01-01T00:09:57.300000Z</time>
        <extensions>
          <gpxtpx:TrackPointExtension>
            <gpxtpx:hr>141</gpxtpx:hr>
          </gpxtpx:TrackPointExtension>
        </extensions>
      </trkpt>
      <trkpt lat="22.593613910938263" lon="113.9794526975796">
        <ele>21.86630321852863</ele>
        <time>1970-01-01T00:09:58.300000Z</time>
        <extensions>
          <gpxtpx:TrackPointExtension>
            <gpxtpx:hr>143</gpxtpx:hr>
          </gpxtpx:TrackPointExtension>
        </extensions>
      </trkpt>
      <trkpt lat="22.593615113397217" lon="113.97942810593747">
        <ele>22.00556756556034</ele>
        <time>1970-01-01T00:09:59.300000Z</time>
        <extensions>
          <gpxtpx:TrackPointExtension>
            <gpxtpx:hr>143</gpxtpx:hr>
          </gpxtpx:TrackPointExtension>
        </extensions>
      </trkpt>
      <trkpt lat="22.593616289950877" lon="113.97940399445493">
        <ele>22.14478152897209</ele>
        <time>1970-01-01T00:10:00.300000Z</time>
        <extensions>
          <gpxtpx:TrackPointExtension>
            <gpxtpx:hr>143</gpxtpx:hr>
          </gpxtpx:TrackPointExtension>
        </extensions>
      </trkpt>
      <trkpt lat="22.593617332427932" lon="113.97938031333148">
        <ele>22.283465618267655</ele>
        <time>1970-01-01T00:10:01.300000Z</time>
        <extensions>
          <gpxtpx:TrackPointExtension>
            <gpxtpx:hr>143</gpxtpx:hr>
          </gpxtpx:TrackPointExtension>
        </extensions>
      </trkpt>
      <trkpt lat="22.593618040559047" lon="113.97935699173318">
        <ele>22.420982350595295</ele>
        <time>1970-01-01T00:10:02.300000Z</time>
        <extensions>
          <gpxtpx:TrackPointExtension>
            <gpxtpx:hr>143</gpxtpx:hr>
          </gpxtpx:TrackPointExtension>
        </extensions>
      </trkpt>
      <trkpt lat="22.593618412857047" lon="113.97933365991983">
        <ele>22.555647844448686</ele>
        <time>1970-01-01T00:10:03.300000Z</time>
        <extensions>
          <gpxtpx:TrackPointExtension>
            <gpxtpx:hr>143</gpxtpx:hr>
          </gpxtpx:TrackPointExtension>
        </extensions>
      </trkpt>
      <trkpt lat="22.593618795800847" lon="113.97931014500713">
        <ele>22.688123016618192</ele>
        <time>1970-01-01T00:10:04.300000Z</time>
        <extensions>
          <gpxtpx:TrackPointExtension>
            <gpxtpx:hr>143</gpxtpx:hr>
          </gpxtpx:TrackPointExtension>
        </extensions>
      </trkpt>
      <trkpt lat="22.593619333708325" lon="113.97928647506288">
        <ele>22.81635952554643</ele>
        <time>1970-01-01T00:10:05.300000Z</time>
        <extensions>
          <gpxtpx:TrackPointExtension>
            <gpxtpx:hr>142</gpxtpx:hr>
          </gpxtpx:TrackPointExtension>
        </extensions>
      </trkpt>
      <trkpt lat="22.59361995793258" lon="113.97926284087364">
        <ele>22.939733799546957</ele>
        <time>1970-01-01T00:10:06.300000Z</time>
        <extensions>
          <gpxtpx:TrackPointExtension>
            <gpxtpx:hr>142</gpxtpx:hr>
          </gpxtpx:TrackPointExtension>
        </extensions>
      </trkpt>
      <trkpt lat="22.59362077341129" lon="113.97923908971315">
        <ele>23.057700593955815</ele>
        <time>1970-01-01T00:10:07.300000Z</time>
        <extensions>
          <gpxtpx:TrackPointExtension>
            <gpxtpx:hr>142</gpxtpx:hr>
          </gpxtpx:TrackPointExtension>
        </extensions>
      </trkpt>
      <trkpt lat="22.593621833731756" lon="113.97921516100804">
        <ele>23.170579836703837</ele>
        <time>1970-01-01T00:10:08.300000Z</time>
        <extensions>
          <gpxtpx:TrackPointExtension>
            <gpxtpx:hr>141</gpxtpx:hr>
          </gpxtpx:TrackPointExtension>
        </extensions>
      </trkpt>
      <trkpt lat="22.593622845123175" lon="113.97919108000927">
        <ele>23.278333984315395</ele>
        <time>1970-01-01T00:10:09.300000Z</time>
        <extensions>
          <gpxtpx:TrackPointExtension>
            <gpxtpx:hr>141</gpxtpx:hr>
          </gpxtpx:TrackPointExtension>
        </extensions>
      </trkpt>
      <trkpt lat="22.593623629102165" lon="113.97916687788289">
        <ele>23.38137541152537</ele>
        <time>1970-01-01T00:10:10.300000Z</time>
        <extensions>
          <gpxtpx:TrackPointExtension>
            <gpxtpx:hr>141</gpxtpx:hr>
          </gpxtpx:TrackPointExtension>
        </extensions>
      </trkpt>
      <trkpt lat="22.59362436260779" lon="113.97914253428733">
        <ele>23.479260474443436</ele>
        <time>1970-01-01T00:10:11.300000Z</time>
        <extensions>
          <gpxtpx:TrackPointExtension>
            <gpxtpx:hr>141</gpxtpx:hr>
          </gpxtpx:TrackPointExtension>
        </extensions>
      </trkpt>
      <trkpt lat="22.593625167883566" lon="113.97911805065556">
        <ele>23.57246937789023</ele>
        <time>1970-01-01T00:10:12.300000Z</time>
        <extensions>
          <gpxtpx:TrackPointExtension>
            <gpxtpx:hr>141</gpxtpx:hr>
          </gpxtpx:TrackPointExtension>
        </extensions>
      </trkpt>
      <trkpt lat="22.593625898322752" lon="113.97909367124973">
        <ele>23.66094227693975</ele>
        <time>1970-01-01T00:10:13.300000Z</time>
        <extensions>
          <gpxtpx:TrackPointExtension>
            <gpxtpx:hr>141</gpxtpx:hr>
          </gpxtpx:TrackPointExtension>
        </extensions>
      </trkpt>
      <trkpt lat="22.593626410247296" lon="113.97906954295455">
        <ele>23.744118569418788</ele>
        <time>1970-01-01T00:10:14.300000Z</time>
        <extensions>
          <gpxtpx:TrackPointExtension>
            <gpxtpx:hr>141</gpxtpx:hr>
          </gpxtpx:TrackPointExtension>
        </extensions>
      </trkpt>
      <trkpt lat="22.593626694397454" lon="113.97904564603108">
        <ele>23.82154677528888</ele>
        <time>1970-01-01T00:10:15.300000Z</time>
        <extensions>
          <gpxtpx:TrackPointExtension>
            <gpxtpx:hr>141</gpxtpx:hr>
          </gpxtpx:TrackPointExtension>
        </extensions>
      </trkpt>
      <trkpt lat="22.593626819381306" lon="113.97902187785844">
        <ele>23.89408386684954</ele>
        <time>1970-01-01T00:10:16.200000Z</time>
        <extensions>
          <gpxtpx:TrackPointExtension>
            <gpxtpx:hr>141</gpxtpx:hr>
          </gpxtpx:TrackPointExtension>
        </extensions>
      </trkpt>
      <trkpt lat="22.5936268606224" lon="113.97899776526525">
        <ele>23.961113109253347</ele>
        <time>1970-01-01T00:10:17.200000Z</time>
        <extensions>
          <gpxtpx:TrackPointExtension>
            <gpxtpx:hr>141</gpxtpx:hr>
          </gpxtpx:TrackPointExtension>
        </extensions>
      </trkpt>
      <trkpt lat="22.593626772036178" lon="113.9789734351434">
        <ele>24.02255022060126</ele>
        <time>1970-01-01T00:10:18.200000Z</time>
        <extensions>
          <gpxtpx:TrackPointExtension>
            <gpxtpx:hr>141</gpxtpx:hr>
          </gpxtpx:TrackPointExtension>
        </extensions>
      </trkpt>
      <trkpt lat="22.59362642944866" lon="113.97894915710567">
        <ele>24.07844338659197</ele>
        <time>1970-01-01T00:10:19.200000Z</time>
        <extensions>
          <gpxtpx:TrackPointExtension>
            <gpxtpx:hr>141</gpxtpx:hr>
          </gpxtpx:TrackPointExtension>
        </extensions>
      </trkpt>
      <trkpt lat="22.593625742896137" lon="113.97892492054221">
        <ele>24.129009971395135</ele>
        <time>1970-01-01T00:10:20.200000Z</time>
        <extensions>
          <gpxtpx:TrackPointExtension>
            <gpxtpx:hr>141</gpxtpx:hr>
          </gpxtpx:TrackPointExtension>
        </extensions>
      </trkpt>
      <trkpt lat="22.59362488407179" lon="113.97890071328831">
        <ele>24.175553006120026</ele>
        <time>1970-01-01T00:10:21.200000Z</time>
        <extensions>
          <gpxtpx:TrackPointExtension>
            <gpxtpx:hr>141</gpxtpx:hr>
          </gpxtpx:TrackPointExtension>
        </extensions>
      </trkpt>
      <trkpt lat="22.593624033145975" lon="113.9788763591404">
        <ele>24.217739841900766</ele>
        <time>1970-01-01T00:10:22.200000Z</time>
        <extensions>
          <gpxtpx:TrackPointExtension>
            <gpxtpx:hr>141</gpxtpx:hr>
          </gpxtpx:TrackPointExtension>
        </extensions>
      </trkpt>
      <trkpt lat="22.59362334695027" lon="113.97885163041606">
        <ele>24.257880371063948</ele>
        <time>1970-01-01T00:10:23.200000Z</time>
        <extensions>
          <gpxtpx:TrackPointExtension>
            <gpxtpx:hr>141</gpxtpx:hr>
          </gpxtpx:TrackPointExtension>
        </extensions>
      </trkpt>
      <trkpt lat="22.59362304162453" lon="113.97882664598123">
        <ele>24.293939563445747</ele>
        <time>1970-01-01T00:10:24.200000Z</time>
        <extensions>
          <gpxtpx:TrackPointExtension>
            <gpxtpx:hr>141</gpxtpx:hr>
          </gpxtpx:TrackPointExtension>
        </extensions>
      </trkpt>
      <trkpt lat="22.593623206847642" lon="113.97880178977711">
        <ele>24.328292280435562</ele>
        <time>1970-01-01T00:10:25.200000Z</time>
        <extensions>
          <gpxtpx:TrackPointExtension>
            <gpxtpx:hr>141</gpxtpx:hr>
          </gpxtpx:TrackPointExtension>
        </extensions>
      </trkpt>
      <trkpt lat="22.593623787013946" lon="113.9787773276746">
        <ele>24.359403557144105</ele>
        <time>1970-01-01T00:10:26.200000Z</time>
        <extensions>
          <gpxtpx:TrackPointExtension>
            <gpxtpx:hr>141</gpxtpx:hr>
          </gpxtpx:TrackPointExtension>
        </extensions>
      </trkpt>
      <trkpt lat="22.593624320567955" lon="113.97875326930301">
        <ele>24.3882441399619</ele>
        <time>1970-01-01T00:10:27.200000Z</time>
        <extensions>
          <gpxtpx:TrackPointExtension>
            <gpxtpx:hr>139</gpxtpx:hr>
          </gpxtpx:TrackPointExtension>
        </extensions>
      </trkpt>
      <trkpt lat="22.593624373737637" lon="113.9787295084337">
        <ele>24.41615964937955</ele>
        <time>1970-01-01T00:10:28.200000Z</time>
        <extensions>
          <gpxtpx:TrackPointExtension>
            <gpxtpx:hr>139</gpxtpx:hr>
          </gpxtpx:TrackPointExtension>
        </extensions>
      </trkpt>
      <trkpt lat="22.593624049482724" lon="113.97870594753334">
        <ele>24.441920219920576</ele>
        <time>1970-01-01T00:10:29.200000Z</time>
        <extensions>
          <gpxtpx:TrackPointExtension>
            <gpxtpx:hr>139</gpxtpx:hr>
          </gpxtpx:TrackPointExtension>
        </extensions>
      </trkpt>
      <trkpt lat="22.593623417323215" lon="113.9786823742531">
        <ele>24.465421564877033</ele>
        <time>1970-01-01T00:10:30.200000Z</time>
        <extensions>
          <gpxtpx:TrackPointExtension>
            <gpxtpx:hr>139</gpxtpx:hr>
          </gpxtpx:TrackPointExtension>
        </extensions>
      </trkpt>
      <trkpt lat="22.593622377799043" lon="113.97865857710478">
        <ele>24.48303261399269</ele>
        <time>1970-01-01T00:10:31.200000Z</time>
        <extensions>
          <gpxtpx:TrackPointExtension>
            <gpxtpx:hr>139</gpxtpx:hr>
          </gpxtpx:TrackPointExtension>
        </extensions>
      </trkpt>
      <trkpt lat="22.593620774846556" lon="113.97863445278955">
        <ele>24.496482600457966</ele>
        <time>1970-01-01T00:10:32.200000Z</time>
        <extensions>
          <gpxtpx:TrackPointExtension>
            <gpxtpx:hr>139</gpxtpx:hr>
          </gpxtpx:TrackPointExtension>
        </extensions>
      </trkpt>
      <trkpt lat="22.59361836924247" lon="113.9786102777411">
        <ele>24.503929376602173</ele>
        <time>1970-01-01T00:10:33.200000Z</time>
        <extensions>
          <gpxtpx:TrackPointExtension>
            <gpxtpx:hr>139</gpxtpx:hr>
          </gpxtpx:TrackPointExtension>
        </extensions>
      </trkpt>
      <trkpt lat="22.59361588459153" lon="113.978586648138">
        <ele>24.50626925006509</ele>
        <time>1970-01-01T00:10:34.200000Z</time>
        <extensions>
          <gpxtpx:TrackPointExtension>
            <gpxtpx:hr>139</gpxtpx:hr>
          </gpxtpx:TrackPointExtension>
        </extensions>
      </trkpt>
      <trkpt lat="22.593614083490415" lon="113.97856380696058">
        <ele>24.50275530759245</ele>
        <time>1970-01-01T00:10:35.200000Z</time>
        <extensions>
          <gpxtpx:TrackPointExtension>
            <gpxtpx:hr>139</gpxtpx:hr>
          </gpxtpx:TrackPointExtension>
        </extensions>
      </trkpt>
      <trkpt lat="22.593612959899605" lon="113.9785414527898">
        <ele>24.494786427356303</ele>
        <time>1970-01-01T00:10:36.200000Z</time>
        <extensions>
          <gpxtpx:TrackPointExtension>
            <gpxtpx:hr>139</gpxtpx:hr>
          </gpxtpx:TrackPointExtension>
        </extensions>
      </trkpt>
      <trkpt lat="22.593612393827573" lon="113.97851908718273">
        <ele>24.484122363850474</ele>
        <time>1970-01-01T00:10:37.200000Z</time>
        <extensions>
          <gpxtpx:TrackPointExtension>
            <gpxtpx:hr>139</gpxtpx:hr>
          </gpxtpx:TrackPointExtension>
        </extensions>
      </trkpt>
      <trkpt lat="22.593612196721466" lon="113.97849643033204">
        <ele>24.4708611369133</ele>
        <time>1970-01-01T00:10:38.200000Z</time>
        <extensions>
          <gpxtpx:TrackPointExtension>
            <gpxtpx:hr>138</gpxtpx:hr>
          </gpxtpx:TrackPointExtension>
        </extensions>
      </trkpt>
      <trkpt lat="22.59361228863094" lon="113.97847359367798">
        <ele>24.454015717841685</ele>
        <time>1970-01-01T00:10:39.200000Z</time>
        <extensions>
          <gpxtpx:TrackPointExtension>
            <gpxtpx:hr>138</gpxtpx:hr>
          </gpxtpx:TrackPointExtension>
        </extensions>
      </trkpt>
      <trkpt lat="22.59361266089301" lon="113.97845067077289">
        <ele>24.43424069415778</ele>
        <time>1970-01-01T00:10:40.200000Z</time>
        <extensions>
          <gpxtpx:TrackPointExtension>
            <gpxtpx:hr>138</gpxtpx:hr>
          </gpxtpx:TrackPointExtension>
        </extensions>
      </trkpt>
      <trkpt lat="22.59361323201133" lon="113.9784276971741">
        <ele>24.413320091553032</ele>
        <time>1970-01-01T00:10:41.200000Z</time>
        <extensions>
          <gpxtpx:TrackPointExtension>
            <gpxtpx:hr>138</gpxtpx:hr>
          </gpxtpx:TrackPointExtension>
        </extensions>
      </trkpt>
      <trkpt lat="22.59361389849522" lon="113.97840463361786">
        <ele>24.391667760908604</ele>
        <time>1970-01-01T00:10:42.200000Z</time>
        <extensions>
          <gpxtpx:TrackPointExtension>
            <gpxtpx:hr>138</gpxtpx:hr>
          </gpxtpx:TrackPointExtension>
        </extensions>
      </trkpt>
      <trkpt lat="22.59361460003088" lon="113.97838150119938">
        <ele>24.367425546981394</ele>
        <time>1970-01-01T00:10:43.200000Z</time>
        <extensions>
          <gpxtpx:TrackPointExtension>
            <gpxtpx:hr>138</gpxtpx:hr>
          </gpxtpx:TrackPointExtension>
        </extensions>
      </trkpt>
      <trkpt lat="22.593615273806876" lon="113.97835838959301">
        <ele>24.34218163881451</ele>
        <time>1970-01-01T00:10:44.200000Z</time>
        <extensions>
          <gpxtpx:TrackPointExtension>
            <gpxtpx:hr>138</gpxtpx:hr>
          </gpxtpx:TrackPointExtension>
        </extensions>
      </trkpt>
      <trkpt lat="22.593615952607053" lon="113.97833535512054">
        <ele>24.316424684599042</ele>
        <time>1970-01-01T00:10:45.200000Z</time>
        <extensions>
          <gpxtpx:TrackPointExtension>
            <gpxtpx:hr>138</gpxtpx:hr>
          </gpxtpx:TrackPointExtension>
        </extensions>
      </trkpt>
      <trkpt lat="22.593616692814287" lon="113.97831228176402">
        <ele>24.28742984868586</ele>
        <time>1970-01-01T00:10:46.200000Z</time>
        <extensions>
          <gpxtpx:TrackPointExtension>
            <gpxtpx:hr>138</gpxtpx:hr>
          </gpxtpx:TrackPointExtension>
        </extensions>
      </trkpt>
      <trkpt lat="22.593617483021138" lon="113.97828914315323">
        <ele>24.259707741439342</ele>
        <time>1970-01-01T00:10:47.200000Z</time>
        <extensions>
          <gpxtpx:TrackPointExtension>
            <gpxtpx:hr>138</gpxtpx:hr>
          </gpxtpx:TrackPointExtension>
        </extensions>
      </trkpt>
      <trkpt lat="22.593618253475523" lon="113.97826598471562">
        <ele>24.22589396312833</ele>
        <time>1970-01-01T00:10:48.200000Z</time>
        <extensions>
          <gpxtpx:TrackPointExtension>
            <gpxtpx:hr>138</gpxtpx:hr>
          </gpxtpx:TrackPointExtension>
        </extensions>
      </trkpt>
      <trkpt lat="22.593618854388673" lon="113.97824287100764">
        <ele>24.189655918627977</ele>
        <time>1970-01-01T00:10:49.200000Z</time>
        <extensions>
          <gpxtpx:TrackPointExtension>
            <gpxtpx:hr>138</gpxtpx:hr>
          </gpxtpx:TrackPointExtension>
        </extensions>
      </trkpt>
      <trkpt lat="22.593619002976908" lon="113.97821963656389">
        <ele>24.149434885941446</ele>
        <time>1970-01-01T00:10:50.200000Z</time>
        <extensions>
          <gpxtpx:TrackPointExtension>
            <gpxtpx:hr>138</gpxtpx:hr>
          </gpxtpx:TrackPointExtension>
        </extensions>
      </trkpt>
      <trkpt lat="22.593618321625982" lon="113.97819626839596">
        <ele>24.108535466715693</ele>
        <time>1970-01-01T00:10:51.100000Z</time>
        <extensions>
          <gpxtpx:TrackPointExtension>
            <gpxtpx:hr>138</gpxtpx:hr>
          </gpxtpx:TrackPointExtension>
        </extensions>
      </trkpt>
      <trkpt lat="22.593616792382978" lon="113.97817293192387">
        <ele>24.06594530493021</ele>
        <time>1970-01-01T00:10:52.100000Z</time>
        <extensions>
          <gpxtpx:TrackPointExtension>
            <gpxtpx:hr>138</gpxtpx:hr>
          </gpxtpx:TrackPointExtension>
        </extensions>
      </trkpt>
      <trkpt lat="22.593614996963304" lon="113.97814962718004">
        <ele>24.024264345876873</ele>
        <time>1970-01-01T00:10:53.100000Z</time>
        <extensions>
          <gpxtpx:TrackPointExtension>
            <gpxtpx:hr>138</gpxtpx:hr>
          </gpxtpx:TrackPointExtension>
        </extensions>
      </trkpt>
      <trkpt lat="22.593613273773446" lon="113.97812627125269">
        <ele>23.987660269252956</ele>
        <time>1970-01-01T00:10:54.100000Z</time>
        <extensions>
          <gpxtpx:TrackPointExtension>
            <gpxtpx:hr>138</gpxtpx:hr>
          </gpxtpx:TrackPointExtension>
        </extensions>
      </trkpt>
      <trkpt lat="22.593611736520735" lon="113.97810290639696">
        <ele>23.955908400937915</ele>
        <time>1970-01-01T00:10:55.100000Z</time>
        <extensions>
          <gpxtpx:TrackPointExtension>
            <gpxtpx:hr>137</gpxtpx:hr>
          </gpxtpx:TrackPointExtension>
        </extensions>
      </trkpt>
      <trkpt lat="22.593610399973468" lon="113.97807944036283">
        <ele>23.92978261038661</ele>
        <time>1970-01-01T00:10:56.100000Z</time>
        <extensions>
          <gpxtpx:TrackPointExtension>
            <gpxtpx:hr>137</gpxtpx:hr>
          </gpxtpx:TrackPointExtension>
        </extensions>
      </trkpt>
      <trkpt lat="22.59360925865029" lon="113.97805561820024">
        <ele>23.90686608105898</ele>
        <time>1970-01-01T00:10:57.100000Z</time>
        <extensions>
          <gpxtpx:TrackPointExtension>
            <gpxtpx:hr>137</gpxtpx:hr>
          </gpxtpx:TrackPointExtension>
        </extensions>
      </trkpt>
      <trkpt lat="22.593608402427623" lon="113.97803146304383">
        <ele>23.889204930514097</ele>
        <time>1970-01-01T00:10:58.100000Z</time>
        <extensions>
          <gpxtpx:TrackPointExtension>
            <gpxtpx:hr>137</gpxtpx:hr>
          </gpxtpx:TrackPointExtension>
        </extensions>
      </trkpt>
      <trkpt lat="22.59360787251261" lon="113.9780070680915">
        <ele>23.876383842900395</ele>
        <time>1970-01-01T00:10:59.100000Z</time>
        <extensions>
          <gpxtpx:TrackPointExtension>
            <gpxtpx:hr>137</gpxtpx:hr>
          </gpxtpx:TrackPointExtension>
        </extensions>
      </trkpt>
      <trkpt lat="22.59360761555299" lon="113.97798255147713">
        <ele>23.869344054721296</ele>
        <time>1970-01-01T00:11:00.100000Z</time>
        <extensions>
          <gpxtpx:TrackPointExtension>
            <gpxtpx:hr>137</gpxtpx:hr>
          </gpxtpx:TrackPointExtension>
        </extensions>
      </trkpt>
      <trkpt lat="22.593607442750763" lon="113.97795792394504">
        <ele>23.86906833574176</ele>
        <time>1970-01-01T00:11:01.100000Z</time>
        <extensions>
          <gpxtpx:TrackPointExtension>
            <gpxtpx:hr>137</gpxtpx:hr>
          </gpxtpx:TrackPointExtension>
        </extensions>
      </trkpt>
      <trkpt lat="22.59360709552072" lon="113.97793329792667">
        <ele>23.874494661577046</ele>
        <time>1970-01-01T00:11:02.100000Z</time>
        <extensions>
          <gpxtpx:TrackPointExtension>
            <gpxtpx:hr>136</gpxtpx:hr>
          </gpxtpx:TrackPointExtension>
        </extensions>
      </trkpt>
      <trkpt lat="22.593606451481964" lon="113.97790871155836">
        <ele>23.88483159802854</ele>
        <time>1970-01-01T00:11:03.100000Z</time>
        <extensions>
          <gpxtpx:TrackPointExtension>
            <gpxtpx:hr>136</gpxtpx:hr>
          </gpxtpx:TrackPointExtension>
        </extensions>
      </trkpt>
      <trkpt lat="22.593605453456565" lon="113.9778839887268">
        <ele>23.899833163246512</ele>
        <time>1970-01-01T00:11:04.100000Z</time>
        <extensions>
          <gpxtpx:TrackPointExtension>
            <gpxtpx:hr>136</gpxtpx:hr>
          </gpxtpx:TrackPointExtension>
        </extensions>
      </trkpt>
      <trkpt lat="22.59360425182438" lon="113.97785880699946">
        <ele>23.919339624233544</ele>
        <time>1970-01-01T00:11:05.100000Z</time>
        <extensions>
          <gpxtpx:TrackPointExtension>
            <gpxtpx:hr>136</gpxtpx:hr>
          </gpxtpx:TrackPointExtension>
        </extensions>
      </trkpt>
      <trkpt lat="22.59360305522634" lon="113.97783311491717">
        <ele>23.943195343017578</ele>
        <time>1970-01-01T00:11:06.100000Z</time>
        <extensions>
          <gpxtpx:TrackPointExtension>
            <gpxtpx:hr>136</gpxtpx:hr>
          </gpxtpx:TrackPointExtension>
        </extensions>
      </trkpt>
      <trkpt lat="22.593601742110966" lon="113.97780721117451">
        <ele>23.97020858619362</ele>
        <time>1970-01-01T00:11:07.100000Z</time>
        <extensions>
          <gpxtpx:TrackPointExtension>
            <gpxtpx:hr>137</gpxtpx:hr>
          </gpxtpx:TrackPointExtension>
        </extensions>
      </trkpt>
      <trkpt lat="22.593599861873816" lon="113.97778142269641">
        <ele>24.000352527946234</ele>
        <time>1970-01-01T00:11:08.100000Z</time>
        <extensions>
          <gpxtpx:TrackPointExtension>
            <gpxtpx:hr>137</gpxtpx:hr>
          </gpxtpx:TrackPointExtension>
        </extensions>
      </trkpt>
      <trkpt lat="22.59359748505947" lon="113.97775587932374">
        <ele>24.032921557314694</ele>
        <time>1970-01-01T00:11:09.100000Z</time>
        <extensions>
          <gpxtpx:TrackPointExtension>
            <gpxtpx:hr>137</gpxtpx:hr>
          </gpxtpx:TrackPointExtension>
        </extensions>
      </trkpt>
      <trkpt lat="22.59359548561621" lon="113.97773055636542">
        <ele>24.0675053531304</ele>
        <time>1970-01-01T00:11:10.100000Z</time>
        <extensions>
          <gpxtpx:TrackPointExtension>
            <gpxtpx:hr>137</gpxtpx:hr>
          </gpxtpx:TrackPointExtension>
        </extensions>
      </trkpt>
      <trkpt lat="22.593594322230484" lon="113.97770545045104">
        <ele>24.103309127502143</ele>
        <time>1970-01-01T00:11:11.100000Z</time>
        <extensions>
          <gpxtpx:TrackPointExtension>
            <gpxtpx:hr>137</gpxtpx:hr>
          </gpxtpx:TrackPointExtension>
        </extensions>
      </trkpt>
      <trkpt lat="22.593593862318134" lon="113.97768030794795">
        <ele>24.139966633170843</ele>
        <time>1970-01-01T00:11:12.100000Z</time>
        <extensions>
          <gpxtpx:TrackPointExtension>
            <gpxtpx:hr>137</gpxtpx:hr>
          </gpxtpx:TrackPointExtension>
        </extensions>
      </trkpt>
      <trkpt lat="22.593593903842898" lon="113.97765474255478">
        <ele>24.17711371090263</ele>
        <time>1970-01-01T00:11:13.100000Z</time>
        <extensions>
          <gpxtpx:TrackPointExtension>
            <gpxtpx:hr>137</gpxtpx:hr>
          </gpxtpx:TrackPointExtension>
        </extensions>
      </trkpt>
      <trkpt lat="22.593594290753142" lon="113.97762876473882">
        <ele>24.21306531690061</ele>
        <time>1970-01-01T00:11:14.100000Z</time>
        <extensions>
          <gpxtpx:TrackPointExtension>
            <gpxtpx:hr>136</gpxtpx:hr>
          </gpxtpx:TrackPointExtension>
        </extensions>
      </trkpt>
      <trkpt lat="22.5935949099823" lon="113.97760239680248">
        <ele>24.247999056242406</ele>
        <time>1970-01-01T00:11:15.100000Z</time>
        <extensions>
          <gpxtpx:TrackPointExtension>
            <gpxtpx:hr>136</gpxtpx:hr>
          </gpxtpx:TrackPointExtension>
        </extensions>
      </trkpt>
      <trkpt lat="22.593595590253223" lon="113.97757570254126">
        <ele>24.280755734071136</ele>
        <time>1970-01-01T00:11:16.100000Z</time>
        <extensions>
          <gpxtpx:TrackPointExtension>
            <gpxtpx:hr>136</gpxtpx:hr>
          </gpxtpx:TrackPointExtension>
        </extensions>
      </trkpt>
      <trkpt lat="22.593596224403342" lon="113.97754884110667">
        <ele>24.3109299717471</ele>
        <time>1970-01-01T00:11:17.100000Z</time>
        <extensions>
          <gpxtpx:TrackPointExtension>
            <gpxtpx:hr>136</gpxtpx:hr>
          </gpxtpx:TrackPointExtension>
        </extensions>
      </trkpt>
      <trkpt lat="22.59359681508864" lon="113.97752202763466">
        <ele>24.337880070321262</ele>
        <time>1970-01-01T00:11:18.100000Z</time>
        <extensions>
          <gpxtpx:TrackPointExtension>
            <gpxtpx:hr>136</gpxtpx:hr>
          </gpxtpx:TrackPointExtension>
        </extensions>
      </trkpt>
      <trkpt lat="22.593597314457732" lon="113.97749546405896">
        <ele>24.3611301491037</ele>
        <time>1970-01-01T00:11:19.100000Z</time>
        <extensions>
          <gpxtpx:TrackPointExtension>
            <gpxtpx:hr>136</gpxtpx:hr>
          </gpxtpx:TrackPointExtension>
        </extensions>
      </trkpt>
      <trkpt lat="22.5935976840948" lon="113.9774690361703">
        <ele>24.379860588349402</ele>
        <time>1970-01-01T00:11:20.100000Z</time>
        <extensions>
          <gpxtpx:TrackPointExtension>
            <gpxtpx:hr>136</gpxtpx:hr>
          </gpxtpx:TrackPointExtension>
        </extensions>
      </trkpt>
      <trkpt lat="22.593598100886716" lon="113.97744263175558">
        <ele>24.39408280234784</ele>
        <time>1970-01-01T00:11:21.100000Z</time>
        <extensions>
          <gpxtpx:TrackPointExtension>
            <gpxtpx:hr>136</gpxtpx:hr>
          </gpxtpx:TrackPointExtension>
        </extensions>
      </trkpt>
      <trkpt lat="22.5935987609853" lon="113.97741637114304">
        <ele>24.403889282606542</ele>
        <time>1970-01-01T00:11:22.100000Z</time>
        <extensions>
          <gpxtpx:TrackPointExtension>
            <gpxtpx:hr>136</gpxtpx:hr>
          </gpxtpx:TrackPointExtension>
        </extensions>
      </trkpt>
      <trkpt lat="22.593599566271703" lon="113.97739053309635">
        <ele>24.409207263961434</ele>
        <time>1970-01-01T00:11:23.100000Z</time>
        <extensions>
          <gpxtpx:TrackPointExtension>
            <gpxtpx:hr>136</gpxtpx:hr>
          </gpxtpx:TrackPointExtension>
        </extensions>
      </trkpt>
      <trkpt lat="22.59360045616705" lon="113.9773650064378">
        <ele>24.4105800781399</ele>
        <time>1970-01-01T00:11:24.100000Z</time>
        <extensions>
          <gpxtpx:TrackPointExtension>
            <gpxtpx:hr>136</gpxtpx:hr>
          </gpxtpx:TrackPointExtension>
        </extensions>
      </trkpt>
      <trkpt lat="22.593601413422125" lon="113.97733934760154">
        <ele>24.40781043842435</ele>
        <time>1970-01-01T00:11:25.100000Z</time>
        <extensions>
          <gpxtpx:TrackPointExtension>
            <gpxtpx:hr>136</gpxtpx:hr>
          </gpxtpx:TrackPointExtension>
        </extensions>
      </trkpt>
      <trkpt lat="22.59360230486677" lon="113.97731325987955">
        <ele>24.401062320917845</ele>
        <time>1970-01-01T00:11:26.100000Z</time>
        <extensions>
          <gpxtpx:TrackPointExtension>
            <gpxtpx:hr>136</gpxtpx:hr>
          </gpxtpx:TrackPointExtension>
        </extensions>
      </trkpt>
      <trkpt lat="22.59360293556663" lon="113.97728645285913">
        <ele>24.389907965436578</ele>
        <time>1970-01-01T00:11:27Z</time>
        <extensions>
          <gpxtpx:TrackPointExtension>
            <gpxtpx:hr>134</gpxtpx:hr>
          </gpxtpx:TrackPointExtension>
        </extensions>
      </trkpt>
      <trkpt lat="22.593603300383645" lon="113.97725860796592">
        <ele>24.374021113850176</ele>
        <time>1970-01-01T00:11:28Z</time>
        <extensions>
          <gpxtpx:TrackPointExtension>
            <gpxtpx:hr>134</gpxtpx:hr>
          </gpxtpx:TrackPointExtension>
        </extensions>
      </trkpt>
      <trkpt lat="22.593603655961058" lon="113.97722992739223">
        <ele>24.352434895001352</ele>
        <time>1970-01-01T00:11:29Z</time>
        <extensions>
          <gpxtpx:TrackPointExtension>
            <gpxtpx:hr>134</gpxtpx:hr>
          </gpxtpx:TrackPointExtension>
        </extensions>
      </trkpt>
      <trkpt lat="22.593603966322515" lon="113.97720080120021">
        <ele>24.32469829171896</ele>
        <time>1970-01-01T00:11:30Z</time>
        <extensions>
          <gpxtpx:TrackPointExtension>
            <gpxtpx:hr>134</gpxtpx:hr>
          </gpxtpx:TrackPointExtension>
        </extensions>
      </trkpt>
      <trkpt lat="22.59360393431823" lon="113.97717168663252">
        <ele>24.289807146415114</ele>
        <time>1970-01-01T00:11:31Z</time>
        <extensions>
          <gpxtpx:TrackPointExtension>
            <gpxtpx:hr>134</gpxtpx:hr>
          </gpxtpx:TrackPointExtension>
        </extensions>
      </trkpt>
      <trkpt lat="22.59360357934649" lon="113.97714331585114">
        <ele>24.246535178273916</ele>
        <time>1970-01-01T00:11:32Z</time>
        <extensions>
          <gpxtpx:TrackPointExtension>
            <gpxtpx:hr>134</gpxtpx:hr>
          </gpxtpx:TrackPointExtension>
        </extensions>
      </trkpt>
      <trkpt lat="22.593603111464102" lon="113.9771159038414">
        <ele>24.193857464939356</ele>
        <time>1970-01-01T00:11:33Z</time>
        <extensions>
          <gpxtpx:TrackPointExtension>
            <gpxtpx:hr>134</gpxtpx:hr>
          </gpxtpx:TrackPointExtension>
        </extensions>
      </trkpt>
      <trkpt lat="22.593602669529094" lon="113.97708905182527">
        <ele>24.130143757909536</ele>
        <time>1970-01-01T00:11:34Z</time>
        <extensions>
          <gpxtpx:TrackPointExtension>
            <gpxtpx:hr>134</gpxtpx:hr>
          </gpxtpx:TrackPointExtension>
        </extensions>
      </trkpt>
      <trkpt lat="22.59360242019177" lon="113.97706236560134">
        <ele>24.053216732107103</ele>
        <time>1970-01-01T00:11:35Z</time>
        <extensions>
          <gpxtpx:TrackPointExtension>
            <gpxtpx:hr>134</gpxtpx:hr>
          </gpxtpx:TrackPointExtension>
        </extensions>
      </trkpt>
      <trkpt lat="22.593602329964458" lon="113.97703550049309">
        <ele>23.9623742159456</ele>
        <time>1970-01-01T00:11:36Z</time>
        <extensions>
          <gpxtpx:TrackPointExtension>
            <gpxtpx:hr>134</gpxtpx:hr>
          </gpxtpx:TrackPointExtension>
        </extensions>
      </trkpt>
      <trkpt lat="22.593602365146474" lon="113.97700824071427">
        <ele>23.854842675849795</ele>
        <time>1970-01-01T00:11:37Z</time>
        <extensions>
          <gpxtpx:TrackPointExtension>
            <gpxtpx:hr>134</gpxtpx:hr>
          </gpxtpx:TrackPointExtension>
        </extensions>
      </trkpt>
      <trkpt lat="22.593602754197207" lon="113.97698056893651">
        <ele>23.72918245010078</ele>
        <time>1970-01-01T00:11:38Z</time>
        <extensions>
          <gpxtpx:TrackPointExtension>
            <gpxtpx:hr>132</gpxtpx:hr>
          </gpxtpx:TrackPointExtension>
        </extensions>
      </trkpt>
      <trkpt lat="22.59360360769132" lon="113.9769527319267">
        <ele>23.5846989704296</ele>
        <time>1970-01-01T00:11:39Z</time>
        <extensions>
          <gpxtpx:TrackPointExtension>
            <gpxtpx:hr>132</gpxtpx:hr>
          </gpxtpx:TrackPointExtension>
        </extensions>
      </trkpt>
      <trkpt lat="22.593604895654842" lon="113.97692513310744">
        <ele>23.421576092951</ele>
        <time>1970-01-01T00:11:40Z</time>
        <extensions>
          <gpxtpx:TrackPointExtension>
            <gpxtpx:hr>132</gpxtpx:hr>
          </gpxtpx:TrackPointExtension>
        </extensions>
      </trkpt>
      <trkpt lat="22.593606610580192" lon="113.97689840260968">
        <ele>23.24124420247972</ele>
        <time>1970-01-01T00:11:41Z</time>
        <extensions>
          <gpxtpx:TrackPointExtension>
            <gpxtpx:hr>132</gpxtpx:hr>
          </gpxtpx:TrackPointExtension>
        </extensions>
      </trkpt>
      <trkpt lat="22.593608908334037" lon="113.97687301180724">
        <ele>23.044237778522074</ele>
        <time>1970-01-01T00:11:42Z</time>
        <extensions>
          <gpxtpx:TrackPointExtension>
            <gpxtpx:hr>132</gpxtpx:hr>
          </gpxtpx:TrackPointExtension>
        </extensions>
      </trkpt>
      <trkpt lat="22.59361200217174" lon="113.97684903836978">
        <ele>22.833864542655647</ele>
        <time>1970-01-01T00:11:43Z</time>
        <extensions>
          <gpxtpx:TrackPointExtension>
            <gpxtpx:hr>132</gpxtpx:hr>
          </gpxtpx:TrackPointExtension>
        </extensions>
      </trkpt>
      <trkpt lat="22.59361629970914" lon="113.97682640444651">
        <ele>22.6122845094651</ele>
        <time>1970-01-01T00:11:44Z</time>
        <extensions>
          <gpxtpx:TrackPointExtension>
            <gpxtpx:hr>132</gpxtpx:hr>
          </gpxtpx:TrackPointExtension>
        </extensions>
      </trkpt>
      <trkpt lat="22.593620780234968" lon="113.97680456769012">
        <ele>22.380912031047046</ele>
        <time>1970-01-01T00:11:45Z</time>
        <extensions>
          <gpxtpx:TrackPointExtension>
            <gpxtpx:hr>128</gpxtpx:hr>
          </gpxtpx:TrackPointExtension>
        </extensions>
      </trkpt>
      <trkpt lat="22.593624076135946" lon="113.97678305876329">
        <ele>22.142223024740815</ele>
        <time>1970-01-01T00:11:46Z</time>
        <extensions>
          <gpxtpx:TrackPointExtension>
            <gpxtpx:hr>128</gpxtpx:hr>
          </gpxtpx:TrackPointExtension>
        </extensions>
      </trkpt>
      <trkpt lat="22.593626168620116" lon="113.97676139650585">
        <ele>21.897488821297884</ele>
        <time>1970-01-01T00:11:47Z</time>
        <extensions>
          <gpxtpx:TrackPointExtension>
            <gpxtpx:hr>128</gpxtpx:hr>
          </gpxtpx:TrackPointExtension>
        </extensions>
      </trkpt>
      <trkpt lat="22.593627355704296" lon="113.97673918120944">
        <ele>21.64988038688898</ele>
        <time>1970-01-01T00:11:48Z</time>
        <extensions>
          <gpxtpx:TrackPointExtension>
            <gpxtpx:hr>129</gpxtpx:hr>
          </gpxtpx:TrackPointExtension>
        </extensions>
      </trkpt>
      <trkpt lat="22.593628010037936" lon="113.97671656922566">
        <ele>21.401198931969702</ele>
        <time>1970-01-01T00:11:49Z</time>
        <extensions>
          <gpxtpx:TrackPointExtension>
            <gpxtpx:hr>129</gpxtpx:hr>
          </gpxtpx:TrackPointExtension>
        </extensions>
      </trkpt>
      <trkpt lat="22.593628270260307" lon="113.97669381219443">
        <ele>21.152964733541012</ele>
        <time>1970-01-01T00:11:50Z</time>
        <extensions>
          <gpxtpx:TrackPointExtension>
            <gpxtpx:hr>129</gpxtpx:hr>
          </gpxtpx:TrackPointExtension>
        </extensions>
      </trkpt>
      <trkpt lat="22.593628519074056" lon="113.97667111293542">
        <ele>20.906339140608907</ele>
        <time>1970-01-01T00:11:51Z</time>
        <extensions>
          <gpxtpx:TrackPointExtension>
            <gpxtpx:hr>129</gpxtpx:hr>
          </gpxtpx:TrackPointExtension>
        </extensions>
      </trkpt>
      <trkpt lat="22.593629280939204" lon="113.9766483387877">
        <ele>20.661476395092905</ele>
        <time>1970-01-01T00:11:52Z</time>
        <extensions>
          <gpxtpx:TrackPointExtension>
            <gpxtpx:hr>129</gpxtpx:hr>
          </gpxtpx:TrackPointExtension>
        </extensions>
      </trkpt>
      <trkpt lat="22.593630794446607" lon="113.97662526313479">
        <ele>20.422042123042047</ele>
        <time>1970-01-01T00:11:53Z</time>
        <extensions>
          <gpxtpx:TrackPointExtension>
            <gpxtpx:hr>132</gpxtpx:hr>
          </gpxtpx:TrackPointExtension>
        </extensions>
      </trkpt>
      <trkpt lat="22.593632916121532" lon="113.97660182522752">
        <ele>20.18894979916513</ele>
        <time>1970-01-01T00:11:54Z</time>
        <extensions>
          <gpxtpx:TrackPointExtension>
            <gpxtpx:hr>132</gpxtpx:hr>
          </gpxtpx:TrackPointExtension>
        </extensions>
      </trkpt>
      <trkpt lat="22.593635310470663" lon="113.97657787728073">
        <ele>19.96533607877791</ele>
        <time>1970-01-01T00:11:55Z</time>
        <extensions>
          <gpxtpx:TrackPointExtension>
            <gpxtpx:hr>132</gpxtpx:hr>
          </gpxtpx:TrackPointExtension>
        </extensions>
      </trkpt>
      <trkpt lat="22.5936376465053" lon="113.97655356763026">
        <ele>19.75150506105274</ele>
        <time>1970-01-01T00:11:56Z</time>
        <extensions>
          <gpxtpx:TrackPointExtension>
            <gpxtpx:hr>132</gpxtpx:hr>
          </gpxtpx:TrackPointExtension>
        </extensions>
      </trkpt>
      <trkpt lat="22.593639701398594" lon="113.97652917431577">
        <ele>19.548741644248366</ele>
        <time>1970-01-01T00:11:57Z</time>
        <extensions>
          <gpxtpx:TrackPointExtension>
            <gpxtpx:hr>132</gpxtpx:hr>
          </gpxtpx:TrackPointExtension>
        </extensions>
      </trkpt>
      <trkpt lat="22.593641398845307" lon="113.976504745701">
        <ele>19.356072291731834</ele>
        <time>1970-01-01T00:11:58Z</time>
        <extensions>
          <gpxtpx:TrackPointExtension>
            <gpxtpx:hr>132</gpxtpx:hr>
          </gpxtpx:TrackPointExtension>
        </extensions>
      </trkpt>
      <trkpt lat="22.593642918924417" lon="113.97648025118475">
        <ele>19.176056027412415</ele>
        <time>1970-01-01T00:11:59Z</time>
        <extensions>
          <gpxtpx:TrackPointExtension>
            <gpxtpx:hr>132</gpxtpx:hr>
          </gpxtpx:TrackPointExtension>
        </extensions>
      </trkpt>
      <trkpt lat="22.59364457860858" lon="113.97645577862133">
        <ele>19.008623206056654</ele>
        <time>1970-01-01T00:12:00Z</time>
        <extensions>
          <gpxtpx:TrackPointExtension>
            <gpxtpx:hr>132</gpxtpx:hr>
          </gpxtpx:TrackPointExtension>
        </extensions>
      </trkpt>
      <trkpt lat="22.593646542024786" lon="113.97643133176493">
        <ele>18.85344270337373</ele>
        <time>1970-01-01T00:12:01Z</time>
        <extensions>
          <gpxtpx:TrackPointExtension>
            <gpxtpx:hr>131</gpxtpx:hr>
          </gpxtpx:TrackPointExtension>
        </extensions>
      </trkpt>
      <trkpt lat="22.593648624011365" lon="113.97640687093295">
        <ele>18.711509818211198</ele>
        <time>1970-01-01T00:12:02Z</time>
        <extensions>
          <gpxtpx:TrackPointExtension>
            <gpxtpx:hr>131</gpxtpx:hr>
          </gpxtpx:TrackPointExtension>
        </extensions>
      </trkpt>
      <trkpt lat="22.593650381764434" lon="113.97638239557953">
        <ele>18.581541931256652</ele>
        <time>1970-01-01T00:12:02.900000Z</time>
        <extensions>
          <gpxtpx:TrackPointExtension>
            <gpxtpx:hr>131</gpxtpx:hr>
          </gpxtpx:TrackPointExtension>
        </extensions>
      </trkpt>
      <trkpt lat="22.59365146321268" lon="113.9763580614458">
        <ele>18.465312498621643</ele>
        <time>1970-01-01T00:12:03.900000Z</time>
        <extensions>
          <gpxtpx:TrackPointExtension>
            <gpxtpx:hr>131</gpxtpx:hr>
          </gpxtpx:TrackPointExtension>
        </extensions>
      </trkpt>
      <trkpt lat="22.593651460486914" lon="113.97633410284165">
        <ele>18.36128433048725</ele>
        <time>1970-01-01T00:12:04.900000Z</time>
        <extensions>
          <gpxtpx:TrackPointExtension>
            <gpxtpx:hr>131</gpxtpx:hr>
          </gpxtpx:TrackPointExtension>
        </extensions>
      </trkpt>
      <trkpt lat="22.593649723302114" lon="113.97631052066028">
        <ele>18.268772282637656</ele>
        <time>1970-01-01T00:12:05.900000Z</time>
        <extensions>
          <gpxtpx:TrackPointExtension>
            <gpxtpx:hr>131</gpxtpx:hr>
          </gpxtpx:TrackPointExtension>
        </extensions>
      </trkpt>
      <trkpt lat="22.593645951373986" lon="113.97628703822771">
        <ele>18.187563378363848</ele>
        <time>1970-01-01T00:12:06.900000Z</time>
        <extensions>
          <gpxtpx:TrackPointExtension>
            <gpxtpx:hr>131</gpxtpx:hr>
          </gpxtpx:TrackPointExtension>
        </extensions>
      </trkpt>
      <trkpt lat="22.59364111772519" lon="113.976263360862">
        <ele>18.11547759734094</ele>
        <time>1970-01-01T00:12:07.900000Z</time>
        <extensions>
          <gpxtpx:TrackPointExtension>
            <gpxtpx:hr>131</gpxtpx:hr>
          </gpxtpx:TrackPointExtension>
        </extensions>
      </trkpt>
      <trkpt lat="22.59363599146934" lon="113.97623963283877">
        <ele>18.05469972640276</ele>
        <time>1970-01-01T00:12:08.900000Z</time>
        <extensions>
          <gpxtpx:TrackPointExtension>
            <gpxtpx:hr>131</gpxtpx:hr>
          </gpxtpx:TrackPointExtension>
        </extensions>
      </trkpt>
      <trkpt lat="22.59363172086287" lon="113.97622033568365">
        <ele>18.009934371337295</ele>
        <time>1970-01-01T00:12:09.700000Z</time>
        <extensions>
          <gpxtpx:TrackPointExtension>
            <gpxtpx:hr>131</gpxtpx:hr>
          </gpxtpx:TrackPointExtension>
        </extensions>
      </trkpt>
      <trkpt lat="22.59362681347304" lon="113.97619213854388">
        <ele>17.95360299013555</ele>
        <time>1970-01-01T00:12:10.900000Z</time>
        <extensions>
          <gpxtpx:TrackPointExtension>
            <gpxtpx:hr>131</gpxtpx:hr>
          </gpxtpx:TrackPointExtension>
        </extensions>
      </trkpt>
      <trkpt lat="22.593624210051164" lon="113.97616779483216">
        <ele>17.914435892365873</ele>
        <time>1970-01-01T00:12:11.900000Z</time>
        <extensions>
          <gpxtpx:TrackPointExtension>
            <gpxtpx:hr>131</gpxtpx:hr>
          </gpxtpx:TrackPointExtension>
        </extensions>
      </trkpt>
      <trkpt lat="22.593622710735662" lon="113.9761431423617">
        <ele>17.87933066673577</ele>
        <time>1970-01-01T00:12:12.900000Z</time>
        <extensions>
          <gpxtpx:TrackPointExtension>
            <gpxtpx:hr>131</gpxtpx:hr>
          </gpxtpx:TrackPointExtension>
        </extensions>
      </trkpt>
      <trkpt lat="22.593622582612003" lon="113.9761185270191">
        <ele>17.850767713040113</ele>
        <time>1970-01-01T00:12:13.900000Z</time>
        <extensions>
          <gpxtpx:TrackPointExtension>
            <gpxtpx:hr>131</gpxtpx:hr>
          </gpxtpx:TrackPointExtension>
        </extensions>
      </trkpt>
      <trkpt lat="22.593624047214682" lon="113.97609421024922">
        <ele>17.82495715469122</ele>
        <time>1970-01-01T00:12:14.900000Z</time>
        <extensions>
          <gpxtpx:TrackPointExtension>
            <gpxtpx:hr>130</gpxtpx:hr>
          </gpxtpx:TrackPointExtension>
        </extensions>
      </trkpt>
      <trkpt lat="22.59362648774965" lon="113.9760704013589">
        <ele>17.803827504627407</ele>
        <time>1970-01-01T00:12:15.900000Z</time>
        <extensions>
          <gpxtpx:TrackPointExtension>
            <gpxtpx:hr>130</gpxtpx:hr>
          </gpxtpx:TrackPointExtension>
        </extensions>
      </trkpt>
      <trkpt lat="22.593628340376757" lon="113.97604728113562">
        <ele>17.7869309540838</ele>
        <time>1970-01-01T00:12:16.900000Z</time>
        <extensions>
          <gpxtpx:TrackPointExtension>
            <gpxtpx:hr>130</gpxtpx:hr>
          </gpxtpx:TrackPointExtension>
        </extensions>
      </trkpt>
      <trkpt lat="22.593628853696995" lon="113.97602495677612">
        <ele>17.77384681161493</ele>
        <time>1970-01-01T00:12:17.900000Z</time>
        <extensions>
          <gpxtpx:TrackPointExtension>
            <gpxtpx:hr>130</gpxtpx:hr>
          </gpxtpx:TrackPointExtension>
        </extensions>
      </trkpt>
      <trkpt lat="22.593628438067487" lon="113.97600270807196">
        <ele>17.766051690094173</ele>
        <time>1970-01-01T00:12:18.900000Z</time>
        <extensions>
          <gpxtpx:TrackPointExtension>
            <gpxtpx:hr>131</gpxtpx:hr>
          </gpxtpx:TrackPointExtension>
        </extensions>
      </trkpt>
      <trkpt lat="22.593627635450314" lon="113.97597917918856">
        <ele>17.762273469008505</ele>
        <time>1970-01-01T00:12:19.900000Z</time>
        <extensions>
          <gpxtpx:TrackPointExtension>
            <gpxtpx:hr>131</gpxtpx:hr>
          </gpxtpx:TrackPointExtension>
        </extensions>
      </trkpt>
      <trkpt lat="22.593627003383915" lon="113.97595389288486">
        <ele>17.761849998496473</ele>
        <time>1970-01-01T00:12:20.900000Z</time>
        <extensions>
          <gpxtpx:TrackPointExtension>
            <gpxtpx:hr>131</gpxtpx:hr>
          </gpxtpx:TrackPointExtension>
        </extensions>
      </trkpt>
      <trkpt lat="22.593626718302623" lon="113.97592727567431">
        <ele>17.76650627795607</ele>
        <time>1970-01-01T00:12:21.900000Z</time>
        <extensions>
          <gpxtpx:TrackPointExtension>
            <gpxtpx:hr>132</gpxtpx:hr>
          </gpxtpx:TrackPointExtension>
        </extensions>
      </trkpt>
      <trkpt lat="22.59362674833249" lon="113.9758998749008">
        <ele>17.778087245300412</ele>
        <time>1970-01-01T00:12:22.900000Z</time>
        <extensions>
          <gpxtpx:TrackPointExtension>
            <gpxtpx:hr>132</gpxtpx:hr>
          </gpxtpx:TrackPointExtension>
        </extensions>
      </trkpt>
      <trkpt lat="22.593627192282074" lon="113.975871816771">
        <ele>17.79361671861261</ele>
        <time>1970-01-01T00:12:23.900000Z</time>
        <extensions>
          <gpxtpx:TrackPointExtension>
            <gpxtpx:hr>132</gpxtpx:hr>
          </gpxtpx:TrackPointExtension>
        </extensions>
      </trkpt>
      <trkpt lat="22.593627981883035" lon="113.97584328178502">
        <ele>17.81635006982833</ele>
        <time>1970-01-01T00:12:24.900000Z</time>
        <extensions>
          <gpxtpx:TrackPointExtension>
            <gpxtpx:hr>132</gpxtpx:hr>
          </gpxtpx:TrackPointExtension>
        </extensions>
      </trkpt>
      <trkpt lat="22.593628824351008" lon="113.97581455946883">
        <ele>17.840808336623013</ele>
        <time>1970-01-01T00:12:25.900000Z</time>
        <extensions>
          <gpxtpx:TrackPointExtension>
            <gpxtpx:hr>132</gpxtpx:hr>
          </gpxtpx:TrackPointExtension>
        </extensions>
      </trkpt>
      <trkpt lat="22.593629588487424" lon="113.97578572176403">
        <ele>17.869428465142846</ele>
        <time>1970-01-01T00:12:26.900000Z</time>
        <extensions>
          <gpxtpx:TrackPointExtension>
            <gpxtpx:hr>132</gpxtpx:hr>
          </gpxtpx:TrackPointExtension>
        </extensions>
      </trkpt>
      <trkpt lat="22.593630260540728" lon="113.97575699843748">
        <ele>17.902321869507432</ele>
        <time>1970-01-01T00:12:27.900000Z</time>
        <extensions>
          <gpxtpx:TrackPointExtension>
            <gpxtpx:hr>133</gpxtpx:hr>
          </gpxtpx:TrackPointExtension>
        </extensions>
      </trkpt>
      <trkpt lat="22.593630883539547" lon="113.97572856417393">
        <ele>17.935423356480896</ele>
        <time>1970-01-01T00:12:28.900000Z</time>
        <extensions>
          <gpxtpx:TrackPointExtension>
            <gpxtpx:hr>133</gpxtpx:hr>
          </gpxtpx:TrackPointExtension>
        </extensions>
      </trkpt>
      <trkpt lat="22.593631328206804" lon="113.97570040626663">
        <ele>17.971477682702243</ele>
        <time>1970-01-01T00:12:29.900000Z</time>
        <extensions>
          <gpxtpx:TrackPointExtension>
            <gpxtpx:hr>133</gpxtpx:hr>
          </gpxtpx:TrackPointExtension>
        </extensions>
      </trkpt>
      <trkpt lat="22.593631625338165" lon="113.9756724417093">
        <ele>18.007332714274526</ele>
        <time>1970-01-01T00:12:30.900000Z</time>
        <extensions>
          <gpxtpx:TrackPointExtension>
            <gpxtpx:hr>133</gpxtpx:hr>
          </gpxtpx:TrackPointExtension>
        </extensions>
      </trkpt>
      <trkpt lat="22.593631804410503" lon="113.97564440062625">
        <ele>18.042487239465117</ele>
        <time>1970-01-01T00:12:31.900000Z</time>
        <extensions>
          <gpxtpx:TrackPointExtension>
            <gpxtpx:hr>133</gpxtpx:hr>
          </gpxtpx:TrackPointExtension>
        </extensions>
      </trkpt>
      <trkpt lat="22.59363186390502" lon="113.97561593443596">
        <ele>18.078449330292642</ele>
        <time>1970-01-01T00:12:32.900000Z</time>
        <extensions>
          <gpxtpx:TrackPointExtension>
            <gpxtpx:hr>133</gpxtpx:hr>
          </gpxtpx:TrackPointExtension>
        </extensions>
      </trkpt>
      <trkpt lat="22.593631896395593" lon="113.97558716340805">
        <ele>18.110828001983464</ele>
        <time>1970-01-01T00:12:33.900000Z</time>
        <extensions>
          <gpxtpx:TrackPointExtension>
            <gpxtpx:hr>133</gpxtpx:hr>
          </gpxtpx:TrackPointExtension>
        </extensions>
      </trkpt>
      <trkpt lat="22.59363197644376" lon="113.97555838488543">
        <ele>18.142331373877823</ele>
        <time>1970-01-01T00:12:34.900000Z</time>
        <extensions>
          <gpxtpx:TrackPointExtension>
            <gpxtpx:hr>135</gpxtpx:hr>
          </gpxtpx:TrackPointExtension>
        </extensions>
      </trkpt>
      <trkpt lat="22.593632027187336" lon="113.97552954944456">
        <ele>18.170169754885137</ele>
        <time>1970-01-01T00:12:35.900000Z</time>
        <extensions>
          <gpxtpx:TrackPointExtension>
            <gpxtpx:hr>135</gpxtpx:hr>
          </gpxtpx:TrackPointExtension>
        </extensions>
      </trkpt>
      <trkpt lat="22.593631972652382" lon="113.97550086782786">
        <ele>18.19292132090777</ele>
        <time>1970-01-01T00:12:36.900000Z</time>
        <extensions>
          <gpxtpx:TrackPointExtension>
            <gpxtpx:hr>135</gpxtpx:hr>
          </gpxtpx:TrackPointExtension>
        </extensions>
      </trkpt>
      <trkpt lat="22.59363172011004" lon="113.97547235243292">
        <ele>18.212687489576638</ele>
        <time>1970-01-01T00:12:37.900000Z</time>
        <extensions>
          <gpxtpx:TrackPointExtension>
            <gpxtpx:hr>135</gpxtpx:hr>
          </gpxtpx:TrackPointExtension>
        </extensions>
      </trkpt>
      <trkpt lat="22.593631109935792" lon="113.9754438935472">
        <ele>18.22633658722043</ele>
        <time>1970-01-01T00:12:38.800000Z</time>
        <extensions>
          <gpxtpx:TrackPointExtension>
            <gpxtpx:hr>135</gpxtpx:hr>
          </gpxtpx:TrackPointExtension>
        </extensions>
      </trkpt>
      <trkpt lat="22.593629843449264" lon="113.97541573240719">
        <ele>18.236271353438497</ele>
        <time>1970-01-01T00:12:39.800000Z</time>
        <extensions>
          <gpxtpx:TrackPointExtension>
            <gpxtpx:hr>136</gpxtpx:hr>
          </gpxtpx:TrackPointExtension>
        </extensions>
      </trkpt>
      <trkpt lat="22.593628163865027" lon="113.97539063788118">
        <ele>18.242469041608274</ele>
        <time>1970-01-01T00:12:40.700000Z</time>
        <extensions>
          <gpxtpx:TrackPointExtension>
            <gpxtpx:hr>136</gpxtpx:hr>
          </gpxtpx:TrackPointExtension>
        </extensions>
      </trkpt>
      <trkpt lat="22.593626310572784" lon="113.97536265714133">
        <ele>18.245025129057467</ele>
        <time>1970-01-01T00:12:41.700000Z</time>
        <extensions>
          <gpxtpx:TrackPointExtension>
            <gpxtpx:hr>136</gpxtpx:hr>
          </gpxtpx:TrackPointExtension>
        </extensions>
      </trkpt>
      <trkpt lat="22.59362470534695" lon="113.97533364593154">
        <ele>18.247234906069934</ele>
        <time>1970-01-01T00:12:42.700000Z</time>
        <extensions>
          <gpxtpx:TrackPointExtension>
            <gpxtpx:hr>136</gpxtpx:hr>
          </gpxtpx:TrackPointExtension>
        </extensions>
      </trkpt>
      <trkpt lat="22.59362327034528" lon="113.97530348211872">
        <ele>18.24651711434126</ele>
        <time>1970-01-01T00:12:43.700000Z</time>
        <extensions>
          <gpxtpx:TrackPointExtension>
            <gpxtpx:hr>136</gpxtpx:hr>
          </gpxtpx:TrackPointExtension>
        </extensions>
      </trkpt>
      <trkpt lat="22.59362204721582" lon="113.97527285056725">
        <ele>18.245489463210106</ele>
        <time>1970-01-01T00:12:44.700000Z</time>
        <extensions>
          <gpxtpx:TrackPointExtension>
            <gpxtpx:hr>136</gpxtpx:hr>
          </gpxtpx:TrackPointExtension>
        </extensions>
      </trkpt>
      <trkpt lat="22.593621231582546" lon="113.97524187887555">
        <ele>18.245118879713118</ele>
        <time>1970-01-01T00:12:45.700000Z</time>
        <extensions>
          <gpxtpx:TrackPointExtension>
            <gpxtpx:hr>136</gpxtpx:hr>
          </gpxtpx:TrackPointExtension>
        </extensions>
      </trkpt>
      <trkpt lat="22.593620993052067" lon="113.97521066013421">
        <ele>18.245217306539416</ele>
        <time>1970-01-01T00:12:46.700000Z</time>
        <extensions>
          <gpxtpx:TrackPointExtension>
            <gpxtpx:hr>136</gpxtpx:hr>
          </gpxtpx:TrackPointExtension>
        </extensions>
      </trkpt>
      <trkpt lat="22.59362136688705" lon="113.97517945230202">
        <ele>18.247879930771887</ele>
        <time>1970-01-01T00:12:47.700000Z</time>
        <extensions>
          <gpxtpx:TrackPointExtension>
            <gpxtpx:hr>136</gpxtpx:hr>
          </gpxtpx:TrackPointExtension>
        </extensions>
      </trkpt>
      <trkpt lat="22.593622271194654" lon="113.97514606602412">
        <ele>18.252229162491858</ele>
        <time>1970-01-01T00:12:48.800000Z</time>
        <extensions>
          <gpxtpx:TrackPointExtension>
            <gpxtpx:hr>136</gpxtpx:hr>
          </gpxtpx:TrackPointExtension>
        </extensions>
      </trkpt>
      <trkpt lat="22.593623422352827" lon="113.97511513402551">
        <ele>18.25739011913538</ele>
        <time>1970-01-01T00:12:49.800000Z</time>
        <extensions>
          <gpxtpx:TrackPointExtension>
            <gpxtpx:hr>136</gpxtpx:hr>
          </gpxtpx:TrackPointExtension>
        </extensions>
      </trkpt>
      <trkpt lat="22.593624720902216" lon="113.97508426487157">
        <ele>18.264343099668622</ele>
        <time>1970-01-01T00:12:50.800000Z</time>
        <extensions>
          <gpxtpx:TrackPointExtension>
            <gpxtpx:hr>136</gpxtpx:hr>
          </gpxtpx:TrackPointExtension>
        </extensions>
      </trkpt>
      <trkpt lat="22.593625758165206" lon="113.97505347090024">
        <ele>18.27362362947315</ele>
        <time>1970-01-01T00:12:51.800000Z</time>
        <extensions>
          <gpxtpx:TrackPointExtension>
            <gpxtpx:hr>136</gpxtpx:hr>
          </gpxtpx:TrackPointExtension>
        </extensions>
      </trkpt>
      <trkpt lat="22.5936260013938" lon="113.97502272428824">
        <ele>18.282386693172157</ele>
        <time>1970-01-01T00:12:52.800000Z</time>
        <extensions>
          <gpxtpx:TrackPointExtension>
            <gpxtpx:hr>136</gpxtpx:hr>
          </gpxtpx:TrackPointExtension>
        </extensions>
      </trkpt>
      <trkpt lat="22.593626406591934" lon="113.97499204690938">
        <ele>18.292074265889823</ele>
        <time>1970-01-01T00:12:53.800000Z</time>
        <extensions>
          <gpxtpx:TrackPointExtension>
            <gpxtpx:hr>136</gpxtpx:hr>
          </gpxtpx:TrackPointExtension>
        </extensions>
      </trkpt>
      <trkpt lat="22.5936277362872" lon="113.97496143543022">
        <ele>18.30232677794993</ele>
        <time>1970-01-01T00:12:54.800000Z</time>
        <extensions>
          <gpxtpx:TrackPointExtension>
            <gpxtpx:hr>136</gpxtpx:hr>
          </gpxtpx:TrackPointExtension>
        </extensions>
      </trkpt>
      <trkpt lat="22.593629660167835" lon="113.97493096571856">
        <ele>18.310101518407464</ele>
        <time>1970-01-01T00:12:55.800000Z</time>
        <extensions>
          <gpxtpx:TrackPointExtension>
            <gpxtpx:hr>136</gpxtpx:hr>
          </gpxtpx:TrackPointExtension>
        </extensions>
      </trkpt>
      <trkpt lat="22.593632133069665" lon="113.97490055159348">
        <ele>18.317470743320882</ele>
        <time>1970-01-01T00:12:56.800000Z</time>
        <extensions>
          <gpxtpx:TrackPointExtension>
            <gpxtpx:hr>136</gpxtpx:hr>
          </gpxtpx:TrackPointExtension>
        </extensions>
      </trkpt>
      <trkpt lat="22.59363498812269" lon="113.97487034537347">
        <ele>18.321839303709567</ele>
        <time>1970-01-01T00:12:57.800000Z</time>
        <extensions>
          <gpxtpx:TrackPointExtension>
            <gpxtpx:hr>137</gpxtpx:hr>
          </gpxtpx:TrackPointExtension>
        </extensions>
      </trkpt>
      <trkpt lat="22.593638088888838" lon="113.97484043084098">
        <ele>18.323277780786157</ele>
        <time>1970-01-01T00:12:58.800000Z</time>
        <extensions>
          <gpxtpx:TrackPointExtension>
            <gpxtpx:hr>137</gpxtpx:hr>
          </gpxtpx:TrackPointExtension>
        </extensions>
      </trkpt>
      <trkpt lat="22.5936413364727" lon="113.9748107615727">
        <ele>18.3219284536317</ele>
        <time>1970-01-01T00:12:59.800000Z</time>
        <extensions>
          <gpxtpx:TrackPointExtension>
            <gpxtpx:hr>137</gpxtpx:hr>
          </gpxtpx:TrackPointExtension>
        </extensions>
      </trkpt>
      <trkpt lat="22.59364469161445" lon="113.97478119027348">
        <ele>18.31533164344728</ele>
        <time>1970-01-01T00:13:00.800000Z</time>
        <extensions>
          <gpxtpx:TrackPointExtension>
            <gpxtpx:hr>137</gpxtpx:hr>
          </gpxtpx:TrackPointExtension>
        </extensions>
      </trkpt>
      <trkpt lat="22.59364820891499" lon="113.97475161811221">
        <ele>18.3028380330652</ele>
        <time>1970-01-01T00:13:01.800000Z</time>
        <extensions>
          <gpxtpx:TrackPointExtension>
            <gpxtpx:hr>137</gpxtpx:hr>
          </gpxtpx:TrackPointExtension>
        </extensions>
      </trkpt>
      <trkpt lat="22.593651940903406" lon="113.97472185213684">
        <ele>18.284843515604734</ele>
        <time>1970-01-01T00:13:02.800000Z</time>
        <extensions>
          <gpxtpx:TrackPointExtension>
            <gpxtpx:hr>137</gpxtpx:hr>
          </gpxtpx:TrackPointExtension>
        </extensions>
      </trkpt>
      <trkpt lat="22.593655907767758" lon="113.97469175858798">
        <ele>18.2602524086833</ele>
        <time>1970-01-01T00:13:03.800000Z</time>
        <extensions>
          <gpxtpx:TrackPointExtension>
            <gpxtpx:hr>138</gpxtpx:hr>
          </gpxtpx:TrackPointExtension>
        </extensions>
      </trkpt>
      <trkpt lat="22.593660005826123" lon="113.97466169842325">
        <ele>18.232266766950488</ele>
        <time>1970-01-01T00:13:04.800000Z</time>
        <extensions>
          <gpxtpx:TrackPointExtension>
            <gpxtpx:hr>138</gpxtpx:hr>
          </gpxtpx:TrackPointExtension>
        </extensions>
      </trkpt>
      <trkpt lat="22.59366412059459" lon="113.97463180493891">
        <ele>18.19808651600033</ele>
        <time>1970-01-01T00:13:05.800000Z</time>
        <extensions>
          <gpxtpx:TrackPointExtension>
            <gpxtpx:hr>138</gpxtpx:hr>
          </gpxtpx:TrackPointExtension>
        </extensions>
      </trkpt>
      <trkpt lat="22.593668246975454" lon="113.97460189113393">
        <ele>18.16070866584778</ele>
        <time>1970-01-01T00:13:06.800000Z</time>
        <extensions>
          <gpxtpx:TrackPointExtension>
            <gpxtpx:hr>138</gpxtpx:hr>
          </gpxtpx:TrackPointExtension>
        </extensions>
      </trkpt>
      <trkpt lat="22.593672090981016" lon="113.97457166865331">
        <ele>18.12155270576477</ele>
        <time>1970-01-01T00:13:07.800000Z</time>
        <extensions>
          <gpxtpx:TrackPointExtension>
            <gpxtpx:hr>138</gpxtpx:hr>
          </gpxtpx:TrackPointExtension>
        </extensions>
      </trkpt>
      <trkpt lat="22.593675140670083" lon="113.97454159382593">
        <ele>18.077219482511282</ele>
        <time>1970-01-01T00:13:08.800000Z</time>
        <extensions>
          <gpxtpx:TrackPointExtension>
            <gpxtpx:hr>138</gpxtpx:hr>
          </gpxtpx:TrackPointExtension>
        </extensions>
      </trkpt>
      <trkpt lat="22.593677568601997" lon="113.974511876754">
        <ele>18.029143759049475</ele>
        <time>1970-01-01T00:13:09.800000Z</time>
        <extensions>
          <gpxtpx:TrackPointExtension>
            <gpxtpx:hr>138</gpxtpx:hr>
          </gpxtpx:TrackPointExtension>
        </extensions>
      </trkpt>
      <trkpt lat="22.593680473346243" lon="113.97448247968563">
        <ele>17.980418419465423</ele>
        <time>1970-01-01T00:13:10.800000Z</time>
        <extensions>
          <gpxtpx:TrackPointExtension>
            <gpxtpx:hr>138</gpxtpx:hr>
          </gpxtpx:TrackPointExtension>
        </extensions>
      </trkpt>
      <trkpt lat="22.593684506407854" lon="113.97445330141586">
        <ele>17.92791230045259</ele>
        <time>1970-01-01T00:13:11.800000Z</time>
        <extensions>
          <gpxtpx:TrackPointExtension>
            <gpxtpx:hr>138</gpxtpx:hr>
          </gpxtpx:TrackPointExtension>
        </extensions>
      </trkpt>
      <trkpt lat="22.593689458818464" lon="113.97442436632174">
        <ele>17.8733833655715</ele>
        <time>1970-01-01T00:13:12.800000Z</time>
        <extensions>
          <gpxtpx:TrackPointExtension>
            <gpxtpx:hr>139</gpxtpx:hr>
          </gpxtpx:TrackPointExtension>
        </extensions>
      </trkpt>
      <trkpt lat="22.593695292602515" lon="113.97439564720746">
        <ele>17.81661041174084</ele>
        <time>1970-01-01T00:13:13.800000Z</time>
        <extensions>
          <gpxtpx:TrackPointExtension>
            <gpxtpx:hr>139</gpxtpx:hr>
          </gpxtpx:TrackPointExtension>
        </extensions>
      </trkpt>
      <trkpt lat="22.593701874495675" lon="113.97436691425388">
        <ele>17.755152254365385</ele>
        <time>1970-01-01T00:13:14.700000Z</time>
        <extensions>
          <gpxtpx:TrackPointExtension>
            <gpxtpx:hr>139</gpxtpx:hr>
          </gpxtpx:TrackPointExtension>
        </extensions>
      </trkpt>
      <trkpt lat="22.59370912239699" lon="113.9743383723134">
        <ele>17.69333107676357</ele>
        <time>1970-01-01T00:13:15.700000Z</time>
        <extensions>
          <gpxtpx:TrackPointExtension>
            <gpxtpx:hr>139</gpxtpx:hr>
          </gpxtpx:TrackPointExtension>
        </extensions>
      </trkpt>
      <trkpt lat="22.593716916597007" lon="113.97431016970143">
        <ele>17.631839682348073</ele>
        <time>1970-01-01T00:13:16.700000Z</time>
        <extensions>
          <gpxtpx:TrackPointExtension>
            <gpxtpx:hr>139</gpxtpx:hr>
          </gpxtpx:TrackPointExtension>
        </extensions>
      </trkpt>
      <trkpt lat="22.593725203227386" lon="113.9742822973058">
        <ele>17.56756159942597</ele>
        <time>1970-01-01T00:13:17.700000Z</time>
        <extensions>
          <gpxtpx:TrackPointExtension>
            <gpxtpx:hr>139</gpxtpx:hr>
          </gpxtpx:TrackPointExtension>
        </extensions>
      </trkpt>
      <trkpt lat="22.593733919361526" lon="113.9742545266239">
        <ele>17.499710920266807</ele>
        <time>1970-01-01T00:13:18.700000Z</time>
        <extensions>
          <gpxtpx:TrackPointExtension>
            <gpxtpx:hr>140</gpxtpx:hr>
          </gpxtpx:TrackPointExtension>
        </extensions>
      </trkpt>
      <trkpt lat="22.593742803888254" lon="113.97422687575825">
        <ele>17.431223544292152</ele>
        <time>1970-01-01T00:13:19.700000Z</time>
        <extensions>
          <gpxtpx:TrackPointExtension>
            <gpxtpx:hr>140</gpxtpx:hr>
          </gpxtpx:TrackPointExtension>
        </extensions>
      </trkpt>
      <trkpt lat="22.59375183195116" lon="113.9741993168557">
        <ele>17.361018295399845</ele>
        <time>1970-01-01T00:13:20.700000Z</time>
        <extensions>
          <gpxtpx:TrackPointExtension>
            <gpxtpx:hr>140</gpxtpx:hr>
          </gpxtpx:TrackPointExtension>
        </extensions>
      </trkpt>
      <trkpt lat="22.593760988895262" lon="113.97417165505341">
        <ele>17.288191098719835</ele>
        <time>1970-01-01T00:13:21.700000Z</time>
        <extensions>
          <gpxtpx:TrackPointExtension>
            <gpxtpx:hr>140</gpxtpx:hr>
          </gpxtpx:TrackPointExtension>
        </extensions>
      </trkpt>
      <trkpt lat="22.593770162715217" lon="113.97414385247444">
        <ele>17.214067993685603</ele>
        <time>1970-01-01T00:13:22.700000Z</time>
        <extensions>
          <gpxtpx:TrackPointExtension>
            <gpxtpx:hr>140</gpxtpx:hr>
          </gpxtpx:TrackPointExtension>
        </extensions>
      </trkpt>
      <trkpt lat="22.593779363306048" lon="113.97411602901771">
        <ele>17.13934686407447</ele>
        <time>1970-01-01T00:13:23.700000Z</time>
        <extensions>
          <gpxtpx:TrackPointExtension>
            <gpxtpx:hr>140</gpxtpx:hr>
          </gpxtpx:TrackPointExtension>
        </extensions>
      </trkpt>
      <trkpt lat="22.59378867089384" lon="113.97408812383179">
        <ele>17.06298201996833</ele>
        <time>1970-01-01T00:13:24.700000Z</time>
        <extensions>
          <gpxtpx:TrackPointExtension>
            <gpxtpx:hr>140</gpxtpx:hr>
          </gpxtpx:TrackPointExtension>
        </extensions>
      </trkpt>
      <trkpt lat="22.593798040061568" lon="113.97406009487518">
        <ele>16.986302663572133</ele>
        <time>1970-01-01T00:13:25.700000Z</time>
        <extensions>
          <gpxtpx:TrackPointExtension>
            <gpxtpx:hr>140</gpxtpx:hr>
          </gpxtpx:TrackPointExtension>
        </extensions>
      </trkpt>
      <trkpt lat="22.593807476148303" lon="113.97403232371316">
        <ele>16.908989371731877</ele>
        <time>1970-01-01T00:13:26.700000Z</time>
        <extensions>
          <gpxtpx:TrackPointExtension>
            <gpxtpx:hr>140</gpxtpx:hr>
          </gpxtpx:TrackPointExtension>
        </extensions>
      </trkpt>
      <trkpt lat="22.593817153479982" lon="113.97400472832312">
        <ele>16.82909989077598</ele>
        <time>1970-01-01T00:13:27.700000Z</time>
        <extensions>
          <gpxtpx:TrackPointExtension>
            <gpxtpx:hr>140</gpxtpx:hr>
          </gpxtpx:TrackPointExtension>
        </extensions>
      </trkpt>
      <trkpt lat="22.59382704792453" lon="113.9739771410205">
        <ele>16.750319886021316</ele>
        <time>1970-01-01T00:13:28.700000Z</time>
        <extensions>
          <gpxtpx:TrackPointExtension>
            <gpxtpx:hr>144</gpxtpx:hr>
          </gpxtpx:TrackPointExtension>
        </extensions>
      </trkpt>
      <trkpt lat="22.593836960584575" lon="113.97394931090122">
        <ele>16.669438490644097</ele>
        <time>1970-01-01T00:13:29.700000Z</time>
        <extensions>
          <gpxtpx:TrackPointExtension>
            <gpxtpx:hr>144</gpxtpx:hr>
          </gpxtpx:TrackPointExtension>
        </extensions>
      </trkpt>
      <trkpt lat="22.59384674944997" lon="113.97392129414052">
        <ele>16.586273628287017</ele>
        <time>1970-01-01T00:13:30.700000Z</time>
        <extensions>
          <gpxtpx:TrackPointExtension>
            <gpxtpx:hr>144</gpxtpx:hr>
          </gpxtpx:TrackPointExtension>
        </extensions>
      </trkpt>
      <trkpt lat="22.593856287404098" lon="113.97389321298317">
        <ele>16.503126818686724</ele>
        <time>1970-01-01T00:13:31.700000Z</time>
        <extensions>
          <gpxtpx:TrackPointExtension>
            <gpxtpx:hr>144</gpxtpx:hr>
          </gpxtpx:TrackPointExtension>
        </extensions>
      </trkpt>
      <trkpt lat="22.59386574662285" lon="113.97386505713483">
        <ele>16.41812905855477</ele>
        <time>1970-01-01T00:13:32.700000Z</time>
        <extensions>
          <gpxtpx:TrackPointExtension>
            <gpxtpx:hr>144</gpxtpx:hr>
          </gpxtpx:TrackPointExtension>
        </extensions>
      </trkpt>
      <trkpt lat="22.593875479147272" lon="113.97383683113499">
        <ele>16.332680888473988</ele>
        <time>1970-01-01T00:13:33.700000Z</time>
        <extensions>
          <gpxtpx:TrackPointExtension>
            <gpxtpx:hr>144</gpxtpx:hr>
          </gpxtpx:TrackPointExtension>
        </extensions>
      </trkpt>
      <trkpt lat="22.59388551165123" lon="113.97380854483548">
        <ele>16.246152950450778</ele>
        <time>1970-01-01T00:13:34.700000Z</time>
        <extensions>
          <gpxtpx:TrackPointExtension>
            <gpxtpx:hr>144</gpxtpx:hr>
          </gpxtpx:TrackPointExtension>
        </extensions>
      </trkpt>
      <trkpt lat="22.593895747469606" lon="113.97378032172399">
        <ele>16.157985247671604</ele>
        <time>1970-01-01T00:13:35.700000Z</time>
        <extensions>
          <gpxtpx:TrackPointExtension>
            <gpxtpx:hr>144</gpxtpx:hr>
          </gpxtpx:TrackPointExtension>
        </extensions>
      </trkpt>
      <trkpt lat="22.593906133623754" lon="113.97375189491186">
        <ele>16.070444299839437</ele>
        <time>1970-01-01T00:13:36.700000Z</time>
        <extensions>
          <gpxtpx:TrackPointExtension>
            <gpxtpx:hr>144</gpxtpx:hr>
          </gpxtpx:TrackPointExtension>
        </extensions>
      </trkpt>
      <trkpt lat="22.593916589519313" lon="113.97372323401395">
        <ele>15.980812780559063</ele>
        <time>1970-01-01T00:13:37.700000Z</time>
        <extensions>
          <gpxtpx:TrackPointExtension>
            <gpxtpx:hr>143</gpxtpx:hr>
          </gpxtpx:TrackPointExtension>
        </extensions>
      </trkpt>
      <trkpt lat="22.59392701676665" lon="113.97369433593072">
        <ele>15.890194159001112</ele>
        <time>1970-01-01T00:13:38.700000Z</time>
        <extensions>
          <gpxtpx:TrackPointExtension>
            <gpxtpx:hr>143</gpxtpx:hr>
          </gpxtpx:TrackPointExtension>
        </extensions>
      </trkpt>
      <trkpt lat="22.593937302428312" lon="113.9736654729843">
        <ele>15.79892828501761</ele>
        <time>1970-01-01T00:13:39.700000Z</time>
        <extensions>
          <gpxtpx:TrackPointExtension>
            <gpxtpx:hr>143</gpxtpx:hr>
          </gpxtpx:TrackPointExtension>
        </extensions>
      </trkpt>
      <trkpt lat="22.593947250614196" lon="113.97363689612561">
        <ele>15.706075777299702</ele>
        <time>1970-01-01T00:13:40.700000Z</time>
        <extensions>
          <gpxtpx:TrackPointExtension>
            <gpxtpx:hr>143</gpxtpx:hr>
          </gpxtpx:TrackPointExtension>
        </extensions>
      </trkpt>
      <trkpt lat="22.593956856845285" lon="113.97360851667378">
        <ele>15.61197761632502</ele>
        <time>1970-01-01T00:13:41.700000Z</time>
        <extensions>
          <gpxtpx:TrackPointExtension>
            <gpxtpx:hr>143</gpxtpx:hr>
          </gpxtpx:TrackPointExtension>
        </extensions>
      </trkpt>
      <trkpt lat="22.593966214379563" lon="113.97358006967097">
        <ele>15.51630191784352</ele>
        <time>1970-01-01T00:13:42.700000Z</time>
        <extensions>
          <gpxtpx:TrackPointExtension>
            <gpxtpx:hr>143</gpxtpx:hr>
          </gpxtpx:TrackPointExtension>
        </extensions>
      </trkpt>
      <trkpt lat="22.593975377041215" lon="113.97355117828778">
        <ele>15.419492696411908</ele>
        <time>1970-01-01T00:13:43.700000Z</time>
        <extensions>
          <gpxtpx:TrackPointExtension>
            <gpxtpx:hr>143</gpxtpx:hr>
          </gpxtpx:TrackPointExtension>
        </extensions>
      </trkpt>
      <trkpt lat="22.593984366701402" lon="113.97352200573206">
        <ele>15.320714791305363</ele>
        <time>1970-01-01T00:13:44.700000Z</time>
        <extensions>
          <gpxtpx:TrackPointExtension>
            <gpxtpx:hr>144</gpxtpx:hr>
          </gpxtpx:TrackPointExtension>
        </extensions>
      </trkpt>
      <trkpt lat="22.593993082878548" lon="113.97349276806898">
        <ele>15.221914598718286</ele>
        <time>1970-01-01T00:13:45.700000Z</time>
        <extensions>
          <gpxtpx:TrackPointExtension>
            <gpxtpx:hr>144</gpxtpx:hr>
          </gpxtpx:TrackPointExtension>
        </extensions>
      </trkpt>
      <trkpt lat="22.594001558729854" lon="113.97346340827973">
        <ele>15.12142385262996</ele>
        <time>1970-01-01T00:13:46.700000Z</time>
        <extensions>
          <gpxtpx:TrackPointExtension>
            <gpxtpx:hr>144</gpxtpx:hr>
          </gpxtpx:TrackPointExtension>
        </extensions>
      </trkpt>
      <trkpt lat="22.59400981171497" lon="113.9734335993974">
        <ele>15.019360695034266</ele>
        <time>1970-01-01T00:13:47.700000Z</time>
        <extensions>
          <gpxtpx:TrackPointExtension>
            <gpxtpx:hr>144</gpxtpx:hr>
          </gpxtpx:TrackPointExtension>
        </extensions>
      </trkpt>
      <trkpt lat="22.594017693021875" lon="113.97340326436604">
        <ele>14.917088087648153</ele>
        <time>1970-01-01T00:13:48.700000Z</time>
        <extensions>
          <gpxtpx:TrackPointExtension>
            <gpxtpx:hr>144</gpxtpx:hr>
          </gpxtpx:TrackPointExtension>
        </extensions>
      </trkpt>
      <trkpt lat="22.594025032751187" lon="113.9733722616417">
        <ele>14.813118380494416</ele>
        <time>1970-01-01T00:13:49.700000Z</time>
        <extensions>
          <gpxtpx:TrackPointExtension>
            <gpxtpx:hr>146</gpxtpx:hr>
          </gpxtpx:TrackPointExtension>
        </extensions>
      </trkpt>
      <trkpt lat="22.594032258023418" lon="113.97334016318244">
        <ele>14.70933744404465</ele>
        <time>1970-01-01T00:13:50.600000Z</time>
        <extensions>
          <gpxtpx:TrackPointExtension>
            <gpxtpx:hr>146</gpxtpx:hr>
          </gpxtpx:TrackPointExtension>
        </extensions>
      </trkpt>
      <trkpt lat="22.59404041608148" lon="113.97330680092011">
        <ele>14.60623034927994</ele>
        <time>1970-01-01T00:13:51.600000Z</time>
        <extensions>
          <gpxtpx:TrackPointExtension>
            <gpxtpx:hr>146</gpxtpx:hr>
          </gpxtpx:TrackPointExtension>
        </extensions>
      </trkpt>
      <trkpt lat="22.594050280285828" lon="113.97327216985641">
        <ele>14.50321474391967</ele>
        <time>1970-01-01T00:13:52.600000Z</time>
        <extensions>
          <gpxtpx:TrackPointExtension>
            <gpxtpx:hr>146</gpxtpx:hr>
          </gpxtpx:TrackPointExtension>
        </extensions>
      </trkpt>
      <trkpt lat="22.594061642737934" lon="113.97323640132758">
        <ele>14.402640011161566</ele>
        <time>1970-01-01T00:13:53.600000Z</time>
        <extensions>
          <gpxtpx:TrackPointExtension>
            <gpxtpx:hr>147</gpxtpx:hr>
          </gpxtpx:TrackPointExtension>
        </extensions>
      </trkpt>
      <trkpt lat="22.594073837980062" lon="113.97319948984531">
        <ele>14.30394315905869</ele>
        <time>1970-01-01T00:13:54.600000Z</time>
        <extensions>
          <gpxtpx:TrackPointExtension>
            <gpxtpx:hr>147</gpxtpx:hr>
          </gpxtpx:TrackPointExtension>
        </extensions>
      </trkpt>
      <trkpt lat="22.59408637591006" lon="113.97316139882906">
        <ele>14.207207469269633</ele>
        <time>1970-01-01T00:13:55.600000Z</time>
        <extensions>
          <gpxtpx:TrackPointExtension>
            <gpxtpx:hr>147</gpxtpx:hr>
          </gpxtpx:TrackPointExtension>
        </extensions>
      </trkpt>
      <trkpt lat="22.594098794014133" lon="113.9731220779139">
        <ele>14.113241181708872</ele>
        <time>1970-01-01T00:13:56.600000Z</time>
        <extensions>
          <gpxtpx:TrackPointExtension>
            <gpxtpx:hr>147</gpxtpx:hr>
          </gpxtpx:TrackPointExtension>
        </extensions>
      </trkpt>
      <trkpt lat="22.594110774958345" lon="113.97308180949673">
        <ele>14.021989705041051</ele>
        <time>1970-01-01T00:13:57.600000Z</time>
        <extensions>
          <gpxtpx:TrackPointExtension>
            <gpxtpx:hr>147</gpxtpx:hr>
          </gpxtpx:TrackPointExtension>
        </extensions>
      </trkpt>
      <trkpt lat="22.5941222824372" lon="113.97304096190713">
        <ele>13.933013179339468</ele>
        <time>1970-01-01T00:13:58.600000Z</time>
        <extensions>
          <gpxtpx:TrackPointExtension>
            <gpxtpx:hr>147</gpxtpx:hr>
          </gpxtpx:TrackPointExtension>
        </extensions>
      </trkpt>
      <trkpt lat="22.594133566737874" lon="113.97299947923601">
        <ele>13.847120471298695</ele>
        <time>1970-01-01T00:13:59.600000Z</time>
        <extensions>
          <gpxtpx:TrackPointExtension>
            <gpxtpx:hr>147</gpxtpx:hr>
          </gpxtpx:TrackPointExtension>
        </extensions>
      </trkpt>
      <trkpt lat="22.594144897219792" lon="113.9729572855703">
        <ele>13.764833102934062</ele>
        <time>1970-01-01T00:14:00.600000Z</time>
        <extensions>
          <gpxtpx:TrackPointExtension>
            <gpxtpx:hr>147</gpxtpx:hr>
          </gpxtpx:TrackPointExtension>
        </extensions>
      </trkpt>
      <trkpt lat="22.59415633413695" lon="113.97291457073295">
        <ele>13.686224256642163</ele>
        <time>1970-01-01T00:14:01.600000Z</time>
        <extensions>
          <gpxtpx:TrackPointExtension>
            <gpxtpx:hr>147</gpxtpx:hr>
          </gpxtpx:TrackPointExtension>
        </extensions>
      </trkpt>
      <trkpt lat="22.59416771981907" lon="113.97287228504067">
        <ele>13.611963453702629</ele>
        <time>1970-01-01T00:14:02.600000Z</time>
        <extensions>
          <gpxtpx:TrackPointExtension>
            <gpxtpx:hr>147</gpxtpx:hr>
          </gpxtpx:TrackPointExtension>
        </extensions>
      </trkpt>
      <trkpt lat="22.59417870338386" lon="113.97283111341893">
        <ele>13.542302217334509</ele>
        <time>1970-01-01T00:14:03.600000Z</time>
        <extensions>
          <gpxtpx:TrackPointExtension>
            <gpxtpx:hr>147</gpxtpx:hr>
          </gpxtpx:TrackPointExtension>
        </extensions>
      </trkpt>
      <trkpt lat="22.594189457695403" lon="113.97279070728858">
        <ele>13.47844461351633</ele>
        <time>1970-01-01T00:14:04.600000Z</time>
        <extensions>
          <gpxtpx:TrackPointExtension>
            <gpxtpx:hr>147</gpxtpx:hr>
          </gpxtpx:TrackPointExtension>
        </extensions>
      </trkpt>
      <trkpt lat="22.59420038250878" lon="113.97275024203802">
        <ele>13.420425010845065</ele>
        <time>1970-01-01T00:14:05.600000Z</time>
        <extensions>
          <gpxtpx:TrackPointExtension>
            <gpxtpx:hr>147</gpxtpx:hr>
          </gpxtpx:TrackPointExtension>
        </extensions>
      </trkpt>
      <trkpt lat="22.59421124516179" lon="113.9727092505574">
        <ele>13.368278483860195</ele>
        <time>1970-01-01T00:14:06.600000Z</time>
        <extensions>
          <gpxtpx:TrackPointExtension>
            <gpxtpx:hr>147</gpxtpx:hr>
          </gpxtpx:TrackPointExtension>
        </extensions>
      </trkpt>
      <trkpt lat="22.59422149810146" lon="113.97266834734168">
        <ele>13.323335932567716</ele>
        <time>1970-01-01T00:14:07.600000Z</time>
        <extensions>
          <gpxtpx:TrackPointExtension>
            <gpxtpx:hr>147</gpxtpx:hr>
          </gpxtpx:TrackPointExtension>
        </extensions>
      </trkpt>
      <trkpt lat="22.594230760302068" lon="113.97262806361596">
        <ele>13.28480351343751</ele>
        <time>1970-01-01T00:14:08.600000Z</time>
        <extensions>
          <gpxtpx:TrackPointExtension>
            <gpxtpx:hr>146</gpxtpx:hr>
          </gpxtpx:TrackPointExtension>
        </extensions>
      </trkpt>
      <trkpt lat="22.59423944489421" lon="113.97258877638417">
        <ele>13.253201081417501</ele>
        <time>1970-01-01T00:14:09.600000Z</time>
        <extensions>
          <gpxtpx:TrackPointExtension>
            <gpxtpx:hr>146</gpxtpx:hr>
          </gpxtpx:TrackPointExtension>
        </extensions>
      </trkpt>
      <trkpt lat="22.594248072552716" lon="113.9725506809522">
        <ele>13.2289679935202</ele>
        <time>1970-01-01T00:14:10.600000Z</time>
        <extensions>
          <gpxtpx:TrackPointExtension>
            <gpxtpx:hr>146</gpxtpx:hr>
          </gpxtpx:TrackPointExtension>
        </extensions>
      </trkpt>
      <trkpt lat="22.59425656467399" lon="113.97251314635211">
        <ele>13.213386161252856</ele>
        <time>1970-01-01T00:14:11.600000Z</time>
        <extensions>
          <gpxtpx:TrackPointExtension>
            <gpxtpx:hr>146</gpxtpx:hr>
          </gpxtpx:TrackPointExtension>
        </extensions>
      </trkpt>
      <trkpt lat="22.59426512322059" lon="113.97247587287934">
        <ele>13.206230815500021</ele>
        <time>1970-01-01T00:14:12.600000Z</time>
        <extensions>
          <gpxtpx:TrackPointExtension>
            <gpxtpx:hr>146</gpxtpx:hr>
          </gpxtpx:TrackPointExtension>
        </extensions>
      </trkpt>
      <trkpt lat="22.59427365376873" lon="113.97243909177841">
        <ele>13.208271470852196</ele>
        <time>1970-01-01T00:14:13.600000Z</time>
        <extensions>
          <gpxtpx:TrackPointExtension>
            <gpxtpx:hr>147</gpxtpx:hr>
          </gpxtpx:TrackPointExtension>
        </extensions>
      </trkpt>
      <trkpt lat="22.594282207132242" lon="113.97240256884454">
        <ele>13.220085475593805</ele>
        <time>1970-01-01T00:14:14.600000Z</time>
        <extensions>
          <gpxtpx:TrackPointExtension>
            <gpxtpx:hr>147</gpxtpx:hr>
          </gpxtpx:TrackPointExtension>
        </extensions>
      </trkpt>
      <trkpt lat="22.594290778307833" lon="113.97236627254266">
        <ele>13.239760303869843</ele>
        <time>1970-01-01T00:14:15.600000Z</time>
        <extensions>
          <gpxtpx:TrackPointExtension>
            <gpxtpx:hr>147</gpxtpx:hr>
          </gpxtpx:TrackPointExtension>
        </extensions>
      </trkpt>
      <trkpt lat="22.594299218782464" lon="113.9723304651914">
        <ele>13.267999194562435</ele>
        <time>1970-01-01T00:14:16.600000Z</time>
        <extensions>
          <gpxtpx:TrackPointExtension>
            <gpxtpx:hr>147</gpxtpx:hr>
          </gpxtpx:TrackPointExtension>
        </extensions>
      </trkpt>
      <trkpt lat="22.594307432698518" lon="113.97229553871166">
        <ele>13.304902193136513</ele>
        <time>1970-01-01T00:14:17.600000Z</time>
        <extensions>
          <gpxtpx:TrackPointExtension>
            <gpxtpx:hr>147</gpxtpx:hr>
          </gpxtpx:TrackPointExtension>
        </extensions>
      </trkpt>
      <trkpt lat="22.59431531885689" lon="113.97226145116069">
        <ele>13.348494598641992</ele>
        <time>1970-01-01T00:14:18.600000Z</time>
        <extensions>
          <gpxtpx:TrackPointExtension>
            <gpxtpx:hr>147</gpxtpx:hr>
          </gpxtpx:TrackPointExtension>
        </extensions>
      </trkpt>
      <trkpt lat="22.594322883999467" lon="113.97222767299073">
        <ele>13.399697901681066</ele>
        <time>1970-01-01T00:14:19.600000Z</time>
        <extensions>
          <gpxtpx:TrackPointExtension>
            <gpxtpx:hr>148</gpxtpx:hr>
          </gpxtpx:TrackPointExtension>
        </extensions>
      </trkpt>
      <trkpt lat="22.59433029816932" lon="113.97219377532821">
        <ele>13.457935026846826</ele>
        <time>1970-01-01T00:14:20.600000Z</time>
        <extensions>
          <gpxtpx:TrackPointExtension>
            <gpxtpx:hr>148</gpxtpx:hr>
          </gpxtpx:TrackPointExtension>
        </extensions>
      </trkpt>
      <trkpt lat="22.594337660242903" lon="113.97215947455187">
        <ele>13.523903930559754</ele>
        <time>1970-01-01T00:14:21.600000Z</time>
        <extensions>
          <gpxtpx:TrackPointExtension>
            <gpxtpx:hr>148</gpxtpx:hr>
          </gpxtpx:TrackPointExtension>
        </extensions>
      </trkpt>
      <trkpt lat="22.594344915452627" lon="113.97212487582681">
        <ele>13.598729557357728</ele>
        <time>1970-01-01T00:14:22.600000Z</time>
        <extensions>
          <gpxtpx:TrackPointExtension>
            <gpxtpx:hr>148</gpxtpx:hr>
          </gpxtpx:TrackPointExtension>
        </extensions>
      </trkpt>
      <trkpt lat="22.594352025656427" lon="113.97209034324437">
        <ele>13.680395847186446</ele>
        <time>1970-01-01T00:14:23.600000Z</time>
        <extensions>
          <gpxtpx:TrackPointExtension>
            <gpxtpx:hr>149</gpxtpx:hr>
          </gpxtpx:TrackPointExtension>
        </extensions>
      </trkpt>
      <trkpt lat="22.594359069492533" lon="113.97205628405042">
        <ele>13.767549810931087</ele>
        <time>1970-01-01T00:14:24.600000Z</time>
        <extensions>
          <gpxtpx:TrackPointExtension>
            <gpxtpx:hr>149</gpxtpx:hr>
          </gpxtpx:TrackPointExtension>
        </extensions>
      </trkpt>
      <trkpt lat="22.594366181181755" lon="113.97202234630812">
        <ele>13.861591433174908</ele>
        <time>1970-01-01T00:14:25.600000Z</time>
        <extensions>
          <gpxtpx:TrackPointExtension>
            <gpxtpx:hr>149</gpxtpx:hr>
          </gpxtpx:TrackPointExtension>
        </extensions>
      </trkpt>
      <trkpt lat="22.59437353304516" lon="113.97198811255386">
        <ele>13.961251301690936</ele>
        <time>1970-01-01T00:14:26.500000Z</time>
        <extensions>
          <gpxtpx:TrackPointExtension>
            <gpxtpx:hr>149</gpxtpx:hr>
          </gpxtpx:TrackPointExtension>
        </extensions>
      </trkpt>
      <trkpt lat="22.59438097343202" lon="113.97195363155518">
        <ele>14.06563342642039</ele>
        <time>1970-01-01T00:14:27.500000Z</time>
        <extensions>
          <gpxtpx:TrackPointExtension>
            <gpxtpx:hr>149</gpxtpx:hr>
          </gpxtpx:TrackPointExtension>
        </extensions>
      </trkpt>
      <trkpt lat="22.59438822884224" lon="113.97191901121992">
        <ele>14.174473721534014</ele>
        <time>1970-01-01T00:14:28.500000Z</time>
        <extensions>
          <gpxtpx:TrackPointExtension>
            <gpxtpx:hr>149</gpxtpx:hr>
          </gpxtpx:TrackPointExtension>
        </extensions>
      </trkpt>
      <trkpt lat="22.59439512168422" lon="113.97188443761706">
        <ele>14.285466281697154</ele>
        <time>1970-01-01T00:14:29.500000Z</time>
        <extensions>
          <gpxtpx:TrackPointExtension>
            <gpxtpx:hr>149</gpxtpx:hr>
          </gpxtpx:TrackPointExtension>
        </extensions>
      </trkpt>
      <trkpt lat="22.594401620961193" lon="113.97184990607143">
        <ele>14.39807474706322</ele>
        <time>1970-01-01T00:14:30.500000Z</time>
        <extensions>
          <gpxtpx:TrackPointExtension>
            <gpxtpx:hr>149</gpxtpx:hr>
          </gpxtpx:TrackPointExtension>
        </extensions>
      </trkpt>
      <trkpt lat="22.594407905278683" lon="113.97181541900551">
        <ele>14.51302054990083</ele>
        <time>1970-01-01T00:14:31.500000Z</time>
        <extensions>
          <gpxtpx:TrackPointExtension>
            <gpxtpx:hr>149</gpxtpx:hr>
          </gpxtpx:TrackPointExtension>
        </extensions>
      </trkpt>
      <trkpt lat="22.594414050455903" lon="113.97178069537544">
        <ele>14.629049632698298</ele>
        <time>1970-01-01T00:14:32.500000Z</time>
        <extensions>
          <gpxtpx:TrackPointExtension>
            <gpxtpx:hr>149</gpxtpx:hr>
          </gpxtpx:TrackPointExtension>
        </extensions>
      </trkpt>
      <trkpt lat="22.594420053405358" lon="113.97174574669114">
        <ele>14.745809169486165</ele>
        <time>1970-01-01T00:14:33.500000Z</time>
        <extensions>
          <gpxtpx:TrackPointExtension>
            <gpxtpx:hr>149</gpxtpx:hr>
          </gpxtpx:TrackPointExtension>
        </extensions>
      </trkpt>
      <trkpt lat="22.59442576632788" lon="113.97171059574266">
        <ele>14.86254082992673</ele>
        <time>1970-01-01T00:14:34.500000Z</time>
        <extensions>
          <gpxtpx:TrackPointExtension>
            <gpxtpx:hr>149</gpxtpx:hr>
          </gpxtpx:TrackPointExtension>
        </extensions>
      </trkpt>
      <trkpt lat="22.594431257281425" lon="113.97167525250721">
        <ele>14.974828929640353</ele>
        <time>1970-01-01T00:14:35.500000Z</time>
        <extensions>
          <gpxtpx:TrackPointExtension>
            <gpxtpx:hr>149</gpxtpx:hr>
          </gpxtpx:TrackPointExtension>
        </extensions>
      </trkpt>
      <trkpt lat="22.594436306637547" lon="113.97164019954072">
        <ele>15.081839481368661</ele>
        <time>1970-01-01T00:14:36.500000Z</time>
        <extensions>
          <gpxtpx:TrackPointExtension>
            <gpxtpx:hr>150</gpxtpx:hr>
          </gpxtpx:TrackPointExtension>
        </extensions>
      </trkpt>
      <trkpt lat="22.5944408304526" lon="113.97160577773873">
        <ele>15.183490976691246</ele>
        <time>1970-01-01T00:14:37.500000Z</time>
        <extensions>
          <gpxtpx:TrackPointExtension>
            <gpxtpx:hr>150</gpxtpx:hr>
          </gpxtpx:TrackPointExtension>
        </extensions>
      </trkpt>
      <trkpt lat="22.594444869424954" lon="113.9715719115104">
        <ele>15.282503327354789</ele>
        <time>1970-01-01T00:14:38.500000Z</time>
        <extensions>
          <gpxtpx:TrackPointExtension>
            <gpxtpx:hr>150</gpxtpx:hr>
          </gpxtpx:TrackPointExtension>
        </extensions>
      </trkpt>
      <trkpt lat="22.594448610287994" lon="113.97153802900843">
        <ele>15.37679429166019</ele>
        <time>1970-01-01T00:14:39.500000Z</time>
        <extensions>
          <gpxtpx:TrackPointExtension>
            <gpxtpx:hr>150</gpxtpx:hr>
          </gpxtpx:TrackPointExtension>
        </extensions>
      </trkpt>
      <trkpt lat="22.594452052292098" lon="113.9715041566339">
        <ele>15.464082931168377</ele>
        <time>1970-01-01T00:14:40.500000Z</time>
        <extensions>
          <gpxtpx:TrackPointExtension>
            <gpxtpx:hr>150</gpxtpx:hr>
          </gpxtpx:TrackPointExtension>
        </extensions>
      </trkpt>
      <trkpt lat="22.594455117986303" lon="113.97147047426665">
        <ele>15.54664313327521</ele>
        <time>1970-01-01T00:14:41.500000Z</time>
        <extensions>
          <gpxtpx:TrackPointExtension>
            <gpxtpx:hr>150</gpxtpx:hr>
          </gpxtpx:TrackPointExtension>
        </extensions>
      </trkpt>
      <trkpt lat="22.594457842604157" lon="113.97143700754857">
        <ele>15.623029605485499</ele>
        <time>1970-01-01T00:14:42.500000Z</time>
        <extensions>
          <gpxtpx:TrackPointExtension>
            <gpxtpx:hr>150</gpxtpx:hr>
          </gpxtpx:TrackPointExtension>
        </extensions>
      </trkpt>
      <trkpt lat="22.594460221187344" lon="113.97140372619059">
        <ele>15.693362486548722</ele>
        <time>1970-01-01T00:14:43.500000Z</time>
        <extensions>
          <gpxtpx:TrackPointExtension>
            <gpxtpx:hr>151</gpxtpx:hr>
          </gpxtpx:TrackPointExtension>
        </extensions>
      </trkpt>
      <trkpt lat="22.59446199572287" lon="113.9713704088866">
        <ele>15.758256724104285</ele>
        <time>1970-01-01T00:14:44.500000Z</time>
        <extensions>
          <gpxtpx:TrackPointExtension>
            <gpxtpx:hr>151</gpxtpx:hr>
          </gpxtpx:TrackPointExtension>
        </extensions>
      </trkpt>
      <trkpt lat="22.59446295352678" lon="113.97133705657001">
        <ele>15.817925218492746</ele>
        <time>1970-01-01T00:14:45.500000Z</time>
        <extensions>
          <gpxtpx:TrackPointExtension>
            <gpxtpx:hr>151</gpxtpx:hr>
          </gpxtpx:TrackPointExtension>
        </extensions>
      </trkpt>
      <trkpt lat="22.594463474586156" lon="113.97130367830603">
        <ele>15.872912927530706</ele>
        <time>1970-01-01T00:14:46.500000Z</time>
        <extensions>
          <gpxtpx:TrackPointExtension>
            <gpxtpx:hr>151</gpxtpx:hr>
          </gpxtpx:TrackPointExtension>
        </extensions>
      </trkpt>
      <trkpt lat="22.59446439121828" lon="113.97127029522662">
        <ele>15.924355315975845</ele>
        <time>1970-01-01T00:14:47.500000Z</time>
        <extensions>
          <gpxtpx:TrackPointExtension>
            <gpxtpx:hr>151</gpxtpx:hr>
          </gpxtpx:TrackPointExtension>
        </extensions>
      </trkpt>
      <trkpt lat="22.594466006447497" lon="113.97123681345954">
        <ele>15.972419403493404</ele>
        <time>1970-01-01T00:14:48.500000Z</time>
        <extensions>
          <gpxtpx:TrackPointExtension>
            <gpxtpx:hr>151</gpxtpx:hr>
          </gpxtpx:TrackPointExtension>
        </extensions>
      </trkpt>
      <trkpt lat="22.594468550855947" lon="113.97120322064863">
        <ele>16.019003812223673</ele>
        <time>1970-01-01T00:14:49.500000Z</time>
        <extensions>
          <gpxtpx:TrackPointExtension>
            <gpxtpx:hr>152</gpxtpx:hr>
          </gpxtpx:TrackPointExtension>
        </extensions>
      </trkpt>
      <trkpt lat="22.594471425132774" lon="113.97116979516045">
        <ele>16.063367578200996</ele>
        <time>1970-01-01T00:14:50.500000Z</time>
        <extensions>
          <gpxtpx:TrackPointExtension>
            <gpxtpx:hr>152</gpxtpx:hr>
          </gpxtpx:TrackPointExtension>
        </extensions>
      </trkpt>
      <trkpt lat="22.594473927271018" lon="113.9711368791686">
        <ele>16.107380660250783</ele>
        <time>1970-01-01T00:14:51.500000Z</time>
        <extensions>
          <gpxtpx:TrackPointExtension>
            <gpxtpx:hr>152</gpxtpx:hr>
          </gpxtpx:TrackPointExtension>
        </extensions>
      </trkpt>
      <trkpt lat="22.594476071317615" lon="113.97110472201949">
        <ele>16.151156097650528</ele>
        <time>1970-01-01T00:14:52.500000Z</time>
        <extensions>
          <gpxtpx:TrackPointExtension>
            <gpxtpx:hr>152</gpxtpx:hr>
          </gpxtpx:TrackPointExtension>
        </extensions>
      </trkpt>
      <trkpt lat="22.594477789621674" lon="113.97107308408371">
        <ele>16.19472219888121</ele>
        <time>1970-01-01T00:14:53.500000Z</time>
        <extensions>
          <gpxtpx:TrackPointExtension>
            <gpxtpx:hr>152</gpxtpx:hr>
          </gpxtpx:TrackPointExtension>
        </extensions>
      </trkpt>
      <trkpt lat="22.594479164763268" lon="113.97104150069352">
        <ele>16.238543366082013</ele>
        <time>1970-01-01T00:14:54.500000Z</time>
        <extensions>
          <gpxtpx:TrackPointExtension>
            <gpxtpx:hr>152</gpxtpx:hr>
          </gpxtpx:TrackPointExtension>
        </extensions>
      </trkpt>
      <trkpt lat="22.594480201183217" lon="113.97100912238844">
        <ele>16.282176449894905</ele>
        <time>1970-01-01T00:14:55.500000Z</time>
        <extensions>
          <gpxtpx:TrackPointExtension>
            <gpxtpx:hr>152</gpxtpx:hr>
          </gpxtpx:TrackPointExtension>
        </extensions>
      </trkpt>
      <trkpt lat="22.594481003272545" lon="113.97097560629906">
        <ele>16.32671303395182</ele>
        <time>1970-01-01T00:14:56.500000Z</time>
        <extensions>
          <gpxtpx:TrackPointExtension>
            <gpxtpx:hr>152</gpxtpx:hr>
          </gpxtpx:TrackPointExtension>
        </extensions>
      </trkpt>
      <trkpt lat="22.594481268894555" lon="113.9709413220716">
        <ele>16.37339465506375</ele>
        <time>1970-01-01T00:14:57.500000Z</time>
        <extensions>
          <gpxtpx:TrackPointExtension>
            <gpxtpx:hr>152</gpxtpx:hr>
          </gpxtpx:TrackPointExtension>
        </extensions>
      </trkpt>
      <trkpt lat="22.59448050428104" lon="113.97090699417528">
        <ele>16.421749331988394</ele>
        <time>1970-01-01T00:14:58.500000Z</time>
        <extensions>
          <gpxtpx:TrackPointExtension>
            <gpxtpx:hr>152</gpxtpx:hr>
          </gpxtpx:TrackPointExtension>
        </extensions>
      </trkpt>
      <trkpt lat="22.594479292022182" lon="113.9708732116758">
        <ele>16.472638450562954</ele>
        <time>1970-01-01T00:14:59.500000Z</time>
        <extensions>
          <gpxtpx:TrackPointExtension>
            <gpxtpx:hr>152</gpxtpx:hr>
          </gpxtpx:TrackPointExtension>
        </extensions>
      </trkpt>
      <trkpt lat="22.59447804794957" lon="113.97084002018698">
        <ele>16.52638296689838</ele>
        <time>1970-01-01T00:15:00.500000Z</time>
        <extensions>
          <gpxtpx:TrackPointExtension>
            <gpxtpx:hr>152</gpxtpx:hr>
          </gpxtpx:TrackPointExtension>
        </extensions>
      </trkpt>
      <trkpt lat="22.594477133266587" lon="113.97080706124153">
        <ele>16.583641342818737</ele>
        <time>1970-01-01T00:15:01.500000Z</time>
        <extensions>
          <gpxtpx:TrackPointExtension>
            <gpxtpx:hr>152</gpxtpx:hr>
          </gpxtpx:TrackPointExtension>
        </extensions>
      </trkpt>
      <trkpt lat="22.594477082667577" lon="113.97077424579071">
        <ele>16.645688140764832</ele>
        <time>1970-01-01T00:15:02.400000Z</time>
        <extensions>
          <gpxtpx:TrackPointExtension>
            <gpxtpx:hr>152</gpxtpx:hr>
          </gpxtpx:TrackPointExtension>
        </extensions>
      </trkpt>
      <trkpt lat="22.594477876649293" lon="113.9707414076166">
        <ele>16.712899470701814</ele>
        <time>1970-01-01T00:15:03.400000Z</time>
        <extensions>
          <gpxtpx:TrackPointExtension>
            <gpxtpx:hr>152</gpxtpx:hr>
          </gpxtpx:TrackPointExtension>
        </extensions>
      </trkpt>
      <trkpt lat="22.594478998410754" lon="113.97070826102977">
        <ele>16.78431319538504</ele>
        <time>1970-01-01T00:15:04.400000Z</time>
        <extensions>
          <gpxtpx:TrackPointExtension>
            <gpxtpx:hr>154</gpxtpx:hr>
          </gpxtpx:TrackPointExtension>
        </extensions>
      </trkpt>
      <trkpt lat="22.59447983404679" lon="113.97067465877569">
        <ele>16.86071173939854</ele>
        <time>1970-01-01T00:15:05.400000Z</time>
        <extensions>
          <gpxtpx:TrackPointExtension>
            <gpxtpx:hr>154</gpxtpx:hr>
          </gpxtpx:TrackPointExtension>
        </extensions>
      </trkpt>
      <trkpt lat="22.594479766381866" lon="113.97064068636142">
        <ele>16.94184711109847</ele>
        <time>1970-01-01T00:15:06.400000Z</time>
        <extensions>
          <gpxtpx:TrackPointExtension>
            <gpxtpx:hr>154</gpxtpx:hr>
          </gpxtpx:TrackPointExtension>
        </extensions>
      </trkpt>
      <trkpt lat="22.594478285020497" lon="113.97060654780775">
        <ele>17.02711658924818</ele>
        <time>1970-01-01T00:15:07.400000Z</time>
        <extensions>
          <gpxtpx:TrackPointExtension>
            <gpxtpx:hr>154</gpxtpx:hr>
          </gpxtpx:TrackPointExtension>
        </extensions>
      </trkpt>
      <trkpt lat="22.594475803908164" lon="113.97057232078194">
        <ele>17.117829583585262</ele>
        <time>1970-01-01T00:15:08.400000Z</time>
        <extensions>
          <gpxtpx:TrackPointExtension>
            <gpxtpx:hr>154</gpxtpx:hr>
          </gpxtpx:TrackPointExtension>
        </extensions>
      </trkpt>
      <trkpt lat="22.594473720105942" lon="113.97053821307117">
        <ele>17.21281235665083</ele>
        <time>1970-01-01T00:15:09.400000Z</time>
        <extensions>
          <gpxtpx:TrackPointExtension>
            <gpxtpx:hr>156</gpxtpx:hr>
          </gpxtpx:TrackPointExtension>
        </extensions>
      </trkpt>
      <trkpt lat="22.59447251949244" lon="113.97050385825524">
        <ele>17.312737959437072</ele>
        <time>1970-01-01T00:15:10.400000Z</time>
        <extensions>
          <gpxtpx:TrackPointExtension>
            <gpxtpx:hr>156</gpxtpx:hr>
          </gpxtpx:TrackPointExtension>
        </extensions>
      </trkpt>
      <trkpt lat="22.5944715695016" lon="113.97046947714026">
        <ele>17.41702755726874</ele>
        <time>1970-01-01T00:15:11.400000Z</time>
        <extensions>
          <gpxtpx:TrackPointExtension>
            <gpxtpx:hr>156</gpxtpx:hr>
          </gpxtpx:TrackPointExtension>
        </extensions>
      </trkpt>
      <trkpt lat="22.594470827675313" lon="113.9704352880776">
        <ele>17.52330394461751</ele>
        <time>1970-01-01T00:15:12.400000Z</time>
        <extensions>
          <gpxtpx:TrackPointExtension>
            <gpxtpx:hr>156</gpxtpx:hr>
          </gpxtpx:TrackPointExtension>
        </extensions>
      </trkpt>
      <trkpt lat="22.594470167342212" lon="113.97040133493022">
        <ele>17.631408697925508</ele>
        <time>1970-01-01T00:15:13.400000Z</time>
        <extensions>
          <gpxtpx:TrackPointExtension>
            <gpxtpx:hr>156</gpxtpx:hr>
          </gpxtpx:TrackPointExtension>
        </extensions>
      </trkpt>
      <trkpt lat="22.59446936252001" lon="113.97036767946258">
        <ele>17.739671093411744</ele>
        <time>1970-01-01T00:15:14.400000Z</time>
        <extensions>
          <gpxtpx:TrackPointExtension>
            <gpxtpx:hr>156</gpxtpx:hr>
          </gpxtpx:TrackPointExtension>
        </extensions>
      </trkpt>
      <trkpt lat="22.59446829696154" lon="113.97033406709214">
        <ele>17.847021838650107</ele>
        <time>1970-01-01T00:15:15.400000Z</time>
        <extensions>
          <gpxtpx:TrackPointExtension>
            <gpxtpx:hr>157</gpxtpx:hr>
          </gpxtpx:TrackPointExtension>
        </extensions>
      </trkpt>
      <trkpt lat="22.594466601518413" lon="113.9703005819853">
        <ele>17.95345880370587</ele>
        <time>1970-01-01T00:15:16.400000Z</time>
        <extensions>
          <gpxtpx:TrackPointExtension>
            <gpxtpx:hr>157</gpxtpx:hr>
          </gpxtpx:TrackPointExtension>
        </extensions>
      </trkpt>
      <trkpt lat="22.594463704692636" lon="113.97026735780067">
        <ele>18.05616501532495</ele>
        <time>1970-01-01T00:15:17.400000Z</time>
        <extensions>
          <gpxtpx:TrackPointExtension>
            <gpxtpx:hr>157</gpxtpx:hr>
          </gpxtpx:TrackPointExtension>
        </extensions>
      </trkpt>
      <trkpt lat="22.59446017574322" lon="113.97023409126633">
        <ele>18.15483821555972</ele>
        <time>1970-01-01T00:15:18.400000Z</time>
        <extensions>
          <gpxtpx:TrackPointExtension>
            <gpxtpx:hr>157</gpxtpx:hr>
          </gpxtpx:TrackPointExtension>
        </extensions>
      </trkpt>
      <trkpt lat="22.59445688026489" lon="113.97020046200045">
        <ele>18.246106170117855</ele>
        <time>1970-01-01T00:15:19.400000Z</time>
        <extensions>
          <gpxtpx:TrackPointExtension>
            <gpxtpx:hr>157</gpxtpx:hr>
          </gpxtpx:TrackPointExtension>
        </extensions>
      </trkpt>
      <trkpt lat="22.594454200510366" lon="113.97016640428474">
        <ele>18.32975409552455</ele>
        <time>1970-01-01T00:15:20.400000Z</time>
        <extensions>
          <gpxtpx:TrackPointExtension>
            <gpxtpx:hr>157</gpxtpx:hr>
          </gpxtpx:TrackPointExtension>
        </extensions>
      </trkpt>
      <trkpt lat="22.594451975329438" lon="113.97013198044404">
        <ele>18.40522372815758</ele>
        <time>1970-01-01T00:15:21.400000Z</time>
        <extensions>
          <gpxtpx:TrackPointExtension>
            <gpxtpx:hr>157</gpxtpx:hr>
          </gpxtpx:TrackPointExtension>
        </extensions>
      </trkpt>
      <trkpt lat="22.594449768581686" lon="113.97009731518884">
        <ele>18.46947530657053</ele>
        <time>1970-01-01T00:15:22.400000Z</time>
        <extensions>
          <gpxtpx:TrackPointExtension>
            <gpxtpx:hr>157</gpxtpx:hr>
          </gpxtpx:TrackPointExtension>
        </extensions>
      </trkpt>
      <trkpt lat="22.594447683926294" lon="113.97006269610178">
        <ele>18.52151101641357</ele>
        <time>1970-01-01T00:15:23.400000Z</time>
        <extensions>
          <gpxtpx:TrackPointExtension>
            <gpxtpx:hr>157</gpxtpx:hr>
          </gpxtpx:TrackPointExtension>
        </extensions>
      </trkpt>
      <trkpt lat="22.594445848387693" lon="113.9700284924016">
        <ele>18.55976926535368</ele>
        <time>1970-01-01T00:15:24.400000Z</time>
        <extensions>
          <gpxtpx:TrackPointExtension>
            <gpxtpx:hr>157</gpxtpx:hr>
          </gpxtpx:TrackPointExtension>
        </extensions>
      </trkpt>
      <trkpt lat="22.594444250759864" lon="113.96999486843487">
        <ele>18.582872913219035</ele>
        <time>1970-01-01T00:15:25.400000Z</time>
        <extensions>
          <gpxtpx:TrackPointExtension>
            <gpxtpx:hr>157</gpxtpx:hr>
          </gpxtpx:TrackPointExtension>
        </extensions>
      </trkpt>
      <trkpt lat="22.594443049541866" lon="113.9699618998255">
        <ele>18.59045808017254</ele>
        <time>1970-01-01T00:15:26.400000Z</time>
        <extensions>
          <gpxtpx:TrackPointExtension>
            <gpxtpx:hr>157</gpxtpx:hr>
          </gpxtpx:TrackPointExtension>
        </extensions>
      </trkpt>
      <trkpt lat="22.59444256791794" lon="113.96992941134313">
        <ele>18.583778265863657</ele>
        <time>1970-01-01T00:15:27.400000Z</time>
        <extensions>
          <gpxtpx:TrackPointExtension>
            <gpxtpx:hr>157</gpxtpx:hr>
          </gpxtpx:TrackPointExtension>
        </extensions>
      </trkpt>
      <trkpt lat="22.594443222211176" lon="113.96989684448533">
        <ele>18.564383074641228</ele>
        <time>1970-01-01T00:15:28.400000Z</time>
        <extensions>
          <gpxtpx:TrackPointExtension>
            <gpxtpx:hr>161</gpxtpx:hr>
          </gpxtpx:TrackPointExtension>
        </extensions>
      </trkpt>
      <trkpt lat="22.5944452427112" lon="113.96986403631126">
        <ele>18.532695721834898</ele>
        <time>1970-01-01T00:15:29.400000Z</time>
        <extensions>
          <gpxtpx:TrackPointExtension>
            <gpxtpx:hr>161</gpxtpx:hr>
          </gpxtpx:TrackPointExtension>
        </extensions>
      </trkpt>
      <trkpt lat="22.594448810520372" lon="113.96983131062683">
        <ele>18.490893045440316</ele>
        <time>1970-01-01T00:15:30.400000Z</time>
        <extensions>
          <gpxtpx:TrackPointExtension>
            <gpxtpx:hr>161</gpxtpx:hr>
          </gpxtpx:TrackPointExtension>
        </extensions>
      </trkpt>
      <trkpt lat="22.594454096855152" lon="113.96979890765589">
        <ele>18.44019251782447</ele>
        <time>1970-01-01T00:15:31.400000Z</time>
        <extensions>
          <gpxtpx:TrackPointExtension>
            <gpxtpx:hr>161</gpxtpx:hr>
          </gpxtpx:TrackPointExtension>
        </extensions>
      </trkpt>
      <trkpt lat="22.59446136171088" lon="113.96976695556296">
        <ele>18.381612333469093</ele>
        <time>1970-01-01T00:15:32.400000Z</time>
        <extensions>
          <gpxtpx:TrackPointExtension>
            <gpxtpx:hr>161</gpxtpx:hr>
          </gpxtpx:TrackPointExtension>
        </extensions>
      </trkpt>
      <trkpt lat="22.594470988191567" lon="113.96973566581883">
        <ele>18.319520537741482</ele>
        <time>1970-01-01T00:15:33.400000Z</time>
        <extensions>
          <gpxtpx:TrackPointExtension>
            <gpxtpx:hr>161</gpxtpx:hr>
          </gpxtpx:TrackPointExtension>
        </extensions>
      </trkpt>
      <trkpt lat="22.59448305729068" lon="113.9697054432427">
        <ele>18.253820502199233</ele>
        <time>1970-01-01T00:15:34.400000Z</time>
        <extensions>
          <gpxtpx:TrackPointExtension>
            <gpxtpx:hr>161</gpxtpx:hr>
          </gpxtpx:TrackPointExtension>
        </extensions>
      </trkpt>
      <trkpt lat="22.594497084258546" lon="113.96967635173358">
        <ele>18.187672073952854</ele>
        <time>1970-01-01T00:15:35.400000Z</time>
        <extensions>
          <gpxtpx:TrackPointExtension>
            <gpxtpx:hr>161</gpxtpx:hr>
          </gpxtpx:TrackPointExtension>
        </extensions>
      </trkpt>
      <trkpt lat="22.594512275961005" lon="113.96964802840053">
        <ele>18.12121241632849</ele>
        <time>1970-01-01T00:15:36.400000Z</time>
        <extensions>
          <gpxtpx:TrackPointExtension>
            <gpxtpx:hr>161</gpxtpx:hr>
          </gpxtpx:TrackPointExtension>
        </extensions>
      </trkpt>
      <trkpt lat="22.594527776199676" lon="113.96961996983605">
        <ele>18.056930707767606</ele>
        <time>1970-01-01T00:15:37.400000Z</time>
        <extensions>
          <gpxtpx:TrackPointExtension>
            <gpxtpx:hr>161</gpxtpx:hr>
          </gpxtpx:TrackPointExtension>
        </extensions>
      </trkpt>
      <trkpt lat="22.5945420234473" lon="113.96959159037506">
        <ele>17.995845542289317</ele>
        <time>1970-01-01T00:15:38.300000Z</time>
        <extensions>
          <gpxtpx:TrackPointExtension>
            <gpxtpx:hr>161</gpxtpx:hr>
          </gpxtpx:TrackPointExtension>
        </extensions>
      </trkpt>
      <trkpt lat="22.594553607354385" lon="113.9695623241304">
        <ele>17.939102238975465</ele>
        <time>1970-01-01T00:15:39.300000Z</time>
        <extensions>
          <gpxtpx:TrackPointExtension>
            <gpxtpx:hr>161</gpxtpx:hr>
          </gpxtpx:TrackPointExtension>
        </extensions>
      </trkpt>
      <trkpt lat="22.594562000609233" lon="113.96953156066499">
        <ele>17.888178148306906</ele>
        <time>1970-01-01T00:15:40.300000Z</time>
        <extensions>
          <gpxtpx:TrackPointExtension>
            <gpxtpx:hr>159</gpxtpx:hr>
          </gpxtpx:TrackPointExtension>
        </extensions>
      </trkpt>
      <trkpt lat="22.594567140441878" lon="113.96949888281851">
        <ele>17.84227717667818</ele>
        <time>1970-01-01T00:15:41.300000Z</time>
        <extensions>
          <gpxtpx:TrackPointExtension>
            <gpxtpx:hr>159</gpxtpx:hr>
          </gpxtpx:TrackPointExtension>
        </extensions>
      </trkpt>
      <trkpt lat="22.594569213070045" lon="113.96946478562828">
        <ele>17.802848865278065</ele>
        <time>1970-01-01T00:15:42.300000Z</time>
        <extensions>
          <gpxtpx:TrackPointExtension>
            <gpxtpx:hr>159</gpxtpx:hr>
          </gpxtpx:TrackPointExtension>
        </extensions>
      </trkpt>
      <trkpt lat="22.59456961739718" lon="113.96943043760915">
        <ele>17.77004214283079</ele>
        <time>1970-01-01T00:15:43.300000Z</time>
        <extensions>
          <gpxtpx:TrackPointExtension>
            <gpxtpx:hr>159</gpxtpx:hr>
          </gpxtpx:TrackPointExtension>
        </extensions>
      </trkpt>
      <trkpt lat="22.594570075664425" lon="113.96939659491963">
        <ele>17.744957071729004</ele>
        <time>1970-01-01T00:15:44.300000Z</time>
        <extensions>
          <gpxtpx:TrackPointExtension>
            <gpxtpx:hr>159</gpxtpx:hr>
          </gpxtpx:TrackPointExtension>
        </extensions>
      </trkpt>
      <trkpt lat="22.594571028619388" lon="113.96936336031891">
        <ele>17.728639828041196</ele>
        <time>1970-01-01T00:15:45.300000Z</time>
        <extensions>
          <gpxtpx:TrackPointExtension>
            <gpxtpx:hr>159</gpxtpx:hr>
          </gpxtpx:TrackPointExtension>
        </extensions>
      </trkpt>
      <trkpt lat="22.594572325232633" lon="113.9693301997345">
        <ele>17.719194549135864</ele>
        <time>1970-01-01T00:15:46.300000Z</time>
        <extensions>
          <gpxtpx:TrackPointExtension>
            <gpxtpx:hr>159</gpxtpx:hr>
          </gpxtpx:TrackPointExtension>
        </extensions>
      </trkpt>
      <trkpt lat="22.594573759459507" lon="113.96929689516028">
        <ele>17.71822422929108</ele>
        <time>1970-01-01T00:15:47.300000Z</time>
        <extensions>
          <gpxtpx:TrackPointExtension>
            <gpxtpx:hr>159</gpxtpx:hr>
          </gpxtpx:TrackPointExtension>
        </extensions>
      </trkpt>
      <trkpt lat="22.59457534071337" lon="113.96926366723395">
        <ele>17.72252874262631</ele>
        <time>1970-01-01T00:15:48.300000Z</time>
        <extensions>
          <gpxtpx:TrackPointExtension>
            <gpxtpx:hr>159</gpxtpx:hr>
          </gpxtpx:TrackPointExtension>
        </extensions>
      </trkpt>
      <trkpt lat="22.59457698847383" lon="113.96923068011725">
        <ele>17.733052113093436</ele>
        <time>1970-01-01T00:15:49.300000Z</time>
        <extensions>
          <gpxtpx:TrackPointExtension>
            <gpxtpx:hr>159</gpxtpx:hr>
          </gpxtpx:TrackPointExtension>
        </extensions>
      </trkpt>
      <trkpt lat="22.594578748352742" lon="113.96919780553422">
        <ele>17.747025219723582</ele>
        <time>1970-01-01T00:15:50.300000Z</time>
        <extensions>
          <gpxtpx:TrackPointExtension>
            <gpxtpx:hr>159</gpxtpx:hr>
          </gpxtpx:TrackPointExtension>
        </extensions>
      </trkpt>
      <trkpt lat="22.594580682267978" lon="113.96916478254158">
        <ele>17.762088056653738</ele>
        <time>1970-01-01T00:15:51.300000Z</time>
        <extensions>
          <gpxtpx:TrackPointExtension>
            <gpxtpx:hr>159</gpxtpx:hr>
          </gpxtpx:TrackPointExtension>
        </extensions>
      </trkpt>
      <trkpt lat="22.59458275473139" lon="113.9691314461701">
        <ele>17.78072344418615</ele>
        <time>1970-01-01T00:15:52.300000Z</time>
        <extensions>
          <gpxtpx:TrackPointExtension>
            <gpxtpx:hr>159</gpxtpx:hr>
          </gpxtpx:TrackPointExtension>
        </extensions>
      </trkpt>
      <trkpt lat="22.594584951252408" lon="113.96909765890558">
        <ele>17.800045972689986</ele>
        <time>1970-01-01T00:15:53.300000Z</time>
        <extensions>
          <gpxtpx:TrackPointExtension>
            <gpxtpx:hr>160</gpxtpx:hr>
          </gpxtpx:TrackPointExtension>
        </extensions>
      </trkpt>
      <trkpt lat="22.59458722531501" lon="113.96906374019515">
        <ele>17.81932188477367</ele>
        <time>1970-01-01T00:15:54.300000Z</time>
        <extensions>
          <gpxtpx:TrackPointExtension>
            <gpxtpx:hr>160</gpxtpx:hr>
          </gpxtpx:TrackPointExtension>
        </extensions>
      </trkpt>
      <trkpt lat="22.59458948008064" lon="113.9690298543478">
        <ele>17.838882310315967</ele>
        <time>1970-01-01T00:15:55.300000Z</time>
        <extensions>
          <gpxtpx:TrackPointExtension>
            <gpxtpx:hr>160</gpxtpx:hr>
          </gpxtpx:TrackPointExtension>
        </extensions>
      </trkpt>
      <trkpt lat="22.594591473978376" lon="113.96899604133642">
        <ele>17.856476882472634</ele>
        <time>1970-01-01T00:15:56.300000Z</time>
        <extensions>
          <gpxtpx:TrackPointExtension>
            <gpxtpx:hr>160</gpxtpx:hr>
          </gpxtpx:TrackPointExtension>
        </extensions>
      </trkpt>
      <trkpt lat="22.594593153293673" lon="113.96896240811532">
        <ele>17.873056379146874</ele>
        <time>1970-01-01T00:15:57.300000Z</time>
        <extensions>
          <gpxtpx:TrackPointExtension>
            <gpxtpx:hr>160</gpxtpx:hr>
          </gpxtpx:TrackPointExtension>
        </extensions>
      </trkpt>
      <trkpt lat="22.594594413502385" lon="113.96892877175235">
        <ele>17.88753082603216</ele>
        <time>1970-01-01T00:15:58.300000Z</time>
        <extensions>
          <gpxtpx:TrackPointExtension>
            <gpxtpx:hr>160</gpxtpx:hr>
          </gpxtpx:TrackPointExtension>
        </extensions>
      </trkpt>
      <trkpt lat="22.59459515540247" lon="113.96889481257924">
        <ele>17.90104914549738</ele>
        <time>1970-01-01T00:15:59.300000Z</time>
        <extensions>
          <gpxtpx:TrackPointExtension>
            <gpxtpx:hr>160</gpxtpx:hr>
          </gpxtpx:TrackPointExtension>
        </extensions>
      </trkpt>
      <trkpt lat="22.59459516564527" lon="113.96886067009801">
        <ele>17.91251420415938</ele>
        <time>1970-01-01T00:16:00.300000Z</time>
        <extensions>
          <gpxtpx:TrackPointExtension>
            <gpxtpx:hr>160</gpxtpx:hr>
          </gpxtpx:TrackPointExtension>
        </extensions>
      </trkpt>
      <trkpt lat="22.594594095028416" lon="113.96882655870562">
        <ele>17.920658669434488</ele>
        <time>1970-01-01T00:16:01.300000Z</time>
        <extensions>
          <gpxtpx:TrackPointExtension>
            <gpxtpx:hr>160</gpxtpx:hr>
          </gpxtpx:TrackPointExtension>
        </extensions>
      </trkpt>
      <trkpt lat="22.594591414972157" lon="113.96879263666938">
        <ele>17.925374357961118</ele>
        <time>1970-01-01T00:16:02.300000Z</time>
        <extensions>
          <gpxtpx:TrackPointExtension>
            <gpxtpx:hr>160</gpxtpx:hr>
          </gpxtpx:TrackPointExtension>
        </extensions>
      </trkpt>
      <trkpt lat="22.59458738198379" lon="113.96875926870757">
        <ele>17.92672109603882</ele>
        <time>1970-01-01T00:16:03.300000Z</time>
        <extensions>
          <gpxtpx:TrackPointExtension>
            <gpxtpx:hr>160</gpxtpx:hr>
          </gpxtpx:TrackPointExtension>
        </extensions>
      </trkpt>
      <trkpt lat="22.59458327056134" lon="113.96872645942393">
        <ele>17.923189082182944</ele>
        <time>1970-01-01T00:16:04.300000Z</time>
        <extensions>
          <gpxtpx:TrackPointExtension>
            <gpxtpx:hr>160</gpxtpx:hr>
          </gpxtpx:TrackPointExtension>
        </extensions>
      </trkpt>
      <trkpt lat="22.59457977957078" lon="113.96869411780192">
        <ele>17.916017707437277</ele>
        <time>1970-01-01T00:16:05.300000Z</time>
        <extensions>
          <gpxtpx:TrackPointExtension>
            <gpxtpx:hr>160</gpxtpx:hr>
          </gpxtpx:TrackPointExtension>
        </extensions>
      </trkpt>
      <trkpt lat="22.59457649111882" lon="113.96866198061203">
        <ele>17.9044690458104</ele>
        <time>1970-01-01T00:16:06.300000Z</time>
        <extensions>
          <gpxtpx:TrackPointExtension>
            <gpxtpx:hr>160</gpxtpx:hr>
          </gpxtpx:TrackPointExtension>
        </extensions>
      </trkpt>
      <trkpt lat="22.59457249214549" lon="113.96863005887019">
        <ele>17.88949332665652</ele>
        <time>1970-01-01T00:16:07.300000Z</time>
        <extensions>
          <gpxtpx:TrackPointExtension>
            <gpxtpx:hr>160</gpxtpx:hr>
          </gpxtpx:TrackPointExtension>
        </extensions>
      </trkpt>
      <trkpt lat="22.594567325880007" lon="113.9685986860237">
        <ele>17.87061178404838</ele>
        <time>1970-01-01T00:16:08.300000Z</time>
        <extensions>
          <gpxtpx:TrackPointExtension>
            <gpxtpx:hr>160</gpxtpx:hr>
          </gpxtpx:TrackPointExtension>
        </extensions>
      </trkpt>
      <trkpt lat="22.59456150750463" lon="113.96856809149244">
        <ele>17.84780901670456</ele>
        <time>1970-01-01T00:16:09.300000Z</time>
        <extensions>
          <gpxtpx:TrackPointExtension>
            <gpxtpx:hr>161</gpxtpx:hr>
          </gpxtpx:TrackPointExtension>
        </extensions>
      </trkpt>
      <trkpt lat="22.594555059494436" lon="113.96853815927608">
        <ele>17.82196180988103</ele>
        <time>1970-01-01T00:16:10.300000Z</time>
        <extensions>
          <gpxtpx:TrackPointExtension>
            <gpxtpx:hr>161</gpxtpx:hr>
          </gpxtpx:TrackPointExtension>
        </extensions>
      </trkpt>
      <trkpt lat="22.59454684711992" lon="113.96850878502619">
        <ele>17.79356002435088</ele>
        <time>1970-01-01T00:16:11.300000Z</time>
        <extensions>
          <gpxtpx:TrackPointExtension>
            <gpxtpx:hr>161</gpxtpx:hr>
          </gpxtpx:TrackPointExtension>
        </extensions>
      </trkpt>
      <trkpt lat="22.594536396212646" lon="113.96848040137303">
        <ele>17.762953291647136</ele>
        <time>1970-01-01T00:16:12.300000Z</time>
        <extensions>
          <gpxtpx:TrackPointExtension>
            <gpxtpx:hr>161</gpxtpx:hr>
          </gpxtpx:TrackPointExtension>
        </extensions>
      </trkpt>
      <trkpt lat="22.5945236711933" lon="113.96845371189713">
        <ele>17.73103830218315</ele>
        <time>1970-01-01T00:16:13.300000Z</time>
        <extensions>
          <gpxtpx:TrackPointExtension>
            <gpxtpx:hr>161</gpxtpx:hr>
          </gpxtpx:TrackPointExtension>
        </extensions>
      </trkpt>
      <trkpt lat="22.59450848706563" lon="113.96842944752828">
        <ele>17.697312804870307</ele>
        <time>1970-01-01T00:16:14.200000Z</time>
        <extensions>
          <gpxtpx:TrackPointExtension>
            <gpxtpx:hr>161</gpxtpx:hr>
          </gpxtpx:TrackPointExtension>
        </extensions>
      </trkpt>
      <trkpt lat="22.59449072454009" lon="113.96840829843023">
        <ele>17.66330932546407</ele>
        <time>1970-01-01T00:16:15.200000Z</time>
        <extensions>
          <gpxtpx:TrackPointExtension>
            <gpxtpx:hr>161</gpxtpx:hr>
          </gpxtpx:TrackPointExtension>
        </extensions>
      </trkpt>
      <trkpt lat="22.59447026178476" lon="113.96839094893735">
        <ele>17.62970805540681</ele>
        <time>1970-01-01T00:16:16.200000Z</time>
        <extensions>
          <gpxtpx:TrackPointExtension>
            <gpxtpx:hr>161</gpxtpx:hr>
          </gpxtpx:TrackPointExtension>
        </extensions>
      </trkpt>
      <trkpt lat="22.594447295714424" lon="113.96837731918646">
        <ele>17.597328019328415</ele>
        <time>1970-01-01T00:16:17.200000Z</time>
        <extensions>
          <gpxtpx:TrackPointExtension>
            <gpxtpx:hr>161</gpxtpx:hr>
          </gpxtpx:TrackPointExtension>
        </extensions>
      </trkpt>
      <trkpt lat="22.594422214684297" lon="113.96836685163169">
        <ele>17.56697576493025</ele>
        <time>1970-01-01T00:16:18.200000Z</time>
        <extensions>
          <gpxtpx:TrackPointExtension>
            <gpxtpx:hr>162</gpxtpx:hr>
          </gpxtpx:TrackPointExtension>
        </extensions>
      </trkpt>
      <trkpt lat="22.59439574262824" lon="113.96835887769892">
        <ele>17.539159337058663</ele>
        <time>1970-01-01T00:16:19.200000Z</time>
        <extensions>
          <gpxtpx:TrackPointExtension>
            <gpxtpx:hr>162</gpxtpx:hr>
          </gpxtpx:TrackPointExtension>
        </extensions>
      </trkpt>
      <trkpt lat="22.594368817404323" lon="113.9683516685935">
        <ele>17.514527136459947</ele>
        <time>1970-01-01T00:16:20.200000Z</time>
        <extensions>
          <gpxtpx:TrackPointExtension>
            <gpxtpx:hr>162</gpxtpx:hr>
          </gpxtpx:TrackPointExtension>
        </extensions>
      </trkpt>
      <trkpt lat="22.59434200011622" lon="113.9683437774975">
        <ele>17.49163516331464</ele>
        <time>1970-01-01T00:16:21.200000Z</time>
        <extensions>
          <gpxtpx:TrackPointExtension>
            <gpxtpx:hr>162</gpxtpx:hr>
          </gpxtpx:TrackPointExtension>
        </extensions>
      </trkpt>
      <trkpt lat="22.594315367337273" lon="113.96833500183467">
        <ele>17.472004406154156</ele>
        <time>1970-01-01T00:16:22.200000Z</time>
        <extensions>
          <gpxtpx:TrackPointExtension>
            <gpxtpx:hr>162</gpxtpx:hr>
          </gpxtpx:TrackPointExtension>
        </extensions>
      </trkpt>
      <trkpt lat="22.59428872219541" lon="113.96832539208285">
        <ele>17.454911361448467</ele>
        <time>1970-01-01T00:16:23.200000Z</time>
        <extensions>
          <gpxtpx:TrackPointExtension>
            <gpxtpx:hr>161</gpxtpx:hr>
          </gpxtpx:TrackPointExtension>
        </extensions>
      </trkpt>
      <trkpt lat="22.5942619189662" lon="113.9683151366771">
        <ele>17.440179974772036</ele>
        <time>1970-01-01T00:16:24.200000Z</time>
        <extensions>
          <gpxtpx:TrackPointExtension>
            <gpxtpx:hr>161</gpxtpx:hr>
          </gpxtpx:TrackPointExtension>
        </extensions>
      </trkpt>
      <trkpt lat="22.59423526794869" lon="113.96830344994724">
        <ele>17.425951403565705</ele>
        <time>1970-01-01T00:16:25.200000Z</time>
        <extensions>
          <gpxtpx:TrackPointExtension>
            <gpxtpx:hr>161</gpxtpx:hr>
          </gpxtpx:TrackPointExtension>
        </extensions>
      </trkpt>
      <trkpt lat="22.594209372840663" lon="113.96828960482823">
        <ele>17.412912177853286</ele>
        <time>1970-01-01T00:16:26.200000Z</time>
        <extensions>
          <gpxtpx:TrackPointExtension>
            <gpxtpx:hr>161</gpxtpx:hr>
          </gpxtpx:TrackPointExtension>
        </extensions>
      </trkpt>
      <trkpt lat="22.594184443992834" lon="113.96827376666442">
        <ele>17.400286610238254</ele>
        <time>1970-01-01T00:16:27.200000Z</time>
        <extensions>
          <gpxtpx:TrackPointExtension>
            <gpxtpx:hr>161</gpxtpx:hr>
          </gpxtpx:TrackPointExtension>
        </extensions>
      </trkpt>
      <trkpt lat="22.594160248824462" lon="113.96825608205876">
        <ele>17.390235253609717</ele>
        <time>1970-01-01T00:16:28.200000Z</time>
        <extensions>
          <gpxtpx:TrackPointExtension>
            <gpxtpx:hr>160</gpxtpx:hr>
          </gpxtpx:TrackPointExtension>
        </extensions>
      </trkpt>
      <trkpt lat="22.594136776761093" lon="113.96823705514974">
        <ele>17.379480161704123</ele>
        <time>1970-01-01T00:16:29.200000Z</time>
        <extensions>
          <gpxtpx:TrackPointExtension>
            <gpxtpx:hr>160</gpxtpx:hr>
          </gpxtpx:TrackPointExtension>
        </extensions>
      </trkpt>
      <trkpt lat="22.59411424491697" lon="113.96821728078771">
        <ele>17.36762517131865</ele>
        <time>1970-01-01T00:16:30.200000Z</time>
        <extensions>
          <gpxtpx:TrackPointExtension>
            <gpxtpx:hr>160</gpxtpx:hr>
          </gpxtpx:TrackPointExtension>
        </extensions>
      </trkpt>
      <trkpt lat="22.594092734969333" lon="113.9681969793363">
        <ele>17.35461990442127</ele>
        <time>1970-01-01T00:16:31.200000Z</time>
        <extensions>
          <gpxtpx:TrackPointExtension>
            <gpxtpx:hr>160</gpxtpx:hr>
          </gpxtpx:TrackPointExtension>
        </extensions>
      </trkpt>
      <trkpt lat="22.59407189654309" lon="113.96817602905908">
        <ele>17.339704199694097</ele>
        <time>1970-01-01T00:16:32.200000Z</time>
        <extensions>
          <gpxtpx:TrackPointExtension>
            <gpxtpx:hr>160</gpxtpx:hr>
          </gpxtpx:TrackPointExtension>
        </extensions>
      </trkpt>
      <trkpt lat="22.594051125874277" lon="113.96815403699712">
        <ele>17.325370030477643</ele>
        <time>1970-01-01T00:16:33.200000Z</time>
        <extensions>
          <gpxtpx:TrackPointExtension>
            <gpxtpx:hr>160</gpxtpx:hr>
          </gpxtpx:TrackPointExtension>
        </extensions>
      </trkpt>
      <trkpt lat="22.594030739055267" lon="113.96813024410051">
        <ele>17.30679674167186</ele>
        <time>1970-01-01T00:16:34.200000Z</time>
        <extensions>
          <gpxtpx:TrackPointExtension>
            <gpxtpx:hr>160</gpxtpx:hr>
          </gpxtpx:TrackPointExtension>
        </extensions>
      </trkpt>
      <trkpt lat="22.59401161679161" lon="113.96810451029704">
        <ele>17.285985133610666</ele>
        <time>1970-01-01T00:16:35.200000Z</time>
        <extensions>
          <gpxtpx:TrackPointExtension>
            <gpxtpx:hr>160</gpxtpx:hr>
          </gpxtpx:TrackPointExtension>
        </extensions>
      </trkpt>
      <trkpt lat="22.593994223904634" lon="113.96807744662536">
        <ele>17.262395314872265</ele>
        <time>1970-01-01T00:16:36.200000Z</time>
        <extensions>
          <gpxtpx:TrackPointExtension>
            <gpxtpx:hr>160</gpxtpx:hr>
          </gpxtpx:TrackPointExtension>
        </extensions>
      </trkpt>
      <trkpt lat="22.593978761097112" lon="113.9680494602702">
        <ele>17.234959957189858</ele>
        <time>1970-01-01T00:16:37.200000Z</time>
        <extensions>
          <gpxtpx:TrackPointExtension>
            <gpxtpx:hr>160</gpxtpx:hr>
          </gpxtpx:TrackPointExtension>
        </extensions>
      </trkpt>
      <trkpt lat="22.59396513043589" lon="113.96802061839882">
        <ele>17.206691243685782</ele>
        <time>1970-01-01T00:16:38.200000Z</time>
        <extensions>
          <gpxtpx:TrackPointExtension>
            <gpxtpx:hr>160</gpxtpx:hr>
          </gpxtpx:TrackPointExtension>
        </extensions>
      </trkpt>
      <trkpt lat="22.593953019636704" lon="113.96799054797012">
        <ele>17.17396531999111</ele>
        <time>1970-01-01T00:16:39.200000Z</time>
        <extensions>
          <gpxtpx:TrackPointExtension>
            <gpxtpx:hr>159</gpxtpx:hr>
          </gpxtpx:TrackPointExtension>
        </extensions>
      </trkpt>
      <trkpt lat="22.593942184897667" lon="113.96795912927294">
        <ele>17.13939763698727</ele>
        <time>1970-01-01T00:16:40.200000Z</time>
        <extensions>
          <gpxtpx:TrackPointExtension>
            <gpxtpx:hr>159</gpxtpx:hr>
          </gpxtpx:TrackPointExtension>
        </extensions>
      </trkpt>
      <trkpt lat="22.59393257715565" lon="113.96792674033584">
        <ele>17.101383003406227</ele>
        <time>1970-01-01T00:16:41.200000Z</time>
        <extensions>
          <gpxtpx:TrackPointExtension>
            <gpxtpx:hr>159</gpxtpx:hr>
          </gpxtpx:TrackPointExtension>
        </extensions>
      </trkpt>
      <trkpt lat="22.593924338505474" lon="113.96789375617487">
        <ele>17.061182286590338</ele>
        <time>1970-01-01T00:16:42.200000Z</time>
        <extensions>
          <gpxtpx:TrackPointExtension>
            <gpxtpx:hr>159</gpxtpx:hr>
          </gpxtpx:TrackPointExtension>
        </extensions>
      </trkpt>
      <trkpt lat="22.593917572240187" lon="113.96786049911717">
        <ele>17.021961566992104</ele>
        <time>1970-01-01T00:16:43.200000Z</time>
        <extensions>
          <gpxtpx:TrackPointExtension>
            <gpxtpx:hr>159</gpxtpx:hr>
          </gpxtpx:TrackPointExtension>
        </extensions>
      </trkpt>
      <trkpt lat="22.593912286077888" lon="113.9678272929881">
        <ele>16.98309980239719</ele>
        <time>1970-01-01T00:16:44.200000Z</time>
        <extensions>
          <gpxtpx:TrackPointExtension>
            <gpxtpx:hr>159</gpxtpx:hr>
          </gpxtpx:TrackPointExtension>
        </extensions>
      </trkpt>
      <trkpt lat="22.593908494181118" lon="113.96779411867283">
        <ele>16.945474507287145</ele>
        <time>1970-01-01T00:16:45.200000Z</time>
        <extensions>
          <gpxtpx:TrackPointExtension>
            <gpxtpx:hr>159</gpxtpx:hr>
          </gpxtpx:TrackPointExtension>
        </extensions>
      </trkpt>
      <trkpt lat="22.593906107788925" lon="113.96776091269794">
        <ele>16.90820528473705</ele>
        <time>1970-01-01T00:16:46.200000Z</time>
        <extensions>
          <gpxtpx:TrackPointExtension>
            <gpxtpx:hr>159</gpxtpx:hr>
          </gpxtpx:TrackPointExtension>
        </extensions>
      </trkpt>
      <trkpt lat="22.593904996682408" lon="113.96772777566838">
        <ele>16.870590378530324</ele>
        <time>1970-01-01T00:16:47.200000Z</time>
        <extensions>
          <gpxtpx:TrackPointExtension>
            <gpxtpx:hr>159</gpxtpx:hr>
          </gpxtpx:TrackPointExtension>
        </extensions>
      </trkpt>
      <trkpt lat="22.593905118750765" lon="113.96769481124392">
        <ele>16.834052061662078</ele>
        <time>1970-01-01T00:16:48.200000Z</time>
        <extensions>
          <gpxtpx:TrackPointExtension>
            <gpxtpx:hr>159</gpxtpx:hr>
          </gpxtpx:TrackPointExtension>
        </extensions>
      </trkpt>
      <trkpt lat="22.59390606264082" lon="113.9676621933511">
        <ele>16.797208880074322</ele>
        <time>1970-01-01T00:16:49.200000Z</time>
        <extensions>
          <gpxtpx:TrackPointExtension>
            <gpxtpx:hr>159</gpxtpx:hr>
          </gpxtpx:TrackPointExtension>
        </extensions>
      </trkpt>
      <trkpt lat="22.59390746460024" lon="113.96762995926734">
        <ele>16.761334895156324</ele>
        <time>1970-01-01T00:16:50.100000Z</time>
        <extensions>
          <gpxtpx:TrackPointExtension>
            <gpxtpx:hr>159</gpxtpx:hr>
          </gpxtpx:TrackPointExtension>
        </extensions>
      </trkpt>
      <trkpt lat="22.593909177552284" lon="113.96759825098867">
        <ele>16.725691803731024</ele>
        <time>1970-01-01T00:16:51.100000Z</time>
        <extensions>
          <gpxtpx:TrackPointExtension>
            <gpxtpx:hr>159</gpxtpx:hr>
          </gpxtpx:TrackPointExtension>
        </extensions>
      </trkpt>
      <trkpt lat="22.593910916330856" lon="113.96756703583263">
        <ele>16.688553529791534</ele>
        <time>1970-01-01T00:16:52.100000Z</time>
        <extensions>
          <gpxtpx:TrackPointExtension>
            <gpxtpx:hr>159</gpxtpx:hr>
          </gpxtpx:TrackPointExtension>
        </extensions>
      </trkpt>
      <trkpt lat="22.59391217874403" lon="113.96753613406545">
        <ele>16.64919287431985</ele>
        <time>1970-01-01T00:16:53.100000Z</time>
        <extensions>
          <gpxtpx:TrackPointExtension>
            <gpxtpx:hr>159</gpxtpx:hr>
          </gpxtpx:TrackPointExtension>
        </extensions>
      </trkpt>
      <trkpt lat="22.593913196926913" lon="113.96750582722066">
        <ele>16.60925961472094</ele>
        <time>1970-01-01T00:16:54.100000Z</time>
        <extensions>
          <gpxtpx:TrackPointExtension>
            <gpxtpx:hr>159</gpxtpx:hr>
          </gpxtpx:TrackPointExtension>
        </extensions>
      </trkpt>
      <trkpt lat="22.593914500239233" lon="113.96747676810065">
        <ele>16.565434387885034</ele>
        <time>1970-01-01T00:16:55.100000Z</time>
        <extensions>
          <gpxtpx:TrackPointExtension>
            <gpxtpx:hr>159</gpxtpx:hr>
          </gpxtpx:TrackPointExtension>
        </extensions>
      </trkpt>
      <trkpt lat="22.59391594687464" lon="113.9674494984651">
        <ele>16.519939574413</ele>
        <time>1970-01-01T00:16:56.100000Z</time>
        <extensions>
          <gpxtpx:TrackPointExtension>
            <gpxtpx:hr>159</gpxtpx:hr>
          </gpxtpx:TrackPointExtension>
        </extensions>
      </trkpt>
      <trkpt lat="22.593917199294054" lon="113.96742450893133">
        <ele>16.46973019372672</ele>
        <time>1970-01-01T00:16:57.100000Z</time>
        <extensions>
          <gpxtpx:TrackPointExtension>
            <gpxtpx:hr>159</gpxtpx:hr>
          </gpxtpx:TrackPointExtension>
        </extensions>
      </trkpt>
      <trkpt lat="22.59391754603451" lon="113.96740323555706">
        <ele>16.416058871895075</ele>
        <time>1970-01-01T00:16:58.100000Z</time>
        <extensions>
          <gpxtpx:TrackPointExtension>
            <gpxtpx:hr>159</gpxtpx:hr>
          </gpxtpx:TrackPointExtension>
        </extensions>
      </trkpt>
      <trkpt lat="22.593915728324266" lon="113.9673887370232">
        <ele>16.356625630520284</ele>
        <time>1970-01-01T00:16:59.100000Z</time>
        <extensions>
          <gpxtpx:TrackPointExtension>
            <gpxtpx:hr>159</gpxtpx:hr>
          </gpxtpx:TrackPointExtension>
        </extensions>
      </trkpt>
      <trkpt lat="22.593912293996404" lon="113.96738578441227">
        <ele>16.29213414527476</ele>
        <time>1970-01-01T00:17:00.100000Z</time>
        <extensions>
          <gpxtpx:TrackPointExtension>
            <gpxtpx:hr>159</gpxtpx:hr>
          </gpxtpx:TrackPointExtension>
        </extensions>
      </trkpt>
      <trkpt lat="22.59390978029675" lon="113.96739301115986">
        <ele>16.222521072253585</ele>
        <time>1970-01-01T00:17:01.100000Z</time>
        <extensions>
          <gpxtpx:TrackPointExtension>
            <gpxtpx:hr>159</gpxtpx:hr>
          </gpxtpx:TrackPointExtension>
        </extensions>
      </trkpt>
      <trkpt lat="22.59390886339651" lon="113.96740549035266">
        <ele>16.14557678811252</ele>
        <time>1970-01-01T00:17:02.100000Z</time>
        <extensions>
          <gpxtpx:TrackPointExtension>
            <gpxtpx:hr>159</gpxtpx:hr>
          </gpxtpx:TrackPointExtension>
        </extensions>
      </trkpt>
      <trkpt lat="22.593908844046073" lon="113.96742301641724">
        <ele>16.062301410362124</ele>
        <time>1970-01-01T00:17:03.100000Z</time>
        <extensions>
          <gpxtpx:TrackPointExtension>
            <gpxtpx:hr>159</gpxtpx:hr>
          </gpxtpx:TrackPointExtension>
        </extensions>
      </trkpt>
      <trkpt lat="22.593908924277176" lon="113.9674457244144">
        <ele>15.971023252233863</ele>
        <time>1970-01-01T00:17:04.100000Z</time>
        <extensions>
          <gpxtpx:TrackPointExtension>
            <gpxtpx:hr>159</gpxtpx:hr>
          </gpxtpx:TrackPointExtension>
        </extensions>
      </trkpt>
      <trkpt lat="22.59390862285923" lon="113.96747171656088">
        <ele>15.87439243402332</ele>
        <time>1970-01-01T00:17:05.100000Z</time>
        <extensions>
          <gpxtpx:TrackPointExtension>
            <gpxtpx:hr>159</gpxtpx:hr>
          </gpxtpx:TrackPointExtension>
        </extensions>
      </trkpt>
      <trkpt lat="22.593908139204064" lon="113.96749891792761">
        <ele>15.77263951767236</ele>
        <time>1970-01-01T00:17:06.100000Z</time>
        <extensions>
          <gpxtpx:TrackPointExtension>
            <gpxtpx:hr>159</gpxtpx:hr>
          </gpxtpx:TrackPointExtension>
        </extensions>
      </trkpt>
      <trkpt lat="22.593907625367862" lon="113.96752680040035">
        <ele>15.665527671575546</ele>
        <time>1970-01-01T00:17:07.100000Z</time>
        <extensions>
          <gpxtpx:TrackPointExtension>
            <gpxtpx:hr>159</gpxtpx:hr>
          </gpxtpx:TrackPointExtension>
        </extensions>
      </trkpt>
      <trkpt lat="22.593907279941167" lon="113.9675554342991">
        <ele>15.553375076502562</ele>
        <time>1970-01-01T00:17:08.100000Z</time>
        <extensions>
          <gpxtpx:TrackPointExtension>
            <gpxtpx:hr>159</gpxtpx:hr>
          </gpxtpx:TrackPointExtension>
        </extensions>
      </trkpt>
      <trkpt lat="22.593907263318048" lon="113.96758478962215">
        <ele>15.43715510610491</ele>
        <time>1970-01-01T00:17:09.100000Z</time>
        <extensions>
          <gpxtpx:TrackPointExtension>
            <gpxtpx:hr>159</gpxtpx:hr>
          </gpxtpx:TrackPointExtension>
        </extensions>
      </trkpt>
      <trkpt lat="22.59390783557387" lon="113.96761466573254">
        <ele>15.31710156891495</ele>
        <time>1970-01-01T00:17:10.100000Z</time>
        <extensions>
          <gpxtpx:TrackPointExtension>
            <gpxtpx:hr>159</gpxtpx:hr>
          </gpxtpx:TrackPointExtension>
        </extensions>
      </trkpt>
      <trkpt lat="22.59390913781927" lon="113.96764472391449">
        <ele>15.191426783800125</ele>
        <time>1970-01-01T00:17:11.100000Z</time>
        <extensions>
          <gpxtpx:TrackPointExtension>
            <gpxtpx:hr>159</gpxtpx:hr>
          </gpxtpx:TrackPointExtension>
        </extensions>
      </trkpt>
      <trkpt lat="22.5939112949512" lon="113.96767467208284">
        <ele>15.059217835776508</ele>
        <time>1970-01-01T00:17:12.100000Z</time>
        <extensions>
          <gpxtpx:TrackPointExtension>
            <gpxtpx:hr>159</gpxtpx:hr>
          </gpxtpx:TrackPointExtension>
        </extensions>
      </trkpt>
      <trkpt lat="22.593914490127954" lon="113.9677043542507">
        <ele>14.921235660091043</ele>
        <time>1970-01-01T00:17:13.100000Z</time>
        <extensions>
          <gpxtpx:TrackPointExtension>
            <gpxtpx:hr>159</gpxtpx:hr>
          </gpxtpx:TrackPointExtension>
        </extensions>
      </trkpt>
      <trkpt lat="22.593918776706147" lon="113.96773374001141">
        <ele>14.777631647884846</ele>
        <time>1970-01-01T00:17:14.100000Z</time>
        <extensions>
          <gpxtpx:TrackPointExtension>
            <gpxtpx:hr>159</gpxtpx:hr>
          </gpxtpx:TrackPointExtension>
        </extensions>
      </trkpt>
      <trkpt lat="22.59392414553341" lon="113.96776293312189">
        <ele>14.630980179645121</ele>
        <time>1970-01-01T00:17:15.100000Z</time>
        <extensions>
          <gpxtpx:TrackPointExtension>
            <gpxtpx:hr>159</gpxtpx:hr>
          </gpxtpx:TrackPointExtension>
        </extensions>
      </trkpt>
      <trkpt lat="22.593930576065237" lon="113.96779198488765">
        <ele>14.480748290196061</ele>
        <time>1970-01-01T00:17:16.100000Z</time>
        <extensions>
          <gpxtpx:TrackPointExtension>
            <gpxtpx:hr>160</gpxtpx:hr>
          </gpxtpx:TrackPointExtension>
        </extensions>
      </trkpt>
      <trkpt lat="22.593938068250253" lon="113.96782083379132">
        <ele>14.328346341848373</ele>
        <time>1970-01-01T00:17:17.100000Z</time>
        <extensions>
          <gpxtpx:TrackPointExtension>
            <gpxtpx:hr>160</gpxtpx:hr>
          </gpxtpx:TrackPointExtension>
        </extensions>
      </trkpt>
      <trkpt lat="22.593946506985382" lon="113.96784945194963">
        <ele>14.17385361995548</ele>
        <time>1970-01-01T00:17:18.100000Z</time>
        <extensions>
          <gpxtpx:TrackPointExtension>
            <gpxtpx:hr>160</gpxtpx:hr>
          </gpxtpx:TrackPointExtension>
        </extensions>
      </trkpt>
      <trkpt lat="22.593955771718473" lon="113.96787777704823">
        <ele>14.018780964426696</ele>
        <time>1970-01-01T00:17:19.100000Z</time>
        <extensions>
          <gpxtpx:TrackPointExtension>
            <gpxtpx:hr>160</gpxtpx:hr>
          </gpxtpx:TrackPointExtension>
        </extensions>
      </trkpt>
      <trkpt lat="22.593965792798116" lon="113.96790569330747">
        <ele>13.865382478572428</ele>
        <time>1970-01-01T00:17:20.100000Z</time>
        <extensions>
          <gpxtpx:TrackPointExtension>
            <gpxtpx:hr>160</gpxtpx:hr>
          </gpxtpx:TrackPointExtension>
        </extensions>
      </trkpt>
      <trkpt lat="22.59397654259083" lon="113.96793310987009">
        <ele>13.717475433833897</ele>
        <time>1970-01-01T00:17:21.100000Z</time>
        <extensions>
          <gpxtpx:TrackPointExtension>
            <gpxtpx:hr>160</gpxtpx:hr>
          </gpxtpx:TrackPointExtension>
        </extensions>
      </trkpt>
      <trkpt lat="22.593987959142463" lon="113.96795989135613">
        <ele>13.574451984837651</ele>
        <time>1970-01-01T00:17:22.100000Z</time>
        <extensions>
          <gpxtpx:TrackPointExtension>
            <gpxtpx:hr>160</gpxtpx:hr>
          </gpxtpx:TrackPointExtension>
        </extensions>
      </trkpt>
      <trkpt lat="22.593999933454107" lon="113.96798606078295">
        <ele>13.439479688182473</ele>
        <time>1970-01-01T00:17:23.100000Z</time>
        <extensions>
          <gpxtpx:TrackPointExtension>
            <gpxtpx:hr>157</gpxtpx:hr>
          </gpxtpx:TrackPointExtension>
        </extensions>
      </trkpt>
      <trkpt lat="22.594012312028845" lon="113.96801160061871">
        <ele>13.314406670629978</ele>
        <time>1970-01-01T00:17:24.100000Z</time>
        <extensions>
          <gpxtpx:TrackPointExtension>
            <gpxtpx:hr>157</gpxtpx:hr>
          </gpxtpx:TrackPointExtension>
        </extensions>
      </trkpt>
      <trkpt lat="22.59402512577536" lon="113.96803669997941">
        <ele>13.199020383879542</ele>
        <time>1970-01-01T00:17:25.100000Z</time>
        <extensions>
          <gpxtpx:TrackPointExtension>
            <gpxtpx:hr>157</gpxtpx:hr>
          </gpxtpx:TrackPointExtension>
        </extensions>
      </trkpt>
      <trkpt lat="22.594038545813994" lon="113.9680616827744">
        <ele>13.09927795920521</ele>
        <time>1970-01-01T00:17:26Z</time>
        <extensions>
          <gpxtpx:TrackPointExtension>
            <gpxtpx:hr>157</gpxtpx:hr>
          </gpxtpx:TrackPointExtension>
        </extensions>
      </trkpt>
      <trkpt lat="22.59405275811011" lon="113.96808625708873">
        <ele>13.014155210927129</ele>
        <time>1970-01-01T00:17:27Z</time>
        <extensions>
          <gpxtpx:TrackPointExtension>
            <gpxtpx:hr>157</gpxtpx:hr>
          </gpxtpx:TrackPointExtension>
        </extensions>
      </trkpt>
      <trkpt lat="22.594067965161823" lon="113.96810993451247">
        <ele>12.947408854030073</ele>
        <time>1970-01-01T00:17:28Z</time>
        <extensions>
          <gpxtpx:TrackPointExtension>
            <gpxtpx:hr>157</gpxtpx:hr>
          </gpxtpx:TrackPointExtension>
        </extensions>
      </trkpt>
      <trkpt lat="22.59408441289405" lon="113.96813226459207">
        <ele>12.895618662238121</ele>
        <time>1970-01-01T00:17:29Z</time>
        <extensions>
          <gpxtpx:TrackPointExtension>
            <gpxtpx:hr>157</gpxtpx:hr>
          </gpxtpx:TrackPointExtension>
        </extensions>
      </trkpt>
      <trkpt lat="22.59410225510049" lon="113.96815287738671">
        <ele>12.860296956263483</ele>
        <time>1970-01-01T00:17:30Z</time>
        <extensions>
          <gpxtpx:TrackPointExtension>
            <gpxtpx:hr>156</gpxtpx:hr>
          </gpxtpx:TrackPointExtension>
        </extensions>
      </trkpt>
      <trkpt lat="22.59412178910488" lon="113.96817160581736">
        <ele>12.842020991258323</ele>
        <time>1970-01-01T00:17:31Z</time>
        <extensions>
          <gpxtpx:TrackPointExtension>
            <gpxtpx:hr>156</gpxtpx:hr>
          </gpxtpx:TrackPointExtension>
        </extensions>
      </trkpt>
      <trkpt lat="22.594143240410283" lon="113.96818785362359">
        <ele>12.838081204332411</ele>
        <time>1970-01-01T00:17:32Z</time>
        <extensions>
          <gpxtpx:TrackPointExtension>
            <gpxtpx:hr>156</gpxtpx:hr>
          </gpxtpx:TrackPointExtension>
        </extensions>
      </trkpt>
      <trkpt lat="22.594165857538606" lon="113.96820134490925">
        <ele>12.849528469145298</ele>
        <time>1970-01-01T00:17:33Z</time>
        <extensions>
          <gpxtpx:TrackPointExtension>
            <gpxtpx:hr>156</gpxtpx:hr>
          </gpxtpx:TrackPointExtension>
        </extensions>
      </trkpt>
      <trkpt lat="22.594188403328783" lon="113.9682123633268">
        <ele>12.872179324738681</ele>
        <time>1970-01-01T00:17:34Z</time>
        <extensions>
          <gpxtpx:TrackPointExtension>
            <gpxtpx:hr>156</gpxtpx:hr>
          </gpxtpx:TrackPointExtension>
        </extensions>
      </trkpt>
      <trkpt lat="22.594210540307888" lon="113.96822168354309">
        <ele>12.906604239717126</ele>
        <time>1970-01-01T00:17:35Z</time>
        <extensions>
          <gpxtpx:TrackPointExtension>
            <gpxtpx:hr>156</gpxtpx:hr>
          </gpxtpx:TrackPointExtension>
        </extensions>
      </trkpt>
      <trkpt lat="22.59423236145005" lon="113.9682303864258">
        <ele>12.948769077658653</ele>
        <time>1970-01-01T00:17:36Z</time>
        <extensions>
          <gpxtpx:TrackPointExtension>
            <gpxtpx:hr>156</gpxtpx:hr>
          </gpxtpx:TrackPointExtension>
        </extensions>
      </trkpt>
      <trkpt lat="22.594254335234023" lon="113.96823896484216">
        <ele>12.996967650949955</ele>
        <time>1970-01-01T00:17:37Z</time>
        <extensions>
          <gpxtpx:TrackPointExtension>
            <gpxtpx:hr>156</gpxtpx:hr>
          </gpxtpx:TrackPointExtension>
        </extensions>
      </trkpt>
      <trkpt lat="22.59427704572012" lon="113.96824776241772">
        <ele>13.049984079785645</ele>
        <time>1970-01-01T00:17:38Z</time>
        <extensions>
          <gpxtpx:TrackPointExtension>
            <gpxtpx:hr>156</gpxtpx:hr>
          </gpxtpx:TrackPointExtension>
        </extensions>
      </trkpt>
      <trkpt lat="22.594300522455672" lon="113.96825688704754">
        <ele>13.106375875882804</ele>
        <time>1970-01-01T00:17:39Z</time>
        <extensions>
          <gpxtpx:TrackPointExtension>
            <gpxtpx:hr>157</gpxtpx:hr>
          </gpxtpx:TrackPointExtension>
        </extensions>
      </trkpt>
      <trkpt lat="22.59432464417518" lon="113.96826627057301">
        <ele>13.16647725366056</ele>
        <time>1970-01-01T00:17:40Z</time>
        <extensions>
          <gpxtpx:TrackPointExtension>
            <gpxtpx:hr>157</gpxtpx:hr>
          </gpxtpx:TrackPointExtension>
        </extensions>
      </trkpt>
      <trkpt lat="22.594348910981616" lon="113.96827576005555">
        <ele>13.228300468064845</ele>
        <time>1970-01-01T00:17:41Z</time>
        <extensions>
          <gpxtpx:TrackPointExtension>
            <gpxtpx:hr>157</gpxtpx:hr>
          </gpxtpx:TrackPointExtension>
        </extensions>
      </trkpt>
      <trkpt lat="22.594373018344665" lon="113.96828531949534">
        <ele>13.291068392805755</ele>
        <time>1970-01-01T00:17:42Z</time>
        <extensions>
          <gpxtpx:TrackPointExtension>
            <gpxtpx:hr>157</gpxtpx:hr>
          </gpxtpx:TrackPointExtension>
        </extensions>
      </trkpt>
      <trkpt lat="22.594397036055444" lon="113.96829527704253">
        <ele>13.353800691664219</ele>
        <time>1970-01-01T00:17:43Z</time>
        <extensions>
          <gpxtpx:TrackPointExtension>
            <gpxtpx:hr>157</gpxtpx:hr>
          </gpxtpx:TrackPointExtension>
        </extensions>
      </trkpt>
      <trkpt lat="22.594420809758798" lon="113.96830594629559">
        <ele>13.414781921543181</ele>
        <time>1970-01-01T00:17:44Z</time>
        <extensions>
          <gpxtpx:TrackPointExtension>
            <gpxtpx:hr>157</gpxtpx:hr>
          </gpxtpx:TrackPointExtension>
        </extensions>
      </trkpt>
      <trkpt lat="22.594443850056" lon="113.96831767890353">
        <ele>13.47576570790261</ele>
        <time>1970-01-01T00:17:45Z</time>
        <extensions>
          <gpxtpx:TrackPointExtension>
            <gpxtpx:hr>156</gpxtpx:hr>
          </gpxtpx:TrackPointExtension>
        </extensions>
      </trkpt>
      <trkpt lat="22.59446562942551" lon="113.96833096560889">
        <ele>13.534278137609363</ele>
        <time>1970-01-01T00:17:46Z</time>
        <extensions>
          <gpxtpx:TrackPointExtension>
            <gpxtpx:hr>156</gpxtpx:hr>
          </gpxtpx:TrackPointExtension>
        </extensions>
      </trkpt>
      <trkpt lat="22.594485409779352" lon="113.96834650260783">
        <ele>13.588328277692199</ele>
        <time>1970-01-01T00:17:47Z</time>
        <extensions>
          <gpxtpx:TrackPointExtension>
            <gpxtpx:hr>156</gpxtpx:hr>
          </gpxtpx:TrackPointExtension>
        </extensions>
      </trkpt>
      <trkpt lat="22.594502745269722" lon="113.96836483411737">
        <ele>13.641374010592699</ele>
        <time>1970-01-01T00:17:48Z</time>
        <extensions>
          <gpxtpx:TrackPointExtension>
            <gpxtpx:hr>156</gpxtpx:hr>
          </gpxtpx:TrackPointExtension>
        </extensions>
      </trkpt>
      <trkpt lat="22.59451757397498" lon="113.96838569815574">
        <ele>13.690332429483533</ele>
        <time>1970-01-01T00:17:49Z</time>
        <extensions>
          <gpxtpx:TrackPointExtension>
            <gpxtpx:hr>156</gpxtpx:hr>
          </gpxtpx:TrackPointExtension>
        </extensions>
      </trkpt>
      <trkpt lat="22.594529911279903" lon="113.96840860594062">
        <ele>13.739361438900232</ele>
        <time>1970-01-01T00:17:50Z</time>
        <extensions>
          <gpxtpx:TrackPointExtension>
            <gpxtpx:hr>156</gpxtpx:hr>
          </gpxtpx:TrackPointExtension>
        </extensions>
      </trkpt>
      <trkpt lat="22.594539780613392" lon="113.96843304182094">
        <ele>13.785950330086052</ele>
        <time>1970-01-01T00:17:51Z</time>
        <extensions>
          <gpxtpx:TrackPointExtension>
            <gpxtpx:hr>156</gpxtpx:hr>
          </gpxtpx:TrackPointExtension>
        </extensions>
      </trkpt>
      <trkpt lat="22.594547264250032" lon="113.96845836751427">
        <ele>13.831447524018586</ele>
        <time>1970-01-01T00:17:52Z</time>
        <extensions>
          <gpxtpx:TrackPointExtension>
            <gpxtpx:hr>156</gpxtpx:hr>
          </gpxtpx:TrackPointExtension>
        </extensions>
      </trkpt>
      <trkpt lat="22.594552432322924" lon="113.96848402936735">
        <ele>13.873692072927952</ele>
        <time>1970-01-01T00:17:53Z</time>
        <extensions>
          <gpxtpx:TrackPointExtension>
            <gpxtpx:hr>155</gpxtpx:hr>
          </gpxtpx:TrackPointExtension>
        </extensions>
      </trkpt>
      <trkpt lat="22.594555417264743" lon="113.96850988052466">
        <ele>13.91781272366643</ele>
        <time>1970-01-01T00:17:54Z</time>
        <extensions>
          <gpxtpx:TrackPointExtension>
            <gpxtpx:hr>155</gpxtpx:hr>
          </gpxtpx:TrackPointExtension>
        </extensions>
      </trkpt>
      <trkpt lat="22.594556846772527" lon="113.96853602918196">
        <ele>13.958194344304502</ele>
        <time>1970-01-01T00:17:55Z</time>
        <extensions>
          <gpxtpx:TrackPointExtension>
            <gpxtpx:hr>155</gpxtpx:hr>
          </gpxtpx:TrackPointExtension>
        </extensions>
      </trkpt>
      <trkpt lat="22.594557489723574" lon="113.96856256628928">
        <ele>14.000734680332243</ele>
        <time>1970-01-01T00:17:56Z</time>
        <extensions>
          <gpxtpx:TrackPointExtension>
            <gpxtpx:hr>155</gpxtpx:hr>
          </gpxtpx:TrackPointExtension>
        </extensions>
      </trkpt>
      <trkpt lat="22.594557958875093" lon="113.96858941718243">
        <ele>14.039418816566467</ele>
        <time>1970-01-01T00:17:57Z</time>
        <extensions>
          <gpxtpx:TrackPointExtension>
            <gpxtpx:hr>155</gpxtpx:hr>
          </gpxtpx:TrackPointExtension>
        </extensions>
      </trkpt>
      <trkpt lat="22.594558776429604" lon="113.96861649269485">
        <ele>14.077670788392425</ele>
        <time>1970-01-01T00:17:58Z</time>
        <extensions>
          <gpxtpx:TrackPointExtension>
            <gpxtpx:hr>155</gpxtpx:hr>
          </gpxtpx:TrackPointExtension>
        </extensions>
      </trkpt>
      <trkpt lat="22.594559435438285" lon="113.96864396401277">
        <ele>14.111803249455988</ele>
        <time>1970-01-01T00:17:59Z</time>
        <extensions>
          <gpxtpx:TrackPointExtension>
            <gpxtpx:hr>155</gpxtpx:hr>
          </gpxtpx:TrackPointExtension>
        </extensions>
      </trkpt>
      <trkpt lat="22.59455951907246" lon="113.9686718884855">
        <ele>14.144327849149704</ele>
        <time>1970-01-01T00:18:00Z</time>
        <extensions>
          <gpxtpx:TrackPointExtension>
            <gpxtpx:hr>155</gpxtpx:hr>
          </gpxtpx:TrackPointExtension>
        </extensions>
      </trkpt>
      <trkpt lat="22.594559465913402" lon="113.9686998380768">
        <ele>14.171419374644756</ele>
        <time>1970-01-01T00:18:00.900000Z</time>
        <extensions>
          <gpxtpx:TrackPointExtension>
            <gpxtpx:hr>155</gpxtpx:hr>
          </gpxtpx:TrackPointExtension>
        </extensions>
      </trkpt>
      <trkpt lat="22.594559487720893" lon="113.96872741900225">
        <ele>14.196050252765417</ele>
        <time>1970-01-01T00:18:01.900000Z</time>
        <extensions>
          <gpxtpx:TrackPointExtension>
            <gpxtpx:hr>155</gpxtpx:hr>
          </gpxtpx:TrackPointExtension>
        </extensions>
      </trkpt>
      <trkpt lat="22.59455954113686" lon="113.96875478954715">
        <ele>14.21512436773628</ele>
        <time>1970-01-01T00:18:02.900000Z</time>
        <extensions>
          <gpxtpx:TrackPointExtension>
            <gpxtpx:hr>155</gpxtpx:hr>
          </gpxtpx:TrackPointExtension>
        </extensions>
      </trkpt>
      <trkpt lat="22.594559572416575" lon="113.968782033629">
        <ele>14.341593754477799</ele>
        <time>1970-01-01T00:18:03.900000Z</time>
        <extensions>
          <gpxtpx:TrackPointExtension>
            <gpxtpx:hr>155</gpxtpx:hr>
          </gpxtpx:TrackPointExtension>
        </extensions>
      </trkpt>
      <trkpt lat="22.594559706958464" lon="113.96880928929396">
        <ele>14.378663150593638</ele>
        <time>1970-01-01T00:18:04.900000Z</time>
        <extensions>
          <gpxtpx:TrackPointExtension>
            <gpxtpx:hr>153</gpxtpx:hr>
          </gpxtpx:TrackPointExtension>
        </extensions>
      </trkpt>
      <trkpt lat="22.594560129030366" lon="113.96883680760794">
        <ele>14.404063448309898</ele>
        <time>1970-01-01T00:18:05.900000Z</time>
        <extensions>
          <gpxtpx:TrackPointExtension>
            <gpxtpx:hr>153</gpxtpx:hr>
          </gpxtpx:TrackPointExtension>
        </extensions>
      </trkpt>
      <trkpt lat="22.594560705894658" lon="113.9688644867228">
        <ele>14.423658144660294</ele>
        <time>1970-01-01T00:18:06.900000Z</time>
        <extensions>
          <gpxtpx:TrackPointExtension>
            <gpxtpx:hr>153</gpxtpx:hr>
          </gpxtpx:TrackPointExtension>
        </extensions>
      </trkpt>
      <trkpt lat="22.594561124955792" lon="113.96889216336456">
        <ele>14.436266087926924</ele>
        <time>1970-01-01T00:18:07.900000Z</time>
        <extensions>
          <gpxtpx:TrackPointExtension>
            <gpxtpx:hr>153</gpxtpx:hr>
          </gpxtpx:TrackPointExtension>
        </extensions>
      </trkpt>
      <trkpt lat="22.594561531953527" lon="113.96891999525708">
        <ele>14.445434908382595</ele>
        <time>1970-01-01T00:18:08.900000Z</time>
        <extensions>
          <gpxtpx:TrackPointExtension>
            <gpxtpx:hr>153</gpxtpx:hr>
          </gpxtpx:TrackPointExtension>
        </extensions>
      </trkpt>
      <trkpt lat="22.594562319983435" lon="113.96894800841872">
        <ele>14.450742471031845</ele>
        <time>1970-01-01T00:18:09.900000Z</time>
        <extensions>
          <gpxtpx:TrackPointExtension>
            <gpxtpx:hr>153</gpxtpx:hr>
          </gpxtpx:TrackPointExtension>
        </extensions>
      </trkpt>
      <trkpt lat="22.594563926572352" lon="113.96897599683872">
        <ele>14.451987888664007</ele>
        <time>1970-01-01T00:18:10.900000Z</time>
        <extensions>
          <gpxtpx:TrackPointExtension>
            <gpxtpx:hr>153</gpxtpx:hr>
          </gpxtpx:TrackPointExtension>
        </extensions>
      </trkpt>
      <trkpt lat="22.594566807308563" lon="113.96900356835039">
        <ele>14.447655757889152</ele>
        <time>1970-01-01T00:18:11.900000Z</time>
        <extensions>
          <gpxtpx:TrackPointExtension>
            <gpxtpx:hr>151</gpxtpx:hr>
          </gpxtpx:TrackPointExtension>
        </extensions>
      </trkpt>
      <trkpt lat="22.594570650761632" lon="113.96903082422074">
        <ele>14.438589736819267</ele>
        <time>1970-01-01T00:18:12.900000Z</time>
        <extensions>
          <gpxtpx:TrackPointExtension>
            <gpxtpx:hr>151</gpxtpx:hr>
          </gpxtpx:TrackPointExtension>
        </extensions>
      </trkpt>
      <trkpt lat="22.594574327164285" lon="113.9690581295049">
        <ele>14.423746661283076</ele>
        <time>1970-01-01T00:18:13.900000Z</time>
        <extensions>
          <gpxtpx:TrackPointExtension>
            <gpxtpx:hr>151</gpxtpx:hr>
          </gpxtpx:TrackPointExtension>
        </extensions>
      </trkpt>
      <trkpt lat="22.594577458185615" lon="113.96908541086947">
        <ele>14.404738220386207</ele>
        <time>1970-01-01T00:18:14.900000Z</time>
        <extensions>
          <gpxtpx:TrackPointExtension>
            <gpxtpx:hr>151</gpxtpx:hr>
          </gpxtpx:TrackPointExtension>
        </extensions>
      </trkpt>
      <trkpt lat="22.594580176811053" lon="113.96911295289537">
        <ele>14.382212279364467</ele>
        <time>1970-01-01T00:18:15.900000Z</time>
        <extensions>
          <gpxtpx:TrackPointExtension>
            <gpxtpx:hr>151</gpxtpx:hr>
          </gpxtpx:TrackPointExtension>
        </extensions>
      </trkpt>
      <trkpt lat="22.594582694416523" lon="113.96914123848009">
        <ele>14.356576148420572</ele>
        <time>1970-01-01T00:18:16.900000Z</time>
        <extensions>
          <gpxtpx:TrackPointExtension>
            <gpxtpx:hr>151</gpxtpx:hr>
          </gpxtpx:TrackPointExtension>
        </extensions>
      </trkpt>
      <trkpt lat="22.594585178214597" lon="113.96916989514307">
        <ele>14.328114876523614</ele>
        <time>1970-01-01T00:18:17.900000Z</time>
        <extensions>
          <gpxtpx:TrackPointExtension>
            <gpxtpx:hr>151</gpxtpx:hr>
          </gpxtpx:TrackPointExtension>
        </extensions>
      </trkpt>
      <trkpt lat="22.594587498107984" lon="113.96919862243463">
        <ele>14.297465241514146</ele>
        <time>1970-01-01T00:18:18.900000Z</time>
        <extensions>
          <gpxtpx:TrackPointExtension>
            <gpxtpx:hr>150</gpxtpx:hr>
          </gpxtpx:TrackPointExtension>
        </extensions>
      </trkpt>
      <trkpt lat="22.594589562049574" lon="113.96922744171601">
        <ele>14.264996428973973</ele>
        <time>1970-01-01T00:18:19.900000Z</time>
        <extensions>
          <gpxtpx:TrackPointExtension>
            <gpxtpx:hr>150</gpxtpx:hr>
          </gpxtpx:TrackPointExtension>
        </extensions>
      </trkpt>
      <trkpt lat="22.59459138109445" lon="113.96925638861471">
        <ele>14.231615821830928</ele>
        <time>1970-01-01T00:18:20.900000Z</time>
        <extensions>
          <gpxtpx:TrackPointExtension>
            <gpxtpx:hr>150</gpxtpx:hr>
          </gpxtpx:TrackPointExtension>
        </extensions>
      </trkpt>
      <trkpt lat="22.594592812643164" lon="113.96928554660465">
        <ele>14.197874423116446</ele>
        <time>1970-01-01T00:18:21.900000Z</time>
        <extensions>
          <gpxtpx:TrackPointExtension>
            <gpxtpx:hr>150</gpxtpx:hr>
          </gpxtpx:TrackPointExtension>
        </extensions>
      </trkpt>
      <trkpt lat="22.59459357872965" lon="113.96931486876115">
        <ele>14.164815865457058</ele>
        <time>1970-01-01T00:18:22.900000Z</time>
        <extensions>
          <gpxtpx:TrackPointExtension>
            <gpxtpx:hr>150</gpxtpx:hr>
          </gpxtpx:TrackPointExtension>
        </extensions>
      </trkpt>
      <trkpt lat="22.594593444134038" lon="113.96934411131812">
        <ele>14.133248472586274</ele>
        <time>1970-01-01T00:18:23.900000Z</time>
        <extensions>
          <gpxtpx:TrackPointExtension>
            <gpxtpx:hr>150</gpxtpx:hr>
          </gpxtpx:TrackPointExtension>
        </extensions>
      </trkpt>
      <trkpt lat="22.594592199185705" lon="113.96937269346506">
        <ele>14.10387796163559</ele>
        <time>1970-01-01T00:18:24.900000Z</time>
        <extensions>
          <gpxtpx:TrackPointExtension>
            <gpxtpx:hr>152</gpxtpx:hr>
          </gpxtpx:TrackPointExtension>
        </extensions>
      </trkpt>
      <trkpt lat="22.594589765470655" lon="113.96940058226363">
        <ele>14.07770368270576</ele>
        <time>1970-01-01T00:18:25.900000Z</time>
        <extensions>
          <gpxtpx:TrackPointExtension>
            <gpxtpx:hr>152</gpxtpx:hr>
          </gpxtpx:TrackPointExtension>
        </extensions>
      </trkpt>
      <trkpt lat="22.594586265210253" lon="113.96942827382011">
        <ele>14.055227844044566</ele>
        <time>1970-01-01T00:18:26.900000Z</time>
        <extensions>
          <gpxtpx:TrackPointExtension>
            <gpxtpx:hr>152</gpxtpx:hr>
          </gpxtpx:TrackPointExtension>
        </extensions>
      </trkpt>
      <trkpt lat="22.594581921922398" lon="113.96945601673002">
        <ele>14.037139193154871</ele>
        <time>1970-01-01T00:18:27.900000Z</time>
        <extensions>
          <gpxtpx:TrackPointExtension>
            <gpxtpx:hr>152</gpxtpx:hr>
          </gpxtpx:TrackPointExtension>
        </extensions>
      </trkpt>
      <trkpt lat="22.594576087496915" lon="113.96948327553304">
        <ele>14.023430029861629</ele>
        <time>1970-01-01T00:18:28.900000Z</time>
        <extensions>
          <gpxtpx:TrackPointExtension>
            <gpxtpx:hr>152</gpxtpx:hr>
          </gpxtpx:TrackPointExtension>
        </extensions>
      </trkpt>
      <trkpt lat="22.59456821615998" lon="113.96950937347204">
        <ele>14.014177574776113</ele>
        <time>1970-01-01T00:18:29.900000Z</time>
        <extensions>
          <gpxtpx:TrackPointExtension>
            <gpxtpx:hr>152</gpxtpx:hr>
          </gpxtpx:TrackPointExtension>
        </extensions>
      </trkpt>
      <trkpt lat="22.59455858543234" lon="113.96953411294105">
        <ele>14.00895348470658</ele>
        <time>1970-01-01T00:18:30.900000Z</time>
        <extensions>
          <gpxtpx:TrackPointExtension>
            <gpxtpx:hr>152</gpxtpx:hr>
          </gpxtpx:TrackPointExtension>
        </extensions>
      </trkpt>
      <trkpt lat="22.594547542799408" lon="113.96955782714099">
        <ele>14.007337095215917</ele>
        <time>1970-01-01T00:18:31.900000Z</time>
        <extensions>
          <gpxtpx:TrackPointExtension>
            <gpxtpx:hr>152</gpxtpx:hr>
          </gpxtpx:TrackPointExtension>
        </extensions>
      </trkpt>
      <trkpt lat="22.594535733875233" lon="113.96958094028045">
        <ele>14.008717676624656</ele>
        <time>1970-01-01T00:18:32.900000Z</time>
        <extensions>
          <gpxtpx:TrackPointExtension>
            <gpxtpx:hr>153</gpxtpx:hr>
          </gpxtpx:TrackPointExtension>
        </extensions>
      </trkpt>
      <trkpt lat="22.59452384480726" lon="113.96960376172956">
        <ele>14.012940641492605</ele>
        <time>1970-01-01T00:18:33.900000Z</time>
        <extensions>
          <gpxtpx:TrackPointExtension>
            <gpxtpx:hr>153</gpxtpx:hr>
          </gpxtpx:TrackPointExtension>
        </extensions>
      </trkpt>
      <trkpt lat="22.594512793036063" lon="113.9696264050579">
        <ele>14.019566670060158</ele>
        <time>1970-01-01T00:18:34.900000Z</time>
        <extensions>
          <gpxtpx:TrackPointExtension>
            <gpxtpx:hr>153</gpxtpx:hr>
          </gpxtpx:TrackPointExtension>
        </extensions>
      </trkpt>
      <trkpt lat="22.594503504768802" lon="113.96964882126747">
        <ele>14.028895218856633</ele>
        <time>1970-01-01T00:18:35.900000Z</time>
        <extensions>
          <gpxtpx:TrackPointExtension>
            <gpxtpx:hr>153</gpxtpx:hr>
          </gpxtpx:TrackPointExtension>
        </extensions>
      </trkpt>
      <trkpt lat="22.59449616565893" lon="113.96967110635867">
        <ele>14.040986609645188</ele>
        <time>1970-01-01T00:18:36.800000Z</time>
        <extensions>
          <gpxtpx:TrackPointExtension>
            <gpxtpx:hr>153</gpxtpx:hr>
          </gpxtpx:TrackPointExtension>
        </extensions>
      </trkpt>
      <trkpt lat="22.594490296135834" lon="113.96969358168597">
        <ele>14.05663339421153</ele>
        <time>1970-01-01T00:18:37.800000Z</time>
        <extensions>
          <gpxtpx:TrackPointExtension>
            <gpxtpx:hr>153</gpxtpx:hr>
          </gpxtpx:TrackPointExtension>
        </extensions>
      </trkpt>
      <trkpt lat="22.594485339655787" lon="113.96971700424157">
        <ele>14.076527358964086</ele>
        <time>1970-01-01T00:18:38.800000Z</time>
        <extensions>
          <gpxtpx:TrackPointExtension>
            <gpxtpx:hr>152</gpxtpx:hr>
          </gpxtpx:TrackPointExtension>
        </extensions>
      </trkpt>
      <trkpt lat="22.594481098614335" lon="113.96974172000945">
        <ele>14.101263554766774</ele>
        <time>1970-01-01T00:18:39.800000Z</time>
        <extensions>
          <gpxtpx:TrackPointExtension>
            <gpxtpx:hr>152</gpxtpx:hr>
          </gpxtpx:TrackPointExtension>
        </extensions>
      </trkpt>
      <trkpt lat="22.594477554685838" lon="113.96976713934343">
        <ele>14.131986170075834</ele>
        <time>1970-01-01T00:18:40.800000Z</time>
        <extensions>
          <gpxtpx:TrackPointExtension>
            <gpxtpx:hr>152</gpxtpx:hr>
          </gpxtpx:TrackPointExtension>
        </extensions>
      </trkpt>
      <trkpt lat="22.59447459724558" lon="113.96979229663097">
        <ele>14.169340774416924</ele>
        <time>1970-01-01T00:18:41.800000Z</time>
        <extensions>
          <gpxtpx:TrackPointExtension>
            <gpxtpx:hr>152</gpxtpx:hr>
          </gpxtpx:TrackPointExtension>
        </extensions>
      </trkpt>
      <trkpt lat="22.594472097271478" lon="113.96981676228071">
        <ele>14.214192160405219</ele>
        <time>1970-01-01T00:18:42.800000Z</time>
        <extensions>
          <gpxtpx:TrackPointExtension>
            <gpxtpx:hr>152</gpxtpx:hr>
          </gpxtpx:TrackPointExtension>
        </extensions>
      </trkpt>
      <trkpt lat="22.594470352181876" lon="113.96984069730476">
        <ele>14.267382627353072</ele>
        <time>1970-01-01T00:18:43.800000Z</time>
        <extensions>
          <gpxtpx:TrackPointExtension>
            <gpxtpx:hr>147</gpxtpx:hr>
          </gpxtpx:TrackPointExtension>
        </extensions>
      </trkpt>
      <trkpt lat="22.594469650191023" lon="113.96986414726888">
        <ele>14.329243185929954</ele>
        <time>1970-01-01T00:18:44.800000Z</time>
        <extensions>
          <gpxtpx:TrackPointExtension>
            <gpxtpx:hr>147</gpxtpx:hr>
          </gpxtpx:TrackPointExtension>
        </extensions>
      </trkpt>
      <trkpt lat="22.59446965386212" lon="113.96988710707774">
        <ele>14.400007570162416</ele>
        <time>1970-01-01T00:18:45.800000Z</time>
        <extensions>
          <gpxtpx:TrackPointExtension>
            <gpxtpx:hr>147</gpxtpx:hr>
          </gpxtpx:TrackPointExtension>
        </extensions>
      </trkpt>
      <trkpt lat="22.594469974562248" lon="113.96990992681278">
        <ele>14.478561171330512</ele>
        <time>1970-01-01T00:18:46.800000Z</time>
        <extensions>
          <gpxtpx:TrackPointExtension>
            <gpxtpx:hr>147</gpxtpx:hr>
          </gpxtpx:TrackPointExtension>
        </extensions>
      </trkpt>
      <trkpt lat="22.59447050549619" lon="113.96993286128932">
        <ele>14.563739707693458</ele>
        <time>1970-01-01T00:18:47.800000Z</time>
        <extensions>
          <gpxtpx:TrackPointExtension>
            <gpxtpx:hr>147</gpxtpx:hr>
          </gpxtpx:TrackPointExtension>
        </extensions>
      </trkpt>
      <trkpt lat="22.59447108718099" lon="113.9699543587608">
        <ele>14.646457705646753</ele>
        <time>1970-01-01T00:18:48.700000Z</time>
        <extensions>
          <gpxtpx:TrackPointExtension>
            <gpxtpx:hr>147</gpxtpx:hr>
          </gpxtpx:TrackPointExtension>
        </extensions>
      </trkpt>
      <trkpt lat="22.594471733991167" lon="113.96997767821047">
        <ele>14.734714289195836</ele>
        <time>1970-01-01T00:18:49.700000Z</time>
        <extensions>
          <gpxtpx:TrackPointExtension>
            <gpxtpx:hr>144</gpxtpx:hr>
          </gpxtpx:TrackPointExtension>
        </extensions>
      </trkpt>
      <trkpt lat="22.59447245270918" lon="113.97000096946016">
        <ele>14.815573370084167</ele>
        <time>1970-01-01T00:18:50.700000Z</time>
        <extensions>
          <gpxtpx:TrackPointExtension>
            <gpxtpx:hr>144</gpxtpx:hr>
          </gpxtpx:TrackPointExtension>
        </extensions>
      </trkpt>
      <trkpt lat="22.594473299069424" lon="113.97002410241959">
        <ele>14.878366526216269</ele>
        <time>1970-01-01T00:18:51.700000Z</time>
        <extensions>
          <gpxtpx:TrackPointExtension>
            <gpxtpx:hr>144</gpxtpx:hr>
          </gpxtpx:TrackPointExtension>
        </extensions>
      </trkpt>
      <trkpt lat="22.59447427615718" lon="113.9700470718798">
        <ele>14.908041702583432</ele>
        <time>1970-01-01T00:18:52.700000Z</time>
        <extensions>
          <gpxtpx:TrackPointExtension>
            <gpxtpx:hr>144</gpxtpx:hr>
          </gpxtpx:TrackPointExtension>
        </extensions>
      </trkpt>
      <trkpt lat="22.594475395921425" lon="113.97007012498474">
        <ele>14.883554449304938</ele>
        <time>1970-01-01T00:18:53.700000Z</time>
        <extensions>
          <gpxtpx:TrackPointExtension>
            <gpxtpx:hr>144</gpxtpx:hr>
          </gpxtpx:TrackPointExtension>
        </extensions>
      </trkpt>
      <trkpt lat="22.594476790034737" lon="113.97009363442645">
        <ele>14.783071567304432</ele>
        <time>1970-01-01T00:18:54.700000Z</time>
        <extensions>
          <gpxtpx:TrackPointExtension>
            <gpxtpx:hr>144</gpxtpx:hr>
          </gpxtpx:TrackPointExtension>
        </extensions>
      </trkpt>
      <trkpt lat="22.59447841806265" lon="113.97011773388681">
        <ele>14.597150401212275</ele>
        <time>1970-01-01T00:18:55.700000Z</time>
        <extensions>
          <gpxtpx:TrackPointExtension>
            <gpxtpx:hr>144</gpxtpx:hr>
          </gpxtpx:TrackPointExtension>
        </extensions>
      </trkpt>
      <trkpt lat="22.594480115453898" lon="113.97014246793947">
        <ele>14.337310072034597</ele>
        <time>1970-01-01T00:18:56.700000Z</time>
        <extensions>
          <gpxtpx:TrackPointExtension>
            <gpxtpx:hr>144</gpxtpx:hr>
          </gpxtpx:TrackPointExtension>
        </extensions>
      </trkpt>
      <trkpt lat="22.594480194565946" lon="113.97014361393586">
        <ele>14.32474862691015</ele>
        <time>1970-01-01T00:18:56.800000Z</time>
        <extensions>
          <gpxtpx:TrackPointExtension>
            <gpxtpx:hr>144</gpxtpx:hr>
          </gpxtpx:TrackPointExtension>
        </extensions>
      </trkpt>
      <trkpt lat="22.594481859690124" lon="113.97016865422101">
        <ele>14.01399855222553</ele>
        <time>1970-01-01T00:18:57.800000Z</time>
        <extensions>
          <gpxtpx:TrackPointExtension>
            <gpxtpx:hr>142</gpxtpx:hr>
          </gpxtpx:TrackPointExtension>
        </extensions>
      </trkpt>
      <trkpt lat="22.594483550468556" lon="113.97019373813097">
        <ele>13.67901932541281</ele>
        <time>1970-01-01T00:18:58.800000Z</time>
        <extensions>
          <gpxtpx:TrackPointExtension>
            <gpxtpx:hr>142</gpxtpx:hr>
          </gpxtpx:TrackPointExtension>
        </extensions>
      </trkpt>
      <trkpt lat="22.594485505242698" lon="113.97021866026829">
        <ele>13.348894024267793</ele>
        <time>1970-01-01T00:18:59.800000Z</time>
        <extensions>
          <gpxtpx:TrackPointExtension>
            <gpxtpx:hr>142</gpxtpx:hr>
          </gpxtpx:TrackPointExtension>
        </extensions>
      </trkpt>
      <trkpt lat="22.594487659444937" lon="113.97024312423417">
        <ele>13.042416964657605</ele>
        <time>1970-01-01T00:19:00.800000Z</time>
        <extensions>
          <gpxtpx:TrackPointExtension>
            <gpxtpx:hr>142</gpxtpx:hr>
          </gpxtpx:TrackPointExtension>
        </extensions>
      </trkpt>
      <trkpt lat="22.59448964945402" lon="113.97026601457917">
        <ele>12.775962902233005</ele>
        <time>1970-01-01T00:19:01.700000Z</time>
        <extensions>
          <gpxtpx:TrackPointExtension>
            <gpxtpx:hr>142</gpxtpx:hr>
          </gpxtpx:TrackPointExtension>
        </extensions>
      </trkpt>
      <trkpt lat="22.594491332011785" lon="113.9702888269062">
        <ele>12.533474382013083</ele>
        <time>1970-01-01T00:19:02.700000Z</time>
        <extensions>
          <gpxtpx:TrackPointExtension>
            <gpxtpx:hr>142</gpxtpx:hr>
          </gpxtpx:TrackPointExtension>
        </extensions>
      </trkpt>
      <trkpt lat="22.594492563619184" lon="113.97031098408883">
        <ele>12.323214882984757</ele>
        <time>1970-01-01T00:19:03.700000Z</time>
        <extensions>
          <gpxtpx:TrackPointExtension>
            <gpxtpx:hr>142</gpxtpx:hr>
          </gpxtpx:TrackPointExtension>
        </extensions>
      </trkpt>
      <trkpt lat="22.594493454424285" lon="113.97033272876587">
        <ele>12.14060781057924</ele>
        <time>1970-01-01T00:19:04.700000Z</time>
        <extensions>
          <gpxtpx:TrackPointExtension>
            <gpxtpx:hr>142</gpxtpx:hr>
          </gpxtpx:TrackPointExtension>
        </extensions>
      </trkpt>
      <trkpt lat="22.594494243088086" lon="113.97035412048527">
        <ele>11.982413981109858</ele>
        <time>1970-01-01T00:19:05.700000Z</time>
        <extensions>
          <gpxtpx:TrackPointExtension>
            <gpxtpx:hr>142</gpxtpx:hr>
          </gpxtpx:TrackPointExtension>
        </extensions>
      </trkpt>
      <trkpt lat="22.594495073939868" lon="113.97037540166387">
        <ele>11.84419415332377</ele>
        <time>1970-01-01T00:19:06.700000Z</time>
        <extensions>
          <gpxtpx:TrackPointExtension>
            <gpxtpx:hr>142</gpxtpx:hr>
          </gpxtpx:TrackPointExtension>
        </extensions>
      </trkpt>
      <trkpt lat="22.59449597218952" lon="113.97039695865104">
        <ele>11.725158790126443</ele>
        <time>1970-01-01T00:19:07.700000Z</time>
        <extensions>
          <gpxtpx:TrackPointExtension>
            <gpxtpx:hr>142</gpxtpx:hr>
          </gpxtpx:TrackPointExtension>
        </extensions>
      </trkpt>
      <trkpt lat="22.594496890067262" lon="113.9704187106268">
        <ele>11.620737892575562</ele>
        <time>1970-01-01T00:19:08.700000Z</time>
        <extensions>
          <gpxtpx:TrackPointExtension>
            <gpxtpx:hr>142</gpxtpx:hr>
          </gpxtpx:TrackPointExtension>
        </extensions>
      </trkpt>
      <trkpt lat="22.594497829667265" lon="113.97044034270263">
        <ele>11.528297699987888</ele>
        <time>1970-01-01T00:19:09.700000Z</time>
        <extensions>
          <gpxtpx:TrackPointExtension>
            <gpxtpx:hr>142</gpxtpx:hr>
          </gpxtpx:TrackPointExtension>
        </extensions>
      </trkpt>
      <trkpt lat="22.594499014527067" lon="113.97046187508701">
        <ele>11.44459765125066</ele>
        <time>1970-01-01T00:19:10.700000Z</time>
        <extensions>
          <gpxtpx:TrackPointExtension>
            <gpxtpx:hr>142</gpxtpx:hr>
          </gpxtpx:TrackPointExtension>
        </extensions>
      </trkpt>
      <trkpt lat="22.594500519129063" lon="113.97048359974148">
        <ele>11.367100348696113</ele>
        <time>1970-01-01T00:19:11.700000Z</time>
        <extensions>
          <gpxtpx:TrackPointExtension>
            <gpxtpx:hr>142</gpxtpx:hr>
          </gpxtpx:TrackPointExtension>
        </extensions>
      </trkpt>
      <trkpt lat="22.594502128044606" lon="113.97050556078783">
        <ele>11.296020942740142</ele>
        <time>1970-01-01T00:19:12.700000Z</time>
        <extensions>
          <gpxtpx:TrackPointExtension>
            <gpxtpx:hr>142</gpxtpx:hr>
          </gpxtpx:TrackPointExtension>
        </extensions>
      </trkpt>
      <trkpt lat="22.594503606224155" lon="113.97052753929526">
        <ele>11.230599483475089</ele>
        <time>1970-01-01T00:19:13.700000Z</time>
        <extensions>
          <gpxtpx:TrackPointExtension>
            <gpxtpx:hr>142</gpxtpx:hr>
          </gpxtpx:TrackPointExtension>
        </extensions>
      </trkpt>
      <trkpt lat="22.59450498681986" lon="113.97054925255921">
        <ele>11.169939178973436</ele>
        <time>1970-01-01T00:19:14.700000Z</time>
        <extensions>
          <gpxtpx:TrackPointExtension>
            <gpxtpx:hr>142</gpxtpx:hr>
          </gpxtpx:TrackPointExtension>
        </extensions>
      </trkpt>
      <trkpt lat="22.594506284965252" lon="113.9705708021659">
        <ele>11.11257288325578</ele>
        <time>1970-01-01T00:19:15.700000Z</time>
        <extensions>
          <gpxtpx:TrackPointExtension>
            <gpxtpx:hr>142</gpxtpx:hr>
          </gpxtpx:TrackPointExtension>
        </extensions>
      </trkpt>
      <trkpt lat="22.594507359463893" lon="113.97059255240677">
        <ele>11.056612750515342</ele>
        <time>1970-01-01T00:19:16.700000Z</time>
        <extensions>
          <gpxtpx:TrackPointExtension>
            <gpxtpx:hr>141</gpxtpx:hr>
          </gpxtpx:TrackPointExtension>
        </extensions>
      </trkpt>
      <trkpt lat="22.59450808891376" lon="113.97061477779134">
        <ele>11.003045252524316</ele>
        <time>1970-01-01T00:19:17.700000Z</time>
        <extensions>
          <gpxtpx:TrackPointExtension>
            <gpxtpx:hr>141</gpxtpx:hr>
          </gpxtpx:TrackPointExtension>
        </extensions>
      </trkpt>
      <trkpt lat="22.594508477838865" lon="113.97063745362526">
        <ele>10.950286804698408</ele>
        <time>1970-01-01T00:19:18.700000Z</time>
        <extensions>
          <gpxtpx:TrackPointExtension>
            <gpxtpx:hr>141</gpxtpx:hr>
          </gpxtpx:TrackPointExtension>
        </extensions>
      </trkpt>
      <trkpt lat="22.594508581284053" lon="113.97066039484758">
        <ele>10.90027130022645</ele>
        <time>1970-01-01T00:19:19.700000Z</time>
        <extensions>
          <gpxtpx:TrackPointExtension>
            <gpxtpx:hr>141</gpxtpx:hr>
          </gpxtpx:TrackPointExtension>
        </extensions>
      </trkpt>
      <trkpt lat="22.59450841340349" lon="113.97068343843445">
        <ele>10.852358144707978</ele>
        <time>1970-01-01T00:19:20.700000Z</time>
        <extensions>
          <gpxtpx:TrackPointExtension>
            <gpxtpx:hr>141</gpxtpx:hr>
          </gpxtpx:TrackPointExtension>
        </extensions>
      </trkpt>
      <trkpt lat="22.594507928059723" lon="113.97070645606718">
        <ele>10.807853961363435</ele>
        <time>1970-01-01T00:19:21.700000Z</time>
        <extensions>
          <gpxtpx:TrackPointExtension>
            <gpxtpx:hr>141</gpxtpx:hr>
          </gpxtpx:TrackPointExtension>
        </extensions>
      </trkpt>
      <trkpt lat="22.59450736197823" lon="113.9707293621606">
        <ele>10.76573921367526</ele>
        <time>1970-01-01T00:19:22.700000Z</time>
        <extensions>
          <gpxtpx:TrackPointExtension>
            <gpxtpx:hr>138</gpxtpx:hr>
          </gpxtpx:TrackPointExtension>
        </extensions>
      </trkpt>
      <trkpt lat="22.594506871087116" lon="113.97075213524562">
        <ele>10.726573725230992</ele>
        <time>1970-01-01T00:19:23.700000Z</time>
        <extensions>
          <gpxtpx:TrackPointExtension>
            <gpxtpx:hr>138</gpxtpx:hr>
          </gpxtpx:TrackPointExtension>
        </extensions>
      </trkpt>
      <trkpt lat="22.594506301653386" lon="113.97077490663986">
        <ele>10.69159493688494</ele>
        <time>1970-01-01T00:19:24.700000Z</time>
        <extensions>
          <gpxtpx:TrackPointExtension>
            <gpxtpx:hr>138</gpxtpx:hr>
          </gpxtpx:TrackPointExtension>
        </extensions>
      </trkpt>
      <trkpt lat="22.5945056107039" lon="113.97079769022957">
        <ele>10.661130485124886</ele>
        <time>1970-01-01T00:19:25.700000Z</time>
        <extensions>
          <gpxtpx:TrackPointExtension>
            <gpxtpx:hr>138</gpxtpx:hr>
          </gpxtpx:TrackPointExtension>
        </extensions>
      </trkpt>
      <trkpt lat="22.594504924806326" lon="113.9708204576304">
        <ele>10.636893092654645</ele>
        <time>1970-01-01T00:19:26.700000Z</time>
        <extensions>
          <gpxtpx:TrackPointExtension>
            <gpxtpx:hr>138</gpxtpx:hr>
          </gpxtpx:TrackPointExtension>
        </extensions>
      </trkpt>
      <trkpt lat="22.59450459782404" lon="113.97084315381387">
        <ele>10.617953967303038</ele>
        <time>1970-01-01T00:19:27.700000Z</time>
        <extensions>
          <gpxtpx:TrackPointExtension>
            <gpxtpx:hr>138</gpxtpx:hr>
          </gpxtpx:TrackPointExtension>
        </extensions>
      </trkpt>
      <trkpt lat="22.59450502082459" lon="113.97086564497256">
        <ele>10.606017488054931</ele>
        <time>1970-01-01T00:19:28.700000Z</time>
        <extensions>
          <gpxtpx:TrackPointExtension>
            <gpxtpx:hr>138</gpxtpx:hr>
          </gpxtpx:TrackPointExtension>
        </extensions>
      </trkpt>
      <trkpt lat="22.594505933065342" lon="113.9708878556941">
        <ele>10.601724300533533</ele>
        <time>1970-01-01T00:19:29.700000Z</time>
        <extensions>
          <gpxtpx:TrackPointExtension>
            <gpxtpx:hr>138</gpxtpx:hr>
          </gpxtpx:TrackPointExtension>
        </extensions>
      </trkpt>
      <trkpt lat="22.59450677828226" lon="113.9709100577307">
        <ele>10.605217151343822</ele>
        <time>1970-01-01T00:19:30.700000Z</time>
        <extensions>
          <gpxtpx:TrackPointExtension>
            <gpxtpx:hr>138</gpxtpx:hr>
          </gpxtpx:TrackPointExtension>
        </extensions>
      </trkpt>
      <trkpt lat="22.59450748541345" lon="113.97093251891498">
        <ele>10.616572681814432</ele>
        <time>1970-01-01T00:19:31.700000Z</time>
        <extensions>
          <gpxtpx:TrackPointExtension>
            <gpxtpx:hr>138</gpxtpx:hr>
          </gpxtpx:TrackPointExtension>
        </extensions>
      </trkpt>
      <trkpt lat="22.59450811009464" lon="113.97095526722404">
        <ele>10.63597475644201</ele>
        <time>1970-01-01T00:19:32.700000Z</time>
        <extensions>
          <gpxtpx:TrackPointExtension>
            <gpxtpx:hr>138</gpxtpx:hr>
          </gpxtpx:TrackPointExtension>
        </extensions>
      </trkpt>
      <trkpt lat="22.594508766662084" lon="113.97097816350801">
        <ele>10.664989150129259</ele>
        <time>1970-01-01T00:19:33.700000Z</time>
        <extensions>
          <gpxtpx:TrackPointExtension>
            <gpxtpx:hr>139</gpxtpx:hr>
          </gpxtpx:TrackPointExtension>
        </extensions>
      </trkpt>
      <trkpt lat="22.59450954657328" lon="113.97100101533924">
        <ele>10.702926075085998</ele>
        <time>1970-01-01T00:19:34.700000Z</time>
        <extensions>
          <gpxtpx:TrackPointExtension>
            <gpxtpx:hr>139</gpxtpx:hr>
          </gpxtpx:TrackPointExtension>
        </extensions>
      </trkpt>
      <trkpt lat="22.594510342097667" lon="113.97102381274041">
        <ele>10.74995734449476</ele>
        <time>1970-01-01T00:19:35.700000Z</time>
        <extensions>
          <gpxtpx:TrackPointExtension>
            <gpxtpx:hr>139</gpxtpx:hr>
          </gpxtpx:TrackPointExtension>
        </extensions>
      </trkpt>
      <trkpt lat="22.59451097805561" lon="113.9710465153652">
        <ele>10.805111247114837</ele>
        <time>1970-01-01T00:19:36.700000Z</time>
        <extensions>
          <gpxtpx:TrackPointExtension>
            <gpxtpx:hr>139</gpxtpx:hr>
          </gpxtpx:TrackPointExtension>
        </extensions>
      </trkpt>
      <trkpt lat="22.59451135975982" lon="113.97106915481345">
        <ele>10.870208607055247</ele>
        <time>1970-01-01T00:19:37.700000Z</time>
        <extensions>
          <gpxtpx:TrackPointExtension>
            <gpxtpx:hr>139</gpxtpx:hr>
          </gpxtpx:TrackPointExtension>
        </extensions>
      </trkpt>
      <trkpt lat="22.59451152236192" lon="113.97109186570242">
        <ele>10.942309189587831</ele>
        <time>1970-01-01T00:19:38.700000Z</time>
        <extensions>
          <gpxtpx:TrackPointExtension>
            <gpxtpx:hr>139</gpxtpx:hr>
          </gpxtpx:TrackPointExtension>
        </extensions>
      </trkpt>
      <trkpt lat="22.59451136529201" lon="113.97111468594292">
        <ele>11.022237487137318</ele>
        <time>1970-01-01T00:19:39.700000Z</time>
        <extensions>
          <gpxtpx:TrackPointExtension>
            <gpxtpx:hr>139</gpxtpx:hr>
          </gpxtpx:TrackPointExtension>
        </extensions>
      </trkpt>
      <trkpt lat="22.594510780624315" lon="113.97113734153696">
        <ele>11.106618595309556</ele>
        <time>1970-01-01T00:19:40.700000Z</time>
        <extensions>
          <gpxtpx:TrackPointExtension>
            <gpxtpx:hr>139</gpxtpx:hr>
          </gpxtpx:TrackPointExtension>
        </extensions>
      </trkpt>
      <trkpt lat="22.594509785495372" lon="113.9711596734679">
        <ele>11.195277887396514</ele>
        <time>1970-01-01T00:19:41.700000Z</time>
        <extensions>
          <gpxtpx:TrackPointExtension>
            <gpxtpx:hr>139</gpxtpx:hr>
          </gpxtpx:TrackPointExtension>
        </extensions>
      </trkpt>
      <trkpt lat="22.594508484422082" lon="113.97118179210864">
        <ele>11.285225747153163</ele>
        <time>1970-01-01T00:19:42.700000Z</time>
        <extensions>
          <gpxtpx:TrackPointExtension>
            <gpxtpx:hr>139</gpxtpx:hr>
          </gpxtpx:TrackPointExtension>
        </extensions>
      </trkpt>
      <trkpt lat="22.594506941692455" lon="113.97120399203995">
        <ele>11.377252032980323</ele>
        <time>1970-01-01T00:19:43.700000Z</time>
        <extensions>
          <gpxtpx:TrackPointExtension>
            <gpxtpx:hr>139</gpxtpx:hr>
          </gpxtpx:TrackPointExtension>
        </extensions>
      </trkpt>
      <trkpt lat="22.594505214494777" lon="113.97122645339746">
        <ele>11.467743256129324</ele>
        <time>1970-01-01T00:19:44.700000Z</time>
        <extensions>
          <gpxtpx:TrackPointExtension>
            <gpxtpx:hr>139</gpxtpx:hr>
          </gpxtpx:TrackPointExtension>
        </extensions>
      </trkpt>
      <trkpt lat="22.594503318836242" lon="113.9712491199031">
        <ele>11.556671815924346</ele>
        <time>1970-01-01T00:19:45.700000Z</time>
        <extensions>
          <gpxtpx:TrackPointExtension>
            <gpxtpx:hr>139</gpxtpx:hr>
          </gpxtpx:TrackPointExtension>
        </extensions>
      </trkpt>
      <trkpt lat="22.594501252336702" lon="113.97127188049868">
        <ele>11.642950328066945</ele>
        <time>1970-01-01T00:19:46.700000Z</time>
        <extensions>
          <gpxtpx:TrackPointExtension>
            <gpxtpx:hr>139</gpxtpx:hr>
          </gpxtpx:TrackPointExtension>
        </extensions>
      </trkpt>
      <trkpt lat="22.59449910921826" lon="113.97129444240402">
        <ele>11.726288747042418</ele>
        <time>1970-01-01T00:19:47.700000Z</time>
        <extensions>
          <gpxtpx:TrackPointExtension>
            <gpxtpx:hr>140</gpxtpx:hr>
          </gpxtpx:TrackPointExtension>
        </extensions>
      </trkpt>
      <trkpt lat="22.594497296784304" lon="113.97131661129929">
        <ele>11.805124077014625</ele>
        <time>1970-01-01T00:19:48.600000Z</time>
        <extensions>
          <gpxtpx:TrackPointExtension>
            <gpxtpx:hr>140</gpxtpx:hr>
          </gpxtpx:TrackPointExtension>
        </extensions>
      </trkpt>
      <trkpt lat="22.59449594111011" lon="113.97133850067512">
        <ele>11.87915086839348</ele>
        <time>1970-01-01T00:19:49.600000Z</time>
        <extensions>
          <gpxtpx:TrackPointExtension>
            <gpxtpx:hr>140</gpxtpx:hr>
          </gpxtpx:TrackPointExtension>
        </extensions>
      </trkpt>
      <trkpt lat="22.59449452574558" lon="113.97136022657487">
        <ele>11.947287386283278</ele>
        <time>1970-01-01T00:19:50.600000Z</time>
        <extensions>
          <gpxtpx:TrackPointExtension>
            <gpxtpx:hr>140</gpxtpx:hr>
          </gpxtpx:TrackPointExtension>
        </extensions>
      </trkpt>
      <trkpt lat="22.594492726139826" lon="113.97138174616357">
        <ele>12.008250390179455</ele>
        <time>1970-01-01T00:19:51.600000Z</time>
        <extensions>
          <gpxtpx:TrackPointExtension>
            <gpxtpx:hr>140</gpxtpx:hr>
          </gpxtpx:TrackPointExtension>
        </extensions>
      </trkpt>
      <trkpt lat="22.594490612666455" lon="113.97140334399973">
        <ele>12.062596209347248</ele>
        <time>1970-01-01T00:19:52.600000Z</time>
        <extensions>
          <gpxtpx:TrackPointExtension>
            <gpxtpx:hr>140</gpxtpx:hr>
          </gpxtpx:TrackPointExtension>
        </extensions>
      </trkpt>
      <trkpt lat="22.594488398930988" lon="113.97142554543764">
        <ele>12.10960375983268</ele>
        <time>1970-01-01T00:19:53.600000Z</time>
        <extensions>
          <gpxtpx:TrackPointExtension>
            <gpxtpx:hr>141</gpxtpx:hr>
          </gpxtpx:TrackPointExtension>
        </extensions>
      </trkpt>
      <trkpt lat="22.594486161406714" lon="113.97144814690346">
        <ele>12.149231326766312</ele>
        <time>1970-01-01T00:19:54.600000Z</time>
        <extensions>
          <gpxtpx:TrackPointExtension>
            <gpxtpx:hr>141</gpxtpx:hr>
          </gpxtpx:TrackPointExtension>
        </extensions>
      </trkpt>
      <trkpt lat="22.594483854827473" lon="113.97147082903265">
        <ele>12.181360518559813</ele>
        <time>1970-01-01T00:19:55.600000Z</time>
        <extensions>
          <gpxtpx:TrackPointExtension>
            <gpxtpx:hr>141</gpxtpx:hr>
          </gpxtpx:TrackPointExtension>
        </extensions>
      </trkpt>
      <trkpt lat="22.594481351378896" lon="113.97149373493899">
        <ele>12.206808589398861</ele>
        <time>1970-01-01T00:19:56.600000Z</time>
        <extensions>
          <gpxtpx:TrackPointExtension>
            <gpxtpx:hr>141</gpxtpx:hr>
          </gpxtpx:TrackPointExtension>
        </extensions>
      </trkpt>
      <trkpt lat="22.59447857944006" lon="113.97151683164255">
        <ele>12.2252211086452</ele>
        <time>1970-01-01T00:19:57.600000Z</time>
        <extensions>
          <gpxtpx:TrackPointExtension>
            <gpxtpx:hr>141</gpxtpx:hr>
          </gpxtpx:TrackPointExtension>
        </extensions>
      </trkpt>
      <trkpt lat="22.59447561880599" lon="113.97153988171199">
        <ele>12.23469190299511</ele>
        <time>1970-01-01T00:19:58.600000Z</time>
        <extensions>
          <gpxtpx:TrackPointExtension>
            <gpxtpx:hr>140</gpxtpx:hr>
          </gpxtpx:TrackPointExtension>
        </extensions>
      </trkpt>
      <trkpt lat="22.59447259096032" lon="113.97156271602668">
        <ele>12.235280302353203</ele>
        <time>1970-01-01T00:19:59.600000Z</time>
        <extensions>
          <gpxtpx:TrackPointExtension>
            <gpxtpx:hr>140</gpxtpx:hr>
          </gpxtpx:TrackPointExtension>
        </extensions>
      </trkpt>
      <trkpt lat="22.59446946009395" lon="113.9715853582442">
        <ele>12.22803215123713</ele>
        <time>1970-01-01T00:20:00.600000Z</time>
        <extensions>
          <gpxtpx:TrackPointExtension>
            <gpxtpx:hr>140</gpxtpx:hr>
          </gpxtpx:TrackPointExtension>
        </extensions>
      </trkpt>
      <trkpt lat="22.59446622357472" lon="113.97160794075933">
        <ele>12.212600231170654</ele>
        <time>1970-01-01T00:20:01.600000Z</time>
        <extensions>
          <gpxtpx:TrackPointExtension>
            <gpxtpx:hr>140</gpxtpx:hr>
          </gpxtpx:TrackPointExtension>
        </extensions>
      </trkpt>
      <trkpt lat="22.594462983736918" lon="113.9716305743716">
        <ele>12.189894708804786</ele>
        <time>1970-01-01T00:20:02.600000Z</time>
        <extensions>
          <gpxtpx:TrackPointExtension>
            <gpxtpx:hr>140</gpxtpx:hr>
          </gpxtpx:TrackPointExtension>
        </extensions>
      </trkpt>
      <trkpt lat="22.59445980893876" lon="113.97165322061097">
        <ele>12.16059894207865</ele>
        <time>1970-01-01T00:20:03.600000Z</time>
        <extensions>
          <gpxtpx:TrackPointExtension>
            <gpxtpx:hr>138</gpxtpx:hr>
          </gpxtpx:TrackPointExtension>
        </extensions>
      </trkpt>
      <trkpt lat="22.594456674474394" lon="113.971675884087">
        <ele>12.124170303344727</ele>
        <time>1970-01-01T00:20:04.600000Z</time>
        <extensions>
          <gpxtpx:TrackPointExtension>
            <gpxtpx:hr>138</gpxtpx:hr>
          </gpxtpx:TrackPointExtension>
        </extensions>
      </trkpt>
      <trkpt lat="22.59445358722314" lon="113.97169845474565">
        <ele>12.080092345364392</ele>
        <time>1970-01-01T00:20:05.600000Z</time>
        <extensions>
          <gpxtpx:TrackPointExtension>
            <gpxtpx:hr>138</gpxtpx:hr>
          </gpxtpx:TrackPointExtension>
        </extensions>
      </trkpt>
      <trkpt lat="22.594450480734974" lon="113.97172101504663">
        <ele>12.029016403481364</ele>
        <time>1970-01-01T00:20:06.600000Z</time>
        <extensions>
          <gpxtpx:TrackPointExtension>
            <gpxtpx:hr>138</gpxtpx:hr>
          </gpxtpx:TrackPointExtension>
        </extensions>
      </trkpt>
      <trkpt lat="22.594447299158546" lon="113.9717437484631">
        <ele>11.97344656009227</ele>
        <time>1970-01-01T00:20:07.600000Z</time>
        <extensions>
          <gpxtpx:TrackPointExtension>
            <gpxtpx:hr>138</gpxtpx:hr>
          </gpxtpx:TrackPointExtension>
        </extensions>
      </trkpt>
      <trkpt lat="22.59444393392369" lon="113.9717665983698">
        <ele>11.913348575122654</ele>
        <time>1970-01-01T00:20:08.600000Z</time>
        <extensions>
          <gpxtpx:TrackPointExtension>
            <gpxtpx:hr>137</gpxtpx:hr>
          </gpxtpx:TrackPointExtension>
        </extensions>
      </trkpt>
      <trkpt lat="22.59444042621695" lon="113.97178938416836">
        <ele>11.850316466763616</ele>
        <time>1970-01-01T00:20:09.600000Z</time>
        <extensions>
          <gpxtpx:TrackPointExtension>
            <gpxtpx:hr>137</gpxtpx:hr>
          </gpxtpx:TrackPointExtension>
        </extensions>
      </trkpt>
      <trkpt lat="22.594436972711403" lon="113.97181212349045">
        <ele>11.784734130837023</ele>
        <time>1970-01-01T00:20:10.600000Z</time>
        <extensions>
          <gpxtpx:TrackPointExtension>
            <gpxtpx:hr>137</gpxtpx:hr>
          </gpxtpx:TrackPointExtension>
        </extensions>
      </trkpt>
      <trkpt lat="22.594433674752615" lon="113.9718349013348">
        <ele>11.716691933572292</ele>
        <time>1970-01-01T00:20:11.600000Z</time>
        <extensions>
          <gpxtpx:TrackPointExtension>
            <gpxtpx:hr>138</gpxtpx:hr>
          </gpxtpx:TrackPointExtension>
        </extensions>
      </trkpt>
      <trkpt lat="22.594430379834062" lon="113.9718576636403">
        <ele>11.64514970779419</ele>
        <time>1970-01-01T00:20:12.600000Z</time>
        <extensions>
          <gpxtpx:TrackPointExtension>
            <gpxtpx:hr>138</gpxtpx:hr>
          </gpxtpx:TrackPointExtension>
        </extensions>
      </trkpt>
      <trkpt lat="22.594426790627047" lon="113.97188035324302">
        <ele>11.573682926595211</ele>
        <time>1970-01-01T00:20:13.600000Z</time>
        <extensions>
          <gpxtpx:TrackPointExtension>
            <gpxtpx:hr>138</gpxtpx:hr>
          </gpxtpx:TrackPointExtension>
        </extensions>
      </trkpt>
      <trkpt lat="22.594422866296547" lon="113.97190317154067">
        <ele>11.502288320101798</ele>
        <time>1970-01-01T00:20:14.600000Z</time>
        <extensions>
          <gpxtpx:TrackPointExtension>
            <gpxtpx:hr>138</gpxtpx:hr>
          </gpxtpx:TrackPointExtension>
        </extensions>
      </trkpt>
      <trkpt lat="22.594418831786648" lon="113.97192634660891">
        <ele>11.430904244072735</ele>
        <time>1970-01-01T00:20:15.600000Z</time>
        <extensions>
          <gpxtpx:TrackPointExtension>
            <gpxtpx:hr>138</gpxtpx:hr>
          </gpxtpx:TrackPointExtension>
        </extensions>
      </trkpt>
      <trkpt lat="22.594414839570494" lon="113.97194957688319">
        <ele>11.358121387660503</ele>
        <time>1970-01-01T00:20:16.600000Z</time>
        <extensions>
          <gpxtpx:TrackPointExtension>
            <gpxtpx:hr>138</gpxtpx:hr>
          </gpxtpx:TrackPointExtension>
        </extensions>
      </trkpt>
      <trkpt lat="22.594410853940943" lon="113.9719725803373">
        <ele>11.286303934641182</ele>
        <time>1970-01-01T00:20:17.600000Z</time>
        <extensions>
          <gpxtpx:TrackPointExtension>
            <gpxtpx:hr>138</gpxtpx:hr>
          </gpxtpx:TrackPointExtension>
        </extensions>
      </trkpt>
      <trkpt lat="22.594406889494596" lon="113.9719953609099">
        <ele>11.21328172646463</ele>
        <time>1970-01-01T00:20:18.600000Z</time>
        <extensions>
          <gpxtpx:TrackPointExtension>
            <gpxtpx:hr>138</gpxtpx:hr>
          </gpxtpx:TrackPointExtension>
        </extensions>
      </trkpt>
      <trkpt lat="22.59440298118228" lon="113.97201804205426">
        <ele>11.14168203342706</ele>
        <time>1970-01-01T00:20:19.600000Z</time>
        <extensions>
          <gpxtpx:TrackPointExtension>
            <gpxtpx:hr>138</gpxtpx:hr>
          </gpxtpx:TrackPointExtension>
        </extensions>
      </trkpt>
      <trkpt lat="22.594399003081772" lon="113.97204074886086">
        <ele>11.070781647227705</ele>
        <time>1970-01-01T00:20:20.600000Z</time>
        <extensions>
          <gpxtpx:TrackPointExtension>
            <gpxtpx:hr>138</gpxtpx:hr>
          </gpxtpx:TrackPointExtension>
        </extensions>
      </trkpt>
      <trkpt lat="22.594394871624846" lon="113.97206350834009">
        <ele>11.001649802550673</ele>
        <time>1970-01-01T00:20:21.600000Z</time>
        <extensions>
          <gpxtpx:TrackPointExtension>
            <gpxtpx:hr>138</gpxtpx:hr>
          </gpxtpx:TrackPointExtension>
        </extensions>
      </trkpt>
      <trkpt lat="22.594390450198716" lon="113.97208630908582">
        <ele>10.934883018955588</ele>
        <time>1970-01-01T00:20:22.600000Z</time>
        <extensions>
          <gpxtpx:TrackPointExtension>
            <gpxtpx:hr>138</gpxtpx:hr>
          </gpxtpx:TrackPointExtension>
        </extensions>
      </trkpt>
      <trkpt lat="22.594385628512043" lon="113.97210910665709">
        <ele>10.871081081219018</ele>
        <time>1970-01-01T00:20:23.600000Z</time>
        <extensions>
          <gpxtpx:TrackPointExtension>
            <gpxtpx:hr>138</gpxtpx:hr>
          </gpxtpx:TrackPointExtension>
        </extensions>
      </trkpt>
      <trkpt lat="22.59438044978485" lon="113.97213185382898">
        <ele>10.810172536410391</ele>
        <time>1970-01-01T00:20:24.500000Z</time>
        <extensions>
          <gpxtpx:TrackPointExtension>
            <gpxtpx:hr>138</gpxtpx:hr>
          </gpxtpx:TrackPointExtension>
        </extensions>
      </trkpt>
      <trkpt lat="22.59437510420768" lon="113.97215441932984">
        <ele>10.751938791945577</ele>
        <time>1970-01-01T00:20:25.500000Z</time>
        <extensions>
          <gpxtpx:TrackPointExtension>
            <gpxtpx:hr>138</gpxtpx:hr>
          </gpxtpx:TrackPointExtension>
        </extensions>
      </trkpt>
      <trkpt lat="22.594369943299228" lon="113.97217678170269">
        <ele>10.698467469774187</ele>
        <time>1970-01-01T00:20:26.500000Z</time>
        <extensions>
          <gpxtpx:TrackPointExtension>
            <gpxtpx:hr>138</gpxtpx:hr>
          </gpxtpx:TrackPointExtension>
        </extensions>
      </trkpt>
      <trkpt lat="22.594365130712575" lon="113.97219895253363">
        <ele>10.650307365693152</ele>
        <time>1970-01-01T00:20:27.500000Z</time>
        <extensions>
          <gpxtpx:TrackPointExtension>
            <gpxtpx:hr>138</gpxtpx:hr>
          </gpxtpx:TrackPointExtension>
        </extensions>
      </trkpt>
      <trkpt lat="22.594360377409814" lon="113.9722213100954">
        <ele>10.605571083724499</ele>
        <time>1970-01-01T00:20:28.500000Z</time>
        <extensions>
          <gpxtpx:TrackPointExtension>
            <gpxtpx:hr>138</gpxtpx:hr>
          </gpxtpx:TrackPointExtension>
        </extensions>
      </trkpt>
      <trkpt lat="22.59435557541936" lon="113.97224388382352">
        <ele>10.566912620328367</ele>
        <time>1970-01-01T00:20:29.500000Z</time>
        <extensions>
          <gpxtpx:TrackPointExtension>
            <gpxtpx:hr>138</gpxtpx:hr>
          </gpxtpx:TrackPointExtension>
        </extensions>
      </trkpt>
      <trkpt lat="22.594350763061783" lon="113.9722662806438">
        <ele>10.534351751208305</ele>
        <time>1970-01-01T00:20:30.500000Z</time>
        <extensions>
          <gpxtpx:TrackPointExtension>
            <gpxtpx:hr>138</gpxtpx:hr>
          </gpxtpx:TrackPointExtension>
        </extensions>
      </trkpt>
      <trkpt lat="22.594345879253417" lon="113.97228825561675">
        <ele>10.50821175519377</ele>
        <time>1970-01-01T00:20:31.500000Z</time>
        <extensions>
          <gpxtpx:TrackPointExtension>
            <gpxtpx:hr>138</gpxtpx:hr>
          </gpxtpx:TrackPointExtension>
        </extensions>
      </trkpt>
      <trkpt lat="22.594340926693935" lon="113.97230987351682">
        <ele>10.488222868181765</ele>
        <time>1970-01-01T00:20:32.500000Z</time>
        <extensions>
          <gpxtpx:TrackPointExtension>
            <gpxtpx:hr>138</gpxtpx:hr>
          </gpxtpx:TrackPointExtension>
        </extensions>
      </trkpt>
      <trkpt lat="22.59433579073059" lon="113.97233126098146">
        <ele>10.475128632970154</ele>
        <time>1970-01-01T00:20:33.500000Z</time>
        <extensions>
          <gpxtpx:TrackPointExtension>
            <gpxtpx:hr>138</gpxtpx:hr>
          </gpxtpx:TrackPointExtension>
        </extensions>
      </trkpt>
      <trkpt lat="22.59433046658371" lon="113.97235247707621">
        <ele>10.470026114024222</ele>
        <time>1970-01-01T00:20:34.500000Z</time>
        <extensions>
          <gpxtpx:TrackPointExtension>
            <gpxtpx:hr>137</gpxtpx:hr>
          </gpxtpx:TrackPointExtension>
        </extensions>
      </trkpt>
      <trkpt lat="22.59432493660894" lon="113.97237383950917">
        <ele>10.472557765431702</ele>
        <time>1970-01-01T00:20:35.500000Z</time>
        <extensions>
          <gpxtpx:TrackPointExtension>
            <gpxtpx:hr>137</gpxtpx:hr>
          </gpxtpx:TrackPointExtension>
        </extensions>
      </trkpt>
      <trkpt lat="22.59431922488097" lon="113.97239550870327">
        <ele>10.483220468275249</ele>
        <time>1970-01-01T00:20:36.500000Z</time>
        <extensions>
          <gpxtpx:TrackPointExtension>
            <gpxtpx:hr>137</gpxtpx:hr>
          </gpxtpx:TrackPointExtension>
        </extensions>
      </trkpt>
      <trkpt lat="22.59431345131835" lon="113.97241730631737">
        <ele>10.501099333167076</ele>
        <time>1970-01-01T00:20:37.500000Z</time>
        <extensions>
          <gpxtpx:TrackPointExtension>
            <gpxtpx:hr>136</gpxtpx:hr>
          </gpxtpx:TrackPointExtension>
        </extensions>
      </trkpt>
      <trkpt lat="22.594307677159254" lon="113.97243897297814">
        <ele>10.526512845419347</ele>
        <time>1970-01-01T00:20:38.500000Z</time>
        <extensions>
          <gpxtpx:TrackPointExtension>
            <gpxtpx:hr>136</gpxtpx:hr>
          </gpxtpx:TrackPointExtension>
        </extensions>
      </trkpt>
      <trkpt lat="22.594302057497973" lon="113.97246035636572">
        <ele>10.558517009019852</ele>
        <time>1970-01-01T00:20:39.500000Z</time>
        <extensions>
          <gpxtpx:TrackPointExtension>
            <gpxtpx:hr>136</gpxtpx:hr>
          </gpxtpx:TrackPointExtension>
        </extensions>
      </trkpt>
      <trkpt lat="22.594296803090657" lon="113.97248151054643">
        <ele>10.59595296997577</ele>
        <time>1970-01-01T00:20:40.500000Z</time>
        <extensions>
          <gpxtpx:TrackPointExtension>
            <gpxtpx:hr>136</gpxtpx:hr>
          </gpxtpx:TrackPointExtension>
        </extensions>
      </trkpt>
      <trkpt lat="22.594292015278572" lon="113.97250253128125">
        <ele>10.63884520996362</ele>
        <time>1970-01-01T00:20:41.500000Z</time>
        <extensions>
          <gpxtpx:TrackPointExtension>
            <gpxtpx:hr>136</gpxtpx:hr>
          </gpxtpx:TrackPointExtension>
        </extensions>
      </trkpt>
      <trkpt lat="22.594287611806223" lon="113.97252328468203">
        <ele>10.68620228022337</ele>
        <time>1970-01-01T00:20:42.500000Z</time>
        <extensions>
          <gpxtpx:TrackPointExtension>
            <gpxtpx:hr>136</gpxtpx:hr>
          </gpxtpx:TrackPointExtension>
        </extensions>
      </trkpt>
      <trkpt lat="22.59428304265191" lon="113.97254353203382">
        <ele>10.737365406006575</ele>
        <time>1970-01-01T00:20:43.500000Z</time>
        <extensions>
          <gpxtpx:TrackPointExtension>
            <gpxtpx:hr>136</gpxtpx:hr>
          </gpxtpx:TrackPointExtension>
        </extensions>
      </trkpt>
      <trkpt lat="22.594277978193073" lon="113.97256319134841">
        <ele>10.790767380967736</ele>
        <time>1970-01-01T00:20:44.500000Z</time>
        <extensions>
          <gpxtpx:TrackPointExtension>
            <gpxtpx:hr>136</gpxtpx:hr>
          </gpxtpx:TrackPointExtension>
        </extensions>
      </trkpt>
      <trkpt lat="22.594272549864584" lon="113.97258235195187">
        <ele>10.844706580042839</ele>
        <time>1970-01-01T00:20:45.500000Z</time>
        <extensions>
          <gpxtpx:TrackPointExtension>
            <gpxtpx:hr>136</gpxtpx:hr>
          </gpxtpx:TrackPointExtension>
        </extensions>
      </trkpt>
      <trkpt lat="22.594266868960318" lon="113.97260100358791">
        <ele>10.898124928586185</ele>
        <time>1970-01-01T00:20:46.500000Z</time>
        <extensions>
          <gpxtpx:TrackPointExtension>
            <gpxtpx:hr>135</gpxtpx:hr>
          </gpxtpx:TrackPointExtension>
        </extensions>
      </trkpt>
      <trkpt lat="22.594261011025907" lon="113.97261919071126">
        <ele>10.950256181880832</ele>
        <time>1970-01-01T00:20:47.500000Z</time>
        <extensions>
          <gpxtpx:TrackPointExtension>
            <gpxtpx:hr>135</gpxtpx:hr>
          </gpxtpx:TrackPointExtension>
        </extensions>
      </trkpt>
      <trkpt lat="22.59425495865268" lon="113.97263748440972">
        <ele>11.000741546042264</ele>
        <time>1970-01-01T00:20:48.500000Z</time>
        <extensions>
          <gpxtpx:TrackPointExtension>
            <gpxtpx:hr>135</gpxtpx:hr>
          </gpxtpx:TrackPointExtension>
        </extensions>
      </trkpt>
      <trkpt lat="22.594248621848386" lon="113.97265666731218">
        <ele>11.049456842243671</ele>
        <time>1970-01-01T00:20:49.500000Z</time>
        <extensions>
          <gpxtpx:TrackPointExtension>
            <gpxtpx:hr>135</gpxtpx:hr>
          </gpxtpx:TrackPointExtension>
        </extensions>
      </trkpt>
      <trkpt lat="22.59424200922547" lon="113.97267685114754">
        <ele>11.096412848681211</ele>
        <time>1970-01-01T00:20:50.500000Z</time>
        <extensions>
          <gpxtpx:TrackPointExtension>
            <gpxtpx:hr>135</gpxtpx:hr>
          </gpxtpx:TrackPointExtension>
        </extensions>
      </trkpt>
      <trkpt lat="22.594235174257573" lon="113.97269750017274">
        <ele>11.142213862389326</ele>
        <time>1970-01-01T00:20:51.500000Z</time>
        <extensions>
          <gpxtpx:TrackPointExtension>
            <gpxtpx:hr>135</gpxtpx:hr>
          </gpxtpx:TrackPointExtension>
        </extensions>
      </trkpt>
      <trkpt lat="22.594228163081027" lon="113.97271813338313">
        <ele>11.18900531437248</ele>
        <time>1970-01-01T00:20:52.500000Z</time>
        <extensions>
          <gpxtpx:TrackPointExtension>
            <gpxtpx:hr>135</gpxtpx:hr>
          </gpxtpx:TrackPointExtension>
        </extensions>
      </trkpt>
      <trkpt lat="22.594221098358016" lon="113.97273875538994">
        <ele>11.234683426097035</ele>
        <time>1970-01-01T00:20:53.500000Z</time>
        <extensions>
          <gpxtpx:TrackPointExtension>
            <gpxtpx:hr>133</gpxtpx:hr>
          </gpxtpx:TrackPointExtension>
        </extensions>
      </trkpt>
      <trkpt lat="22.594213962575118" lon="113.97275967095499">
        <ele>11.280749314464629</ele>
        <time>1970-01-01T00:20:54.500000Z</time>
        <extensions>
          <gpxtpx:TrackPointExtension>
            <gpxtpx:hr>133</gpxtpx:hr>
          </gpxtpx:TrackPointExtension>
        </extensions>
      </trkpt>
      <trkpt lat="22.59420669327075" lon="113.97278105916092">
        <ele>11.326606169342995</ele>
        <time>1970-01-01T00:20:55.500000Z</time>
        <extensions>
          <gpxtpx:TrackPointExtension>
            <gpxtpx:hr>133</gpxtpx:hr>
          </gpxtpx:TrackPointExtension>
        </extensions>
      </trkpt>
      <trkpt lat="22.59419930978868" lon="113.97280277358513">
        <ele>11.37310650292784</ele>
        <time>1970-01-01T00:20:56.500000Z</time>
        <extensions>
          <gpxtpx:TrackPointExtension>
            <gpxtpx:hr>133</gpxtpx:hr>
          </gpxtpx:TrackPointExtension>
        </extensions>
      </trkpt>
      <trkpt lat="22.594191761849846" lon="113.97282465330596">
        <ele>11.421926442533731</ele>
        <time>1970-01-01T00:20:57.500000Z</time>
        <extensions>
          <gpxtpx:TrackPointExtension>
            <gpxtpx:hr>133</gpxtpx:hr>
          </gpxtpx:TrackPointExtension>
        </extensions>
      </trkpt>
      <trkpt lat="22.59418404338444" lon="113.9728463835287">
        <ele>11.473359176889062</ele>
        <time>1970-01-01T00:20:58.500000Z</time>
        <extensions>
          <gpxtpx:TrackPointExtension>
            <gpxtpx:hr>133</gpxtpx:hr>
          </gpxtpx:TrackPointExtension>
        </extensions>
      </trkpt>
      <trkpt lat="22.594176344660376" lon="113.97286766631721">
        <ele>11.526723593473434</ele>
        <time>1970-01-01T00:20:59.500000Z</time>
        <extensions>
          <gpxtpx:TrackPointExtension>
            <gpxtpx:hr>133</gpxtpx:hr>
          </gpxtpx:TrackPointExtension>
        </extensions>
      </trkpt>
      <trkpt lat="22.594168793147823" lon="113.97288827508635">
        <ele>11.58344554901123</ele>
        <time>1970-01-01T00:21:00.400000Z</time>
        <extensions>
          <gpxtpx:TrackPointExtension>
            <gpxtpx:hr>133</gpxtpx:hr>
          </gpxtpx:TrackPointExtension>
        </extensions>
      </trkpt>
      <trkpt lat="22.594161603314117" lon="113.9729080368196">
        <ele>11.644299135543406</ele>
        <time>1970-01-01T00:21:01.400000Z</time>
        <extensions>
          <gpxtpx:TrackPointExtension>
            <gpxtpx:hr>133</gpxtpx:hr>
          </gpxtpx:TrackPointExtension>
        </extensions>
      </trkpt>
      <trkpt lat="22.59415502055726" lon="113.97292706389389">
        <ele>11.708378545939922</ele>
        <time>1970-01-01T00:21:02.400000Z</time>
        <extensions>
          <gpxtpx:TrackPointExtension>
            <gpxtpx:hr>133</gpxtpx:hr>
          </gpxtpx:TrackPointExtension>
        </extensions>
      </trkpt>
      <trkpt lat="22.594148974670997" lon="113.97294557381753">
        <ele>11.777722442522645</ele>
        <time>1970-01-01T00:21:03.400000Z</time>
        <extensions>
          <gpxtpx:TrackPointExtension>
            <gpxtpx:hr>132</gpxtpx:hr>
          </gpxtpx:TrackPointExtension>
        </extensions>
      </trkpt>
      <trkpt lat="22.594143037247655" lon="113.9729641117385">
        <ele>11.85188899282366</ele>
        <time>1970-01-01T00:21:04.400000Z</time>
        <extensions>
          <gpxtpx:TrackPointExtension>
            <gpxtpx:hr>132</gpxtpx:hr>
          </gpxtpx:TrackPointExtension>
        </extensions>
      </trkpt>
      <trkpt lat="22.59413682453301" lon="113.97298357524083">
        <ele>11.931777874007821</ele>
        <time>1970-01-01T00:21:05.400000Z</time>
        <extensions>
          <gpxtpx:TrackPointExtension>
            <gpxtpx:hr>132</gpxtpx:hr>
          </gpxtpx:TrackPointExtension>
        </extensions>
      </trkpt>
      <trkpt lat="22.59412998504467" lon="113.97300468609907">
        <ele>12.018090055324137</ele>
        <time>1970-01-01T00:21:06.400000Z</time>
        <extensions>
          <gpxtpx:TrackPointExtension>
            <gpxtpx:hr>132</gpxtpx:hr>
          </gpxtpx:TrackPointExtension>
        </extensions>
      </trkpt>
      <trkpt lat="22.594122205911916" lon="113.97302787132836">
        <ele>12.111247822642326</ele>
        <time>1970-01-01T00:21:07.400000Z</time>
        <extensions>
          <gpxtpx:TrackPointExtension>
            <gpxtpx:hr>132</gpxtpx:hr>
          </gpxtpx:TrackPointExtension>
        </extensions>
      </trkpt>
      <trkpt lat="22.594113574320883" lon="113.97305258864237">
        <ele>12.211867844685912</ele>
        <time>1970-01-01T00:21:08.400000Z</time>
        <extensions>
          <gpxtpx:TrackPointExtension>
            <gpxtpx:hr>132</gpxtpx:hr>
          </gpxtpx:TrackPointExtension>
        </extensions>
      </trkpt>
      <trkpt lat="22.594104527703582" lon="113.97307754922167">
        <ele>12.321306832134724</ele>
        <time>1970-01-01T00:21:09.400000Z</time>
        <extensions>
          <gpxtpx:TrackPointExtension>
            <gpxtpx:hr>132</gpxtpx:hr>
          </gpxtpx:TrackPointExtension>
        </extensions>
      </trkpt>
      <trkpt lat="22.59409541002077" lon="113.97310200187032">
        <ele>12.440258601680398</ele>
        <time>1970-01-01T00:21:10.400000Z</time>
        <extensions>
          <gpxtpx:TrackPointExtension>
            <gpxtpx:hr>132</gpxtpx:hr>
          </gpxtpx:TrackPointExtension>
        </extensions>
      </trkpt>
      <trkpt lat="22.594086347399394" lon="113.97312587736755">
        <ele>12.5692123118788</ele>
        <time>1970-01-01T00:21:11.400000Z</time>
        <extensions>
          <gpxtpx:TrackPointExtension>
            <gpxtpx:hr>132</gpxtpx:hr>
          </gpxtpx:TrackPointExtension>
        </extensions>
      </trkpt>
      <trkpt lat="22.594077326984117" lon="113.97314949257863">
        <ele>12.707258312031627</ele>
        <time>1970-01-01T00:21:12.400000Z</time>
        <extensions>
          <gpxtpx:TrackPointExtension>
            <gpxtpx:hr>132</gpxtpx:hr>
          </gpxtpx:TrackPointExtension>
        </extensions>
      </trkpt>
      <trkpt lat="22.59406825225618" lon="113.97317311672708">
        <ele>12.854065869003534</ele>
        <time>1970-01-01T00:21:13.400000Z</time>
        <extensions>
          <gpxtpx:TrackPointExtension>
            <gpxtpx:hr>132</gpxtpx:hr>
          </gpxtpx:TrackPointExtension>
        </extensions>
      </trkpt>
      <trkpt lat="22.59405918858167" lon="113.97319682480259">
        <ele>13.011368957348168</ele>
        <time>1970-01-01T00:21:14.400000Z</time>
        <extensions>
          <gpxtpx:TrackPointExtension>
            <gpxtpx:hr>132</gpxtpx:hr>
          </gpxtpx:TrackPointExtension>
        </extensions>
      </trkpt>
      <trkpt lat="22.594050343874393" lon="113.97322034246857">
        <ele>13.175008564256132</ele>
        <time>1970-01-01T00:21:15.400000Z</time>
        <extensions>
          <gpxtpx:TrackPointExtension>
            <gpxtpx:hr>134</gpxtpx:hr>
          </gpxtpx:TrackPointExtension>
        </extensions>
      </trkpt>
      <trkpt lat="22.594041841419305" lon="113.9732431681215">
        <ele>13.34418380074203</ele>
        <time>1970-01-01T00:21:16.400000Z</time>
        <extensions>
          <gpxtpx:TrackPointExtension>
            <gpxtpx:hr>134</gpxtpx:hr>
          </gpxtpx:TrackPointExtension>
        </extensions>
      </trkpt>
      <trkpt lat="22.594033608772396" lon="113.9732651796379">
        <ele>13.51743049826473</ele>
        <time>1970-01-01T00:21:17.400000Z</time>
        <extensions>
          <gpxtpx:TrackPointExtension>
            <gpxtpx:hr>134</gpxtpx:hr>
          </gpxtpx:TrackPointExtension>
        </extensions>
      </trkpt>
      <trkpt lat="22.594025429181627" lon="113.9732867757838">
        <ele>13.694175500422716</ele>
        <time>1970-01-01T00:21:18.400000Z</time>
        <extensions>
          <gpxtpx:TrackPointExtension>
            <gpxtpx:hr>134</gpxtpx:hr>
          </gpxtpx:TrackPointExtension>
        </extensions>
      </trkpt>
      <trkpt lat="22.594017202619227" lon="113.97330822314879">
        <ele>13.873810747638345</ele>
        <time>1970-01-01T00:21:19.400000Z</time>
        <extensions>
          <gpxtpx:TrackPointExtension>
            <gpxtpx:hr>135</gpxtpx:hr>
          </gpxtpx:TrackPointExtension>
        </extensions>
      </trkpt>
      <trkpt lat="22.594008918545494" lon="113.97332964080236">
        <ele>14.054042056202888</ele>
        <time>1970-01-01T00:21:20.400000Z</time>
        <extensions>
          <gpxtpx:TrackPointExtension>
            <gpxtpx:hr>135</gpxtpx:hr>
          </gpxtpx:TrackPointExtension>
        </extensions>
      </trkpt>
      <trkpt lat="22.594000634164747" lon="113.97335091916413">
        <ele>14.23265836108476</ele>
        <time>1970-01-01T00:21:21.400000Z</time>
        <extensions>
          <gpxtpx:TrackPointExtension>
            <gpxtpx:hr>135</gpxtpx:hr>
          </gpxtpx:TrackPointExtension>
        </extensions>
      </trkpt>
      <trkpt lat="22.59399258033572" lon="113.97337176449638">
        <ele>14.410442383028567</ele>
        <time>1970-01-01T00:21:22.400000Z</time>
        <extensions>
          <gpxtpx:TrackPointExtension>
            <gpxtpx:hr>135</gpxtpx:hr>
          </gpxtpx:TrackPointExtension>
        </extensions>
      </trkpt>
      <trkpt lat="22.593984853802883" lon="113.973392039025">
        <ele>14.586703579872847</ele>
        <time>1970-01-01T00:21:23.400000Z</time>
        <extensions>
          <gpxtpx:TrackPointExtension>
            <gpxtpx:hr>134</gpxtpx:hr>
          </gpxtpx:TrackPointExtension>
        </extensions>
      </trkpt>
      <trkpt lat="22.59397737469767" lon="113.97341178254636">
        <ele>14.759264228865504</ele>
        <time>1970-01-01T00:21:24.400000Z</time>
        <extensions>
          <gpxtpx:TrackPointExtension>
            <gpxtpx:hr>134</gpxtpx:hr>
          </gpxtpx:TrackPointExtension>
        </extensions>
      </trkpt>
      <trkpt lat="22.593970087681534" lon="113.97343095883379">
        <ele>14.9279525000602</ele>
        <time>1970-01-01T00:21:25.400000Z</time>
        <extensions>
          <gpxtpx:TrackPointExtension>
            <gpxtpx:hr>134</gpxtpx:hr>
          </gpxtpx:TrackPointExtension>
        </extensions>
      </trkpt>
      <trkpt lat="22.593962808983395" lon="113.97344961857613">
        <ele>15.092636627145112</ele>
        <time>1970-01-01T00:21:26.400000Z</time>
        <extensions>
          <gpxtpx:TrackPointExtension>
            <gpxtpx:hr>134</gpxtpx:hr>
          </gpxtpx:TrackPointExtension>
        </extensions>
      </trkpt>
      <trkpt lat="22.593955436940618" lon="113.9734679383777">
        <ele>15.250269911251962</ele>
        <time>1970-01-01T00:21:27.400000Z</time>
        <extensions>
          <gpxtpx:TrackPointExtension>
            <gpxtpx:hr>134</gpxtpx:hr>
          </gpxtpx:TrackPointExtension>
        </extensions>
      </trkpt>
      <trkpt lat="22.59394808806974" lon="113.97348597635">
        <ele>15.401343122124672</ele>
        <time>1970-01-01T00:21:28.400000Z</time>
        <extensions>
          <gpxtpx:TrackPointExtension>
            <gpxtpx:hr>134</gpxtpx:hr>
          </gpxtpx:TrackPointExtension>
        </extensions>
      </trkpt>
      <trkpt lat="22.593940226078622" lon="113.97350348355039">
        <ele>15.544504050165415</ele>
        <time>1970-01-01T00:21:29.400000Z</time>
        <extensions>
          <gpxtpx:TrackPointExtension>
            <gpxtpx:hr>134</gpxtpx:hr>
          </gpxtpx:TrackPointExtension>
        </extensions>
      </trkpt>
      <trkpt lat="22.593931494929574" lon="113.97352077482233">
        <ele>15.67939245607704</ele>
        <time>1970-01-01T00:21:30.400000Z</time>
        <extensions>
          <gpxtpx:TrackPointExtension>
            <gpxtpx:hr>134</gpxtpx:hr>
          </gpxtpx:TrackPointExtension>
        </extensions>
      </trkpt>
      <trkpt lat="22.593922411564538" lon="113.97353839191643">
        <ele>15.806298738345504</ele>
        <time>1970-01-01T00:21:31.400000Z</time>
        <extensions>
          <gpxtpx:TrackPointExtension>
            <gpxtpx:hr>134</gpxtpx:hr>
          </gpxtpx:TrackPointExtension>
        </extensions>
      </trkpt>
      <trkpt lat="22.593913490255844" lon="113.9735571217248">
        <ele>15.925120325759053</ele>
        <time>1970-01-01T00:21:32.400000Z</time>
        <extensions>
          <gpxtpx:TrackPointExtension>
            <gpxtpx:hr>134</gpxtpx:hr>
          </gpxtpx:TrackPointExtension>
        </extensions>
      </trkpt>
      <trkpt lat="22.59390483548135" lon="113.97357776946566">
        <ele>16.037645616568625</ele>
        <time>1970-01-01T00:21:33.400000Z</time>
        <extensions>
          <gpxtpx:TrackPointExtension>
            <gpxtpx:hr>134</gpxtpx:hr>
          </gpxtpx:TrackPointExtension>
        </extensions>
      </trkpt>
      <trkpt lat="22.593896233519928" lon="113.97359992161265">
        <ele>16.14236073102802</ele>
        <time>1970-01-01T00:21:34.400000Z</time>
        <extensions>
          <gpxtpx:TrackPointExtension>
            <gpxtpx:hr>134</gpxtpx:hr>
          </gpxtpx:TrackPointExtension>
        </extensions>
      </trkpt>
      <trkpt lat="22.59388770633239" lon="113.97362293162111">
        <ele>16.24046122469008</ele>
        <time>1970-01-01T00:21:35.400000Z</time>
        <extensions>
          <gpxtpx:TrackPointExtension>
            <gpxtpx:hr>134</gpxtpx:hr>
          </gpxtpx:TrackPointExtension>
        </extensions>
      </trkpt>
      <trkpt lat="22.593879135943045" lon="113.97364636024032">
        <ele>16.331672498956323</ele>
        <time>1970-01-01T00:21:36.300000Z</time>
        <extensions>
          <gpxtpx:TrackPointExtension>
            <gpxtpx:hr>134</gpxtpx:hr>
          </gpxtpx:TrackPointExtension>
        </extensions>
      </trkpt>
      <trkpt lat="22.59387040828429" lon="113.97366983911498">
        <ele>16.416358644142747</ele>
        <time>1970-01-01T00:21:37.300000Z</time>
        <extensions>
          <gpxtpx:TrackPointExtension>
            <gpxtpx:hr>134</gpxtpx:hr>
          </gpxtpx:TrackPointExtension>
        </extensions>
      </trkpt>
      <trkpt lat="22.59386166552925" lon="113.97369342104747">
        <ele>16.496446705423295</ele>
        <time>1970-01-01T00:21:38.300000Z</time>
        <extensions>
          <gpxtpx:TrackPointExtension>
            <gpxtpx:hr>133</gpxtpx:hr>
          </gpxtpx:TrackPointExtension>
        </extensions>
      </trkpt>
      <trkpt lat="22.59385302108989" lon="113.97371726841652">
        <ele>16.57144266460091</ele>
        <time>1970-01-01T00:21:39.300000Z</time>
        <extensions>
          <gpxtpx:TrackPointExtension>
            <gpxtpx:hr>133</gpxtpx:hr>
          </gpxtpx:TrackPointExtension>
        </extensions>
      </trkpt>
      <trkpt lat="22.59384442002612" lon="113.97374153170544">
        <ele>16.64400288183242</ele>
        <time>1970-01-01T00:21:40.300000Z</time>
        <extensions>
          <gpxtpx:TrackPointExtension>
            <gpxtpx:hr>133</gpxtpx:hr>
          </gpxtpx:TrackPointExtension>
        </extensions>
      </trkpt>
      <trkpt lat="22.593835865660253" lon="113.97376611573424">
        <ele>16.714570278301835</ele>
        <time>1970-01-01T00:21:41.300000Z</time>
        <extensions>
          <gpxtpx:TrackPointExtension>
            <gpxtpx:hr>133</gpxtpx:hr>
          </gpxtpx:TrackPointExtension>
        </extensions>
      </trkpt>
      <trkpt lat="22.593827545268795" lon="113.97379059944925">
        <ele>16.782849848270416</ele>
        <time>1970-01-01T00:21:42.300000Z</time>
        <extensions>
          <gpxtpx:TrackPointExtension>
            <gpxtpx:hr>133</gpxtpx:hr>
          </gpxtpx:TrackPointExtension>
        </extensions>
      </trkpt>
      <trkpt lat="22.593819621676992" lon="113.97381469475553">
        <ele>16.847934063524008</ele>
        <time>1970-01-01T00:21:43.300000Z</time>
        <extensions>
          <gpxtpx:TrackPointExtension>
            <gpxtpx:hr>133</gpxtpx:hr>
          </gpxtpx:TrackPointExtension>
        </extensions>
      </trkpt>
      <trkpt lat="22.593811996945906" lon="113.97383840696608">
        <ele>16.910243042744696</ele>
        <time>1970-01-01T00:21:44.300000Z</time>
        <extensions>
          <gpxtpx:TrackPointExtension>
            <gpxtpx:hr>133</gpxtpx:hr>
          </gpxtpx:TrackPointExtension>
        </extensions>
      </trkpt>
      <trkpt lat="22.59380456457862" lon="113.97386229256848">
        <ele>16.96988910343498</ele>
        <time>1970-01-01T00:21:45.300000Z</time>
        <extensions>
          <gpxtpx:TrackPointExtension>
            <gpxtpx:hr>133</gpxtpx:hr>
          </gpxtpx:TrackPointExtension>
        </extensions>
      </trkpt>
      <trkpt lat="22.59379727080982" lon="113.97388640013668">
        <ele>17.027417509816587</ele>
        <time>1970-01-01T00:21:46.300000Z</time>
        <extensions>
          <gpxtpx:TrackPointExtension>
            <gpxtpx:hr>133</gpxtpx:hr>
          </gpxtpx:TrackPointExtension>
        </extensions>
      </trkpt>
      <trkpt lat="22.59379002297419" lon="113.97391081762271">
        <ele>17.083026718348265</ele>
        <time>1970-01-01T00:21:47.300000Z</time>
        <extensions>
          <gpxtpx:TrackPointExtension>
            <gpxtpx:hr>133</gpxtpx:hr>
          </gpxtpx:TrackPointExtension>
        </extensions>
      </trkpt>
      <trkpt lat="22.59378273396035" lon="113.97393550969404">
        <ele>17.136050835251808</ele>
        <time>1970-01-01T00:21:48.300000Z</time>
        <extensions>
          <gpxtpx:TrackPointExtension>
            <gpxtpx:hr>135</gpxtpx:hr>
          </gpxtpx:TrackPointExtension>
        </extensions>
      </trkpt>
      <trkpt lat="22.593775539703465" lon="113.97395997630656">
        <ele>17.187062206678092</ele>
        <time>1970-01-01T00:21:49.300000Z</time>
        <extensions>
          <gpxtpx:TrackPointExtension>
            <gpxtpx:hr>135</gpxtpx:hr>
          </gpxtpx:TrackPointExtension>
        </extensions>
      </trkpt>
      <trkpt lat="22.593768560727295" lon="113.97398390444457">
        <ele>17.235777948983014</ele>
        <time>1970-01-01T00:21:50.300000Z</time>
        <extensions>
          <gpxtpx:TrackPointExtension>
            <gpxtpx:hr>135</gpxtpx:hr>
          </gpxtpx:TrackPointExtension>
        </extensions>
      </trkpt>
      <trkpt lat="22.59376180799801" lon="113.97400723736058">
        <ele>17.283073467202485</ele>
        <time>1970-01-01T00:21:51.300000Z</time>
        <extensions>
          <gpxtpx:TrackPointExtension>
            <gpxtpx:hr>135</gpxtpx:hr>
          </gpxtpx:TrackPointExtension>
        </extensions>
      </trkpt>
      <trkpt lat="22.593755348487775" lon="113.9740302128617">
        <ele>17.32823450770229</ele>
        <time>1970-01-01T00:21:52.300000Z</time>
        <extensions>
          <gpxtpx:TrackPointExtension>
            <gpxtpx:hr>135</gpxtpx:hr>
          </gpxtpx:TrackPointExtension>
        </extensions>
      </trkpt>
      <trkpt lat="22.5937490596859" lon="113.9740531237966">
        <ele>17.37242356222123</ele>
        <time>1970-01-01T00:21:53.300000Z</time>
        <extensions>
          <gpxtpx:TrackPointExtension>
            <gpxtpx:hr>140</gpxtpx:hr>
          </gpxtpx:TrackPointExtension>
        </extensions>
      </trkpt>
      <trkpt lat="22.593742874022954" lon="113.97407610917952">
        <ele>17.41454563755542</ele>
        <time>1970-01-01T00:21:54.300000Z</time>
        <extensions>
          <gpxtpx:TrackPointExtension>
            <gpxtpx:hr>140</gpxtpx:hr>
          </gpxtpx:TrackPointExtension>
        </extensions>
      </trkpt>
      <trkpt lat="22.59373657588085" lon="113.97409894336133">
        <ele>17.45449945051223</ele>
        <time>1970-01-01T00:21:55.300000Z</time>
        <extensions>
          <gpxtpx:TrackPointExtension>
            <gpxtpx:hr>140</gpxtpx:hr>
          </gpxtpx:TrackPointExtension>
        </extensions>
      </trkpt>
      <trkpt lat="22.593729950733273" lon="113.97412136276166">
        <ele>17.490920705720782</ele>
        <time>1970-01-01T00:21:56.300000Z</time>
        <extensions>
          <gpxtpx:TrackPointExtension>
            <gpxtpx:hr>140</gpxtpx:hr>
          </gpxtpx:TrackPointExtension>
        </extensions>
      </trkpt>
      <trkpt lat="22.59372284189585" lon="113.97414334193148">
        <ele>17.522786288522184</ele>
        <time>1970-01-01T00:21:57.300000Z</time>
        <extensions>
          <gpxtpx:TrackPointExtension>
            <gpxtpx:hr>140</gpxtpx:hr>
          </gpxtpx:TrackPointExtension>
        </extensions>
      </trkpt>
      <trkpt lat="22.59371497488499" lon="113.97416484783648">
        <ele>17.55117727443576</ele>
        <time>1970-01-01T00:21:58.300000Z</time>
        <extensions>
          <gpxtpx:TrackPointExtension>
            <gpxtpx:hr>140</gpxtpx:hr>
          </gpxtpx:TrackPointExtension>
        </extensions>
      </trkpt>
      <trkpt lat="22.593705311109577" lon="113.97418525102928">
        <ele>17.574835315346718</ele>
        <time>1970-01-01T00:21:59.300000Z</time>
        <extensions>
          <gpxtpx:TrackPointExtension>
            <gpxtpx:hr>140</gpxtpx:hr>
          </gpxtpx:TrackPointExtension>
        </extensions>
      </trkpt>
      <trkpt lat="22.593694466925086" lon="113.97420481837037">
        <ele>17.593374139629304</ele>
        <time>1970-01-01T00:22:00.300000Z</time>
        <extensions>
          <gpxtpx:TrackPointExtension>
            <gpxtpx:hr>140</gpxtpx:hr>
          </gpxtpx:TrackPointExtension>
        </extensions>
      </trkpt>
      <trkpt lat="22.593684854976235" lon="113.97422520192293">
        <ele>17.606975906528533</ele>
        <time>1970-01-01T00:22:01.300000Z</time>
        <extensions>
          <gpxtpx:TrackPointExtension>
            <gpxtpx:hr>140</gpxtpx:hr>
          </gpxtpx:TrackPointExtension>
        </extensions>
      </trkpt>
      <trkpt lat="22.593676786056065" lon="113.97424689130908">
        <ele>17.613198461011052</ele>
        <time>1970-01-01T00:22:02.300000Z</time>
        <extensions>
          <gpxtpx:TrackPointExtension>
            <gpxtpx:hr>142</gpxtpx:hr>
          </gpxtpx:TrackPointExtension>
        </extensions>
      </trkpt>
      <trkpt lat="22.593669527277235" lon="113.97426958652977">
        <ele>17.612860788591206</ele>
        <time>1970-01-01T00:22:03.300000Z</time>
        <extensions>
          <gpxtpx:TrackPointExtension>
            <gpxtpx:hr>142</gpxtpx:hr>
          </gpxtpx:TrackPointExtension>
        </extensions>
      </trkpt>
      <trkpt lat="22.593662718830686" lon="113.97429297127863">
        <ele>17.605935944244266</ele>
        <time>1970-01-01T00:22:04.300000Z</time>
        <extensions>
          <gpxtpx:TrackPointExtension>
            <gpxtpx:hr>142</gpxtpx:hr>
          </gpxtpx:TrackPointExtension>
        </extensions>
      </trkpt>
      <trkpt lat="22.593656403509588" lon="113.9743168231271">
        <ele>17.59246936161071</ele>
        <time>1970-01-01T00:22:05.300000Z</time>
        <extensions>
          <gpxtpx:TrackPointExtension>
            <gpxtpx:hr>142</gpxtpx:hr>
          </gpxtpx:TrackPointExtension>
        </extensions>
      </trkpt>
      <trkpt lat="22.59365059259378" lon="113.9743407831422">
        <ele>17.571546098217368</ele>
        <time>1970-01-01T00:22:06.300000Z</time>
        <extensions>
          <gpxtpx:TrackPointExtension>
            <gpxtpx:hr>142</gpxtpx:hr>
          </gpxtpx:TrackPointExtension>
        </extensions>
      </trkpt>
      <trkpt lat="22.59364530221047" lon="113.97436464677443">
        <ele>17.54318878147751</ele>
        <time>1970-01-01T00:22:07.300000Z</time>
        <extensions>
          <gpxtpx:TrackPointExtension>
            <gpxtpx:hr>142</gpxtpx:hr>
          </gpxtpx:TrackPointExtension>
        </extensions>
      </trkpt>
      <trkpt lat="22.59364058672634" lon="113.97438852563218">
        <ele>17.50724921375513</ele>
        <time>1970-01-01T00:22:08.300000Z</time>
        <extensions>
          <gpxtpx:TrackPointExtension>
            <gpxtpx:hr>141</gpxtpx:hr>
          </gpxtpx:TrackPointExtension>
        </extensions>
      </trkpt>
      <trkpt lat="22.593636334503493" lon="113.97441286561697">
        <ele>17.464691242203116</ele>
        <time>1970-01-01T00:22:09.300000Z</time>
        <extensions>
          <gpxtpx:TrackPointExtension>
            <gpxtpx:hr>141</gpxtpx:hr>
          </gpxtpx:TrackPointExtension>
        </extensions>
      </trkpt>
      <trkpt lat="22.593632527818404" lon="113.97443782133072">
        <ele>17.41509998869151</ele>
        <time>1970-01-01T00:22:10.300000Z</time>
        <extensions>
          <gpxtpx:TrackPointExtension>
            <gpxtpx:hr>141</gpxtpx:hr>
          </gpxtpx:TrackPointExtension>
        </extensions>
      </trkpt>
      <trkpt lat="22.593629199985585" lon="113.97446268082417">
        <ele>17.359270026907325</ele>
        <time>1970-01-01T00:22:11.300000Z</time>
        <extensions>
          <gpxtpx:TrackPointExtension>
            <gpxtpx:hr>141</gpxtpx:hr>
          </gpxtpx:TrackPointExtension>
        </extensions>
      </trkpt>
      <trkpt lat="22.593626377896967" lon="113.97448723191769">
        <ele>17.2967948326841</ele>
        <time>1970-01-01T00:22:12.200000Z</time>
        <extensions>
          <gpxtpx:TrackPointExtension>
            <gpxtpx:hr>141</gpxtpx:hr>
          </gpxtpx:TrackPointExtension>
        </extensions>
      </trkpt>
      <trkpt lat="22.593623895226692" lon="113.97451179763866">
        <ele>17.228856610134244</ele>
        <time>1970-01-01T00:22:13.200000Z</time>
        <extensions>
          <gpxtpx:TrackPointExtension>
            <gpxtpx:hr>141</gpxtpx:hr>
          </gpxtpx:TrackPointExtension>
        </extensions>
      </trkpt>
      <trkpt lat="22.593621527593537" lon="113.974536550344">
        <ele>17.157231939956546</ele>
        <time>1970-01-01T00:22:14.200000Z</time>
        <extensions>
          <gpxtpx:TrackPointExtension>
            <gpxtpx:hr>140</gpxtpx:hr>
          </gpxtpx:TrackPointExtension>
        </extensions>
      </trkpt>
      <trkpt lat="22.593619192743414" lon="113.97456183851709">
        <ele>17.082641796208918</ele>
        <time>1970-01-01T00:22:15.200000Z</time>
        <extensions>
          <gpxtpx:TrackPointExtension>
            <gpxtpx:hr>140</gpxtpx:hr>
          </gpxtpx:TrackPointExtension>
        </extensions>
      </trkpt>
      <trkpt lat="22.593616948944728" lon="113.9745876449394">
        <ele>17.0043699555099</ele>
        <time>1970-01-01T00:22:16.200000Z</time>
        <extensions>
          <gpxtpx:TrackPointExtension>
            <gpxtpx:hr>140</gpxtpx:hr>
          </gpxtpx:TrackPointExtension>
        </extensions>
      </trkpt>
      <trkpt lat="22.593614871308386" lon="113.97461358513512">
        <ele>16.92353091854602</ele>
        <time>1970-01-01T00:22:17.200000Z</time>
        <extensions>
          <gpxtpx:TrackPointExtension>
            <gpxtpx:hr>142</gpxtpx:hr>
          </gpxtpx:TrackPointExtension>
        </extensions>
      </trkpt>
      <trkpt lat="22.593613144071245" lon="113.97463928858699">
        <ele>16.83972237445414</ele>
        <time>1970-01-01T00:22:18.200000Z</time>
        <extensions>
          <gpxtpx:TrackPointExtension>
            <gpxtpx:hr>142</gpxtpx:hr>
          </gpxtpx:TrackPointExtension>
        </extensions>
      </trkpt>
      <trkpt lat="22.59361185353683" lon="113.97466465872358">
        <ele>16.7543259980157</ele>
        <time>1970-01-01T00:22:19.200000Z</time>
        <extensions>
          <gpxtpx:TrackPointExtension>
            <gpxtpx:hr>142</gpxtpx:hr>
          </gpxtpx:TrackPointExtension>
        </extensions>
      </trkpt>
      <trkpt lat="22.5936110563103" lon="113.97468978058527">
        <ele>16.667178303934634</ele>
        <time>1970-01-01T00:22:20.200000Z</time>
        <extensions>
          <gpxtpx:TrackPointExtension>
            <gpxtpx:hr>142</gpxtpx:hr>
          </gpxtpx:TrackPointExtension>
        </extensions>
      </trkpt>
      <trkpt lat="22.593610751157062" lon="113.97471465759138">
        <ele>16.579291662201285</ele>
        <time>1970-01-01T00:22:21.200000Z</time>
        <extensions>
          <gpxtpx:TrackPointExtension>
            <gpxtpx:hr>142</gpxtpx:hr>
          </gpxtpx:TrackPointExtension>
        </extensions>
      </trkpt>
      <trkpt lat="22.593610764961042" lon="113.97473926120156">
        <ele>16.49176556058228</ele>
        <time>1970-01-01T00:22:22.200000Z</time>
        <extensions>
          <gpxtpx:TrackPointExtension>
            <gpxtpx:hr>144</gpxtpx:hr>
          </gpxtpx:TrackPointExtension>
        </extensions>
      </trkpt>
      <trkpt lat="22.593610899455836" lon="113.97476370835645">
        <ele>16.404602276161313</ele>
        <time>1970-01-01T00:22:23.200000Z</time>
        <extensions>
          <gpxtpx:TrackPointExtension>
            <gpxtpx:hr>144</gpxtpx:hr>
          </gpxtpx:TrackPointExtension>
        </extensions>
      </trkpt>
      <trkpt lat="22.593611019224888" lon="113.9747886571283">
        <ele>16.31917438004166</ele>
        <time>1970-01-01T00:22:24.200000Z</time>
        <extensions>
          <gpxtpx:TrackPointExtension>
            <gpxtpx:hr>144</gpxtpx:hr>
          </gpxtpx:TrackPointExtension>
        </extensions>
      </trkpt>
      <trkpt lat="22.593611016292428" lon="113.97481442604605">
        <ele>16.235122924670577</ele>
        <time>1970-01-01T00:22:25.200000Z</time>
        <extensions>
          <gpxtpx:TrackPointExtension>
            <gpxtpx:hr>144</gpxtpx:hr>
          </gpxtpx:TrackPointExtension>
        </extensions>
      </trkpt>
      <trkpt lat="22.593610799634693" lon="113.97484044755151">
        <ele>16.15367942675948</ele>
        <time>1970-01-01T00:22:26.200000Z</time>
        <extensions>
          <gpxtpx:TrackPointExtension>
            <gpxtpx:hr>144</gpxtpx:hr>
          </gpxtpx:TrackPointExtension>
        </extensions>
      </trkpt>
      <trkpt lat="22.593610435281995" lon="113.97486612658626">
        <ele>16.07561354432255</ele>
        <time>1970-01-01T00:22:27.200000Z</time>
        <extensions>
          <gpxtpx:TrackPointExtension>
            <gpxtpx:hr>144</gpxtpx:hr>
          </gpxtpx:TrackPointExtension>
        </extensions>
      </trkpt>
      <trkpt lat="22.59360990443453" lon="113.97489140454887">
        <ele>16.000822571106255</ele>
        <time>1970-01-01T00:22:28.200000Z</time>
        <extensions>
          <gpxtpx:TrackPointExtension>
            <gpxtpx:hr>144</gpxtpx:hr>
          </gpxtpx:TrackPointExtension>
        </extensions>
      </trkpt>
      <trkpt lat="22.593609198372132" lon="113.97491640579656">
        <ele>15.929093928076327</ele>
        <time>1970-01-01T00:22:29.200000Z</time>
        <extensions>
          <gpxtpx:TrackPointExtension>
            <gpxtpx:hr>144</gpxtpx:hr>
          </gpxtpx:TrackPointExtension>
        </extensions>
      </trkpt>
      <trkpt lat="22.593608408539662" lon="113.97494143515772">
        <ele>15.859906383790076</ele>
        <time>1970-01-01T00:22:30.200000Z</time>
        <extensions>
          <gpxtpx:TrackPointExtension>
            <gpxtpx:hr>144</gpxtpx:hr>
          </gpxtpx:TrackPointExtension>
        </extensions>
      </trkpt>
      <trkpt lat="22.59360767687395" lon="113.97496662604523">
        <ele>15.793797398917377</ele>
        <time>1970-01-01T00:22:31.200000Z</time>
        <extensions>
          <gpxtpx:TrackPointExtension>
            <gpxtpx:hr>144</gpxtpx:hr>
          </gpxtpx:TrackPointExtension>
        </extensions>
      </trkpt>
      <trkpt lat="22.59360707262689" lon="113.97499190125619">
        <ele>15.72962018288672</ele>
        <time>1970-01-01T00:22:32.200000Z</time>
        <extensions>
          <gpxtpx:TrackPointExtension>
            <gpxtpx:hr>144</gpxtpx:hr>
          </gpxtpx:TrackPointExtension>
        </extensions>
      </trkpt>
      <trkpt lat="22.59360658953283" lon="113.97501711806994">
        <ele>15.666909548453987</ele>
        <time>1970-01-01T00:22:33.200000Z</time>
        <extensions>
          <gpxtpx:TrackPointExtension>
            <gpxtpx:hr>144</gpxtpx:hr>
          </gpxtpx:TrackPointExtension>
        </extensions>
      </trkpt>
      <trkpt lat="22.593606241463196" lon="113.97504218767398">
        <ele>15.60483702365309</ele>
        <time>1970-01-01T00:22:34.200000Z</time>
        <extensions>
          <gpxtpx:TrackPointExtension>
            <gpxtpx:hr>142</gpxtpx:hr>
          </gpxtpx:TrackPointExtension>
        </extensions>
      </trkpt>
      <trkpt lat="22.593606172131135" lon="113.97506707648864">
        <ele>15.543644913472235</ele>
        <time>1970-01-01T00:22:35.200000Z</time>
        <extensions>
          <gpxtpx:TrackPointExtension>
            <gpxtpx:hr>142</gpxtpx:hr>
          </gpxtpx:TrackPointExtension>
        </extensions>
      </trkpt>
      <trkpt lat="22.593606604673774" lon="113.97509183738283">
        <ele>15.483117275871336</ele>
        <time>1970-01-01T00:22:36.200000Z</time>
        <extensions>
          <gpxtpx:TrackPointExtension>
            <gpxtpx:hr>142</gpxtpx:hr>
          </gpxtpx:TrackPointExtension>
        </extensions>
      </trkpt>
      <trkpt lat="22.59360760131812" lon="113.97511646866836">
        <ele>15.422047235071659</ele>
        <time>1970-01-01T00:22:37.200000Z</time>
        <extensions>
          <gpxtpx:TrackPointExtension>
            <gpxtpx:hr>142</gpxtpx:hr>
          </gpxtpx:TrackPointExtension>
        </extensions>
      </trkpt>
      <trkpt lat="22.593609049727046" lon="113.97514087739397">
        <ele>15.360098824836314</ele>
        <time>1970-01-01T00:22:38.200000Z</time>
        <extensions>
          <gpxtpx:TrackPointExtension>
            <gpxtpx:hr>142</gpxtpx:hr>
          </gpxtpx:TrackPointExtension>
        </extensions>
      </trkpt>
      <trkpt lat="22.59361088657543" lon="113.97516504675859">
        <ele>15.298196468502283</ele>
        <time>1970-01-01T00:22:39.200000Z</time>
        <extensions>
          <gpxtpx:TrackPointExtension>
            <gpxtpx:hr>141</gpxtpx:hr>
          </gpxtpx:TrackPointExtension>
        </extensions>
      </trkpt>
      <trkpt lat="22.593613026385658" lon="113.97518898827693">
        <ele>15.235699222423136</ele>
        <time>1970-01-01T00:22:40.200000Z</time>
        <extensions>
          <gpxtpx:TrackPointExtension>
            <gpxtpx:hr>141</gpxtpx:hr>
          </gpxtpx:TrackPointExtension>
        </extensions>
      </trkpt>
      <trkpt lat="22.593615406367157" lon="113.97521291716475">
        <ele>15.172062286175787</ele>
        <time>1970-01-01T00:22:41.200000Z</time>
        <extensions>
          <gpxtpx:TrackPointExtension>
            <gpxtpx:hr>141</gpxtpx:hr>
          </gpxtpx:TrackPointExtension>
        </extensions>
      </trkpt>
      <trkpt lat="22.59361787984609" lon="113.97523701287328">
        <ele>15.107541175559163</ele>
        <time>1970-01-01T00:22:42.200000Z</time>
        <extensions>
          <gpxtpx:TrackPointExtension>
            <gpxtpx:hr>142</gpxtpx:hr>
          </gpxtpx:TrackPointExtension>
        </extensions>
      </trkpt>
      <trkpt lat="22.59362036287778" lon="113.97526163920863">
        <ele>15.042258935980499</ele>
        <time>1970-01-01T00:22:43.200000Z</time>
        <extensions>
          <gpxtpx:TrackPointExtension>
            <gpxtpx:hr>142</gpxtpx:hr>
          </gpxtpx:TrackPointExtension>
        </extensions>
      </trkpt>
      <trkpt lat="22.593622843833227" lon="113.97528695949215">
        <ele>14.976686170324683</ele>
        <time>1970-01-01T00:22:44.200000Z</time>
        <extensions>
          <gpxtpx:TrackPointExtension>
            <gpxtpx:hr>142</gpxtpx:hr>
          </gpxtpx:TrackPointExtension>
        </extensions>
      </trkpt>
      <trkpt lat="22.593625130735074" lon="113.97531273410084">
        <ele>14.910240930505097</ele>
        <time>1970-01-01T00:22:45.200000Z</time>
        <extensions>
          <gpxtpx:TrackPointExtension>
            <gpxtpx:hr>142</gpxtpx:hr>
          </gpxtpx:TrackPointExtension>
        </extensions>
      </trkpt>
      <trkpt lat="22.593626988298713" lon="113.97533885762391">
        <ele>14.842127655632794</ele>
        <time>1970-01-01T00:22:46.200000Z</time>
        <extensions>
          <gpxtpx:TrackPointExtension>
            <gpxtpx:hr>142</gpxtpx:hr>
          </gpxtpx:TrackPointExtension>
        </extensions>
      </trkpt>
      <trkpt lat="22.59362814171976" lon="113.97536528268033">
        <ele>14.77617296949029</ele>
        <time>1970-01-01T00:22:47.200000Z</time>
        <extensions>
          <gpxtpx:TrackPointExtension>
            <gpxtpx:hr>142</gpxtpx:hr>
          </gpxtpx:TrackPointExtension>
        </extensions>
      </trkpt>
      <trkpt lat="22.5936285238536" lon="113.97539164950118">
        <ele>14.709792698733509</ele>
        <time>1970-01-01T00:22:48.100000Z</time>
        <extensions>
          <gpxtpx:TrackPointExtension>
            <gpxtpx:hr>144</gpxtpx:hr>
          </gpxtpx:TrackPointExtension>
        </extensions>
      </trkpt>
      <trkpt lat="22.593628299042813" lon="113.97541769583971">
        <ele>14.645080991089344</ele>
        <time>1970-01-01T00:22:49.100000Z</time>
        <extensions>
          <gpxtpx:TrackPointExtension>
            <gpxtpx:hr>144</gpxtpx:hr>
          </gpxtpx:TrackPointExtension>
        </extensions>
      </trkpt>
      <trkpt lat="22.593627387953056" lon="113.97544325839442">
        <ele>14.58212741650641</ele>
        <time>1970-01-01T00:22:50.100000Z</time>
        <extensions>
          <gpxtpx:TrackPointExtension>
            <gpxtpx:hr>144</gpxtpx:hr>
          </gpxtpx:TrackPointExtension>
        </extensions>
      </trkpt>
      <trkpt lat="22.593625500105396" lon="113.97546828010576">
        <ele>14.521667492575943</ele>
        <time>1970-01-01T00:22:51.100000Z</time>
        <extensions>
          <gpxtpx:TrackPointExtension>
            <gpxtpx:hr>144</gpxtpx:hr>
          </gpxtpx:TrackPointExtension>
        </extensions>
      </trkpt>
      <trkpt lat="22.59362232509622" lon="113.9754925457856">
        <ele>14.463676184415817</ele>
        <time>1970-01-01T00:22:52.100000Z</time>
        <extensions>
          <gpxtpx:TrackPointExtension>
            <gpxtpx:hr>144</gpxtpx:hr>
          </gpxtpx:TrackPointExtension>
        </extensions>
      </trkpt>
      <trkpt lat="22.593616839585327" lon="113.97551540872556">
        <ele>14.409086306579411</ele>
        <time>1970-01-01T00:22:53.100000Z</time>
        <extensions>
          <gpxtpx:TrackPointExtension>
            <gpxtpx:hr>144</gpxtpx:hr>
          </gpxtpx:TrackPointExtension>
        </extensions>
      </trkpt>
      <trkpt lat="22.593610985114537" lon="113.9755379148578">
        <ele>14.359160006046295</ele>
        <time>1970-01-01T00:22:54.100000Z</time>
        <extensions>
          <gpxtpx:TrackPointExtension>
            <gpxtpx:hr>144</gpxtpx:hr>
          </gpxtpx:TrackPointExtension>
        </extensions>
      </trkpt>
      <trkpt lat="22.59360726177223" lon="113.97556131700057">
        <ele>14.311368455179036</ele>
        <time>1970-01-01T00:22:55.100000Z</time>
        <extensions>
          <gpxtpx:TrackPointExtension>
            <gpxtpx:hr>144</gpxtpx:hr>
          </gpxtpx:TrackPointExtension>
        </extensions>
      </trkpt>
      <trkpt lat="22.593604952727627" lon="113.97558547221011">
        <ele>14.266699909232557</ele>
        <time>1970-01-01T00:22:56.100000Z</time>
        <extensions>
          <gpxtpx:TrackPointExtension>
            <gpxtpx:hr>144</gpxtpx:hr>
          </gpxtpx:TrackPointExtension>
        </extensions>
      </trkpt>
      <trkpt lat="22.593603259076783" lon="113.97561035072066">
        <ele>14.227734732441604</ele>
        <time>1970-01-01T00:22:57.100000Z</time>
        <extensions>
          <gpxtpx:TrackPointExtension>
            <gpxtpx:hr>144</gpxtpx:hr>
          </gpxtpx:TrackPointExtension>
        </extensions>
      </trkpt>
      <trkpt lat="22.593601761917053" lon="113.97563585098666">
        <ele>14.191005306318402</ele>
        <time>1970-01-01T00:22:58.100000Z</time>
        <extensions>
          <gpxtpx:TrackPointExtension>
            <gpxtpx:hr>144</gpxtpx:hr>
          </gpxtpx:TrackPointExtension>
        </extensions>
      </trkpt>
      <trkpt lat="22.593600316586922" lon="113.9756615768137">
        <ele>14.1587767386809</ele>
        <time>1970-01-01T00:22:59.100000Z</time>
        <extensions>
          <gpxtpx:TrackPointExtension>
            <gpxtpx:hr>143</gpxtpx:hr>
          </gpxtpx:TrackPointExtension>
        </extensions>
      </trkpt>
      <trkpt lat="22.593598788549052" lon="113.97568716774012">
        <ele>14.127927619963884</ele>
        <time>1970-01-01T00:23:00.100000Z</time>
        <extensions>
          <gpxtpx:TrackPointExtension>
            <gpxtpx:hr>143</gpxtpx:hr>
          </gpxtpx:TrackPointExtension>
        </extensions>
      </trkpt>
      <trkpt lat="22.593597019471446" lon="113.97571260063606">
        <ele>14.09810976870358</ele>
        <time>1970-01-01T00:23:01.100000Z</time>
        <extensions>
          <gpxtpx:TrackPointExtension>
            <gpxtpx:hr>143</gpxtpx:hr>
          </gpxtpx:TrackPointExtension>
        </extensions>
      </trkpt>
      <trkpt lat="22.593594878782" lon="113.97573819123414">
        <ele>14.071037390269339</ele>
        <time>1970-01-01T00:23:02.100000Z</time>
        <extensions>
          <gpxtpx:TrackPointExtension>
            <gpxtpx:hr>143</gpxtpx:hr>
          </gpxtpx:TrackPointExtension>
        </extensions>
      </trkpt>
      <trkpt lat="22.59359248553982" lon="113.97576410772568">
        <ele>14.038071669638157</ele>
        <time>1970-01-01T00:23:03.100000Z</time>
        <extensions>
          <gpxtpx:TrackPointExtension>
            <gpxtpx:hr>143</gpxtpx:hr>
          </gpxtpx:TrackPointExtension>
        </extensions>
      </trkpt>
      <trkpt lat="22.59359004066911" lon="113.97579020081007">
        <ele>13.994362782686949</ele>
        <time>1970-01-01T00:23:04.100000Z</time>
        <extensions>
          <gpxtpx:TrackPointExtension>
            <gpxtpx:hr>143</gpxtpx:hr>
          </gpxtpx:TrackPointExtension>
        </extensions>
      </trkpt>
      <trkpt lat="22.593587548496238" lon="113.97581620822558">
        <ele>13.952222525142133</ele>
        <time>1970-01-01T00:23:05.100000Z</time>
        <extensions>
          <gpxtpx:TrackPointExtension>
            <gpxtpx:hr>141</gpxtpx:hr>
          </gpxtpx:TrackPointExtension>
        </extensions>
      </trkpt>
      <trkpt lat="22.593584885947422" lon="113.97584184586948">
        <ele>13.914869743399322</ele>
        <time>1970-01-01T00:23:06.100000Z</time>
        <extensions>
          <gpxtpx:TrackPointExtension>
            <gpxtpx:hr>141</gpxtpx:hr>
          </gpxtpx:TrackPointExtension>
        </extensions>
      </trkpt>
      <trkpt lat="22.593582085759223" lon="113.97586710720441">
        <ele>13.874752742238343</ele>
        <time>1970-01-01T00:23:07.100000Z</time>
        <extensions>
          <gpxtpx:TrackPointExtension>
            <gpxtpx:hr>141</gpxtpx:hr>
          </gpxtpx:TrackPointExtension>
        </extensions>
      </trkpt>
      <trkpt lat="22.593579181947597" lon="113.97589201072279">
        <ele>13.841878131963313</ele>
        <time>1970-01-01T00:23:08.100000Z</time>
        <extensions>
          <gpxtpx:TrackPointExtension>
            <gpxtpx:hr>141</gpxtpx:hr>
          </gpxtpx:TrackPointExtension>
        </extensions>
      </trkpt>
      <trkpt lat="22.5935762059453" lon="113.97591667429835">
        <ele>13.810021135024726</ele>
        <time>1970-01-01T00:23:09.100000Z</time>
        <extensions>
          <gpxtpx:TrackPointExtension>
            <gpxtpx:hr>141</gpxtpx:hr>
          </gpxtpx:TrackPointExtension>
        </extensions>
      </trkpt>
      <trkpt lat="22.593573277887888" lon="113.97594106260621">
        <ele>13.779875863343477</ele>
        <time>1970-01-01T00:23:10.100000Z</time>
        <extensions>
          <gpxtpx:TrackPointExtension>
            <gpxtpx:hr>143</gpxtpx:hr>
          </gpxtpx:TrackPointExtension>
        </extensions>
      </trkpt>
      <trkpt lat="22.593570746673645" lon="113.97596505951824">
        <ele>13.75170157942921</ele>
        <time>1970-01-01T00:23:11.100000Z</time>
        <extensions>
          <gpxtpx:TrackPointExtension>
            <gpxtpx:hr>143</gpxtpx:hr>
          </gpxtpx:TrackPointExtension>
        </extensions>
      </trkpt>
      <trkpt lat="22.593569252870733" lon="113.9759885133873">
        <ele>13.723161621950567</ele>
        <time>1970-01-01T00:23:12.100000Z</time>
        <extensions>
          <gpxtpx:TrackPointExtension>
            <gpxtpx:hr>143</gpxtpx:hr>
          </gpxtpx:TrackPointExtension>
        </extensions>
      </trkpt>
      <trkpt lat="22.59356953893855" lon="113.9760110794468">
        <ele>13.69603146519512</ele>
        <time>1970-01-01T00:23:13.100000Z</time>
        <extensions>
          <gpxtpx:TrackPointExtension>
            <gpxtpx:hr>143</gpxtpx:hr>
          </gpxtpx:TrackPointExtension>
        </extensions>
      </trkpt>
      <trkpt lat="22.593572737481423" lon="113.97603200004019">
        <ele>13.668763352558017</ele>
        <time>1970-01-01T00:23:14.100000Z</time>
        <extensions>
          <gpxtpx:TrackPointExtension>
            <gpxtpx:hr>143</gpxtpx:hr>
          </gpxtpx:TrackPointExtension>
        </extensions>
      </trkpt>
      <trkpt lat="22.593580455926386" lon="113.97604989288185">
        <ele>13.641938332468271</ele>
        <time>1970-01-01T00:23:15.100000Z</time>
        <extensions>
          <gpxtpx:TrackPointExtension>
            <gpxtpx:hr>143</gpxtpx:hr>
          </gpxtpx:TrackPointExtension>
        </extensions>
      </trkpt>
      <trkpt lat="22.59359164587274" lon="113.97606552410865">
        <ele>13.6151870386675</ele>
        <time>1970-01-01T00:23:16.100000Z</time>
        <extensions>
          <gpxtpx:TrackPointExtension>
            <gpxtpx:hr>143</gpxtpx:hr>
          </gpxtpx:TrackPointExtension>
        </extensions>
      </trkpt>
      <trkpt lat="22.593603141746037" lon="113.97608141309429">
        <ele>13.587685958482325</ele>
        <time>1970-01-01T00:23:17.100000Z</time>
        <extensions>
          <gpxtpx:TrackPointExtension>
            <gpxtpx:hr>143</gpxtpx:hr>
          </gpxtpx:TrackPointExtension>
        </extensions>
      </trkpt>
      <trkpt lat="22.593612049169568" lon="113.9760994742223">
        <ele>13.559761780314147</ele>
        <time>1970-01-01T00:23:18.100000Z</time>
        <extensions>
          <gpxtpx:TrackPointExtension>
            <gpxtpx:hr>143</gpxtpx:hr>
          </gpxtpx:TrackPointExtension>
        </extensions>
      </trkpt>
      <trkpt lat="22.59361752979161" lon="113.97612010312751">
        <ele>13.530806554481387</ele>
        <time>1970-01-01T00:23:19.100000Z</time>
        <extensions>
          <gpxtpx:TrackPointExtension>
            <gpxtpx:hr>143</gpxtpx:hr>
          </gpxtpx:TrackPointExtension>
        </extensions>
      </trkpt>
      <trkpt lat="22.593620802372385" lon="113.97614236138581">
        <ele>13.502292611636221</ele>
        <time>1970-01-01T00:23:20.100000Z</time>
        <extensions>
          <gpxtpx:TrackPointExtension>
            <gpxtpx:hr>143</gpxtpx:hr>
          </gpxtpx:TrackPointExtension>
        </extensions>
      </trkpt>
      <trkpt lat="22.59362255890574" lon="113.97616599412247">
        <ele>13.47132021188736</ele>
        <time>1970-01-01T00:23:21.100000Z</time>
        <extensions>
          <gpxtpx:TrackPointExtension>
            <gpxtpx:hr>143</gpxtpx:hr>
          </gpxtpx:TrackPointExtension>
        </extensions>
      </trkpt>
      <trkpt lat="22.593623263793276" lon="113.97619063218852">
        <ele>13.438674069009721</ele>
        <time>1970-01-01T00:23:22.100000Z</time>
        <extensions>
          <gpxtpx:TrackPointExtension>
            <gpxtpx:hr>143</gpxtpx:hr>
          </gpxtpx:TrackPointExtension>
        </extensions>
      </trkpt>
      <trkpt lat="22.593623075655476" lon="113.97621567360821">
        <ele>13.405072439461946</ele>
        <time>1970-01-01T00:23:23.100000Z</time>
        <extensions>
          <gpxtpx:TrackPointExtension>
            <gpxtpx:hr>143</gpxtpx:hr>
          </gpxtpx:TrackPointExtension>
        </extensions>
      </trkpt>
      <trkpt lat="22.593622095059708" lon="113.97624100185416">
        <ele>13.370100667700171</ele>
        <time>1970-01-01T00:23:24Z</time>
        <extensions>
          <gpxtpx:TrackPointExtension>
            <gpxtpx:hr>143</gpxtpx:hr>
          </gpxtpx:TrackPointExtension>
        </extensions>
      </trkpt>
      <trkpt lat="22.593620374675595" lon="113.97626659952229">
        <ele>13.334775096736848</ele>
        <time>1970-01-01T00:23:25Z</time>
        <extensions>
          <gpxtpx:TrackPointExtension>
            <gpxtpx:hr>143</gpxtpx:hr>
          </gpxtpx:TrackPointExtension>
        </extensions>
      </trkpt>
      <trkpt lat="22.593617914601317" lon="113.97629260494274">
        <ele>13.298063994385302</ele>
        <time>1970-01-01T00:23:26Z</time>
        <extensions>
          <gpxtpx:TrackPointExtension>
            <gpxtpx:hr>143</gpxtpx:hr>
          </gpxtpx:TrackPointExtension>
        </extensions>
      </trkpt>
      <trkpt lat="22.5936147960563" lon="113.97631901294115">
        <ele>13.259506221860647</ele>
        <time>1970-01-01T00:23:27Z</time>
        <extensions>
          <gpxtpx:TrackPointExtension>
            <gpxtpx:hr>143</gpxtpx:hr>
          </gpxtpx:TrackPointExtension>
        </extensions>
      </trkpt>
      <trkpt lat="22.593611212162585" lon="113.97634554414114">
        <ele>13.218799536116421</ele>
        <time>1970-01-01T00:23:28Z</time>
        <extensions>
          <gpxtpx:TrackPointExtension>
            <gpxtpx:hr>142</gpxtpx:hr>
          </gpxtpx:TrackPointExtension>
        </extensions>
      </trkpt>
      <trkpt lat="22.593607391437203" lon="113.97637183368829">
        <ele>13.175398829393089</ele>
        <time>1970-01-01T00:23:29Z</time>
        <extensions>
          <gpxtpx:TrackPointExtension>
            <gpxtpx:hr>142</gpxtpx:hr>
          </gpxtpx:TrackPointExtension>
        </extensions>
      </trkpt>
      <trkpt lat="22.593603630614204" lon="113.97639768405193">
        <ele>13.130041619762778</ele>
        <time>1970-01-01T00:23:30Z</time>
        <extensions>
          <gpxtpx:TrackPointExtension>
            <gpxtpx:hr>142</gpxtpx:hr>
          </gpxtpx:TrackPointExtension>
        </extensions>
      </trkpt>
      <trkpt lat="22.593600165279078" lon="113.97642332183166">
        <ele>13.080703012645245</ele>
        <time>1970-01-01T00:23:31Z</time>
        <extensions>
          <gpxtpx:TrackPointExtension>
            <gpxtpx:hr>142</gpxtpx:hr>
          </gpxtpx:TrackPointExtension>
        </extensions>
      </trkpt>
      <trkpt lat="22.593596824922013" lon="113.97644910287538">
        <ele>13.027697096578777</ele>
        <time>1970-01-01T00:23:32Z</time>
        <extensions>
          <gpxtpx:TrackPointExtension>
            <gpxtpx:hr>142</gpxtpx:hr>
          </gpxtpx:TrackPointExtension>
        </extensions>
      </trkpt>
      <trkpt lat="22.5935934031102" lon="113.97647469450533">
        <ele>12.97136333025992</ele>
        <time>1970-01-01T00:23:33Z</time>
        <extensions>
          <gpxtpx:TrackPointExtension>
            <gpxtpx:hr>142</gpxtpx:hr>
          </gpxtpx:TrackPointExtension>
        </extensions>
      </trkpt>
      <trkpt lat="22.593589972136048" lon="113.97650019262925">
        <ele>12.911079230718315</ele>
        <time>1970-01-01T00:23:34Z</time>
        <extensions>
          <gpxtpx:TrackPointExtension>
            <gpxtpx:hr>142</gpxtpx:hr>
          </gpxtpx:TrackPointExtension>
        </extensions>
      </trkpt>
      <trkpt lat="22.593586622685308" lon="113.97652619877722">
        <ele>12.8459262130782</ele>
        <time>1970-01-01T00:23:35Z</time>
        <extensions>
          <gpxtpx:TrackPointExtension>
            <gpxtpx:hr>142</gpxtpx:hr>
          </gpxtpx:TrackPointExtension>
        </extensions>
      </trkpt>
      <trkpt lat="22.59358346712574" lon="113.97655270476756">
        <ele>12.775039706379175</ele>
        <time>1970-01-01T00:23:36Z</time>
        <extensions>
          <gpxtpx:TrackPointExtension>
            <gpxtpx:hr>142</gpxtpx:hr>
          </gpxtpx:TrackPointExtension>
        </extensions>
      </trkpt>
      <trkpt lat="22.593580571752188" lon="113.97657935557385">
        <ele>12.699180628173053</ele>
        <time>1970-01-01T00:23:37Z</time>
        <extensions>
          <gpxtpx:TrackPointExtension>
            <gpxtpx:hr>141</gpxtpx:hr>
          </gpxtpx:TrackPointExtension>
        </extensions>
      </trkpt>
      <trkpt lat="22.593578107955942" lon="113.9766059040959">
        <ele>12.615902101621032</ele>
        <time>1970-01-01T00:23:38Z</time>
        <extensions>
          <gpxtpx:TrackPointExtension>
            <gpxtpx:hr>141</gpxtpx:hr>
          </gpxtpx:TrackPointExtension>
        </extensions>
      </trkpt>
      <trkpt lat="22.59357645831661" lon="113.97663206841503">
        <ele>12.526268328540027</ele>
        <time>1970-01-01T00:23:39Z</time>
        <extensions>
          <gpxtpx:TrackPointExtension>
            <gpxtpx:hr>141</gpxtpx:hr>
          </gpxtpx:TrackPointExtension>
        </extensions>
      </trkpt>
      <trkpt lat="22.593575659968653" lon="113.97665790024499">
        <ele>12.430197621695697</ele>
        <time>1970-01-01T00:23:40Z</time>
        <extensions>
          <gpxtpx:TrackPointExtension>
            <gpxtpx:hr>141</gpxtpx:hr>
          </gpxtpx:TrackPointExtension>
        </extensions>
      </trkpt>
      <trkpt lat="22.593575379453803" lon="113.9766838316021">
        <ele>12.327055756002665</ele>
        <time>1970-01-01T00:23:41Z</time>
        <extensions>
          <gpxtpx:TrackPointExtension>
            <gpxtpx:hr>141</gpxtpx:hr>
          </gpxtpx:TrackPointExtension>
        </extensions>
      </trkpt>
      <trkpt lat="22.593575424682484" lon="113.97671019351341">
        <ele>12.21825535595417</ele>
        <time>1970-01-01T00:23:42Z</time>
        <extensions>
          <gpxtpx:TrackPointExtension>
            <gpxtpx:hr>141</gpxtpx:hr>
          </gpxtpx:TrackPointExtension>
        </extensions>
      </trkpt>
      <trkpt lat="22.593575643605668" lon="113.97673706880794">
        <ele>12.103497670963407</ele>
        <time>1970-01-01T00:23:43Z</time>
        <extensions>
          <gpxtpx:TrackPointExtension>
            <gpxtpx:hr>141</gpxtpx:hr>
          </gpxtpx:TrackPointExtension>
        </extensions>
      </trkpt>
      <trkpt lat="22.593576038398723" lon="113.97676381655886">
        <ele>11.98428975790739</ele>
        <time>1970-01-01T00:23:44Z</time>
        <extensions>
          <gpxtpx:TrackPointExtension>
            <gpxtpx:hr>141</gpxtpx:hr>
          </gpxtpx:TrackPointExtension>
        </extensions>
      </trkpt>
      <trkpt lat="22.593576948647694" lon="113.97678981761457">
        <ele>11.859726785682142</ele>
        <time>1970-01-01T00:23:45Z</time>
        <extensions>
          <gpxtpx:TrackPointExtension>
            <gpxtpx:hr>141</gpxtpx:hr>
          </gpxtpx:TrackPointExtension>
        </extensions>
      </trkpt>
      <trkpt lat="22.59357841203801" lon="113.97681504485574">
        <ele>11.731303638778627</ele>
        <time>1970-01-01T00:23:46Z</time>
        <extensions>
          <gpxtpx:TrackPointExtension>
            <gpxtpx:hr>141</gpxtpx:hr>
          </gpxtpx:TrackPointExtension>
        </extensions>
      </trkpt>
      <trkpt lat="22.59358002679974" lon="113.97683991034084">
        <ele>11.599044607020915</ele>
        <time>1970-01-01T00:23:47Z</time>
        <extensions>
          <gpxtpx:TrackPointExtension>
            <gpxtpx:hr>141</gpxtpx:hr>
          </gpxtpx:TrackPointExtension>
        </extensions>
      </trkpt>
      <trkpt lat="22.59358148151685" lon="113.97686468534502">
        <ele>11.462415309622884</ele>
        <time>1970-01-01T00:23:48Z</time>
        <extensions>
          <gpxtpx:TrackPointExtension>
            <gpxtpx:hr>141</gpxtpx:hr>
          </gpxtpx:TrackPointExtension>
        </extensions>
      </trkpt>
      <trkpt lat="22.59358291675582" lon="113.97688972790209">
        <ele>11.32322057057172</ele>
        <time>1970-01-01T00:23:49Z</time>
        <extensions>
          <gpxtpx:TrackPointExtension>
            <gpxtpx:hr>146</gpxtpx:hr>
          </gpxtpx:TrackPointExtension>
        </extensions>
      </trkpt>
      <trkpt lat="22.593584521675016" lon="113.97691541844317">
        <ele>11.182589613832533</ele>
        <time>1970-01-01T00:23:50Z</time>
        <extensions>
          <gpxtpx:TrackPointExtension>
            <gpxtpx:hr>146</gpxtpx:hr>
          </gpxtpx:TrackPointExtension>
        </extensions>
      </trkpt>
      <trkpt lat="22.59358615589373" lon="113.97694199227159">
        <ele>11.043763580732048</ele>
        <time>1970-01-01T00:23:51Z</time>
        <extensions>
          <gpxtpx:TrackPointExtension>
            <gpxtpx:hr>146</gpxtpx:hr>
          </gpxtpx:TrackPointExtension>
        </extensions>
      </trkpt>
      <trkpt lat="22.593587619364296" lon="113.97696942173046">
        <ele>10.909955716691911</ele>
        <time>1970-01-01T00:23:52Z</time>
        <extensions>
          <gpxtpx:TrackPointExtension>
            <gpxtpx:hr>146</gpxtpx:hr>
          </gpxtpx:TrackPointExtension>
        </extensions>
      </trkpt>
      <trkpt lat="22.59358877228775" lon="113.97699739661624">
        <ele>10.785167468711734</ele>
        <time>1970-01-01T00:23:53Z</time>
        <extensions>
          <gpxtpx:TrackPointExtension>
            <gpxtpx:hr>146</gpxtpx:hr>
          </gpxtpx:TrackPointExtension>
        </extensions>
      </trkpt>
      <trkpt lat="22.593589554388647" lon="113.97702593650385">
        <ele>10.675355332903564</ele>
        <time>1970-01-01T00:23:54Z</time>
        <extensions>
          <gpxtpx:TrackPointExtension>
            <gpxtpx:hr>146</gpxtpx:hr>
          </gpxtpx:TrackPointExtension>
        </extensions>
      </trkpt>
      <trkpt lat="22.59359006813111" lon="113.97705474907197">
        <ele>10.587617888115346</ele>
        <time>1970-01-01T00:23:55Z</time>
        <extensions>
          <gpxtpx:TrackPointExtension>
            <gpxtpx:hr>146</gpxtpx:hr>
          </gpxtpx:TrackPointExtension>
        </extensions>
      </trkpt>
      <trkpt lat="22.593590567332168" lon="113.97708367618971">
        <ele>10.527062173001468</ele>
        <time>1970-01-01T00:23:56Z</time>
        <extensions>
          <gpxtpx:TrackPointExtension>
            <gpxtpx:hr>146</gpxtpx:hr>
          </gpxtpx:TrackPointExtension>
        </extensions>
      </trkpt>
      <trkpt lat="22.593591123486444" lon="113.9771127562345">
        <ele>10.498092940077186</ele>
        <time>1970-01-01T00:23:57Z</time>
        <extensions>
          <gpxtpx:TrackPointExtension>
            <gpxtpx:hr>146</gpxtpx:hr>
          </gpxtpx:TrackPointExtension>
        </extensions>
      </trkpt>
      <trkpt lat="22.593591554074862" lon="113.97713577801406">
        <ele>10.496931706555188</ele>
        <time>1970-01-01T00:23:57.700000Z</time>
        <extensions>
          <gpxtpx:TrackPointExtension>
            <gpxtpx:hr>146</gpxtpx:hr>
          </gpxtpx:TrackPointExtension>
        </extensions>
      </trkpt>
      <trkpt lat="22.593592316176878" lon="113.97716456842991">
        <ele>10.522210966795683</ele>
        <time>1970-01-01T00:23:58.700000Z</time>
        <extensions>
          <gpxtpx:TrackPointExtension>
            <gpxtpx:hr>146</gpxtpx:hr>
          </gpxtpx:TrackPointExtension>
        </extensions>
      </trkpt>
      <trkpt lat="22.59359339362354" lon="113.9771930902969">
        <ele>10.578022473491728</ele>
        <time>1970-01-01T00:23:59.700000Z</time>
        <extensions>
          <gpxtpx:TrackPointExtension>
            <gpxtpx:hr>146</gpxtpx:hr>
          </gpxtpx:TrackPointExtension>
        </extensions>
      </trkpt>
      <trkpt lat="22.593594637211133" lon="113.97722142279572">
        <ele>10.661747654899955</ele>
        <time>1970-01-01T00:24:00.700000Z</time>
        <extensions>
          <gpxtpx:TrackPointExtension>
            <gpxtpx:hr>146</gpxtpx:hr>
          </gpxtpx:TrackPointExtension>
        </extensions>
      </trkpt>
      <trkpt lat="22.59359598427042" lon="113.97724927854573">
        <ele>10.771034040488303</ele>
        <time>1970-01-01T00:24:01.700000Z</time>
        <extensions>
          <gpxtpx:TrackPointExtension>
            <gpxtpx:hr>146</gpxtpx:hr>
          </gpxtpx:TrackPointExtension>
        </extensions>
      </trkpt>
      <trkpt lat="22.59359728213792" lon="113.97727648230239">
        <ele>10.902873894199729</ele>
        <time>1970-01-01T00:24:02.700000Z</time>
        <extensions>
          <gpxtpx:TrackPointExtension>
            <gpxtpx:hr>145</gpxtpx:hr>
          </gpxtpx:TrackPointExtension>
        </extensions>
      </trkpt>
      <trkpt lat="22.593598381084245" lon="113.97730318862752">
        <ele>11.053489407524467</ele>
        <time>1970-01-01T00:24:03.700000Z</time>
        <extensions>
          <gpxtpx:TrackPointExtension>
            <gpxtpx:hr>145</gpxtpx:hr>
          </gpxtpx:TrackPointExtension>
        </extensions>
      </trkpt>
      <trkpt lat="22.593599184831497" lon="113.97732966726166">
        <ele>11.219914661720395</ele>
        <time>1970-01-01T00:24:04.700000Z</time>
        <extensions>
          <gpxtpx:TrackPointExtension>
            <gpxtpx:hr>145</gpxtpx:hr>
          </gpxtpx:TrackPointExtension>
        </extensions>
      </trkpt>
      <trkpt lat="22.59359973081417" lon="113.97735576771207">
        <ele>11.399113032966852</ele>
        <time>1970-01-01T00:24:05.700000Z</time>
        <extensions>
          <gpxtpx:TrackPointExtension>
            <gpxtpx:hr>145</gpxtpx:hr>
          </gpxtpx:TrackPointExtension>
        </extensions>
      </trkpt>
      <trkpt lat="22.59360028900183" lon="113.97738178012962">
        <ele>11.589418180286884</ele>
        <time>1970-01-01T00:24:06.700000Z</time>
        <extensions>
          <gpxtpx:TrackPointExtension>
            <gpxtpx:hr>145</gpxtpx:hr>
          </gpxtpx:TrackPointExtension>
        </extensions>
      </trkpt>
      <trkpt lat="22.593600878546525" lon="113.97740813709488">
        <ele>11.788938345387578</ele>
        <time>1970-01-01T00:24:07.700000Z</time>
        <extensions>
          <gpxtpx:TrackPointExtension>
            <gpxtpx:hr>145</gpxtpx:hr>
          </gpxtpx:TrackPointExtension>
        </extensions>
      </trkpt>
      <trkpt lat="22.593601363214816" lon="113.97743485914567">
        <ele>11.994785388931632</ele>
        <time>1970-01-01T00:24:08.700000Z</time>
        <extensions>
          <gpxtpx:TrackPointExtension>
            <gpxtpx:hr>145</gpxtpx:hr>
          </gpxtpx:TrackPointExtension>
        </extensions>
      </trkpt>
      <trkpt lat="22.59360154688065" lon="113.97746187276063">
        <ele>12.207766896113753</ele>
        <time>1970-01-01T00:24:09.700000Z</time>
        <extensions>
          <gpxtpx:TrackPointExtension>
            <gpxtpx:hr>147</gpxtpx:hr>
          </gpxtpx:TrackPointExtension>
        </extensions>
      </trkpt>
      <trkpt lat="22.593601193997117" lon="113.9774889709358">
        <ele>12.424729882739484</ele>
        <time>1970-01-01T00:24:10.700000Z</time>
        <extensions>
          <gpxtpx:TrackPointExtension>
            <gpxtpx:hr>147</gpxtpx:hr>
          </gpxtpx:TrackPointExtension>
        </extensions>
      </trkpt>
      <trkpt lat="22.59360019630201" lon="113.97751592786163">
        <ele>12.646062229759991</ele>
        <time>1970-01-01T00:24:11.700000Z</time>
        <extensions>
          <gpxtpx:TrackPointExtension>
            <gpxtpx:hr>147</gpxtpx:hr>
          </gpxtpx:TrackPointExtension>
        </extensions>
      </trkpt>
      <trkpt lat="22.59359847071265" lon="113.97754250371538">
        <ele>12.871126474812627</ele>
        <time>1970-01-01T00:24:12.700000Z</time>
        <extensions>
          <gpxtpx:TrackPointExtension>
            <gpxtpx:hr>147</gpxtpx:hr>
          </gpxtpx:TrackPointExtension>
        </extensions>
      </trkpt>
      <trkpt lat="22.593596021528136" lon="113.97756847225261">
        <ele>13.097982897423208</ele>
        <time>1970-01-01T00:24:13.700000Z</time>
        <extensions>
          <gpxtpx:TrackPointExtension>
            <gpxtpx:hr>147</gpxtpx:hr>
          </gpxtpx:TrackPointExtension>
        </extensions>
      </trkpt>
      <trkpt lat="22.593593176579738" lon="113.97759404178225">
        <ele>13.327734468504786</ele>
        <time>1970-01-01T00:24:14.700000Z</time>
        <extensions>
          <gpxtpx:TrackPointExtension>
            <gpxtpx:hr>147</gpxtpx:hr>
          </gpxtpx:TrackPointExtension>
        </extensions>
      </trkpt>
      <trkpt lat="22.593590467053765" lon="113.97761980863355">
        <ele>13.55821377132088</ele>
        <time>1970-01-01T00:24:15.700000Z</time>
        <extensions>
          <gpxtpx:TrackPointExtension>
            <gpxtpx:hr>148</gpxtpx:hr>
          </gpxtpx:TrackPointExtension>
        </extensions>
      </trkpt>
      <trkpt lat="22.593588230578227" lon="113.97764603278668">
        <ele>13.790081228129566</ele>
        <time>1970-01-01T00:24:16.700000Z</time>
        <extensions>
          <gpxtpx:TrackPointExtension>
            <gpxtpx:hr>148</gpxtpx:hr>
          </gpxtpx:TrackPointExtension>
        </extensions>
      </trkpt>
      <trkpt lat="22.593586414902788" lon="113.97767245031997">
        <ele>14.02292136196047</ele>
        <time>1970-01-01T00:24:17.700000Z</time>
        <extensions>
          <gpxtpx:TrackPointExtension>
            <gpxtpx:hr>148</gpxtpx:hr>
          </gpxtpx:TrackPointExtension>
        </extensions>
      </trkpt>
      <trkpt lat="22.59358497173847" lon="113.97769867653554">
        <ele>14.253310822881758</ele>
        <time>1970-01-01T00:24:18.700000Z</time>
        <extensions>
          <gpxtpx:TrackPointExtension>
            <gpxtpx:hr>148</gpxtpx:hr>
          </gpxtpx:TrackPointExtension>
        </extensions>
      </trkpt>
      <trkpt lat="22.59358401700634" lon="113.97772474690323">
        <ele>14.482079756446183</ele>
        <time>1970-01-01T00:24:19.700000Z</time>
        <extensions>
          <gpxtpx:TrackPointExtension>
            <gpxtpx:hr>148</gpxtpx:hr>
          </gpxtpx:TrackPointExtension>
        </extensions>
      </trkpt>
      <trkpt lat="22.593583455359603" lon="113.97775072073108">
        <ele>14.708414226770401</ele>
        <time>1970-01-01T00:24:20.700000Z</time>
        <extensions>
          <gpxtpx:TrackPointExtension>
            <gpxtpx:hr>147</gpxtpx:hr>
          </gpxtpx:TrackPointExtension>
        </extensions>
      </trkpt>
      <trkpt lat="22.593582895413547" lon="113.97777657721548">
        <ele>14.932195131666958</ele>
        <time>1970-01-01T00:24:21.700000Z</time>
        <extensions>
          <gpxtpx:TrackPointExtension>
            <gpxtpx:hr>147</gpxtpx:hr>
          </gpxtpx:TrackPointExtension>
        </extensions>
      </trkpt>
      <trkpt lat="22.593582150978587" lon="113.97780214387531">
        <ele>15.152029436081648</ele>
        <time>1970-01-01T00:24:22.700000Z</time>
        <extensions>
          <gpxtpx:TrackPointExtension>
            <gpxtpx:hr>147</gpxtpx:hr>
          </gpxtpx:TrackPointExtension>
        </extensions>
      </trkpt>
      <trkpt lat="22.59358172977757" lon="113.97782756571779">
        <ele>15.365971521474421</ele>
        <time>1970-01-01T00:24:23.700000Z</time>
        <extensions>
          <gpxtpx:TrackPointExtension>
            <gpxtpx:hr>147</gpxtpx:hr>
          </gpxtpx:TrackPointExtension>
        </extensions>
      </trkpt>
      <trkpt lat="22.59358206459176" lon="113.9778533285585">
        <ele>15.57418685592711</ele>
        <time>1970-01-01T00:24:24.700000Z</time>
        <extensions>
          <gpxtpx:TrackPointExtension>
            <gpxtpx:hr>147</gpxtpx:hr>
          </gpxtpx:TrackPointExtension>
        </extensions>
      </trkpt>
      <trkpt lat="22.59358279918955" lon="113.97787958609513">
        <ele>15.7754928432405</ele>
        <time>1970-01-01T00:24:25.700000Z</time>
        <extensions>
          <gpxtpx:TrackPointExtension>
            <gpxtpx:hr>147</gpxtpx:hr>
          </gpxtpx:TrackPointExtension>
        </extensions>
      </trkpt>
      <trkpt lat="22.59358321384229" lon="113.9779060934212">
        <ele>15.968348599039018</ele>
        <time>1970-01-01T00:24:26.700000Z</time>
        <extensions>
          <gpxtpx:TrackPointExtension>
            <gpxtpx:hr>147</gpxtpx:hr>
          </gpxtpx:TrackPointExtension>
        </extensions>
      </trkpt>
      <trkpt lat="22.593583255829532" lon="113.97793266324878">
        <ele>16.15243776794523</ele>
        <time>1970-01-01T00:24:27.700000Z</time>
        <extensions>
          <gpxtpx:TrackPointExtension>
            <gpxtpx:hr>147</gpxtpx:hr>
          </gpxtpx:TrackPointExtension>
        </extensions>
      </trkpt>
      <trkpt lat="22.593583408589122" lon="113.97795926509744">
        <ele>16.331267283298075</ele>
        <time>1970-01-01T00:24:28.700000Z</time>
        <extensions>
          <gpxtpx:TrackPointExtension>
            <gpxtpx:hr>146</gpxtpx:hr>
          </gpxtpx:TrackPointExtension>
        </extensions>
      </trkpt>
      <trkpt lat="22.593583869881183" lon="113.97798569077935">
        <ele>16.50190061982721</ele>
        <time>1970-01-01T00:24:29.700000Z</time>
        <extensions>
          <gpxtpx:TrackPointExtension>
            <gpxtpx:hr>146</gpxtpx:hr>
          </gpxtpx:TrackPointExtension>
        </extensions>
      </trkpt>
      <trkpt lat="22.59358454286901" lon="113.9780119087791">
        <ele>16.664434172213078</ele>
        <time>1970-01-01T00:24:30.700000Z</time>
        <extensions>
          <gpxtpx:TrackPointExtension>
            <gpxtpx:hr>146</gpxtpx:hr>
          </gpxtpx:TrackPointExtension>
        </extensions>
      </trkpt>
      <trkpt lat="22.593585223570688" lon="113.97803798972386">
        <ele>16.81932817492634</ele>
        <time>1970-01-01T00:24:31.700000Z</time>
        <extensions>
          <gpxtpx:TrackPointExtension>
            <gpxtpx:hr>146</gpxtpx:hr>
          </gpxtpx:TrackPointExtension>
        </extensions>
      </trkpt>
      <trkpt lat="22.59358589839251" lon="113.9780641348899">
        <ele>16.966486853547394</ele>
        <time>1970-01-01T00:24:32.700000Z</time>
        <extensions>
          <gpxtpx:TrackPointExtension>
            <gpxtpx:hr>146</gpxtpx:hr>
          </gpxtpx:TrackPointExtension>
        </extensions>
      </trkpt>
      <trkpt lat="22.593586752663914" lon="113.9780905223916">
        <ele>17.10684411134571</ele>
        <time>1970-01-01T00:24:33.700000Z</time>
        <extensions>
          <gpxtpx:TrackPointExtension>
            <gpxtpx:hr>146</gpxtpx:hr>
          </gpxtpx:TrackPointExtension>
        </extensions>
      </trkpt>
      <trkpt lat="22.593588136533302" lon="113.9781170750786">
        <ele>17.236667388118804</ele>
        <time>1970-01-01T00:24:34.700000Z</time>
        <extensions>
          <gpxtpx:TrackPointExtension>
            <gpxtpx:hr>147</gpxtpx:hr>
          </gpxtpx:TrackPointExtension>
        </extensions>
      </trkpt>
      <trkpt lat="22.593590317800224" lon="113.97814351717442">
        <ele>17.35788836237043</ele>
        <time>1970-01-01T00:24:35.700000Z</time>
        <extensions>
          <gpxtpx:TrackPointExtension>
            <gpxtpx:hr>147</gpxtpx:hr>
          </gpxtpx:TrackPointExtension>
        </extensions>
      </trkpt>
      <trkpt lat="22.593593264029092" lon="113.97816957659708">
        <ele>17.471173023805022</ele>
        <time>1970-01-01T00:24:36.700000Z</time>
        <extensions>
          <gpxtpx:TrackPointExtension>
            <gpxtpx:hr>147</gpxtpx:hr>
          </gpxtpx:TrackPointExtension>
        </extensions>
      </trkpt>
      <trkpt lat="22.593597048477132" lon="113.9781951069933">
        <ele>17.575798835605383</ele>
        <time>1970-01-01T00:24:37.700000Z</time>
        <extensions>
          <gpxtpx:TrackPointExtension>
            <gpxtpx:hr>147</gpxtpx:hr>
          </gpxtpx:TrackPointExtension>
        </extensions>
      </trkpt>
      <trkpt lat="22.59360162488975" lon="113.97822026323594">
        <ele>17.675427574664354</ele>
        <time>1970-01-01T00:24:38.700000Z</time>
        <extensions>
          <gpxtpx:TrackPointExtension>
            <gpxtpx:hr>147</gpxtpx:hr>
          </gpxtpx:TrackPointExtension>
        </extensions>
      </trkpt>
      <trkpt lat="22.59360655794626" lon="113.97824539674659">
        <ele>17.769617934711277</ele>
        <time>1970-01-01T00:24:39.700000Z</time>
        <extensions>
          <gpxtpx:TrackPointExtension>
            <gpxtpx:hr>148</gpxtpx:hr>
          </gpxtpx:TrackPointExtension>
        </extensions>
      </trkpt>
      <trkpt lat="22.59361147324325" lon="113.97827070518785">
        <ele>17.85938171762973</ele>
        <time>1970-01-01T00:24:40.700000Z</time>
        <extensions>
          <gpxtpx:TrackPointExtension>
            <gpxtpx:hr>148</gpxtpx:hr>
          </gpxtpx:TrackPointExtension>
        </extensions>
      </trkpt>
      <trkpt lat="22.5936161280674" lon="113.97829640668364">
        <ele>17.948731613345444</ele>
        <time>1970-01-01T00:24:41.700000Z</time>
        <extensions>
          <gpxtpx:TrackPointExtension>
            <gpxtpx:hr>148</gpxtpx:hr>
          </gpxtpx:TrackPointExtension>
        </extensions>
      </trkpt>
      <trkpt lat="22.593619847990826" lon="113.97832254736463">
        <ele>18.03696629125625</ele>
        <time>1970-01-01T00:24:42.700000Z</time>
        <extensions>
          <gpxtpx:TrackPointExtension>
            <gpxtpx:hr>148</gpxtpx:hr>
          </gpxtpx:TrackPointExtension>
        </extensions>
      </trkpt>
      <trkpt lat="22.593621890513838" lon="113.97834887413107">
        <ele>18.127402314916253</ele>
        <time>1970-01-01T00:24:43.700000Z</time>
        <extensions>
          <gpxtpx:TrackPointExtension>
            <gpxtpx:hr>148</gpxtpx:hr>
          </gpxtpx:TrackPointExtension>
        </extensions>
      </trkpt>
      <trkpt lat="22.593622438675485" lon="113.97837500578005">
        <ele>18.21881983242929</ele>
        <time>1970-01-01T00:24:44.700000Z</time>
        <extensions>
          <gpxtpx:TrackPointExtension>
            <gpxtpx:hr>148</gpxtpx:hr>
          </gpxtpx:TrackPointExtension>
        </extensions>
      </trkpt>
      <trkpt lat="22.593622008447852" lon="113.97840136459752">
        <ele>18.31158887129277</ele>
        <time>1970-01-01T00:24:45.700000Z</time>
        <extensions>
          <gpxtpx:TrackPointExtension>
            <gpxtpx:hr>148</gpxtpx:hr>
          </gpxtpx:TrackPointExtension>
        </extensions>
      </trkpt>
      <trkpt lat="22.593620767344657" lon="113.9784284758915">
        <ele>18.406137339770794</ele>
        <time>1970-01-01T00:24:46.700000Z</time>
        <extensions>
          <gpxtpx:TrackPointExtension>
            <gpxtpx:hr>148</gpxtpx:hr>
          </gpxtpx:TrackPointExtension>
        </extensions>
      </trkpt>
      <trkpt lat="22.593619129547704" lon="113.97845619396398">
        <ele>18.502208239398897</ele>
        <time>1970-01-01T00:24:47.700000Z</time>
        <extensions>
          <gpxtpx:TrackPointExtension>
            <gpxtpx:hr>148</gpxtpx:hr>
          </gpxtpx:TrackPointExtension>
        </extensions>
      </trkpt>
      <trkpt lat="22.593617556118406" lon="113.97848419539183">
        <ele>18.59955091588199</ele>
        <time>1970-01-01T00:24:48.700000Z</time>
        <extensions>
          <gpxtpx:TrackPointExtension>
            <gpxtpx:hr>148</gpxtpx:hr>
          </gpxtpx:TrackPointExtension>
        </extensions>
      </trkpt>
      <trkpt lat="22.593616271937805" lon="113.97851170746618">
        <ele>18.698002276942134</ele>
        <time>1970-01-01T00:24:49.700000Z</time>
        <extensions>
          <gpxtpx:TrackPointExtension>
            <gpxtpx:hr>148</gpxtpx:hr>
          </gpxtpx:TrackPointExtension>
        </extensions>
      </trkpt>
      <trkpt lat="22.593615663424327" lon="113.97853818001515">
        <ele>18.79595207143575</ele>
        <time>1970-01-01T00:24:50.700000Z</time>
        <extensions>
          <gpxtpx:TrackPointExtension>
            <gpxtpx:hr>148</gpxtpx:hr>
          </gpxtpx:TrackPointExtension>
        </extensions>
      </trkpt>
      <trkpt lat="22.593615951266656" lon="113.97856425579806">
        <ele>18.893351124599576</ele>
        <time>1970-01-01T00:24:51.700000Z</time>
        <extensions>
          <gpxtpx:TrackPointExtension>
            <gpxtpx:hr>148</gpxtpx:hr>
          </gpxtpx:TrackPointExtension>
        </extensions>
      </trkpt>
      <trkpt lat="22.593616875761256" lon="113.9785905828015">
        <ele>18.99036270752549</ele>
        <time>1970-01-01T00:24:52.700000Z</time>
        <extensions>
          <gpxtpx:TrackPointExtension>
            <gpxtpx:hr>148</gpxtpx:hr>
          </gpxtpx:TrackPointExtension>
        </extensions>
      </trkpt>
      <trkpt lat="22.593618300926238" lon="113.97861679204986">
        <ele>19.08442785590887</ele>
        <time>1970-01-01T00:24:53.700000Z</time>
        <extensions>
          <gpxtpx:TrackPointExtension>
            <gpxtpx:hr>148</gpxtpx:hr>
          </gpxtpx:TrackPointExtension>
        </extensions>
      </trkpt>
      <trkpt lat="22.59362018479565" lon="113.97864272306886">
        <ele>19.176434038206935</ele>
        <time>1970-01-01T00:24:54.700000Z</time>
        <extensions>
          <gpxtpx:TrackPointExtension>
            <gpxtpx:hr>148</gpxtpx:hr>
          </gpxtpx:TrackPointExtension>
        </extensions>
      </trkpt>
      <trkpt lat="22.593622117427927" lon="113.97866877632323">
        <ele>19.263125337660313</ele>
        <time>1970-01-01T00:24:55.700000Z</time>
        <extensions>
          <gpxtpx:TrackPointExtension>
            <gpxtpx:hr>148</gpxtpx:hr>
          </gpxtpx:TrackPointExtension>
        </extensions>
      </trkpt>
      <trkpt lat="22.593623536534345" lon="113.9786953996677">
        <ele>19.345798830501735</ele>
        <time>1970-01-01T00:24:56.700000Z</time>
        <extensions>
          <gpxtpx:TrackPointExtension>
            <gpxtpx:hr>148</gpxtpx:hr>
          </gpxtpx:TrackPointExtension>
        </extensions>
      </trkpt>
      <trkpt lat="22.593624015582023" lon="113.97872237199012">
        <ele>19.426844955421984</ele>
        <time>1970-01-01T00:24:57.700000Z</time>
        <extensions>
          <gpxtpx:TrackPointExtension>
            <gpxtpx:hr>148</gpxtpx:hr>
          </gpxtpx:TrackPointExtension>
        </extensions>
      </trkpt>
      <trkpt lat="22.593623432183666" lon="113.97874910019364">
        <ele>19.503004069440067</ele>
        <time>1970-01-01T00:24:58.700000Z</time>
        <extensions>
          <gpxtpx:TrackPointExtension>
            <gpxtpx:hr>148</gpxtpx:hr>
          </gpxtpx:TrackPointExtension>
        </extensions>
      </trkpt>
      <trkpt lat="22.59362203338696" lon="113.97877529351047">
        <ele>19.57223069574684</ele>
        <time>1970-01-01T00:24:59.700000Z</time>
        <extensions>
          <gpxtpx:TrackPointExtension>
            <gpxtpx:hr>148</gpxtpx:hr>
          </gpxtpx:TrackPointExtension>
        </extensions>
      </trkpt>
      <trkpt lat="22.593620220041167" lon="113.97880111410733">
        <ele>19.638862383551896</ele>
        <time>1970-01-01T00:25:00.700000Z</time>
        <extensions>
          <gpxtpx:TrackPointExtension>
            <gpxtpx:hr>148</gpxtpx:hr>
          </gpxtpx:TrackPointExtension>
        </extensions>
      </trkpt>
      <trkpt lat="22.593618271169504" lon="113.97882678592552">
        <ele>19.700583714991808</ele>
        <time>1970-01-01T00:25:01.700000Z</time>
        <extensions>
          <gpxtpx:TrackPointExtension>
            <gpxtpx:hr>148</gpxtpx:hr>
          </gpxtpx:TrackPointExtension>
        </extensions>
      </trkpt>
      <trkpt lat="22.593616436456127" lon="113.97885234227724">
        <ele>19.75801553018391</ele>
        <time>1970-01-01T00:25:02.700000Z</time>
        <extensions>
          <gpxtpx:TrackPointExtension>
            <gpxtpx:hr>148</gpxtpx:hr>
          </gpxtpx:TrackPointExtension>
        </extensions>
      </trkpt>
      <trkpt lat="22.593614835300677" lon="113.97887790947998">
        <ele>19.810686381533742</ele>
        <time>1970-01-01T00:25:03.700000Z</time>
        <extensions>
          <gpxtpx:TrackPointExtension>
            <gpxtpx:hr>146</gpxtpx:hr>
          </gpxtpx:TrackPointExtension>
        </extensions>
      </trkpt>
      <trkpt lat="22.593613577579568" lon="113.97890350830329">
        <ele>19.85603318270296</ele>
        <time>1970-01-01T00:25:04.700000Z</time>
        <extensions>
          <gpxtpx:TrackPointExtension>
            <gpxtpx:hr>146</gpxtpx:hr>
          </gpxtpx:TrackPointExtension>
        </extensions>
      </trkpt>
      <trkpt lat="22.59361307906053" lon="113.97892931518669">
        <ele>19.89621581695974</ele>
        <time>1970-01-01T00:25:05.700000Z</time>
        <extensions>
          <gpxtpx:TrackPointExtension>
            <gpxtpx:hr>146</gpxtpx:hr>
          </gpxtpx:TrackPointExtension>
        </extensions>
      </trkpt>
      <trkpt lat="22.59361352395573" lon="113.97895546103959">
        <ele>19.929426927119493</ele>
        <time>1970-01-01T00:25:06.700000Z</time>
        <extensions>
          <gpxtpx:TrackPointExtension>
            <gpxtpx:hr>146</gpxtpx:hr>
          </gpxtpx:TrackPointExtension>
        </extensions>
      </trkpt>
      <trkpt lat="22.593614701354102" lon="113.9789819031613">
        <ele>19.956772794947028</ele>
        <time>1970-01-01T00:25:07.700000Z</time>
        <extensions>
          <gpxtpx:TrackPointExtension>
            <gpxtpx:hr>146</gpxtpx:hr>
          </gpxtpx:TrackPointExtension>
        </extensions>
      </trkpt>
      <trkpt lat="22.593616404692433" lon="113.97900855264513">
        <ele>19.97742496058345</ele>
        <time>1970-01-01T00:25:08.700000Z</time>
        <extensions>
          <gpxtpx:TrackPointExtension>
            <gpxtpx:hr>146</gpxtpx:hr>
          </gpxtpx:TrackPointExtension>
        </extensions>
      </trkpt>
      <trkpt lat="22.59361866547851" lon="113.9790355186466">
        <ele>19.987515768036246</ele>
        <time>1970-01-01T00:25:09.700000Z</time>
        <extensions>
          <gpxtpx:TrackPointExtension>
            <gpxtpx:hr>146</gpxtpx:hr>
          </gpxtpx:TrackPointExtension>
        </extensions>
      </trkpt>
      <trkpt lat="22.5936210815074" lon="113.97906270313732">
        <ele>19.99227381311357</ele>
        <time>1970-01-01T00:25:10.700000Z</time>
        <extensions>
          <gpxtpx:TrackPointExtension>
            <gpxtpx:hr>146</gpxtpx:hr>
          </gpxtpx:TrackPointExtension>
        </extensions>
      </trkpt>
      <trkpt lat="22.593622883945205" lon="113.97908961220675">
        <ele>19.986708256416023</ele>
        <time>1970-01-01T00:25:11.700000Z</time>
        <extensions>
          <gpxtpx:TrackPointExtension>
            <gpxtpx:hr>148</gpxtpx:hr>
          </gpxtpx:TrackPointExtension>
        </extensions>
      </trkpt>
      <trkpt lat="22.593623746309692" lon="113.9791159812161">
        <ele>19.97533889953047</ele>
        <time>1970-01-01T00:25:12.700000Z</time>
        <extensions>
          <gpxtpx:TrackPointExtension>
            <gpxtpx:hr>148</gpxtpx:hr>
          </gpxtpx:TrackPointExtension>
        </extensions>
      </trkpt>
      <trkpt lat="22.593623711750293" lon="113.97914232137708">
        <ele>19.958654629066586</ele>
        <time>1970-01-01T00:25:13.700000Z</time>
        <extensions>
          <gpxtpx:TrackPointExtension>
            <gpxtpx:hr>148</gpxtpx:hr>
          </gpxtpx:TrackPointExtension>
        </extensions>
      </trkpt>
      <trkpt lat="22.59362304257497" lon="113.97916896667671">
        <ele>19.934980053454638</ele>
        <time>1970-01-01T00:25:14.700000Z</time>
        <extensions>
          <gpxtpx:TrackPointExtension>
            <gpxtpx:hr>148</gpxtpx:hr>
          </gpxtpx:TrackPointExtension>
        </extensions>
      </trkpt>
      <trkpt lat="22.593622000076618" lon="113.97919567899575">
        <ele>19.90719917882234</ele>
        <time>1970-01-01T00:25:15.700000Z</time>
        <extensions>
          <gpxtpx:TrackPointExtension>
            <gpxtpx:hr>148</gpxtpx:hr>
          </gpxtpx:TrackPointExtension>
        </extensions>
      </trkpt>
      <trkpt lat="22.593620727775406" lon="113.97922238201424">
        <ele>19.876291408203542</ele>
        <time>1970-01-01T00:25:16.700000Z</time>
        <extensions>
          <gpxtpx:TrackPointExtension>
            <gpxtpx:hr>148</gpxtpx:hr>
          </gpxtpx:TrackPointExtension>
        </extensions>
      </trkpt>
      <trkpt lat="22.59361935498997" lon="113.9792491688833">
        <ele>19.84247551858425</ele>
        <time>1970-01-01T00:25:17.700000Z</time>
        <extensions>
          <gpxtpx:TrackPointExtension>
            <gpxtpx:hr>148</gpxtpx:hr>
          </gpxtpx:TrackPointExtension>
        </extensions>
      </trkpt>
      <trkpt lat="22.59361821309281" lon="113.97927635698687">
        <ele>19.80667534098029</ele>
        <time>1970-01-01T00:25:18.700000Z</time>
        <extensions>
          <gpxtpx:TrackPointExtension>
            <gpxtpx:hr>147</gpxtpx:hr>
          </gpxtpx:TrackPointExtension>
        </extensions>
      </trkpt>
      <trkpt lat="22.593617591969316" lon="113.97930395041683">
        <ele>19.768353333696723</ele>
        <time>1970-01-01T00:25:19.700000Z</time>
        <extensions>
          <gpxtpx:TrackPointExtension>
            <gpxtpx:hr>147</gpxtpx:hr>
          </gpxtpx:TrackPointExtension>
        </extensions>
      </trkpt>
      <trkpt lat="22.59361747983918" lon="113.9793315502588">
        <ele>19.72901863604784</ele>
        <time>1970-01-01T00:25:20.700000Z</time>
        <extensions>
          <gpxtpx:TrackPointExtension>
            <gpxtpx:hr>147</gpxtpx:hr>
          </gpxtpx:TrackPointExtension>
        </extensions>
      </trkpt>
      <trkpt lat="22.59361738704614" lon="113.97935876956933">
        <ele>19.689650831744075</ele>
        <time>1970-01-01T00:25:21.700000Z</time>
        <extensions>
          <gpxtpx:TrackPointExtension>
            <gpxtpx:hr>147</gpxtpx:hr>
          </gpxtpx:TrackPointExtension>
        </extensions>
      </trkpt>
      <trkpt lat="22.593616879442596" lon="113.9793856903283">
        <ele>19.65039043314755</ele>
        <time>1970-01-01T00:25:22.700000Z</time>
        <extensions>
          <gpxtpx:TrackPointExtension>
            <gpxtpx:hr>147</gpxtpx:hr>
          </gpxtpx:TrackPointExtension>
        </extensions>
      </trkpt>
      <trkpt lat="22.59361618307178" lon="113.97941272664636">
        <ele>19.609941383823752</ele>
        <time>1970-01-01T00:25:23.700000Z</time>
        <extensions>
          <gpxtpx:TrackPointExtension>
            <gpxtpx:hr>146</gpxtpx:hr>
          </gpxtpx:TrackPointExtension>
        </extensions>
      </trkpt>
      <trkpt lat="22.59361546087371" lon="113.97943981240812">
        <ele>19.57196966558695</ele>
        <time>1970-01-01T00:25:24.700000Z</time>
        <extensions>
          <gpxtpx:TrackPointExtension>
            <gpxtpx:hr>146</gpxtpx:hr>
          </gpxtpx:TrackPointExtension>
        </extensions>
      </trkpt>
      <trkpt lat="22.593614769059975" lon="113.97946684083422">
        <ele>19.535253395326436</ele>
        <time>1970-01-01T00:25:25.700000Z</time>
        <extensions>
          <gpxtpx:TrackPointExtension>
            <gpxtpx:hr>146</gpxtpx:hr>
          </gpxtpx:TrackPointExtension>
        </extensions>
      </trkpt>
      <trkpt lat="22.59361426372409" lon="113.97949379886366">
        <ele>19.502770194783807</ele>
        <time>1970-01-01T00:25:26.700000Z</time>
        <extensions>
          <gpxtpx:TrackPointExtension>
            <gpxtpx:hr>146</gpxtpx:hr>
          </gpxtpx:TrackPointExtension>
        </extensions>
      </trkpt>
      <trkpt lat="22.59361411450619" lon="113.97952057673389">
        <ele>19.47559303883463</ele>
        <time>1970-01-01T00:25:27.700000Z</time>
        <extensions>
          <gpxtpx:TrackPointExtension>
            <gpxtpx:hr>146</gpxtpx:hr>
          </gpxtpx:TrackPointExtension>
        </extensions>
      </trkpt>
      <trkpt lat="22.593614393915374" lon="113.97954706654548">
        <ele>19.454186164774</ele>
        <time>1970-01-01T00:25:28.700000Z</time>
        <extensions>
          <gpxtpx:TrackPointExtension>
            <gpxtpx:hr>146</gpxtpx:hr>
          </gpxtpx:TrackPointExtension>
        </extensions>
      </trkpt>
      <trkpt lat="22.59361491660906" lon="113.97957344662397">
        <ele>19.437969671562314</ele>
        <time>1970-01-01T00:25:29.700000Z</time>
        <extensions>
          <gpxtpx:TrackPointExtension>
            <gpxtpx:hr>146</gpxtpx:hr>
          </gpxtpx:TrackPointExtension>
        </extensions>
      </trkpt>
      <trkpt lat="22.593615598149263" lon="113.97959990441798">
        <ele>19.426705044694245</ele>
        <time>1970-01-01T00:25:30.700000Z</time>
        <extensions>
          <gpxtpx:TrackPointExtension>
            <gpxtpx:hr>146</gpxtpx:hr>
          </gpxtpx:TrackPointExtension>
        </extensions>
      </trkpt>
      <trkpt lat="22.593616565395497" lon="113.97962657547866">
        <ele>19.42321365699172</ele>
        <time>1970-01-01T00:25:31.700000Z</time>
        <extensions>
          <gpxtpx:TrackPointExtension>
            <gpxtpx:hr>146</gpxtpx:hr>
          </gpxtpx:TrackPointExtension>
        </extensions>
      </trkpt>
      <trkpt lat="22.593617573219074" lon="113.97965331651821">
        <ele>19.422989850863814</ele>
        <time>1970-01-01T00:25:32.700000Z</time>
        <extensions>
          <gpxtpx:TrackPointExtension>
            <gpxtpx:hr>146</gpxtpx:hr>
          </gpxtpx:TrackPointExtension>
        </extensions>
      </trkpt>
      <trkpt lat="22.5936181612702" lon="113.9796794368586">
        <ele>19.428902244195342</ele>
        <time>1970-01-01T00:25:33.700000Z</time>
        <extensions>
          <gpxtpx:TrackPointExtension>
            <gpxtpx:hr>147</gpxtpx:hr>
          </gpxtpx:TrackPointExtension>
        </extensions>
      </trkpt>
      <trkpt lat="22.593618269985242" lon="113.97970502769307">
        <ele>19.439383222721517</ele>
        <time>1970-01-01T00:25:34.700000Z</time>
        <extensions>
          <gpxtpx:TrackPointExtension>
            <gpxtpx:hr>147</gpxtpx:hr>
          </gpxtpx:TrackPointExtension>
        </extensions>
      </trkpt>
      <trkpt lat="22.593618018393585" lon="113.97973083480824">
        <ele>19.458788844756782</ele>
        <time>1970-01-01T00:25:35.700000Z</time>
        <extensions>
          <gpxtpx:TrackPointExtension>
            <gpxtpx:hr>147</gpxtpx:hr>
          </gpxtpx:TrackPointExtension>
        </extensions>
      </trkpt>
      <trkpt lat="22.59361762835674" lon="113.97975710031389">
        <ele>19.479255217127502</ele>
        <time>1970-01-01T00:25:36.700000Z</time>
        <extensions>
          <gpxtpx:TrackPointExtension>
            <gpxtpx:hr>147</gpxtpx:hr>
          </gpxtpx:TrackPointExtension>
        </extensions>
      </trkpt>
      <trkpt lat="22.5936171939094" lon="113.97978356663461">
        <ele>19.503732074983418</ele>
        <time>1970-01-01T00:25:37.700000Z</time>
        <extensions>
          <gpxtpx:TrackPointExtension>
            <gpxtpx:hr>147</gpxtpx:hr>
          </gpxtpx:TrackPointExtension>
        </extensions>
      </trkpt>
      <trkpt lat="22.59361692070127" lon="113.97980984029654">
        <ele>19.531442496925592</ele>
        <time>1970-01-01T00:25:38.700000Z</time>
        <extensions>
          <gpxtpx:TrackPointExtension>
            <gpxtpx:hr>147</gpxtpx:hr>
          </gpxtpx:TrackPointExtension>
        </extensions>
      </trkpt>
      <trkpt lat="22.59361711445795" lon="113.97983559823892">
        <ele>19.56460956390947</ele>
        <time>1970-01-01T00:25:39.700000Z</time>
        <extensions>
          <gpxtpx:TrackPointExtension>
            <gpxtpx:hr>147</gpxtpx:hr>
          </gpxtpx:TrackPointExtension>
        </extensions>
      </trkpt>
      <trkpt lat="22.593617775206667" lon="113.97986085506737">
        <ele>19.6036128224805</ele>
        <time>1970-01-01T00:25:40.700000Z</time>
        <extensions>
          <gpxtpx:TrackPointExtension>
            <gpxtpx:hr>147</gpxtpx:hr>
          </gpxtpx:TrackPointExtension>
        </extensions>
      </trkpt>
      <trkpt lat="22.593618678855808" lon="113.9798855849962">
        <ele>19.645486504770815</ele>
        <time>1970-01-01T00:25:41.700000Z</time>
        <extensions>
          <gpxtpx:TrackPointExtension>
            <gpxtpx:hr>147</gpxtpx:hr>
          </gpxtpx:TrackPointExtension>
        </extensions>
      </trkpt>
      <trkpt lat="22.59361963538758" lon="113.97990935300012">
        <ele>19.692220804281533</ele>
        <time>1970-01-01T00:25:42.700000Z</time>
        <extensions>
          <gpxtpx:TrackPointExtension>
            <gpxtpx:hr>147</gpxtpx:hr>
          </gpxtpx:TrackPointExtension>
        </extensions>
      </trkpt>
      <trkpt lat="22.59362072876722" lon="113.97993171012111">
        <ele>19.741292351856828</ele>
        <time>1970-01-01T00:25:43.700000Z</time>
        <extensions>
          <gpxtpx:TrackPointExtension>
            <gpxtpx:hr>147</gpxtpx:hr>
          </gpxtpx:TrackPointExtension>
        </extensions>
      </trkpt>
      <trkpt lat="22.593622085369436" lon="113.9799520582413">
        <ele>19.79354197718203</ele>
        <time>1970-01-01T00:25:44.700000Z</time>
        <extensions>
          <gpxtpx:TrackPointExtension>
            <gpxtpx:hr>147</gpxtpx:hr>
          </gpxtpx:TrackPointExtension>
        </extensions>
      </trkpt>
      <trkpt lat="22.59362381201377" lon="113.97996934478">
        <ele>19.851326561532915</ele>
        <time>1970-01-01T00:25:45.700000Z</time>
        <extensions>
          <gpxtpx:TrackPointExtension>
            <gpxtpx:hr>147</gpxtpx:hr>
          </gpxtpx:TrackPointExtension>
        </extensions>
      </trkpt>
      <trkpt lat="22.59362586894245" lon="113.9799817941239">
        <ele>19.908893594518304</ele>
        <time>1970-01-01T00:25:46.700000Z</time>
        <extensions>
          <gpxtpx:TrackPointExtension>
            <gpxtpx:hr>147</gpxtpx:hr>
          </gpxtpx:TrackPointExtension>
        </extensions>
      </trkpt>
      <trkpt lat="22.593627522111703" lon="113.97998653216145">
        <ele>19.963984103873372</ele>
        <time>1970-01-01T00:25:47.600000Z</time>
        <extensions>
          <gpxtpx:TrackPointExtension>
            <gpxtpx:hr>147</gpxtpx:hr>
          </gpxtpx:TrackPointExtension>
        </extensions>
      </trkpt>
      <trkpt lat="22.593628358003716" lon="113.97998028903928">
        <ele>20.020722275599837</ele>
        <time>1970-01-01T00:25:48.600000Z</time>
        <extensions>
          <gpxtpx:TrackPointExtension>
            <gpxtpx:hr>147</gpxtpx:hr>
          </gpxtpx:TrackPointExtension>
        </extensions>
      </trkpt>
      <trkpt lat="22.593628548089868" lon="113.97996323846499">
        <ele>20.079075294546783</ele>
        <time>1970-01-01T00:25:49.600000Z</time>
        <extensions>
          <gpxtpx:TrackPointExtension>
            <gpxtpx:hr>147</gpxtpx:hr>
          </gpxtpx:TrackPointExtension>
        </extensions>
      </trkpt>
      <trkpt lat="22.593628254340338" lon="113.97993960928333">
        <ele>20.136960190720856</ele>
        <time>1970-01-01T00:25:50.600000Z</time>
        <extensions>
          <gpxtpx:TrackPointExtension>
            <gpxtpx:hr>146</gpxtpx:hr>
          </gpxtpx:TrackPointExtension>
        </extensions>
      </trkpt>
      <trkpt lat="22.593628016262617" lon="113.97991300532473">
        <ele>20.196510947309434</ele>
        <time>1970-01-01T00:25:51.600000Z</time>
        <extensions>
          <gpxtpx:TrackPointExtension>
            <gpxtpx:hr>146</gpxtpx:hr>
          </gpxtpx:TrackPointExtension>
        </extensions>
      </trkpt>
      <trkpt lat="22.593628267363997" lon="113.97988518244578">
        <ele>20.257791608572006</ele>
        <time>1970-01-01T00:25:52.600000Z</time>
        <extensions>
          <gpxtpx:TrackPointExtension>
            <gpxtpx:hr>146</gpxtpx:hr>
          </gpxtpx:TrackPointExtension>
        </extensions>
      </trkpt>
      <trkpt lat="22.593629146452322" lon="113.97985687875213">
        <ele>20.319119224324822</ele>
        <time>1970-01-01T00:25:53.600000Z</time>
        <extensions>
          <gpxtpx:TrackPointExtension>
            <gpxtpx:hr>146</gpxtpx:hr>
          </gpxtpx:TrackPointExtension>
        </extensions>
      </trkpt>
      <trkpt lat="22.59363058709892" lon="113.9798282467925">
        <ele>20.381697891280055</ele>
        <time>1970-01-01T00:25:54.600000Z</time>
        <extensions>
          <gpxtpx:TrackPointExtension>
            <gpxtpx:hr>146</gpxtpx:hr>
          </gpxtpx:TrackPointExtension>
        </extensions>
      </trkpt>
      <trkpt lat="22.593632505642837" lon="113.9797992130164">
        <ele>20.44451088178903</ele>
        <time>1970-01-01T00:25:55.600000Z</time>
        <extensions>
          <gpxtpx:TrackPointExtension>
            <gpxtpx:hr>146</gpxtpx:hr>
          </gpxtpx:TrackPointExtension>
        </extensions>
      </trkpt>
      <trkpt lat="22.593634828869003" lon="113.97976968186744">
        <ele>20.511470128782094</ele>
        <time>1970-01-01T00:25:56.600000Z</time>
        <extensions>
          <gpxtpx:TrackPointExtension>
            <gpxtpx:hr>146</gpxtpx:hr>
          </gpxtpx:TrackPointExtension>
        </extensions>
      </trkpt>
      <trkpt lat="22.593637444854046" lon="113.97974018618054">
        <ele>20.580440987832844</ele>
        <time>1970-01-01T00:25:57.600000Z</time>
        <extensions>
          <gpxtpx:TrackPointExtension>
            <gpxtpx:hr>146</gpxtpx:hr>
          </gpxtpx:TrackPointExtension>
        </extensions>
      </trkpt>
      <trkpt lat="22.593640102602734" lon="113.97971111739369">
        <ele>20.652887157164514</ele>
        <time>1970-01-01T00:25:58.600000Z</time>
        <extensions>
          <gpxtpx:TrackPointExtension>
            <gpxtpx:hr>146</gpxtpx:hr>
          </gpxtpx:TrackPointExtension>
        </extensions>
      </trkpt>
      <trkpt lat="22.593642505453264" lon="113.97968253152196">
        <ele>20.731158995069563</ele>
        <time>1970-01-01T00:25:59.600000Z</time>
        <extensions>
          <gpxtpx:TrackPointExtension>
            <gpxtpx:hr>146</gpxtpx:hr>
          </gpxtpx:TrackPointExtension>
        </extensions>
      </trkpt>
      <trkpt lat="22.59364432194217" lon="113.97965441761576">
        <ele>20.815673547796905</ele>
        <time>1970-01-01T00:26:00.600000Z</time>
        <extensions>
          <gpxtpx:TrackPointExtension>
            <gpxtpx:hr>145</gpxtpx:hr>
          </gpxtpx:TrackPointExtension>
        </extensions>
      </trkpt>
      <trkpt lat="22.59364529691015" lon="113.97962662413589">
        <ele>20.906220483593643</ele>
        <time>1970-01-01T00:26:01.600000Z</time>
        <extensions>
          <gpxtpx:TrackPointExtension>
            <gpxtpx:hr>145</gpxtpx:hr>
          </gpxtpx:TrackPointExtension>
        </extensions>
      </trkpt>
      <trkpt lat="22.59364585816917" lon="113.97959895551384">
        <ele>21.005221431143582</ele>
        <time>1970-01-01T00:26:02.600000Z</time>
        <extensions>
          <gpxtpx:TrackPointExtension>
            <gpxtpx:hr>145</gpxtpx:hr>
          </gpxtpx:TrackPointExtension>
        </extensions>
      </trkpt>
      <trkpt lat="22.593646323896692" lon="113.97957131647497">
        <ele>21.11189414560795</ele>
        <time>1970-01-01T00:26:03.600000Z</time>
        <extensions>
          <gpxtpx:TrackPointExtension>
            <gpxtpx:hr>145</gpxtpx:hr>
          </gpxtpx:TrackPointExtension>
        </extensions>
      </trkpt>
      <trkpt lat="22.59364666496744" lon="113.9795438918975">
        <ele>21.227332547307014</ele>
        <time>1970-01-01T00:26:04.600000Z</time>
        <extensions>
          <gpxtpx:TrackPointExtension>
            <gpxtpx:hr>145</gpxtpx:hr>
          </gpxtpx:TrackPointExtension>
        </extensions>
      </trkpt>
      <trkpt lat="22.59364660596548" lon="113.97951674693469">
        <ele>21.350035291165113</ele>
        <time>1970-01-01T00:26:05.600000Z</time>
        <extensions>
          <gpxtpx:TrackPointExtension>
            <gpxtpx:hr>145</gpxtpx:hr>
          </gpxtpx:TrackPointExtension>
        </extensions>
      </trkpt>
      <trkpt lat="22.593645220677136" lon="113.97948984309106">
        <ele>21.481649363413453</ele>
        <time>1970-01-01T00:26:06.600000Z</time>
        <extensions>
          <gpxtpx:TrackPointExtension>
            <gpxtpx:hr>145</gpxtpx:hr>
          </gpxtpx:TrackPointExtension>
        </extensions>
      </trkpt>
      <trkpt lat="22.593642538397937" lon="113.97946322059697">
        <ele>21.620979204773903</ele>
        <time>1970-01-01T00:26:07.600000Z</time>
        <extensions>
          <gpxtpx:TrackPointExtension>
            <gpxtpx:hr>145</gpxtpx:hr>
          </gpxtpx:TrackPointExtension>
        </extensions>
      </trkpt>
      <trkpt lat="22.59363916906712" lon="113.979437047418">
        <ele>21.763866023160517</ele>
        <time>1970-01-01T00:26:08.600000Z</time>
        <extensions>
          <gpxtpx:TrackPointExtension>
            <gpxtpx:hr>145</gpxtpx:hr>
          </gpxtpx:TrackPointExtension>
        </extensions>
      </trkpt>
      <trkpt lat="22.593635252303645" lon="113.97941103563006">
        <ele>21.909090908244252</ele>
        <time>1970-01-01T00:26:09.600000Z</time>
        <extensions>
          <gpxtpx:TrackPointExtension>
            <gpxtpx:hr>145</gpxtpx:hr>
          </gpxtpx:TrackPointExtension>
        </extensions>
      </trkpt>
      <trkpt lat="22.593631197660493" lon="113.97938469621323">
        <ele>22.05592991039157</ele>
        <time>1970-01-01T00:26:10.600000Z</time>
        <extensions>
          <gpxtpx:TrackPointExtension>
            <gpxtpx:hr>145</gpxtpx:hr>
          </gpxtpx:TrackPointExtension>
        </extensions>
      </trkpt>
      <trkpt lat="22.593627347083352" lon="113.97935782039077">
        <ele>22.205201171338558</ele>
        <time>1970-01-01T00:26:11.600000Z</time>
        <extensions>
          <gpxtpx:TrackPointExtension>
            <gpxtpx:hr>145</gpxtpx:hr>
          </gpxtpx:TrackPointExtension>
        </extensions>
      </trkpt>
      <trkpt lat="22.593623788109035" lon="113.97933047076384">
        <ele>22.3568054754287</ele>
        <time>1970-01-01T00:26:12.600000Z</time>
        <extensions>
          <gpxtpx:TrackPointExtension>
            <gpxtpx:hr>145</gpxtpx:hr>
          </gpxtpx:TrackPointExtension>
        </extensions>
      </trkpt>
      <trkpt lat="22.593620668644466" lon="113.97930300284581">
        <ele>22.509559577330947</ele>
        <time>1970-01-01T00:26:13.600000Z</time>
        <extensions>
          <gpxtpx:TrackPointExtension>
            <gpxtpx:hr>145</gpxtpx:hr>
          </gpxtpx:TrackPointExtension>
        </extensions>
      </trkpt>
      <trkpt lat="22.593617963717087" lon="113.97927573532787">
        <ele>22.662795210257173</ele>
        <time>1970-01-01T00:26:14.600000Z</time>
        <extensions>
          <gpxtpx:TrackPointExtension>
            <gpxtpx:hr>145</gpxtpx:hr>
          </gpxtpx:TrackPointExtension>
        </extensions>
      </trkpt>
      <trkpt lat="22.593615450606887" lon="113.97924873101312">
        <ele>22.816391150467098</ele>
        <time>1970-01-01T00:26:15.600000Z</time>
        <extensions>
          <gpxtpx:TrackPointExtension>
            <gpxtpx:hr>145</gpxtpx:hr>
          </gpxtpx:TrackPointExtension>
        </extensions>
      </trkpt>
      <trkpt lat="22.593613062747966" lon="113.97922203799475">
        <ele>22.969380280934274</ele>
        <time>1970-01-01T00:26:16.600000Z</time>
        <extensions>
          <gpxtpx:TrackPointExtension>
            <gpxtpx:hr>146</gpxtpx:hr>
          </gpxtpx:TrackPointExtension>
        </extensions>
      </trkpt>
      <trkpt lat="22.59361088045277" lon="113.97919549369483">
        <ele>23.12342473026365</ele>
        <time>1970-01-01T00:26:17.600000Z</time>
        <extensions>
          <gpxtpx:TrackPointExtension>
            <gpxtpx:hr>146</gpxtpx:hr>
          </gpxtpx:TrackPointExtension>
        </extensions>
      </trkpt>
      <trkpt lat="22.593608922232804" lon="113.97916841643142">
        <ele>23.276387767866254</ele>
        <time>1970-01-01T00:26:18.600000Z</time>
        <extensions>
          <gpxtpx:TrackPointExtension>
            <gpxtpx:hr>146</gpxtpx:hr>
          </gpxtpx:TrackPointExtension>
        </extensions>
      </trkpt>
      <trkpt lat="22.593607342978714" lon="113.9791406054305">
        <ele>23.427764320746064</ele>
        <time>1970-01-01T00:26:19.600000Z</time>
        <extensions>
          <gpxtpx:TrackPointExtension>
            <gpxtpx:hr>146</gpxtpx:hr>
          </gpxtpx:TrackPointExtension>
        </extensions>
      </trkpt>
      <trkpt lat="22.59360635829131" lon="113.97911260244354">
        <ele>23.57580646313727</ele>
        <time>1970-01-01T00:26:20.600000Z</time>
        <extensions>
          <gpxtpx:TrackPointExtension>
            <gpxtpx:hr>146</gpxtpx:hr>
          </gpxtpx:TrackPointExtension>
        </extensions>
      </trkpt>
      <trkpt lat="22.59360563744752" lon="113.97908499938904">
        <ele>23.722683519124985</ele>
        <time>1970-01-01T00:26:21.600000Z</time>
        <extensions>
          <gpxtpx:TrackPointExtension>
            <gpxtpx:hr>146</gpxtpx:hr>
          </gpxtpx:TrackPointExtension>
        </extensions>
      </trkpt>
      <trkpt lat="22.593604634731946" lon="113.97905777797244">
        <ele>23.870111702010036</ele>
        <time>1970-01-01T00:26:22.500000Z</time>
        <extensions>
          <gpxtpx:TrackPointExtension>
            <gpxtpx:hr>146</gpxtpx:hr>
          </gpxtpx:TrackPointExtension>
        </extensions>
      </trkpt>
      <trkpt lat="22.593603657822186" lon="113.97903048203965">
        <ele>24.01667974330485</ele>
        <time>1970-01-01T00:26:23.500000Z</time>
        <extensions>
          <gpxtpx:TrackPointExtension>
            <gpxtpx:hr>146</gpxtpx:hr>
          </gpxtpx:TrackPointExtension>
        </extensions>
      </trkpt>
      <trkpt lat="22.593603256341726" lon="113.97900286965927">
        <ele>24.162397358566523</ele>
        <time>1970-01-01T00:26:24.500000Z</time>
        <extensions>
          <gpxtpx:TrackPointExtension>
            <gpxtpx:hr>146</gpxtpx:hr>
          </gpxtpx:TrackPointExtension>
        </extensions>
      </trkpt>
      <trkpt lat="22.593603614469945" lon="113.97897492878589">
        <ele>24.309296459890902</ele>
        <time>1970-01-01T00:26:25.500000Z</time>
        <extensions>
          <gpxtpx:TrackPointExtension>
            <gpxtpx:hr>146</gpxtpx:hr>
          </gpxtpx:TrackPointExtension>
        </extensions>
      </trkpt>
      <trkpt lat="22.593604912341146" lon="113.97894691852089">
        <ele>24.454618175514042</ele>
        <time>1970-01-01T00:26:26.500000Z</time>
        <extensions>
          <gpxtpx:TrackPointExtension>
            <gpxtpx:hr>144</gpxtpx:hr>
          </gpxtpx:TrackPointExtension>
        </extensions>
      </trkpt>
      <trkpt lat="22.593606730409416" lon="113.97891897731593">
        <ele>24.598328100517392</ele>
        <time>1970-01-01T00:26:27.500000Z</time>
        <extensions>
          <gpxtpx:TrackPointExtension>
            <gpxtpx:hr>144</gpxtpx:hr>
          </gpxtpx:TrackPointExtension>
        </extensions>
      </trkpt>
      <trkpt lat="22.593608735425022" lon="113.97889115625465">
        <ele>24.73832176811993</ele>
        <time>1970-01-01T00:26:28.500000Z</time>
        <extensions>
          <gpxtpx:TrackPointExtension>
            <gpxtpx:hr>144</gpxtpx:hr>
          </gpxtpx:TrackPointExtension>
        </extensions>
      </trkpt>
      <trkpt lat="22.593611043539276" lon="113.9788636248917">
        <ele>24.877213104628026</ele>
        <time>1970-01-01T00:26:29.500000Z</time>
        <extensions>
          <gpxtpx:TrackPointExtension>
            <gpxtpx:hr>144</gpxtpx:hr>
          </gpxtpx:TrackPointExtension>
        </extensions>
      </trkpt>
      <trkpt lat="22.59361342367788" lon="113.97883652282133">
        <ele>25.011348902247846</ele>
        <time>1970-01-01T00:26:30.500000Z</time>
        <extensions>
          <gpxtpx:TrackPointExtension>
            <gpxtpx:hr>144</gpxtpx:hr>
          </gpxtpx:TrackPointExtension>
        </extensions>
      </trkpt>
      <trkpt lat="22.59361556497737" lon="113.9788100058917">
        <ele>25.141923947259784</ele>
        <time>1970-01-01T00:26:31.500000Z</time>
        <extensions>
          <gpxtpx:TrackPointExtension>
            <gpxtpx:hr>144</gpxtpx:hr>
          </gpxtpx:TrackPointExtension>
        </extensions>
      </trkpt>
      <trkpt lat="22.593617346055307" lon="113.97878387407465">
        <ele>25.2696786634624</ele>
        <time>1970-01-01T00:26:32.500000Z</time>
        <extensions>
          <gpxtpx:TrackPointExtension>
            <gpxtpx:hr>144</gpxtpx:hr>
          </gpxtpx:TrackPointExtension>
        </extensions>
      </trkpt>
      <trkpt lat="22.593618711554136" lon="113.97875740132613">
        <ele>25.392067241482437</ele>
        <time>1970-01-01T00:26:33.500000Z</time>
        <extensions>
          <gpxtpx:TrackPointExtension>
            <gpxtpx:hr>144</gpxtpx:hr>
          </gpxtpx:TrackPointExtension>
        </extensions>
      </trkpt>
      <trkpt lat="22.59361953624061" lon="113.97872997974953">
        <ele>25.509265640750527</ele>
        <time>1970-01-01T00:26:34.500000Z</time>
        <extensions>
          <gpxtpx:TrackPointExtension>
            <gpxtpx:hr>144</gpxtpx:hr>
          </gpxtpx:TrackPointExtension>
        </extensions>
      </trkpt>
      <trkpt lat="22.593619770298417" lon="113.9787017545722">
        <ele>25.622490430250764</ele>
        <time>1970-01-01T00:26:35.500000Z</time>
        <extensions>
          <gpxtpx:TrackPointExtension>
            <gpxtpx:hr>144</gpxtpx:hr>
          </gpxtpx:TrackPointExtension>
        </extensions>
      </trkpt>
      <trkpt lat="22.593619422430713" lon="113.97867302240957">
        <ele>25.73117437120527</ele>
        <time>1970-01-01T00:26:36.500000Z</time>
        <extensions>
          <gpxtpx:TrackPointExtension>
            <gpxtpx:hr>144</gpxtpx:hr>
          </gpxtpx:TrackPointExtension>
        </extensions>
      </trkpt>
      <trkpt lat="22.59361863205924" lon="113.97864411477045">
        <ele>25.834466473199427</ele>
        <time>1970-01-01T00:26:37.500000Z</time>
        <extensions>
          <gpxtpx:TrackPointExtension>
            <gpxtpx:hr>144</gpxtpx:hr>
          </gpxtpx:TrackPointExtension>
        </extensions>
      </trkpt>
      <trkpt lat="22.593617751213102" lon="113.97861540344877">
        <ele>25.933086909353733</ele>
        <time>1970-01-01T00:26:38.500000Z</time>
        <extensions>
          <gpxtpx:TrackPointExtension>
            <gpxtpx:hr>144</gpxtpx:hr>
          </gpxtpx:TrackPointExtension>
        </extensions>
      </trkpt>
      <trkpt lat="22.59361664656174" lon="113.97858686275588">
        <ele>26.028063560836017</ele>
        <time>1970-01-01T00:26:39.500000Z</time>
        <extensions>
          <gpxtpx:TrackPointExtension>
            <gpxtpx:hr>144</gpxtpx:hr>
          </gpxtpx:TrackPointExtension>
        </extensions>
      </trkpt>
      <trkpt lat="22.59361525507265" lon="113.97855830140286">
        <ele>26.11886513326317</ele>
        <time>1970-01-01T00:26:40.500000Z</time>
        <extensions>
          <gpxtpx:TrackPointExtension>
            <gpxtpx:hr>144</gpxtpx:hr>
          </gpxtpx:TrackPointExtension>
        </extensions>
      </trkpt>
      <trkpt lat="22.59361406666465" lon="113.97852975921667">
        <ele>26.20681763906032</ele>
        <time>1970-01-01T00:26:41.500000Z</time>
        <extensions>
          <gpxtpx:TrackPointExtension>
            <gpxtpx:hr>143</gpxtpx:hr>
          </gpxtpx:TrackPointExtension>
        </extensions>
      </trkpt>
      <trkpt lat="22.593613401839853" lon="113.97850132031229">
        <ele>26.29004053864628</ele>
        <time>1970-01-01T00:26:42.500000Z</time>
        <extensions>
          <gpxtpx:TrackPointExtension>
            <gpxtpx:hr>143</gpxtpx:hr>
          </gpxtpx:TrackPointExtension>
        </extensions>
      </trkpt>
      <trkpt lat="22.59361304020611" lon="113.97847286149711">
        <ele>26.369145731441677</ele>
        <time>1970-01-01T00:26:43.500000Z</time>
        <extensions>
          <gpxtpx:TrackPointExtension>
            <gpxtpx:hr>143</gpxtpx:hr>
          </gpxtpx:TrackPointExtension>
        </extensions>
      </trkpt>
      <trkpt lat="22.59361292032998" lon="113.9784443992864">
        <ele>26.444878349080682</ele>
        <time>1970-01-01T00:26:44.500000Z</time>
        <extensions>
          <gpxtpx:TrackPointExtension>
            <gpxtpx:hr>143</gpxtpx:hr>
          </gpxtpx:TrackPointExtension>
        </extensions>
      </trkpt>
      <trkpt lat="22.593613069618588" lon="113.97841607311126">
        <ele>26.517917460761964</ele>
        <time>1970-01-01T00:26:45.500000Z</time>
        <extensions>
          <gpxtpx:TrackPointExtension>
            <gpxtpx:hr>143</gpxtpx:hr>
          </gpxtpx:TrackPointExtension>
        </extensions>
      </trkpt>
      <trkpt lat="22.593613249505193" lon="113.97838814530112">
        <ele>26.588104942813516</ele>
        <time>1970-01-01T00:26:46.500000Z</time>
        <extensions>
          <gpxtpx:TrackPointExtension>
            <gpxtpx:hr>143</gpxtpx:hr>
          </gpxtpx:TrackPointExtension>
        </extensions>
      </trkpt>
      <trkpt lat="22.59361326373706" lon="113.9783601649427">
        <ele>26.655615876428783</ele>
        <time>1970-01-01T00:26:47.500000Z</time>
        <extensions>
          <gpxtpx:TrackPointExtension>
            <gpxtpx:hr>143</gpxtpx:hr>
          </gpxtpx:TrackPointExtension>
        </extensions>
      </trkpt>
      <trkpt lat="22.593612989092655" lon="113.97833169478153">
        <ele>26.719220489263535</ele>
        <time>1970-01-01T00:26:48.500000Z</time>
        <extensions>
          <gpxtpx:TrackPointExtension>
            <gpxtpx:hr>146</gpxtpx:hr>
          </gpxtpx:TrackPointExtension>
        </extensions>
      </trkpt>
      <trkpt lat="22.5936125165168" lon="113.97830318627214">
        <ele>26.77821348514408</ele>
        <time>1970-01-01T00:26:49.500000Z</time>
        <extensions>
          <gpxtpx:TrackPointExtension>
            <gpxtpx:hr>146</gpxtpx:hr>
          </gpxtpx:TrackPointExtension>
        </extensions>
      </trkpt>
      <trkpt lat="22.59361205798071" lon="113.97827485147461">
        <ele>26.83160533104092</ele>
        <time>1970-01-01T00:26:50.500000Z</time>
        <extensions>
          <gpxtpx:TrackPointExtension>
            <gpxtpx:hr>146</gpxtpx:hr>
          </gpxtpx:TrackPointExtension>
        </extensions>
      </trkpt>
      <trkpt lat="22.59361163752139" lon="113.97824657271305">
        <ele>26.877792309969664</ele>
        <time>1970-01-01T00:26:51.500000Z</time>
        <extensions>
          <gpxtpx:TrackPointExtension>
            <gpxtpx:hr>146</gpxtpx:hr>
          </gpxtpx:TrackPointExtension>
        </extensions>
      </trkpt>
      <trkpt lat="22.593610941728755" lon="113.97821826196622">
        <ele>26.91897179465741</ele>
        <time>1970-01-01T00:26:52.500000Z</time>
        <extensions>
          <gpxtpx:TrackPointExtension>
            <gpxtpx:hr>146</gpxtpx:hr>
          </gpxtpx:TrackPointExtension>
        </extensions>
      </trkpt>
      <trkpt lat="22.59361001760301" lon="113.97819013935995">
        <ele>26.952896976843476</ele>
        <time>1970-01-01T00:26:53.500000Z</time>
        <extensions>
          <gpxtpx:TrackPointExtension>
            <gpxtpx:hr>146</gpxtpx:hr>
          </gpxtpx:TrackPointExtension>
        </extensions>
      </trkpt>
      <trkpt lat="22.59360928433792" lon="113.97816223205866">
        <ele>26.97960292454809</ele>
        <time>1970-01-01T00:26:54.500000Z</time>
        <extensions>
          <gpxtpx:TrackPointExtension>
            <gpxtpx:hr>146</gpxtpx:hr>
          </gpxtpx:TrackPointExtension>
        </extensions>
      </trkpt>
      <trkpt lat="22.593609037783047" lon="113.97813441935456">
        <ele>26.99828731548041</ele>
        <time>1970-01-01T00:26:55.500000Z</time>
        <extensions>
          <gpxtpx:TrackPointExtension>
            <gpxtpx:hr>144</gpxtpx:hr>
          </gpxtpx:TrackPointExtension>
        </extensions>
      </trkpt>
      <trkpt lat="22.593609377590955" lon="113.9781068480521">
        <ele>27.008908515796065</ele>
        <time>1970-01-01T00:26:56.500000Z</time>
        <extensions>
          <gpxtpx:TrackPointExtension>
            <gpxtpx:hr>144</gpxtpx:hr>
          </gpxtpx:TrackPointExtension>
        </extensions>
      </trkpt>
      <trkpt lat="22.59360973914453" lon="113.97807994190495">
        <ele>27.011806201189756</ele>
        <time>1970-01-01T00:26:57.500000Z</time>
        <extensions>
          <gpxtpx:TrackPointExtension>
            <gpxtpx:hr>144</gpxtpx:hr>
          </gpxtpx:TrackPointExtension>
        </extensions>
      </trkpt>
      <trkpt lat="22.593609324471274" lon="113.9780536598635">
        <ele>27.005823682062328</ele>
        <time>1970-01-01T00:26:58.400000Z</time>
        <extensions>
          <gpxtpx:TrackPointExtension>
            <gpxtpx:hr>144</gpxtpx:hr>
          </gpxtpx:TrackPointExtension>
        </extensions>
      </trkpt>
      <trkpt lat="22.593608062853832" lon="113.9780273759887">
        <ele>26.99044453818351</ele>
        <time>1970-01-01T00:26:59.400000Z</time>
        <extensions>
          <gpxtpx:TrackPointExtension>
            <gpxtpx:hr>144</gpxtpx:hr>
          </gpxtpx:TrackPointExtension>
        </extensions>
      </trkpt>
      <trkpt lat="22.593606203752618" lon="113.97800026076177">
        <ele>26.969875616952777</ele>
        <time>1970-01-01T00:27:00.400000Z</time>
        <extensions>
          <gpxtpx:TrackPointExtension>
            <gpxtpx:hr>144</gpxtpx:hr>
          </gpxtpx:TrackPointExtension>
        </extensions>
      </trkpt>
      <trkpt lat="22.593604256765946" lon="113.97797165837989">
        <ele>26.94358073733747</ele>
        <time>1970-01-01T00:27:01.400000Z</time>
        <extensions>
          <gpxtpx:TrackPointExtension>
            <gpxtpx:hr>144</gpxtpx:hr>
          </gpxtpx:TrackPointExtension>
        </extensions>
      </trkpt>
      <trkpt lat="22.593602909197887" lon="113.97794174139865">
        <ele>26.913160762749612</ele>
        <time>1970-01-01T00:27:02.400000Z</time>
        <extensions>
          <gpxtpx:TrackPointExtension>
            <gpxtpx:hr>144</gpxtpx:hr>
          </gpxtpx:TrackPointExtension>
        </extensions>
      </trkpt>
      <trkpt lat="22.593602212442786" lon="113.9779112973598">
        <ele>26.87839125469327</ele>
        <time>1970-01-01T00:27:03.400000Z</time>
        <extensions>
          <gpxtpx:TrackPointExtension>
            <gpxtpx:hr>144</gpxtpx:hr>
          </gpxtpx:TrackPointExtension>
        </extensions>
      </trkpt>
      <trkpt lat="22.59360188475144" lon="113.97788095425118">
        <ele>26.83916161581874</ele>
        <time>1970-01-01T00:27:04.400000Z</time>
        <extensions>
          <gpxtpx:TrackPointExtension>
            <gpxtpx:hr>144</gpxtpx:hr>
          </gpxtpx:TrackPointExtension>
        </extensions>
      </trkpt>
      <trkpt lat="22.593601742692258" lon="113.97785074900119">
        <ele>26.79733415413648</ele>
        <time>1970-01-01T00:27:05.400000Z</time>
        <extensions>
          <gpxtpx:TrackPointExtension>
            <gpxtpx:hr>144</gpxtpx:hr>
          </gpxtpx:TrackPointExtension>
        </extensions>
      </trkpt>
      <trkpt lat="22.593601714202702" lon="113.97782041114695">
        <ele>26.752888101153076</ele>
        <time>1970-01-01T00:27:06.400000Z</time>
        <extensions>
          <gpxtpx:TrackPointExtension>
            <gpxtpx:hr>144</gpxtpx:hr>
          </gpxtpx:TrackPointExtension>
        </extensions>
      </trkpt>
      <trkpt lat="22.593601354408374" lon="113.97778983794286">
        <ele>26.704238003119826</ele>
        <time>1970-01-01T00:27:07.400000Z</time>
        <extensions>
          <gpxtpx:TrackPointExtension>
            <gpxtpx:hr>144</gpxtpx:hr>
          </gpxtpx:TrackPointExtension>
        </extensions>
      </trkpt>
      <trkpt lat="22.593600239288143" lon="113.97775912347382">
        <ele>26.651456268504262</ele>
        <time>1970-01-01T00:27:08.400000Z</time>
        <extensions>
          <gpxtpx:TrackPointExtension>
            <gpxtpx:hr>144</gpxtpx:hr>
          </gpxtpx:TrackPointExtension>
        </extensions>
      </trkpt>
      <trkpt lat="22.593598265103925" lon="113.9777285089825">
        <ele>26.59408478345722</ele>
        <time>1970-01-01T00:27:09.400000Z</time>
        <extensions>
          <gpxtpx:TrackPointExtension>
            <gpxtpx:hr>144</gpxtpx:hr>
          </gpxtpx:TrackPointExtension>
        </extensions>
      </trkpt>
      <trkpt lat="22.593595897207173" lon="113.97769877472177">
        <ele>26.532814004458487</ele>
        <time>1970-01-01T00:27:10.400000Z</time>
        <extensions>
          <gpxtpx:TrackPointExtension>
            <gpxtpx:hr>144</gpxtpx:hr>
          </gpxtpx:TrackPointExtension>
        </extensions>
      </trkpt>
      <trkpt lat="22.5935938953067" lon="113.97767045671412">
        <ele>26.468090909533203</ele>
        <time>1970-01-01T00:27:11.400000Z</time>
        <extensions>
          <gpxtpx:TrackPointExtension>
            <gpxtpx:hr>144</gpxtpx:hr>
          </gpxtpx:TrackPointExtension>
        </extensions>
      </trkpt>
      <trkpt lat="22.593592358881367" lon="113.97764373041636">
        <ele>26.39800462219864</ele>
        <time>1970-01-01T00:27:12.400000Z</time>
        <extensions>
          <gpxtpx:TrackPointExtension>
            <gpxtpx:hr>144</gpxtpx:hr>
          </gpxtpx:TrackPointExtension>
        </extensions>
      </trkpt>
      <trkpt lat="22.59359157864638" lon="113.97761870582863">
        <ele>26.322864508256316</ele>
        <time>1970-01-01T00:27:13.400000Z</time>
        <extensions>
          <gpxtpx:TrackPointExtension>
            <gpxtpx:hr>144</gpxtpx:hr>
          </gpxtpx:TrackPointExtension>
        </extensions>
      </trkpt>
      <trkpt lat="22.593592084744724" lon="113.9775961576337">
        <ele>26.243634993210435</ele>
        <time>1970-01-01T00:27:14.400000Z</time>
        <extensions>
          <gpxtpx:TrackPointExtension>
            <gpxtpx:hr>144</gpxtpx:hr>
          </gpxtpx:TrackPointExtension>
        </extensions>
      </trkpt>
      <trkpt lat="22.593594141666923" lon="113.97757781935509">
        <ele>26.15542752854526</ele>
        <time>1970-01-01T00:27:15.400000Z</time>
        <extensions>
          <gpxtpx:TrackPointExtension>
            <gpxtpx:hr>144</gpxtpx:hr>
          </gpxtpx:TrackPointExtension>
        </extensions>
      </trkpt>
      <trkpt lat="22.59359731374045" lon="113.97756599004026">
        <ele>26.05992955993861</ele>
        <time>1970-01-01T00:27:16.400000Z</time>
        <extensions>
          <gpxtpx:TrackPointExtension>
            <gpxtpx:hr>144</gpxtpx:hr>
          </gpxtpx:TrackPointExtension>
        </extensions>
      </trkpt>
      <trkpt lat="22.5936001812503" lon="113.97756324453078">
        <ele>25.95396717544645</ele>
        <time>1970-01-01T00:27:17.400000Z</time>
        <extensions>
          <gpxtpx:TrackPointExtension>
            <gpxtpx:hr>144</gpxtpx:hr>
          </gpxtpx:TrackPointExtension>
        </extensions>
      </trkpt>
      <trkpt lat="22.593602478765376" lon="113.97756952378471">
        <ele>25.838624429889023</ele>
        <time>1970-01-01T00:27:18.400000Z</time>
        <extensions>
          <gpxtpx:TrackPointExtension>
            <gpxtpx:hr>144</gpxtpx:hr>
          </gpxtpx:TrackPointExtension>
        </extensions>
      </trkpt>
      <trkpt lat="22.593605046529913" lon="113.97758319621997">
        <ele>25.712863121181726</ele>
        <time>1970-01-01T00:27:19.400000Z</time>
        <extensions>
          <gpxtpx:TrackPointExtension>
            <gpxtpx:hr>144</gpxtpx:hr>
          </gpxtpx:TrackPointExtension>
        </extensions>
      </trkpt>
      <trkpt lat="22.593608197579258" lon="113.97760330964721">
        <ele>25.577269098721445</ele>
        <time>1970-01-01T00:27:20.400000Z</time>
        <extensions>
          <gpxtpx:TrackPointExtension>
            <gpxtpx:hr>144</gpxtpx:hr>
          </gpxtpx:TrackPointExtension>
        </extensions>
      </trkpt>
      <trkpt lat="22.593611778632607" lon="113.9776285801796">
        <ele>25.43295229971409</ele>
        <time>1970-01-01T00:27:21.400000Z</time>
        <extensions>
          <gpxtpx:TrackPointExtension>
            <gpxtpx:hr>144</gpxtpx:hr>
          </gpxtpx:TrackPointExtension>
        </extensions>
      </trkpt>
      <trkpt lat="22.59361539592223" lon="113.97765676176061">
        <ele>25.279403833672404</ele>
        <time>1970-01-01T00:27:22.400000Z</time>
        <extensions>
          <gpxtpx:TrackPointExtension>
            <gpxtpx:hr>144</gpxtpx:hr>
          </gpxtpx:TrackPointExtension>
        </extensions>
      </trkpt>
      <trkpt lat="22.593618672662178" lon="113.97768583767466">
        <ele>25.117446438409388</ele>
        <time>1970-01-01T00:27:23.400000Z</time>
        <extensions>
          <gpxtpx:TrackPointExtension>
            <gpxtpx:hr>144</gpxtpx:hr>
          </gpxtpx:TrackPointExtension>
        </extensions>
      </trkpt>
      <trkpt lat="22.59362137704558" lon="113.97771506368294">
        <ele>24.947123853489757</ele>
        <time>1970-01-01T00:27:24.400000Z</time>
        <extensions>
          <gpxtpx:TrackPointExtension>
            <gpxtpx:hr>144</gpxtpx:hr>
          </gpxtpx:TrackPointExtension>
        </extensions>
      </trkpt>
      <trkpt lat="22.59362321470563" lon="113.97774408735549">
        <ele>24.77036050427705</ele>
        <time>1970-01-01T00:27:25.400000Z</time>
        <extensions>
          <gpxtpx:TrackPointExtension>
            <gpxtpx:hr>144</gpxtpx:hr>
          </gpxtpx:TrackPointExtension>
        </extensions>
      </trkpt>
      <trkpt lat="22.59362404081594" lon="113.9777727420774">
        <ele>24.588506257161498</ele>
        <time>1970-01-01T00:27:26.400000Z</time>
        <extensions>
          <gpxtpx:TrackPointExtension>
            <gpxtpx:hr>144</gpxtpx:hr>
          </gpxtpx:TrackPointExtension>
        </extensions>
      </trkpt>
      <trkpt lat="22.593624165033702" lon="113.97780092030627">
        <ele>24.400651480071247</ele>
        <time>1970-01-01T00:27:27.400000Z</time>
        <extensions>
          <gpxtpx:TrackPointExtension>
            <gpxtpx:hr>144</gpxtpx:hr>
          </gpxtpx:TrackPointExtension>
        </extensions>
      </trkpt>
      <trkpt lat="22.593623675656914" lon="113.97782880947835">
        <ele>24.208836663514376</ele>
        <time>1970-01-01T00:27:28.400000Z</time>
        <extensions>
          <gpxtpx:TrackPointExtension>
            <gpxtpx:hr>144</gpxtpx:hr>
          </gpxtpx:TrackPointExtension>
        </extensions>
      </trkpt>
      <trkpt lat="22.593622569801774" lon="113.97785665392601">
        <ele>24.013385011814535</ele>
        <time>1970-01-01T00:27:29.400000Z</time>
        <extensions>
          <gpxtpx:TrackPointExtension>
            <gpxtpx:hr>144</gpxtpx:hr>
          </gpxtpx:TrackPointExtension>
        </extensions>
      </trkpt>
      <trkpt lat="22.593620980514338" lon="113.9778845640989">
        <ele>23.815893420018256</ele>
        <time>1970-01-01T00:27:30.400000Z</time>
        <extensions>
          <gpxtpx:TrackPointExtension>
            <gpxtpx:hr>144</gpxtpx:hr>
          </gpxtpx:TrackPointExtension>
        </extensions>
      </trkpt>
      <trkpt lat="22.59361905594737" lon="113.9779126688614">
        <ele>23.61950112413615</ele>
        <time>1970-01-01T00:27:31.400000Z</time>
        <extensions>
          <gpxtpx:TrackPointExtension>
            <gpxtpx:hr>144</gpxtpx:hr>
          </gpxtpx:TrackPointExtension>
        </extensions>
      </trkpt>
      <trkpt lat="22.593616862424074" lon="113.9779407744597">
        <ele>23.42153524979949</ele>
        <time>1970-01-01T00:27:32.400000Z</time>
        <extensions>
          <gpxtpx:TrackPointExtension>
            <gpxtpx:hr>144</gpxtpx:hr>
          </gpxtpx:TrackPointExtension>
        </extensions>
      </trkpt>
      <trkpt lat="22.593614472016075" lon="113.9779684693498">
        <ele>23.222326951101422</ele>
        <time>1970-01-01T00:27:33.400000Z</time>
        <extensions>
          <gpxtpx:TrackPointExtension>
            <gpxtpx:hr>145</gpxtpx:hr>
          </gpxtpx:TrackPointExtension>
        </extensions>
      </trkpt>
      <trkpt lat="22.59361225249134" lon="113.97799563024473">
        <ele>23.022535090334713</ele>
        <time>1970-01-01T00:27:34.300000Z</time>
        <extensions>
          <gpxtpx:TrackPointExtension>
            <gpxtpx:hr>145</gpxtpx:hr>
          </gpxtpx:TrackPointExtension>
        </extensions>
      </trkpt>
      <trkpt lat="22.593610708448168" lon="113.97802256779286">
        <ele>22.822530135512352</ele>
        <time>1970-01-01T00:27:35.300000Z</time>
        <extensions>
          <gpxtpx:TrackPointExtension>
            <gpxtpx:hr>145</gpxtpx:hr>
          </gpxtpx:TrackPointExtension>
        </extensions>
      </trkpt>
      <trkpt lat="22.593610233937547" lon="113.97804938300416">
        <ele>22.625662330538034</ele>
        <time>1970-01-01T00:27:36.300000Z</time>
        <extensions>
          <gpxtpx:TrackPointExtension>
            <gpxtpx:hr>145</gpxtpx:hr>
          </gpxtpx:TrackPointExtension>
        </extensions>
      </trkpt>
      <trkpt lat="22.59361087075799" lon="113.97807606151618">
        <ele>22.427294310182333</ele>
        <time>1970-01-01T00:27:37.300000Z</time>
        <extensions>
          <gpxtpx:TrackPointExtension>
            <gpxtpx:hr>145</gpxtpx:hr>
          </gpxtpx:TrackPointExtension>
        </extensions>
      </trkpt>
      <trkpt lat="22.593612089606992" lon="113.97810254476195">
        <ele>22.229761246591806</ele>
        <time>1970-01-01T00:27:38.300000Z</time>
        <extensions>
          <gpxtpx:TrackPointExtension>
            <gpxtpx:hr>145</gpxtpx:hr>
          </gpxtpx:TrackPointExtension>
        </extensions>
      </trkpt>
      <trkpt lat="22.59361330853429" lon="113.97812860178276">
        <ele>22.032658537849784</ele>
        <time>1970-01-01T00:27:39.300000Z</time>
        <extensions>
          <gpxtpx:TrackPointExtension>
            <gpxtpx:hr>145</gpxtpx:hr>
          </gpxtpx:TrackPointExtension>
        </extensions>
      </trkpt>
      <trkpt lat="22.59361430069086" lon="113.97815427829376">
        <ele>21.839337991550565</ele>
        <time>1970-01-01T00:27:40.300000Z</time>
        <extensions>
          <gpxtpx:TrackPointExtension>
            <gpxtpx:hr>147</gpxtpx:hr>
          </gpxtpx:TrackPointExtension>
        </extensions>
      </trkpt>
      <trkpt lat="22.593615122365662" lon="113.97817972174796">
        <ele>21.648943602107465</ele>
        <time>1970-01-01T00:27:41.300000Z</time>
        <extensions>
          <gpxtpx:TrackPointExtension>
            <gpxtpx:hr>147</gpxtpx:hr>
          </gpxtpx:TrackPointExtension>
        </extensions>
      </trkpt>
      <trkpt lat="22.593615728967244" lon="113.97820553464042">
        <ele>21.463179413229227</ele>
        <time>1970-01-01T00:27:42.300000Z</time>
        <extensions>
          <gpxtpx:TrackPointExtension>
            <gpxtpx:hr>147</gpxtpx:hr>
          </gpxtpx:TrackPointExtension>
        </extensions>
      </trkpt>
      <trkpt lat="22.59361628989962" lon="113.97823196365621">
        <ele>21.281852824613452</ele>
        <time>1970-01-01T00:27:43.300000Z</time>
        <extensions>
          <gpxtpx:TrackPointExtension>
            <gpxtpx:hr>147</gpxtpx:hr>
          </gpxtpx:TrackPointExtension>
        </extensions>
      </trkpt>
      <trkpt lat="22.593617065773646" lon="113.9782586561972">
        <ele>21.104585458524525</ele>
        <time>1970-01-01T00:27:44.300000Z</time>
        <extensions>
          <gpxtpx:TrackPointExtension>
            <gpxtpx:hr>147</gpxtpx:hr>
          </gpxtpx:TrackPointExtension>
        </extensions>
      </trkpt>
      <trkpt lat="22.59361800416754" lon="113.97828512765409">
        <ele>20.935334867797792</ele>
        <time>1970-01-01T00:27:45.300000Z</time>
        <extensions>
          <gpxtpx:TrackPointExtension>
            <gpxtpx:hr>147</gpxtpx:hr>
          </gpxtpx:TrackPointExtension>
        </extensions>
      </trkpt>
      <trkpt lat="22.593618654111214" lon="113.97831092252403">
        <ele>20.769435858353972</ele>
        <time>1970-01-01T00:27:46.300000Z</time>
        <extensions>
          <gpxtpx:TrackPointExtension>
            <gpxtpx:hr>147</gpxtpx:hr>
          </gpxtpx:TrackPointExtension>
        </extensions>
      </trkpt>
      <trkpt lat="22.593618967536955" lon="113.97833651917576">
        <ele>20.608272691257298</ele>
        <time>1970-01-01T00:27:47.300000Z</time>
        <extensions>
          <gpxtpx:TrackPointExtension>
            <gpxtpx:hr>147</gpxtpx:hr>
          </gpxtpx:TrackPointExtension>
        </extensions>
      </trkpt>
      <trkpt lat="22.593619389936496" lon="113.97836266926882">
        <ele>20.45741373859346</ele>
        <time>1970-01-01T00:27:48.300000Z</time>
        <extensions>
          <gpxtpx:TrackPointExtension>
            <gpxtpx:hr>147</gpxtpx:hr>
          </gpxtpx:TrackPointExtension>
        </extensions>
      </trkpt>
      <trkpt lat="22.593620153183142" lon="113.97838940070214">
        <ele>20.31381455436349</ele>
        <time>1970-01-01T00:27:49.300000Z</time>
        <extensions>
          <gpxtpx:TrackPointExtension>
            <gpxtpx:hr>147</gpxtpx:hr>
          </gpxtpx:TrackPointExtension>
        </extensions>
      </trkpt>
      <trkpt lat="22.593621174374793" lon="113.97841629594994">
        <ele>20.179053308442235</ele>
        <time>1970-01-01T00:27:50.300000Z</time>
        <extensions>
          <gpxtpx:TrackPointExtension>
            <gpxtpx:hr>147</gpxtpx:hr>
          </gpxtpx:TrackPointExtension>
        </extensions>
      </trkpt>
      <trkpt lat="22.59362216231969" lon="113.97844306175867">
        <ele>20.049896060489118</ele>
        <time>1970-01-01T00:27:51.300000Z</time>
        <extensions>
          <gpxtpx:TrackPointExtension>
            <gpxtpx:hr>146</gpxtpx:hr>
          </gpxtpx:TrackPointExtension>
        </extensions>
      </trkpt>
      <trkpt lat="22.593622931112098" lon="113.97846959489168">
        <ele>19.92534503620118</ele>
        <time>1970-01-01T00:27:52.300000Z</time>
        <extensions>
          <gpxtpx:TrackPointExtension>
            <gpxtpx:hr>146</gpxtpx:hr>
          </gpxtpx:TrackPointExtension>
        </extensions>
      </trkpt>
      <trkpt lat="22.593623208947225" lon="113.97849615505056">
        <ele>19.80783904530108</ele>
        <time>1970-01-01T00:27:53.300000Z</time>
        <extensions>
          <gpxtpx:TrackPointExtension>
            <gpxtpx:hr>146</gpxtpx:hr>
          </gpxtpx:TrackPointExtension>
        </extensions>
      </trkpt>
      <trkpt lat="22.59362316666618" lon="113.9785229524487">
        <ele>19.694809357635677</ele>
        <time>1970-01-01T00:27:54.300000Z</time>
        <extensions>
          <gpxtpx:TrackPointExtension>
            <gpxtpx:hr>146</gpxtpx:hr>
          </gpxtpx:TrackPointExtension>
        </extensions>
      </trkpt>
      <trkpt lat="22.593623511160438" lon="113.97854979952014">
        <ele>19.586913547478616</ele>
        <time>1970-01-01T00:27:55.300000Z</time>
        <extensions>
          <gpxtpx:TrackPointExtension>
            <gpxtpx:hr>146</gpxtpx:hr>
          </gpxtpx:TrackPointExtension>
        </extensions>
      </trkpt>
      <trkpt lat="22.593624614099134" lon="113.97857627975219">
        <ele>19.483506448566914</ele>
        <time>1970-01-01T00:27:56.300000Z</time>
        <extensions>
          <gpxtpx:TrackPointExtension>
            <gpxtpx:hr>146</gpxtpx:hr>
          </gpxtpx:TrackPointExtension>
        </extensions>
      </trkpt>
      <trkpt lat="22.593626287395335" lon="113.97860232357391">
        <ele>19.382432674989104</ele>
        <time>1970-01-01T00:27:57.300000Z</time>
        <extensions>
          <gpxtpx:TrackPointExtension>
            <gpxtpx:hr>146</gpxtpx:hr>
          </gpxtpx:TrackPointExtension>
        </extensions>
      </trkpt>
      <trkpt lat="22.593628239553563" lon="113.97862821698533">
        <ele>19.28559864126146</ele>
        <time>1970-01-01T00:27:58.300000Z</time>
        <extensions>
          <gpxtpx:TrackPointExtension>
            <gpxtpx:hr>146</gpxtpx:hr>
          </gpxtpx:TrackPointExtension>
        </extensions>
      </trkpt>
      <trkpt lat="22.593630026519357" lon="113.97865420404989">
        <ele>19.19150737579912</ele>
        <time>1970-01-01T00:27:59.300000Z</time>
        <extensions>
          <gpxtpx:TrackPointExtension>
            <gpxtpx:hr>146</gpxtpx:hr>
          </gpxtpx:TrackPointExtension>
        </extensions>
      </trkpt>
      <trkpt lat="22.593631231274376" lon="113.97868034522571">
        <ele>19.100687625817955</ele>
        <time>1970-01-01T00:28:00.300000Z</time>
        <extensions>
          <gpxtpx:TrackPointExtension>
            <gpxtpx:hr>146</gpxtpx:hr>
          </gpxtpx:TrackPointExtension>
        </extensions>
      </trkpt>
      <trkpt lat="22.593631635166243" lon="113.97870636254409">
        <ele>19.013962611556053</ele>
        <time>1970-01-01T00:28:01.300000Z</time>
        <extensions>
          <gpxtpx:TrackPointExtension>
            <gpxtpx:hr>146</gpxtpx:hr>
          </gpxtpx:TrackPointExtension>
        </extensions>
      </trkpt>
      <trkpt lat="22.593631045660917" lon="113.97873219146194">
        <ele>18.930821858346462</ele>
        <time>1970-01-01T00:28:02.300000Z</time>
        <extensions>
          <gpxtpx:TrackPointExtension>
            <gpxtpx:hr>146</gpxtpx:hr>
          </gpxtpx:TrackPointExtension>
        </extensions>
      </trkpt>
      <trkpt lat="22.593629590744264" lon="113.97875764272759">
        <ele>18.851307078264654</ele>
        <time>1970-01-01T00:28:03.300000Z</time>
        <extensions>
          <gpxtpx:TrackPointExtension>
            <gpxtpx:hr>146</gpxtpx:hr>
          </gpxtpx:TrackPointExtension>
        </extensions>
      </trkpt>
      <trkpt lat="22.59362768463804" lon="113.97878245377596">
        <ele>18.777693356387317</ele>
        <time>1970-01-01T00:28:04.300000Z</time>
        <extensions>
          <gpxtpx:TrackPointExtension>
            <gpxtpx:hr>146</gpxtpx:hr>
          </gpxtpx:TrackPointExtension>
        </extensions>
      </trkpt>
      <trkpt lat="22.593625981929467" lon="113.97880686312561">
        <ele>18.709753895178437</ele>
        <time>1970-01-01T00:28:05.300000Z</time>
        <extensions>
          <gpxtpx:TrackPointExtension>
            <gpxtpx:hr>146</gpxtpx:hr>
          </gpxtpx:TrackPointExtension>
        </extensions>
      </trkpt>
      <trkpt lat="22.593625086263913" lon="113.97883142918513">
        <ele>18.646567872725427</ele>
        <time>1970-01-01T00:28:06.300000Z</time>
        <extensions>
          <gpxtpx:TrackPointExtension>
            <gpxtpx:hr>146</gpxtpx:hr>
          </gpxtpx:TrackPointExtension>
        </extensions>
      </trkpt>
      <trkpt lat="22.593625308244835" lon="113.97885650328077">
        <ele>18.588240982033312</ele>
        <time>1970-01-01T00:28:07.300000Z</time>
        <extensions>
          <gpxtpx:TrackPointExtension>
            <gpxtpx:hr>146</gpxtpx:hr>
          </gpxtpx:TrackPointExtension>
        </extensions>
      </trkpt>
      <trkpt lat="22.5936267720278" lon="113.97888191678597">
        <ele>18.534996365197003</ele>
        <time>1970-01-01T00:28:08.300000Z</time>
        <extensions>
          <gpxtpx:TrackPointExtension>
            <gpxtpx:hr>146</gpxtpx:hr>
          </gpxtpx:TrackPointExtension>
        </extensions>
      </trkpt>
      <trkpt lat="22.593628711681784" lon="113.97890724462627">
        <ele>18.487716652452946</ele>
        <time>1970-01-01T00:28:09.300000Z</time>
        <extensions>
          <gpxtpx:TrackPointExtension>
            <gpxtpx:hr>146</gpxtpx:hr>
          </gpxtpx:TrackPointExtension>
        </extensions>
      </trkpt>
      <trkpt lat="22.593630080027427" lon="113.9789322718674">
        <ele>18.444938586093485</ele>
        <time>1970-01-01T00:28:10.200000Z</time>
        <extensions>
          <gpxtpx:TrackPointExtension>
            <gpxtpx:hr>146</gpxtpx:hr>
          </gpxtpx:TrackPointExtension>
        </extensions>
      </trkpt>
      <trkpt lat="22.593630502402398" lon="113.97895698944238">
        <ele>18.40658196527511</ele>
        <time>1970-01-01T00:28:11.200000Z</time>
        <extensions>
          <gpxtpx:TrackPointExtension>
            <gpxtpx:hr>146</gpxtpx:hr>
          </gpxtpx:TrackPointExtension>
        </extensions>
      </trkpt>
      <trkpt lat="22.593629980753946" lon="113.97898121923681">
        <ele>18.375647865235806</ele>
        <time>1970-01-01T00:28:12.200000Z</time>
        <extensions>
          <gpxtpx:TrackPointExtension>
            <gpxtpx:hr>145</gpxtpx:hr>
          </gpxtpx:TrackPointExtension>
        </extensions>
      </trkpt>
      <trkpt lat="22.59362905411502" lon="113.97900515050553">
        <ele>18.348979292437434</ele>
        <time>1970-01-01T00:28:13.200000Z</time>
        <extensions>
          <gpxtpx:TrackPointExtension>
            <gpxtpx:hr>145</gpxtpx:hr>
          </gpxtpx:TrackPointExtension>
        </extensions>
      </trkpt>
      <trkpt lat="22.59362843501754" lon="113.979029334822">
        <ele>18.327461905777454</ele>
        <time>1970-01-01T00:28:14.200000Z</time>
        <extensions>
          <gpxtpx:TrackPointExtension>
            <gpxtpx:hr>145</gpxtpx:hr>
          </gpxtpx:TrackPointExtension>
        </extensions>
      </trkpt>
      <trkpt lat="22.593627999254284" lon="113.97905411882549">
        <ele>18.311104396358132</ele>
        <time>1970-01-01T00:28:15.200000Z</time>
        <extensions>
          <gpxtpx:TrackPointExtension>
            <gpxtpx:hr>145</gpxtpx:hr>
          </gpxtpx:TrackPointExtension>
        </extensions>
      </trkpt>
      <trkpt lat="22.5936273615125" lon="113.97907950892248">
        <ele>18.29926506616175</ele>
        <time>1970-01-01T00:28:16.200000Z</time>
        <extensions>
          <gpxtpx:TrackPointExtension>
            <gpxtpx:hr>145</gpxtpx:hr>
          </gpxtpx:TrackPointExtension>
        </extensions>
      </trkpt>
      <trkpt lat="22.593626528293743" lon="113.9791052246538">
        <ele>18.294973503798246</ele>
        <time>1970-01-01T00:28:17.200000Z</time>
        <extensions>
          <gpxtpx:TrackPointExtension>
            <gpxtpx:hr>145</gpxtpx:hr>
          </gpxtpx:TrackPointExtension>
        </extensions>
      </trkpt>
      <trkpt lat="22.593625632045" lon="113.9791310195645">
        <ele>18.29643953498453</ele>
        <time>1970-01-01T00:28:18.200000Z</time>
        <extensions>
          <gpxtpx:TrackPointExtension>
            <gpxtpx:hr>145</gpxtpx:hr>
          </gpxtpx:TrackPointExtension>
        </extensions>
      </trkpt>
      <trkpt lat="22.593624158807888" lon="113.97915700496958">
        <ele>18.302227219566703</ele>
        <time>1970-01-01T00:28:19.200000Z</time>
        <extensions>
          <gpxtpx:TrackPointExtension>
            <gpxtpx:hr>145</gpxtpx:hr>
          </gpxtpx:TrackPointExtension>
        </extensions>
      </trkpt>
      <trkpt lat="22.593621507440545" lon="113.97918335243598">
        <ele>18.3128442466259</ele>
        <time>1970-01-01T00:28:20.200000Z</time>
        <extensions>
          <gpxtpx:TrackPointExtension>
            <gpxtpx:hr>145</gpxtpx:hr>
          </gpxtpx:TrackPointExtension>
        </extensions>
      </trkpt>
      <trkpt lat="22.593617874392955" lon="113.97921028892699">
        <ele>18.32753709331155</ele>
        <time>1970-01-01T00:28:21.200000Z</time>
        <extensions>
          <gpxtpx:TrackPointExtension>
            <gpxtpx:hr>145</gpxtpx:hr>
          </gpxtpx:TrackPointExtension>
        </extensions>
      </trkpt>
      <trkpt lat="22.59361380156664" lon="113.9792377760917">
        <ele>18.347109779715538</ele>
        <time>1970-01-01T00:28:22.200000Z</time>
        <extensions>
          <gpxtpx:TrackPointExtension>
            <gpxtpx:hr>145</gpxtpx:hr>
          </gpxtpx:TrackPointExtension>
        </extensions>
      </trkpt>
      <trkpt lat="22.5936100252824" lon="113.97926546442548">
        <ele>18.371744128875434</ele>
        <time>1970-01-01T00:28:23.200000Z</time>
        <extensions>
          <gpxtpx:TrackPointExtension>
            <gpxtpx:hr>144</gpxtpx:hr>
          </gpxtpx:TrackPointExtension>
        </extensions>
      </trkpt>
      <trkpt lat="22.593607039353937" lon="113.97929294468835">
        <ele>18.3975285384804</ele>
        <time>1970-01-01T00:28:24.200000Z</time>
        <extensions>
          <gpxtpx:TrackPointExtension>
            <gpxtpx:hr>144</gpxtpx:hr>
          </gpxtpx:TrackPointExtension>
        </extensions>
      </trkpt>
      <trkpt lat="22.593605155891662" lon="113.97932001425109">
        <ele>18.426048749126494</ele>
        <time>1970-01-01T00:28:25.200000Z</time>
        <extensions>
          <gpxtpx:TrackPointExtension>
            <gpxtpx:hr>144</gpxtpx:hr>
          </gpxtpx:TrackPointExtension>
        </extensions>
      </trkpt>
      <trkpt lat="22.593604964167678" lon="113.97934723698874">
        <ele>18.45580697711557</ele>
        <time>1970-01-01T00:28:26.200000Z</time>
        <extensions>
          <gpxtpx:TrackPointExtension>
            <gpxtpx:hr>144</gpxtpx:hr>
          </gpxtpx:TrackPointExtension>
        </extensions>
      </trkpt>
      <trkpt lat="22.59360655365074" lon="113.97937498027022">
        <ele>18.487169731408358</ele>
        <time>1970-01-01T00:28:27.200000Z</time>
        <extensions>
          <gpxtpx:TrackPointExtension>
            <gpxtpx:hr>144</gpxtpx:hr>
          </gpxtpx:TrackPointExtension>
        </extensions>
      </trkpt>
      <trkpt lat="22.593609069145874" lon="113.97940307306926">
        <ele>18.520258591510355</ele>
        <time>1970-01-01T00:28:28.200000Z</time>
        <extensions>
          <gpxtpx:TrackPointExtension>
            <gpxtpx:hr>144</gpxtpx:hr>
          </gpxtpx:TrackPointExtension>
        </extensions>
      </trkpt>
      <trkpt lat="22.59361157656095" lon="113.97943113140654">
        <ele>18.55433546565473</ele>
        <time>1970-01-01T00:28:29.200000Z</time>
        <extensions>
          <gpxtpx:TrackPointExtension>
            <gpxtpx:hr>144</gpxtpx:hr>
          </gpxtpx:TrackPointExtension>
        </extensions>
      </trkpt>
      <trkpt lat="22.59361370015234" lon="113.97945914137733">
        <ele>18.588667916134</ele>
        <time>1970-01-01T00:28:30.200000Z</time>
        <extensions>
          <gpxtpx:TrackPointExtension>
            <gpxtpx:hr>144</gpxtpx:hr>
          </gpxtpx:TrackPointExtension>
        </extensions>
      </trkpt>
      <trkpt lat="22.59361525187757" lon="113.979487085581">
        <ele>18.62396461237222</ele>
        <time>1970-01-01T00:28:31.200000Z</time>
        <extensions>
          <gpxtpx:TrackPointExtension>
            <gpxtpx:hr>144</gpxtpx:hr>
          </gpxtpx:TrackPointExtension>
        </extensions>
      </trkpt>
      <trkpt lat="22.593616345984486" lon="113.97951471132336">
        <ele>18.65871785674244</ele>
        <time>1970-01-01T00:28:32.200000Z</time>
        <extensions>
          <gpxtpx:TrackPointExtension>
            <gpxtpx:hr>144</gpxtpx:hr>
          </gpxtpx:TrackPointExtension>
        </extensions>
      </trkpt>
      <trkpt lat="22.5936171532613" lon="113.97954240200531">
        <ele>18.69171526376158</ele>
        <time>1970-01-01T00:28:33.200000Z</time>
        <extensions>
          <gpxtpx:TrackPointExtension>
            <gpxtpx:hr>144</gpxtpx:hr>
          </gpxtpx:TrackPointExtension>
        </extensions>
      </trkpt>
      <trkpt lat="22.59361801811935" lon="113.97957036176614">
        <ele>18.722625916823745</ele>
        <time>1970-01-01T00:28:34.200000Z</time>
        <extensions>
          <gpxtpx:TrackPointExtension>
            <gpxtpx:hr>144</gpxtpx:hr>
          </gpxtpx:TrackPointExtension>
        </extensions>
      </trkpt>
      <trkpt lat="22.59361944636457" lon="113.97959830360749">
        <ele>18.751236895099282</ele>
        <time>1970-01-01T00:28:35.200000Z</time>
        <extensions>
          <gpxtpx:TrackPointExtension>
            <gpxtpx:hr>144</gpxtpx:hr>
          </gpxtpx:TrackPointExtension>
        </extensions>
      </trkpt>
      <trkpt lat="22.593621549786008" lon="113.9796255854489">
        <ele>18.849521280266345</ele>
        <time>1970-01-01T00:28:36.200000Z</time>
        <extensions>
          <gpxtpx:TrackPointExtension>
            <gpxtpx:hr>144</gpxtpx:hr>
          </gpxtpx:TrackPointExtension>
        </extensions>
      </trkpt>
      <trkpt lat="22.59362450587137" lon="113.97965186706186">
        <ele>18.895510938949883</ele>
        <time>1970-01-01T00:28:37.200000Z</time>
        <extensions>
          <gpxtpx:TrackPointExtension>
            <gpxtpx:hr>145</gpxtpx:hr>
          </gpxtpx:TrackPointExtension>
        </extensions>
      </trkpt>
      <trkpt lat="22.593627033011295" lon="113.97967777993998">
        <ele>18.93986983411014</ele>
        <time>1970-01-01T00:28:38.200000Z</time>
        <extensions>
          <gpxtpx:TrackPointExtension>
            <gpxtpx:hr>145</gpxtpx:hr>
          </gpxtpx:TrackPointExtension>
        </extensions>
      </trkpt>
      <trkpt lat="22.593627099460925" lon="113.97970394079518">
        <ele>18.985055767931044</ele>
        <time>1970-01-01T00:28:39.200000Z</time>
        <extensions>
          <gpxtpx:TrackPointExtension>
            <gpxtpx:hr>145</gpxtpx:hr>
          </gpxtpx:TrackPointExtension>
        </extensions>
      </trkpt>
      <trkpt lat="22.593624634716207" lon="113.9797304984726">
        <ele>19.031360311433673</ele>
        <time>1970-01-01T00:28:40.200000Z</time>
        <extensions>
          <gpxtpx:TrackPointExtension>
            <gpxtpx:hr>145</gpxtpx:hr>
          </gpxtpx:TrackPointExtension>
        </extensions>
      </trkpt>
      <trkpt lat="22.59362111264956" lon="113.97975732305407">
        <ele>19.07876643538475</ele>
        <time>1970-01-01T00:28:41.200000Z</time>
        <extensions>
          <gpxtpx:TrackPointExtension>
            <gpxtpx:hr>145</gpxtpx:hr>
          </gpxtpx:TrackPointExtension>
        </extensions>
      </trkpt>
      <trkpt lat="22.593617855879515" lon="113.97978416584694">
        <ele>19.127385920844972</ele>
        <time>1970-01-01T00:28:42.200000Z</time>
        <extensions>
          <gpxtpx:TrackPointExtension>
            <gpxtpx:hr>145</gpxtpx:hr>
          </gpxtpx:TrackPointExtension>
        </extensions>
      </trkpt>
      <trkpt lat="22.59361542904543" lon="113.97981082287595">
        <ele>19.1774475639686</ele>
        <time>1970-01-01T00:28:43.200000Z</time>
        <extensions>
          <gpxtpx:TrackPointExtension>
            <gpxtpx:hr>146</gpxtpx:hr>
          </gpxtpx:TrackPointExtension>
        </extensions>
      </trkpt>
      <trkpt lat="22.593614006170387" lon="113.97983724077535">
        <ele>19.22917728126049</ele>
        <time>1970-01-01T00:28:44.200000Z</time>
        <extensions>
          <gpxtpx:TrackPointExtension>
            <gpxtpx:hr>146</gpxtpx:hr>
          </gpxtpx:TrackPointExtension>
        </extensions>
      </trkpt>
      <trkpt lat="22.593613916640983" lon="113.97986340490237">
        <ele>19.282826589420438</ele>
        <time>1970-01-01T00:28:45.100000Z</time>
        <extensions>
          <gpxtpx:TrackPointExtension>
            <gpxtpx:hr>146</gpxtpx:hr>
          </gpxtpx:TrackPointExtension>
        </extensions>
      </trkpt>
      <trkpt lat="22.593615194882968" lon="113.97988947318234">
        <ele>19.338552936911583</ele>
        <time>1970-01-01T00:28:46.100000Z</time>
        <extensions>
          <gpxtpx:TrackPointExtension>
            <gpxtpx:hr>146</gpxtpx:hr>
          </gpxtpx:TrackPointExtension>
        </extensions>
      </trkpt>
      <trkpt lat="22.593617198289117" lon="113.97991575664658">
        <ele>19.396463052369654</ele>
        <time>1970-01-01T00:28:47.100000Z</time>
        <extensions>
          <gpxtpx:TrackPointExtension>
            <gpxtpx:hr>146</gpxtpx:hr>
          </gpxtpx:TrackPointExtension>
        </extensions>
      </trkpt>
      <trkpt lat="22.593619594608477" lon="113.97994257176158">
        <ele>19.456611269153655</ele>
        <time>1970-01-01T00:28:48.100000Z</time>
        <extensions>
          <gpxtpx:TrackPointExtension>
            <gpxtpx:hr>146</gpxtpx:hr>
          </gpxtpx:TrackPointExtension>
        </extensions>
      </trkpt>
      <trkpt lat="22.593622256116927" lon="113.97997004313282">
        <ele>19.51892547402531</ele>
        <time>1970-01-01T00:28:49.100000Z</time>
        <extensions>
          <gpxtpx:TrackPointExtension>
            <gpxtpx:hr>146</gpxtpx:hr>
          </gpxtpx:TrackPointExtension>
        </extensions>
      </trkpt>
      <trkpt lat="22.593625142976915" lon="113.97999797482612">
        <ele>19.5831578373909</ele>
        <time>1970-01-01T00:28:50.100000Z</time>
        <extensions>
          <gpxtpx:TrackPointExtension>
            <gpxtpx:hr>146</gpxtpx:hr>
          </gpxtpx:TrackPointExtension>
        </extensions>
      </trkpt>
      <trkpt lat="22.593628101360895" lon="113.9800261695198">
        <ele>19.648860310204327</ele>
        <time>1970-01-01T00:28:51.100000Z</time>
        <extensions>
          <gpxtpx:TrackPointExtension>
            <gpxtpx:hr>147</gpxtpx:hr>
          </gpxtpx:TrackPointExtension>
        </extensions>
      </trkpt>
      <trkpt lat="22.593630786684646" lon="113.98005438802767">
        <ele>19.71540125645697</ele>
        <time>1970-01-01T00:28:52.100000Z</time>
        <extensions>
          <gpxtpx:TrackPointExtension>
            <gpxtpx:hr>147</gpxtpx:hr>
          </gpxtpx:TrackPointExtension>
        </extensions>
      </trkpt>
      <trkpt lat="22.593633278314023" lon="113.98008238656055">
        <ele>19.78201670385897</ele>
        <time>1970-01-01T00:28:53.100000Z</time>
        <extensions>
          <gpxtpx:TrackPointExtension>
            <gpxtpx:hr>147</gpxtpx:hr>
          </gpxtpx:TrackPointExtension>
        </extensions>
      </trkpt>
      <trkpt lat="22.59363542690053" lon="113.98011023146688">
        <ele>19.847812022082508</ele>
        <time>1970-01-01T00:28:54.100000Z</time>
        <extensions>
          <gpxtpx:TrackPointExtension>
            <gpxtpx:hr>147</gpxtpx:hr>
          </gpxtpx:TrackPointExtension>
        </extensions>
      </trkpt>
      <trkpt lat="22.593637216141097" lon="113.98013789099518">
        <ele>19.91179841198027</ele>
        <time>1970-01-01T00:28:55.100000Z</time>
        <extensions>
          <gpxtpx:TrackPointExtension>
            <gpxtpx:hr>147</gpxtpx:hr>
          </gpxtpx:TrackPointExtension>
        </extensions>
      </trkpt>
      <trkpt lat="22.593638948386896" lon="113.98016530768045">
        <ele>19.973052522167563</ele>
        <time>1970-01-01T00:28:56.100000Z</time>
        <extensions>
          <gpxtpx:TrackPointExtension>
            <gpxtpx:hr>147</gpxtpx:hr>
          </gpxtpx:TrackPointExtension>
        </extensions>
      </trkpt>
      <trkpt lat="22.59364049739797" lon="113.9801928757023">
        <ele>20.030861691571772</ele>
        <time>1970-01-01T00:28:57.100000Z</time>
        <extensions>
          <gpxtpx:TrackPointExtension>
            <gpxtpx:hr>147</gpxtpx:hr>
          </gpxtpx:TrackPointExtension>
        </extensions>
      </trkpt>
      <trkpt lat="22.593641414883876" lon="113.98022064374052">
        <ele>20.084751209244132</ele>
        <time>1970-01-01T00:28:58.100000Z</time>
        <extensions>
          <gpxtpx:TrackPointExtension>
            <gpxtpx:hr>148</gpxtpx:hr>
          </gpxtpx:TrackPointExtension>
        </extensions>
      </trkpt>
      <trkpt lat="22.59364163350747" lon="113.98024824908268">
        <ele>20.13445638027042</ele>
        <time>1970-01-01T00:28:59.100000Z</time>
        <extensions>
          <gpxtpx:TrackPointExtension>
            <gpxtpx:hr>148</gpxtpx:hr>
          </gpxtpx:TrackPointExtension>
        </extensions>
      </trkpt>
      <trkpt lat="22.593641395210476" lon="113.98027558579213">
        <ele>20.17992330994457</ele>
        <time>1970-01-01T00:29:00.100000Z</time>
        <extensions>
          <gpxtpx:TrackPointExtension>
            <gpxtpx:hr>148</gpxtpx:hr>
          </gpxtpx:TrackPointExtension>
        </extensions>
      </trkpt>
      <trkpt lat="22.59364091265393" lon="113.98030294488258">
        <ele>20.221311455592513</ele>
        <time>1970-01-01T00:29:01.100000Z</time>
        <extensions>
          <gpxtpx:TrackPointExtension>
            <gpxtpx:hr>148</gpxtpx:hr>
          </gpxtpx:TrackPointExtension>
        </extensions>
      </trkpt>
      <trkpt lat="22.593640335458968" lon="113.98033057204705">
        <ele>20.258915859274566</ele>
        <time>1970-01-01T00:29:02.100000Z</time>
        <extensions>
          <gpxtpx:TrackPointExtension>
            <gpxtpx:hr>148</gpxtpx:hr>
          </gpxtpx:TrackPointExtension>
        </extensions>
      </trkpt>
      <trkpt lat="22.593640066302914" lon="113.98035846904831">
        <ele>20.29313441645354</ele>
        <time>1970-01-01T00:29:03.100000Z</time>
        <extensions>
          <gpxtpx:TrackPointExtension>
            <gpxtpx:hr>148</gpxtpx:hr>
          </gpxtpx:TrackPointExtension>
        </extensions>
      </trkpt>
      <trkpt lat="22.593640198721495" lon="113.98038651824743">
        <ele>20.32452245336026</ele>
        <time>1970-01-01T00:29:04.100000Z</time>
        <extensions>
          <gpxtpx:TrackPointExtension>
            <gpxtpx:hr>148</gpxtpx:hr>
          </gpxtpx:TrackPointExtension>
        </extensions>
      </trkpt>
      <trkpt lat="22.59364008690122" lon="113.98041430755954">
        <ele>20.353759789839387</ele>
        <time>1970-01-01T00:29:05.100000Z</time>
        <extensions>
          <gpxtpx:TrackPointExtension>
            <gpxtpx:hr>149</gpxtpx:hr>
          </gpxtpx:TrackPointExtension>
        </extensions>
      </trkpt>
      <trkpt lat="22.593639585374667" lon="113.98044174619106">
        <ele>20.381572199985385</ele>
        <time>1970-01-01T00:29:06.100000Z</time>
        <extensions>
          <gpxtpx:TrackPointExtension>
            <gpxtpx:hr>149</gpxtpx:hr>
          </gpxtpx:TrackPointExtension>
        </extensions>
      </trkpt>
      <trkpt lat="22.59363882174061" lon="113.98046924224239">
        <ele>20.408654167316854</ele>
        <time>1970-01-01T00:29:07.100000Z</time>
        <extensions>
          <gpxtpx:TrackPointExtension>
            <gpxtpx:hr>149</gpxtpx:hr>
          </gpxtpx:TrackPointExtension>
        </extensions>
      </trkpt>
      <trkpt lat="22.593638171284823" lon="113.9804969671786">
        <ele>20.43563644401729</ele>
        <time>1970-01-01T00:29:08.100000Z</time>
        <extensions>
          <gpxtpx:TrackPointExtension>
            <gpxtpx:hr>149</gpxtpx:hr>
          </gpxtpx:TrackPointExtension>
        </extensions>
      </trkpt>
      <trkpt lat="22.593637649259936" lon="113.98052487489076">
        <ele>20.46316888742149</ele>
        <time>1970-01-01T00:29:09.100000Z</time>
        <extensions>
          <gpxtpx:TrackPointExtension>
            <gpxtpx:hr>149</gpxtpx:hr>
          </gpxtpx:TrackPointExtension>
        </extensions>
      </trkpt>
      <trkpt lat="22.593636912373633" lon="113.98055287989345">
        <ele>20.49194250628352</ele>
        <time>1970-01-01T00:29:10.100000Z</time>
        <extensions>
          <gpxtpx:TrackPointExtension>
            <gpxtpx:hr>150</gpxtpx:hr>
          </gpxtpx:TrackPointExtension>
        </extensions>
      </trkpt>
      <trkpt lat="22.593635845097353" lon="113.98058081681397">
        <ele>20.522598588839173</ele>
        <time>1970-01-01T00:29:11.100000Z</time>
        <extensions>
          <gpxtpx:TrackPointExtension>
            <gpxtpx:hr>150</gpxtpx:hr>
          </gpxtpx:TrackPointExtension>
        </extensions>
      </trkpt>
      <trkpt lat="22.593634269210444" lon="113.98060858980543">
        <ele>20.55563914310187</ele>
        <time>1970-01-01T00:29:12.100000Z</time>
        <extensions>
          <gpxtpx:TrackPointExtension>
            <gpxtpx:hr>150</gpxtpx:hr>
          </gpxtpx:TrackPointExtension>
        </extensions>
      </trkpt>
      <trkpt lat="22.5936329207997" lon="113.98063631846175">
        <ele>20.591393823735416</ele>
        <time>1970-01-01T00:29:13.100000Z</time>
        <extensions>
          <gpxtpx:TrackPointExtension>
            <gpxtpx:hr>150</gpxtpx:hr>
          </gpxtpx:TrackPointExtension>
        </extensions>
      </trkpt>
      <trkpt lat="22.59363196824128" lon="113.980664093626">
        <ele>20.63010387867689</ele>
        <time>1970-01-01T00:29:14.100000Z</time>
        <extensions>
          <gpxtpx:TrackPointExtension>
            <gpxtpx:hr>150</gpxtpx:hr>
          </gpxtpx:TrackPointExtension>
        </extensions>
      </trkpt>
      <trkpt lat="22.59363131951761" lon="113.98069174303738">
        <ele>20.67199573852122</ele>
        <time>1970-01-01T00:29:15.100000Z</time>
        <extensions>
          <gpxtpx:TrackPointExtension>
            <gpxtpx:hr>150</gpxtpx:hr>
          </gpxtpx:TrackPointExtension>
        </extensions>
      </trkpt>
      <trkpt lat="22.59363155285461" lon="113.9807192504013">
        <ele>20.71722812857479</ele>
        <time>1970-01-01T00:29:16.100000Z</time>
        <extensions>
          <gpxtpx:TrackPointExtension>
            <gpxtpx:hr>150</gpxtpx:hr>
          </gpxtpx:TrackPointExtension>
        </extensions>
      </trkpt>
      <trkpt lat="22.593632711311724" lon="113.98074687632952">
        <ele>20.765833895653486</ele>
        <time>1970-01-01T00:29:17.100000Z</time>
        <extensions>
          <gpxtpx:TrackPointExtension>
            <gpxtpx:hr>150</gpxtpx:hr>
          </gpxtpx:TrackPointExtension>
        </extensions>
      </trkpt>
      <trkpt lat="22.593634574339177" lon="113.98077479312282">
        <ele>20.81768901180476</ele>
        <time>1970-01-01T00:29:18.100000Z</time>
        <extensions>
          <gpxtpx:TrackPointExtension>
            <gpxtpx:hr>150</gpxtpx:hr>
          </gpxtpx:TrackPointExtension>
        </extensions>
      </trkpt>
      <trkpt lat="22.59363711136329" lon="113.9808028413098">
        <ele>20.87251340970397</ele>
        <time>1970-01-01T00:29:19.100000Z</time>
        <extensions>
          <gpxtpx:TrackPointExtension>
            <gpxtpx:hr>150</gpxtpx:hr>
          </gpxtpx:TrackPointExtension>
        </extensions>
      </trkpt>
      <trkpt lat="22.593640269975147" lon="113.98083080397866">
        <ele>20.929901376366615</ele>
        <time>1970-01-01T00:29:20.100000Z</time>
        <extensions>
          <gpxtpx:TrackPointExtension>
            <gpxtpx:hr>150</gpxtpx:hr>
          </gpxtpx:TrackPointExtension>
        </extensions>
      </trkpt>
      <trkpt lat="22.593643915789595" lon="113.98085860210853">
        <ele>20.989314052276313</ele>
        <time>1970-01-01T00:29:21Z</time>
        <extensions>
          <gpxtpx:TrackPointExtension>
            <gpxtpx:hr>150</gpxtpx:hr>
          </gpxtpx:TrackPointExtension>
        </extensions>
      </trkpt>
      <trkpt lat="22.593647752368835" lon="113.98088633315959">
        <ele>21.05004495754838</ele>
        <time>1970-01-01T00:29:22Z</time>
        <extensions>
          <gpxtpx:TrackPointExtension>
            <gpxtpx:hr>150</gpxtpx:hr>
          </gpxtpx:TrackPointExtension>
        </extensions>
      </trkpt>
      <trkpt lat="22.59365155408834" lon="113.98091395787633">
        <ele>21.111173023469746</ele>
        <time>1970-01-01T00:29:23Z</time>
        <extensions>
          <gpxtpx:TrackPointExtension>
            <gpxtpx:hr>149</gpxtpx:hr>
          </gpxtpx:TrackPointExtension>
        </extensions>
      </trkpt>
      <trkpt lat="22.59365538636703" lon="113.98094120767628">
        <ele>21.171415720134974</ele>
        <time>1970-01-01T00:29:24Z</time>
        <extensions>
          <gpxtpx:TrackPointExtension>
            <gpxtpx:hr>149</gpxtpx:hr>
          </gpxtpx:TrackPointExtension>
        </extensions>
      </trkpt>
      <trkpt lat="22.59365911678329" lon="113.98096794742735">
        <ele>21.228979755192995</ele>
        <time>1970-01-01T00:29:25Z</time>
        <extensions>
          <gpxtpx:TrackPointExtension>
            <gpxtpx:hr>149</gpxtpx:hr>
          </gpxtpx:TrackPointExtension>
        </extensions>
      </trkpt>
      <trkpt lat="22.59366166165854" lon="113.98098653752828">
        <ele>21.26713511068374</ele>
        <time>1970-01-01T00:29:25.700000Z</time>
        <extensions>
          <gpxtpx:TrackPointExtension>
            <gpxtpx:hr>149</gpxtpx:hr>
          </gpxtpx:TrackPointExtension>
        </extensions>
      </trkpt>
      <trkpt lat="22.59366516550124" lon="113.98101263514303">
        <ele>21.315323315560818</ele>
        <time>1970-01-01T00:29:26.700000Z</time>
        <extensions>
          <gpxtpx:TrackPointExtension>
            <gpxtpx:hr>149</gpxtpx:hr>
          </gpxtpx:TrackPointExtension>
        </extensions>
      </trkpt>
      <trkpt lat="22.593668597414876" lon="113.98103870919242">
        <ele>21.355086875148118</ele>
        <time>1970-01-01T00:29:27.700000Z</time>
        <extensions>
          <gpxtpx:TrackPointExtension>
            <gpxtpx:hr>149</gpxtpx:hr>
          </gpxtpx:TrackPointExtension>
        </extensions>
      </trkpt>
      <trkpt lat="22.593671974585106" lon="113.9810649390938">
        <ele>21.386519560590386</ele>
        <time>1970-01-01T00:29:28.700000Z</time>
        <extensions>
          <gpxtpx:TrackPointExtension>
            <gpxtpx:hr>149</gpxtpx:hr>
          </gpxtpx:TrackPointExtension>
        </extensions>
      </trkpt>
      <trkpt lat="22.59367520243013" lon="113.98109160950672">
        <ele>21.410606450401247</ele>
        <time>1970-01-01T00:29:29.700000Z</time>
        <extensions>
          <gpxtpx:TrackPointExtension>
            <gpxtpx:hr>149</gpxtpx:hr>
          </gpxtpx:TrackPointExtension>
        </extensions>
      </trkpt>
      <trkpt lat="22.593678363720876" lon="113.98111874576917">
        <ele>21.4286374328658</ele>
        <time>1970-01-01T00:29:30.700000Z</time>
        <extensions>
          <gpxtpx:TrackPointExtension>
            <gpxtpx:hr>149</gpxtpx:hr>
          </gpxtpx:TrackPointExtension>
        </extensions>
      </trkpt>
      <trkpt lat="22.593681942025768" lon="113.98114590932222">
        <ele>21.441905999556184</ele>
        <time>1970-01-01T00:29:31.700000Z</time>
        <extensions>
          <gpxtpx:TrackPointExtension>
            <gpxtpx:hr>149</gpxtpx:hr>
          </gpxtpx:TrackPointExtension>
        </extensions>
      </trkpt>
      <trkpt lat="22.59368645020716" lon="113.98117273612418">
        <ele>21.45158672053367</ele>
        <time>1970-01-01T00:29:32.700000Z</time>
        <extensions>
          <gpxtpx:TrackPointExtension>
            <gpxtpx:hr>149</gpxtpx:hr>
          </gpxtpx:TrackPointExtension>
        </extensions>
      </trkpt>
      <trkpt lat="22.59369184784568" lon="113.98119940706864">
        <ele>21.458696766756475</ele>
        <time>1970-01-01T00:29:33.700000Z</time>
        <extensions>
          <gpxtpx:TrackPointExtension>
            <gpxtpx:hr>149</gpxtpx:hr>
          </gpxtpx:TrackPointExtension>
        </extensions>
      </trkpt>
      <trkpt lat="22.593697754218432" lon="113.98122624374068">
        <ele>21.464115019887686</ele>
        <time>1970-01-01T00:29:34.700000Z</time>
        <extensions>
          <gpxtpx:TrackPointExtension>
            <gpxtpx:hr>149</gpxtpx:hr>
          </gpxtpx:TrackPointExtension>
        </extensions>
      </trkpt>
      <trkpt lat="22.593703854859854" lon="113.98125315674162">
        <ele>21.46860095486045</ele>
        <time>1970-01-01T00:29:35.700000Z</time>
        <extensions>
          <gpxtpx:TrackPointExtension>
            <gpxtpx:hr>149</gpxtpx:hr>
          </gpxtpx:TrackPointExtension>
        </extensions>
      </trkpt>
      <trkpt lat="22.59371000630787" lon="113.98127980857856">
        <ele>21.472758972086012</ele>
        <time>1970-01-01T00:29:36.700000Z</time>
        <extensions>
          <gpxtpx:TrackPointExtension>
            <gpxtpx:hr>149</gpxtpx:hr>
          </gpxtpx:TrackPointExtension>
        </extensions>
      </trkpt>
      <trkpt lat="22.593716522481877" lon="113.98130618607638">
        <ele>21.476992024108768</ele>
        <time>1970-01-01T00:29:37.700000Z</time>
        <extensions>
          <gpxtpx:TrackPointExtension>
            <gpxtpx:hr>149</gpxtpx:hr>
          </gpxtpx:TrackPointExtension>
        </extensions>
      </trkpt>
      <trkpt lat="22.593723742209274" lon="113.98133262045265">
        <ele>21.481518618762493</ele>
        <time>1970-01-01T00:29:38.700000Z</time>
        <extensions>
          <gpxtpx:TrackPointExtension>
            <gpxtpx:hr>149</gpxtpx:hr>
          </gpxtpx:TrackPointExtension>
        </extensions>
      </trkpt>
      <trkpt lat="22.59373167724481" lon="113.981359206862">
        <ele>21.48645258229226</ele>
        <time>1970-01-01T00:29:39.700000Z</time>
        <extensions>
          <gpxtpx:TrackPointExtension>
            <gpxtpx:hr>149</gpxtpx:hr>
          </gpxtpx:TrackPointExtension>
        </extensions>
      </trkpt>
      <trkpt lat="22.59373995634747" lon="113.98138568564663">
        <ele>21.491875539533794</ele>
        <time>1970-01-01T00:29:40.700000Z</time>
        <extensions>
          <gpxtpx:TrackPointExtension>
            <gpxtpx:hr>149</gpxtpx:hr>
          </gpxtpx:TrackPointExtension>
        </extensions>
      </trkpt>
      <trkpt lat="22.593748146539337" lon="113.98141208219413">
        <ele>21.49785195849836</ele>
        <time>1970-01-01T00:29:41.700000Z</time>
        <extensions>
          <gpxtpx:TrackPointExtension>
            <gpxtpx:hr>149</gpxtpx:hr>
          </gpxtpx:TrackPointExtension>
        </extensions>
      </trkpt>
      <trkpt lat="22.593756399981814" lon="113.98143849190373">
        <ele>21.504409769549966</ele>
        <time>1970-01-01T00:29:42.700000Z</time>
        <extensions>
          <gpxtpx:TrackPointExtension>
            <gpxtpx:hr>149</gpxtpx:hr>
          </gpxtpx:TrackPointExtension>
        </extensions>
      </trkpt>
      <trkpt lat="22.593764893053496" lon="113.98146478300436">
        <ele>21.511527101509273</ele>
        <time>1970-01-01T00:29:43.700000Z</time>
        <extensions>
          <gpxtpx:TrackPointExtension>
            <gpxtpx:hr>149</gpxtpx:hr>
          </gpxtpx:TrackPointExtension>
        </extensions>
      </trkpt>
      <trkpt lat="22.593773258611474" lon="113.98149090609549">
        <ele>21.51913359388709</ele>
        <time>1970-01-01T00:29:44.700000Z</time>
        <extensions>
          <gpxtpx:TrackPointExtension>
            <gpxtpx:hr>149</gpxtpx:hr>
          </gpxtpx:TrackPointExtension>
        </extensions>
      </trkpt>
      <trkpt lat="22.593781314740177" lon="113.98151676812347">
        <ele>21.52711326535791</ele>
        <time>1970-01-01T00:29:45.700000Z</time>
        <extensions>
          <gpxtpx:TrackPointExtension>
            <gpxtpx:hr>149</gpxtpx:hr>
          </gpxtpx:TrackPointExtension>
        </extensions>
      </trkpt>
      <trkpt lat="22.593789385570137" lon="113.98154245531276">
        <ele>21.535303303040564</ele>
        <time>1970-01-01T00:29:46.700000Z</time>
        <extensions>
          <gpxtpx:TrackPointExtension>
            <gpxtpx:hr>149</gpxtpx:hr>
          </gpxtpx:TrackPointExtension>
        </extensions>
      </trkpt>
      <trkpt lat="22.593797805014177" lon="113.98156819413234">
        <ele>21.543491800315678</ele>
        <time>1970-01-01T00:29:47.700000Z</time>
        <extensions>
          <gpxtpx:TrackPointExtension>
            <gpxtpx:hr>149</gpxtpx:hr>
          </gpxtpx:TrackPointExtension>
        </extensions>
      </trkpt>
      <trkpt lat="22.593806510585633" lon="113.98159394857656">
        <ele>21.55142986215651</ele>
        <time>1970-01-01T00:29:48.700000Z</time>
        <extensions>
          <gpxtpx:TrackPointExtension>
            <gpxtpx:hr>149</gpxtpx:hr>
          </gpxtpx:TrackPointExtension>
        </extensions>
      </trkpt>
      <trkpt lat="22.59381526698114" lon="113.98161958265642">
        <ele>21.558873403817415</ele>
        <time>1970-01-01T00:29:49.700000Z</time>
        <extensions>
          <gpxtpx:TrackPointExtension>
            <gpxtpx:hr>149</gpxtpx:hr>
          </gpxtpx:TrackPointExtension>
        </extensions>
      </trkpt>
      <trkpt lat="22.59382370532194" lon="113.98164526937404">
        <ele>21.565633045509458</ele>
        <time>1970-01-01T00:29:50.700000Z</time>
        <extensions>
          <gpxtpx:TrackPointExtension>
            <gpxtpx:hr>149</gpxtpx:hr>
          </gpxtpx:TrackPointExtension>
        </extensions>
      </trkpt>
      <trkpt lat="22.593831912635647" lon="113.98167089082888">
        <ele>21.571606351062655</ele>
        <time>1970-01-01T00:29:51.700000Z</time>
        <extensions>
          <gpxtpx:TrackPointExtension>
            <gpxtpx:hr>149</gpxtpx:hr>
          </gpxtpx:TrackPointExtension>
        </extensions>
      </trkpt>
      <trkpt lat="22.593840692803916" lon="113.98169649338878">
        <ele>21.576802350580692</ele>
        <time>1970-01-01T00:29:52.700000Z</time>
        <extensions>
          <gpxtpx:TrackPointExtension>
            <gpxtpx:hr>149</gpxtpx:hr>
          </gpxtpx:TrackPointExtension>
        </extensions>
      </trkpt>
      <trkpt lat="22.593850598166735" lon="113.98172245962625">
        <ele>21.58136078994721</ele>
        <time>1970-01-01T00:29:53.700000Z</time>
        <extensions>
          <gpxtpx:TrackPointExtension>
            <gpxtpx:hr>148</gpxtpx:hr>
          </gpxtpx:TrackPointExtension>
        </extensions>
      </trkpt>
      <trkpt lat="22.593861758536054" lon="113.98174824566902">
        <ele>21.58555569779128</ele>
        <time>1970-01-01T00:29:54.700000Z</time>
        <extensions>
          <gpxtpx:TrackPointExtension>
            <gpxtpx:hr>148</gpxtpx:hr>
          </gpxtpx:TrackPointExtension>
        </extensions>
      </trkpt>
      <trkpt lat="22.593873618883446" lon="113.98177324033817">
        <ele>21.589778165332973</ele>
        <time>1970-01-01T00:29:55.700000Z</time>
        <extensions>
          <gpxtpx:TrackPointExtension>
            <gpxtpx:hr>148</gpxtpx:hr>
          </gpxtpx:TrackPointExtension>
        </extensions>
      </trkpt>
      <trkpt lat="22.593885798800567" lon="113.98179731039338">
        <ele>21.594465017318726</ele>
        <time>1970-01-01T00:29:56.700000Z</time>
        <extensions>
          <gpxtpx:TrackPointExtension>
            <gpxtpx:hr>148</gpxtpx:hr>
          </gpxtpx:TrackPointExtension>
        </extensions>
      </trkpt>
      <trkpt lat="22.593898482819885" lon="113.98182023543637">
        <ele>21.599959276616573</ele>
        <time>1970-01-01T00:29:57.700000Z</time>
        <extensions>
          <gpxtpx:TrackPointExtension>
            <gpxtpx:hr>148</gpxtpx:hr>
          </gpxtpx:TrackPointExtension>
        </extensions>
      </trkpt>
      <trkpt lat="22.59391181332603" lon="113.98184188248096">
        <ele>21.606417214497924</ele>
        <time>1970-01-01T00:29:58.700000Z</time>
        <extensions>
          <gpxtpx:TrackPointExtension>
            <gpxtpx:hr>148</gpxtpx:hr>
          </gpxtpx:TrackPointExtension>
        </extensions>
      </trkpt>
      <trkpt lat="22.593925753017505" lon="113.98186256347921">
        <ele>21.613865072838962</ele>
        <time>1970-01-01T00:29:59.700000Z</time>
        <extensions>
          <gpxtpx:TrackPointExtension>
            <gpxtpx:hr>148</gpxtpx:hr>
          </gpxtpx:TrackPointExtension>
        </extensions>
      </trkpt>
      <trkpt lat="22.593940244565548" lon="113.98188276372638">
        <ele>21.62230623792857</ele>
        <time>1970-01-01T00:30:00.700000Z</time>
        <extensions>
          <gpxtpx:TrackPointExtension>
            <gpxtpx:hr>148</gpxtpx:hr>
          </gpxtpx:TrackPointExtension>
        </extensions>
      </trkpt>
      <trkpt lat="22.593955065864034" lon="113.98190290246927">
        <ele>21.631745074875653</ele>
        <time>1970-01-01T00:30:01.700000Z</time>
        <extensions>
          <gpxtpx:TrackPointExtension>
            <gpxtpx:hr>148</gpxtpx:hr>
          </gpxtpx:TrackPointExtension>
        </extensions>
      </trkpt>
      <trkpt lat="22.59396982260547" lon="113.98192325850404">
        <ele>21.64211050234735</ele>
        <time>1970-01-01T00:30:02.700000Z</time>
        <extensions>
          <gpxtpx:TrackPointExtension>
            <gpxtpx:hr>148</gpxtpx:hr>
          </gpxtpx:TrackPointExtension>
        </extensions>
      </trkpt>
      <trkpt lat="22.59398412612864" lon="113.98194409283552">
        <ele>21.653178920038044</ele>
        <time>1970-01-01T00:30:03.700000Z</time>
        <extensions>
          <gpxtpx:TrackPointExtension>
            <gpxtpx:hr>148</gpxtpx:hr>
          </gpxtpx:TrackPointExtension>
        </extensions>
      </trkpt>
      <trkpt lat="22.59399790683594" lon="113.98196541487305">
        <ele>21.66459199693054</ele>
        <time>1970-01-01T00:30:04.700000Z</time>
        <extensions>
          <gpxtpx:TrackPointExtension>
            <gpxtpx:hr>148</gpxtpx:hr>
          </gpxtpx:TrackPointExtension>
        </extensions>
      </trkpt>
      <trkpt lat="22.594011910757686" lon="113.98198669140535">
        <ele>21.675930784083903</ele>
        <time>1970-01-01T00:30:05.700000Z</time>
        <extensions>
          <gpxtpx:TrackPointExtension>
            <gpxtpx:hr>148</gpxtpx:hr>
          </gpxtpx:TrackPointExtension>
        </extensions>
      </trkpt>
      <trkpt lat="22.594026856426108" lon="113.9820075830861">
        <ele>21.68678153771907</ele>
        <time>1970-01-01T00:30:06.700000Z</time>
        <extensions>
          <gpxtpx:TrackPointExtension>
            <gpxtpx:hr>148</gpxtpx:hr>
          </gpxtpx:TrackPointExtension>
        </extensions>
      </trkpt>
      <trkpt lat="22.59404311557476" lon="113.98202769112112">
        <ele>21.696792288683355</ele>
        <time>1970-01-01T00:30:07.700000Z</time>
        <extensions>
          <gpxtpx:TrackPointExtension>
            <gpxtpx:hr>148</gpxtpx:hr>
          </gpxtpx:TrackPointExtension>
        </extensions>
      </trkpt>
      <trkpt lat="22.59406056685086" lon="113.98204678448813">
        <ele>21.705710634589195</ele>
        <time>1970-01-01T00:30:08.700000Z</time>
        <extensions>
          <gpxtpx:TrackPointExtension>
            <gpxtpx:hr>148</gpxtpx:hr>
          </gpxtpx:TrackPointExtension>
        </extensions>
      </trkpt>
      <trkpt lat="22.594078818588063" lon="113.98206514674122">
        <ele>21.713386742398143</ele>
        <time>1970-01-01T00:30:09.700000Z</time>
        <extensions>
          <gpxtpx:TrackPointExtension>
            <gpxtpx:hr>148</gpxtpx:hr>
          </gpxtpx:TrackPointExtension>
        </extensions>
      </trkpt>
      <trkpt lat="22.594097471802243" lon="113.98208295661917">
        <ele>21.719751122407615</ele>
        <time>1970-01-01T00:30:10.700000Z</time>
        <extensions>
          <gpxtpx:TrackPointExtension>
            <gpxtpx:hr>148</gpxtpx:hr>
          </gpxtpx:TrackPointExtension>
        </extensions>
      </trkpt>
      <trkpt lat="22.594116268799684" lon="113.98210012621233">
        <ele>21.72479810193181</ele>
        <time>1970-01-01T00:30:11.700000Z</time>
        <extensions>
          <gpxtpx:TrackPointExtension>
            <gpxtpx:hr>145</gpxtpx:hr>
          </gpxtpx:TrackPointExtension>
        </extensions>
      </trkpt>
      <trkpt lat="22.59413531863264" lon="113.9821163596428">
        <ele>21.728545407764614</ele>
        <time>1970-01-01T00:30:12.700000Z</time>
        <extensions>
          <gpxtpx:TrackPointExtension>
            <gpxtpx:hr>145</gpxtpx:hr>
          </gpxtpx:TrackPointExtension>
        </extensions>
      </trkpt>
      <trkpt lat="22.594154933506456" lon="113.98213135802183">
        <ele>21.731009646318853</ele>
        <time>1970-01-01T00:30:13.700000Z</time>
        <extensions>
          <gpxtpx:TrackPointExtension>
            <gpxtpx:hr>145</gpxtpx:hr>
          </gpxtpx:TrackPointExtension>
        </extensions>
      </trkpt>
      <trkpt lat="22.594175196478016" lon="113.98214560117864">
        <ele>21.73221065569669</ele>
        <time>1970-01-01T00:30:14.700000Z</time>
        <extensions>
          <gpxtpx:TrackPointExtension>
            <gpxtpx:hr>145</gpxtpx:hr>
          </gpxtpx:TrackPointExtension>
        </extensions>
      </trkpt>
      <trkpt lat="22.594195613445265" lon="113.98216016884692">
        <ele>21.732212816365063</ele>
        <time>1970-01-01T00:30:15.700000Z</time>
        <extensions>
          <gpxtpx:TrackPointExtension>
            <gpxtpx:hr>145</gpxtpx:hr>
          </gpxtpx:TrackPointExtension>
        </extensions>
      </trkpt>
      <trkpt lat="22.594215504061044" lon="113.98217580249158">
        <ele>21.731149057857692</ele>
        <time>1970-01-01T00:30:16.700000Z</time>
        <extensions>
          <gpxtpx:TrackPointExtension>
            <gpxtpx:hr>145</gpxtpx:hr>
          </gpxtpx:TrackPointExtension>
        </extensions>
      </trkpt>
      <trkpt lat="22.594234589310194" lon="113.98219252573526">
        <ele>21.729256050661206</ele>
        <time>1970-01-01T00:30:17.700000Z</time>
        <extensions>
          <gpxtpx:TrackPointExtension>
            <gpxtpx:hr>146</gpxtpx:hr>
          </gpxtpx:TrackPointExtension>
        </extensions>
      </trkpt>
      <trkpt lat="22.59425285593908" lon="113.98220999219969">
        <ele>21.726878127083182</ele>
        <time>1970-01-01T00:30:18.700000Z</time>
        <extensions>
          <gpxtpx:TrackPointExtension>
            <gpxtpx:hr>146</gpxtpx:hr>
          </gpxtpx:TrackPointExtension>
        </extensions>
      </trkpt>
      <trkpt lat="22.594270246144422" lon="113.98222816826136">
        <ele>21.7244158340618</ele>
        <time>1970-01-01T00:30:19.700000Z</time>
        <extensions>
          <gpxtpx:TrackPointExtension>
            <gpxtpx:hr>146</gpxtpx:hr>
          </gpxtpx:TrackPointExtension>
        </extensions>
      </trkpt>
      <trkpt lat="22.594286815090005" lon="113.98224707714292">
        <ele>21.72217600606382</ele>
        <time>1970-01-01T00:30:20.700000Z</time>
        <extensions>
          <gpxtpx:TrackPointExtension>
            <gpxtpx:hr>146</gpxtpx:hr>
          </gpxtpx:TrackPointExtension>
        </extensions>
      </trkpt>
      <trkpt lat="22.594302667053913" lon="113.98226659651093">
        <ele>21.720292504876852</ele>
        <time>1970-01-01T00:30:21.700000Z</time>
        <extensions>
          <gpxtpx:TrackPointExtension>
            <gpxtpx:hr>146</gpxtpx:hr>
          </gpxtpx:TrackPointExtension>
        </extensions>
      </trkpt>
      <trkpt lat="22.59431785557549" lon="113.98228639213612">
        <ele>21.718536771833897</ele>
        <time>1970-01-01T00:30:22.700000Z</time>
        <extensions>
          <gpxtpx:TrackPointExtension>
            <gpxtpx:hr>147</gpxtpx:hr>
          </gpxtpx:TrackPointExtension>
        </extensions>
      </trkpt>
      <trkpt lat="22.594332325946723" lon="113.98230622161894">
        <ele>21.716174563392997</ele>
        <time>1970-01-01T00:30:23.700000Z</time>
        <extensions>
          <gpxtpx:TrackPointExtension>
            <gpxtpx:hr>147</gpxtpx:hr>
          </gpxtpx:TrackPointExtension>
        </extensions>
      </trkpt>
      <trkpt lat="22.59434571599148" lon="113.9823256125378">
        <ele>21.711796084418893</ele>
        <time>1970-01-01T00:30:24.700000Z</time>
        <extensions>
          <gpxtpx:TrackPointExtension>
            <gpxtpx:hr>147</gpxtpx:hr>
          </gpxtpx:TrackPointExtension>
        </extensions>
      </trkpt>
      <trkpt lat="22.594358233449995" lon="113.9823448108741">
        <ele>21.703413364477456</ele>
        <time>1970-01-01T00:30:25.700000Z</time>
        <extensions>
          <gpxtpx:TrackPointExtension>
            <gpxtpx:hr>147</gpxtpx:hr>
          </gpxtpx:TrackPointExtension>
        </extensions>
      </trkpt>
      <trkpt lat="22.594370957246795" lon="113.98236469519178">
        <ele>21.688512469641864</ele>
        <time>1970-01-01T00:30:26.700000Z</time>
        <extensions>
          <gpxtpx:TrackPointExtension>
            <gpxtpx:hr>147</gpxtpx:hr>
          </gpxtpx:TrackPointExtension>
        </extensions>
      </trkpt>
      <trkpt lat="22.59438463008257" lon="113.98238526938196">
        <ele>21.664222734980285</ele>
        <time>1970-01-01T00:30:27.700000Z</time>
        <extensions>
          <gpxtpx:TrackPointExtension>
            <gpxtpx:hr>149</gpxtpx:hr>
          </gpxtpx:TrackPointExtension>
        </extensions>
      </trkpt>
      <trkpt lat="22.594399810219443" lon="113.9824057983571">
        <ele>21.62765228562057</ele>
        <time>1970-01-01T00:30:28.700000Z</time>
        <extensions>
          <gpxtpx:TrackPointExtension>
            <gpxtpx:hr>149</gpxtpx:hr>
          </gpxtpx:TrackPointExtension>
        </extensions>
      </trkpt>
      <trkpt lat="22.594417059693626" lon="113.98242539020744">
        <ele>21.576829546131194</ele>
        <time>1970-01-01T00:30:29.700000Z</time>
        <extensions>
          <gpxtpx:TrackPointExtension>
            <gpxtpx:hr>149</gpxtpx:hr>
          </gpxtpx:TrackPointExtension>
        </extensions>
      </trkpt>
      <trkpt lat="22.594436378469563" lon="113.9824438062044">
        <ele>21.510067558847368</ele>
        <time>1970-01-01T00:30:30.700000Z</time>
        <extensions>
          <gpxtpx:TrackPointExtension>
            <gpxtpx:hr>149</gpxtpx:hr>
          </gpxtpx:TrackPointExtension>
        </extensions>
      </trkpt>
      <trkpt lat="22.59445746050402" lon="113.98246122248909">
        <ele>21.42907344736159</ele>
        <time>1970-01-01T00:30:31.700000Z</time>
        <extensions>
          <gpxtpx:TrackPointExtension>
            <gpxtpx:hr>149</gpxtpx:hr>
          </gpxtpx:TrackPointExtension>
        </extensions>
      </trkpt>
      <trkpt lat="22.594479674563203" lon="113.98247825501673">
        <ele>21.3397264033556</ele>
        <time>1970-01-01T00:30:32.700000Z</time>
        <extensions>
          <gpxtpx:TrackPointExtension>
            <gpxtpx:hr>149</gpxtpx:hr>
          </gpxtpx:TrackPointExtension>
        </extensions>
      </trkpt>
      <trkpt lat="22.594502039359604" lon="113.98249603601568">
        <ele>21.250707037746906</ele>
        <time>1970-01-01T00:30:33.700000Z</time>
        <extensions>
          <gpxtpx:TrackPointExtension>
            <gpxtpx:hr>149</gpxtpx:hr>
          </gpxtpx:TrackPointExtension>
        </extensions>
      </trkpt>
      <trkpt lat="22.594523904817695" lon="113.98251499516853">
        <ele>21.16931778565049</ele>
        <time>1970-01-01T00:30:34.700000Z</time>
        <extensions>
          <gpxtpx:TrackPointExtension>
            <gpxtpx:hr>149</gpxtpx:hr>
          </gpxtpx:TrackPointExtension>
        </extensions>
      </trkpt>
      <trkpt lat="22.594544925592693" lon="113.98253469929463">
        <ele>21.098447354510427</ele>
        <time>1970-01-01T00:30:35.700000Z</time>
        <extensions>
          <gpxtpx:TrackPointExtension>
            <gpxtpx:hr>149</gpxtpx:hr>
          </gpxtpx:TrackPointExtension>
        </extensions>
      </trkpt>
      <trkpt lat="22.594565143114494" lon="113.98255462953531">
        <ele>21.039685169234872</ele>
        <time>1970-01-01T00:30:36.700000Z</time>
        <extensions>
          <gpxtpx:TrackPointExtension>
            <gpxtpx:hr>149</gpxtpx:hr>
          </gpxtpx:TrackPointExtension>
        </extensions>
      </trkpt>
      <trkpt lat="22.59458490330582" lon="113.98257463989314">
        <ele>20.992296817712486</ele>
        <time>1970-01-01T00:30:37.700000Z</time>
        <extensions>
          <gpxtpx:TrackPointExtension>
            <gpxtpx:hr>149</gpxtpx:hr>
          </gpxtpx:TrackPointExtension>
        </extensions>
      </trkpt>
      <trkpt lat="22.59460456061457" lon="113.98259471818463">
        <ele>20.94016035553068</ele>
        <time>1970-01-01T00:30:38.700000Z</time>
        <extensions>
          <gpxtpx:TrackPointExtension>
            <gpxtpx:hr>149</gpxtpx:hr>
          </gpxtpx:TrackPointExtension>
        </extensions>
      </trkpt>
      <trkpt lat="22.59462418195825" lon="113.98261450386465">
        <ele>20.909005349501967</ele>
        <time>1970-01-01T00:30:39.700000Z</time>
        <extensions>
          <gpxtpx:TrackPointExtension>
            <gpxtpx:hr>149</gpxtpx:hr>
          </gpxtpx:TrackPointExtension>
        </extensions>
      </trkpt>
      <trkpt lat="22.594643650214593" lon="113.98263379419929">
        <ele>20.88535142596811</ele>
        <time>1970-01-01T00:30:40.700000Z</time>
        <extensions>
          <gpxtpx:TrackPointExtension>
            <gpxtpx:hr>150</gpxtpx:hr>
          </gpxtpx:TrackPointExtension>
        </extensions>
      </trkpt>
      <trkpt lat="22.594662876427197" lon="113.98265283494295">
        <ele>20.867832680232823</ele>
        <time>1970-01-01T00:30:41.700000Z</time>
        <extensions>
          <gpxtpx:TrackPointExtension>
            <gpxtpx:hr>150</gpxtpx:hr>
          </gpxtpx:TrackPointExtension>
        </extensions>
      </trkpt>
      <trkpt lat="22.594682032329146" lon="113.98267165953082">
        <ele>20.854693667963147</ele>
        <time>1970-01-01T00:30:42.700000Z</time>
        <extensions>
          <gpxtpx:TrackPointExtension>
            <gpxtpx:hr>150</gpxtpx:hr>
          </gpxtpx:TrackPointExtension>
        </extensions>
      </trkpt>
      <trkpt lat="22.59470125737251" lon="113.98268994897781">
        <ele>20.845788102596998</ele>
        <time>1970-01-01T00:30:43.700000Z</time>
        <extensions>
          <gpxtpx:TrackPointExtension>
            <gpxtpx:hr>150</gpxtpx:hr>
          </gpxtpx:TrackPointExtension>
        </extensions>
      </trkpt>
      <trkpt lat="22.594720526308134" lon="113.98270794454506">
        <ele>20.839870175346732</ele>
        <time>1970-01-01T00:30:44.700000Z</time>
        <extensions>
          <gpxtpx:TrackPointExtension>
            <gpxtpx:hr>151</gpxtpx:hr>
          </gpxtpx:TrackPointExtension>
        </extensions>
      </trkpt>
      <trkpt lat="22.594739993547545" lon="113.98272615107575">
        <ele>20.836169384419918</ele>
        <time>1970-01-01T00:30:45.700000Z</time>
        <extensions>
          <gpxtpx:TrackPointExtension>
            <gpxtpx:hr>151</gpxtpx:hr>
          </gpxtpx:TrackPointExtension>
        </extensions>
      </trkpt>
      <trkpt lat="22.59475955706514" lon="113.98274463774293">
        <ele>20.834994189441204</ele>
        <time>1970-01-01T00:30:46.700000Z</time>
        <extensions>
          <gpxtpx:TrackPointExtension>
            <gpxtpx:hr>151</gpxtpx:hr>
          </gpxtpx:TrackPointExtension>
        </extensions>
      </trkpt>
      <trkpt lat="22.594779066417352" lon="113.98276305687524">
        <ele>20.83634660486132</ele>
        <time>1970-01-01T00:30:47.700000Z</time>
        <extensions>
          <gpxtpx:TrackPointExtension>
            <gpxtpx:hr>151</gpxtpx:hr>
          </gpxtpx:TrackPointExtension>
        </extensions>
      </trkpt>
      <trkpt lat="22.59479829690532" lon="113.98278087276454">
        <ele>20.84039928484708</ele>
        <time>1970-01-01T00:30:48.700000Z</time>
        <extensions>
          <gpxtpx:TrackPointExtension>
            <gpxtpx:hr>151</gpxtpx:hr>
          </gpxtpx:TrackPointExtension>
        </extensions>
      </trkpt>
      <trkpt lat="22.594817106330755" lon="113.98279774685477">
        <ele>20.847410393878818</ele>
        <time>1970-01-01T00:30:49.700000Z</time>
        <extensions>
          <gpxtpx:TrackPointExtension>
            <gpxtpx:hr>149</gpxtpx:hr>
          </gpxtpx:TrackPointExtension>
        </extensions>
      </trkpt>
      <trkpt lat="22.594835533011643" lon="113.98281372476401">
        <ele>20.85771255288273</ele>
        <time>1970-01-01T00:30:50.700000Z</time>
        <extensions>
          <gpxtpx:TrackPointExtension>
            <gpxtpx:hr>149</gpxtpx:hr>
          </gpxtpx:TrackPointExtension>
        </extensions>
      </trkpt>
      <trkpt lat="22.594853562515" lon="113.98282894587415">
        <ele>20.871721957810223</ele>
        <time>1970-01-01T00:30:51.700000Z</time>
        <extensions>
          <gpxtpx:TrackPointExtension>
            <gpxtpx:hr>149</gpxtpx:hr>
          </gpxtpx:TrackPointExtension>
        </extensions>
      </trkpt>
      <trkpt lat="22.594871082411533" lon="113.98284349165806">
        <ele>20.88988999836147</ele>
        <time>1970-01-01T00:30:52.700000Z</time>
        <extensions>
          <gpxtpx:TrackPointExtension>
            <gpxtpx:hr>149</gpxtpx:hr>
          </gpxtpx:TrackPointExtension>
        </extensions>
      </trkpt>
      <trkpt lat="22.594887977253226" lon="113.98285741293599">
        <ele>20.912601759657264</ele>
        <time>1970-01-01T00:30:53.700000Z</time>
        <extensions>
          <gpxtpx:TrackPointExtension>
            <gpxtpx:hr>149</gpxtpx:hr>
          </gpxtpx:TrackPointExtension>
        </extensions>
      </trkpt>
      <trkpt lat="22.59490425100424" lon="113.9828707328272">
        <ele>20.94008874334395</ele>
        <time>1970-01-01T00:30:54.700000Z</time>
        <extensions>
          <gpxtpx:TrackPointExtension>
            <gpxtpx:hr>148</gpxtpx:hr>
          </gpxtpx:TrackPointExtension>
        </extensions>
      </trkpt>
      <trkpt lat="22.594919385262457" lon="113.98288326666669">
        <ele>20.972406116314232</ele>
        <time>1970-01-01T00:30:55.700000Z</time>
        <extensions>
          <gpxtpx:TrackPointExtension>
            <gpxtpx:hr>148</gpxtpx:hr>
          </gpxtpx:TrackPointExtension>
        </extensions>
      </trkpt>
      <trkpt lat="22.59493263046276" lon="113.98289408512014">
        <ele>21.00947179738432</ele>
        <time>1970-01-01T00:30:56.700000Z</time>
        <extensions>
          <gpxtpx:TrackPointExtension>
            <gpxtpx:hr>148</gpxtpx:hr>
          </gpxtpx:TrackPointExtension>
        </extensions>
      </trkpt>
      <trkpt lat="22.59494370109282" lon="113.9829023129991">
        <ele>21.051114299334586</ele>
        <time>1970-01-01T00:30:57.700000Z</time>
        <extensions>
          <gpxtpx:TrackPointExtension>
            <gpxtpx:hr>147</gpxtpx:hr>
          </gpxtpx:TrackPointExtension>
        </extensions>
      </trkpt>
      <trkpt lat="22.59495192064861" lon="113.98290728098111">
        <ele>21.097096517682076</ele>
        <time>1970-01-01T00:30:58.700000Z</time>
        <extensions>
          <gpxtpx:TrackPointExtension>
            <gpxtpx:hr>147</gpxtpx:hr>
          </gpxtpx:TrackPointExtension>
        </extensions>
      </trkpt>
      <trkpt lat="22.59495499379293" lon="113.982907477682">
        <ele>21.147144185379148</ele>
        <time>1970-01-01T00:30:59.700000Z</time>
        <extensions>
          <gpxtpx:TrackPointExtension>
            <gpxtpx:hr>147</gpxtpx:hr>
          </gpxtpx:TrackPointExtension>
        </extensions>
      </trkpt>
      <trkpt lat="22.594948556477007" lon="113.98290046093122">
        <ele>21.20097558107227</ele>
        <time>1970-01-01T00:31:00.700000Z</time>
        <extensions>
          <gpxtpx:TrackPointExtension>
            <gpxtpx:hr>147</gpxtpx:hr>
          </gpxtpx:TrackPointExtension>
        </extensions>
      </trkpt>
      <trkpt lat="22.594932248406256" lon="113.98288633548161">
        <ele>21.258273124694824</ele>
        <time>1970-01-01T00:31:01.700000Z</time>
        <extensions>
          <gpxtpx:TrackPointExtension>
            <gpxtpx:hr>147</gpxtpx:hr>
          </gpxtpx:TrackPointExtension>
        </extensions>
      </trkpt>
      <trkpt lat="22.594911449237962" lon="113.98286883227871">
        <ele>21.318594152107835</ele>
        <time>1970-01-01T00:31:02.700000Z</time>
        <extensions>
          <gpxtpx:TrackPointExtension>
            <gpxtpx:hr>146</gpxtpx:hr>
          </gpxtpx:TrackPointExtension>
        </extensions>
      </trkpt>
      <trkpt lat="22.594889851679127" lon="113.98285077732962">
        <ele>21.381365741603076</ele>
        <time>1970-01-01T00:31:03.700000Z</time>
        <extensions>
          <gpxtpx:TrackPointExtension>
            <gpxtpx:hr>146</gpxtpx:hr>
          </gpxtpx:TrackPointExtension>
        </extensions>
      </trkpt>
      <trkpt lat="22.594868557022565" lon="113.98283259104943">
        <ele>21.445984775200486</ele>
        <time>1970-01-01T00:31:04.700000Z</time>
        <extensions>
          <gpxtpx:TrackPointExtension>
            <gpxtpx:hr>146</gpxtpx:hr>
          </gpxtpx:TrackPointExtension>
        </extensions>
      </trkpt>
      <trkpt lat="22.594847987647046" lon="113.98281384630742">
        <ele>21.511880678124726</ele>
        <time>1970-01-01T00:31:05.700000Z</time>
        <extensions>
          <gpxtpx:TrackPointExtension>
            <gpxtpx:hr>146</gpxtpx:hr>
          </gpxtpx:TrackPointExtension>
        </extensions>
      </trkpt>
      <trkpt lat="22.59482754275129" lon="113.98279502326822">
        <ele>21.57847920525819</ele>
        <time>1970-01-01T00:31:06.700000Z</time>
        <extensions>
          <gpxtpx:TrackPointExtension>
            <gpxtpx:hr>146</gpxtpx:hr>
          </gpxtpx:TrackPointExtension>
        </extensions>
      </trkpt>
      <trkpt lat="22.594806347444948" lon="113.98277689379364">
        <ele>21.645160500891507</ele>
        <time>1970-01-01T00:31:07.700000Z</time>
        <extensions>
          <gpxtpx:TrackPointExtension>
            <gpxtpx:hr>146</gpxtpx:hr>
          </gpxtpx:TrackPointExtension>
        </extensions>
      </trkpt>
      <trkpt lat="22.594784757270517" lon="113.9827586976851">
        <ele>21.71121863182634</ele>
        <time>1970-01-01T00:31:08.700000Z</time>
        <extensions>
          <gpxtpx:TrackPointExtension>
            <gpxtpx:hr>146</gpxtpx:hr>
          </gpxtpx:TrackPointExtension>
        </extensions>
      </trkpt>
      <trkpt lat="22.594763290071622" lon="113.98274025463368">
        <ele>21.77610717061907</ele>
        <time>1970-01-01T00:31:09.700000Z</time>
        <extensions>
          <gpxtpx:TrackPointExtension>
            <gpxtpx:hr>144</gpxtpx:hr>
          </gpxtpx:TrackPointExtension>
        </extensions>
      </trkpt>
      <trkpt lat="22.59474168381878" lon="113.9827227837534">
        <ele>21.839350718073547</ele>
        <time>1970-01-01T00:31:10.700000Z</time>
        <extensions>
          <gpxtpx:TrackPointExtension>
            <gpxtpx:hr>144</gpxtpx:hr>
          </gpxtpx:TrackPointExtension>
        </extensions>
      </trkpt>
      <trkpt lat="22.5947202807253" lon="113.98270600422299">
        <ele>21.900345344096422</ele>
        <time>1970-01-01T00:31:11.700000Z</time>
        <extensions>
          <gpxtpx:TrackPointExtension>
            <gpxtpx:hr>144</gpxtpx:hr>
          </gpxtpx:TrackPointExtension>
        </extensions>
      </trkpt>
      <trkpt lat="22.59469950896812" lon="113.98268902318596">
        <ele>21.958505665883422</ele>
        <time>1970-01-01T00:31:12.700000Z</time>
        <extensions>
          <gpxtpx:TrackPointExtension>
            <gpxtpx:hr>144</gpxtpx:hr>
          </gpxtpx:TrackPointExtension>
        </extensions>
      </trkpt>
      <trkpt lat="22.594678945131147" lon="113.98267202890118">
        <ele>22.013351123780012</ele>
        <time>1970-01-01T00:31:13.700000Z</time>
        <extensions>
          <gpxtpx:TrackPointExtension>
            <gpxtpx:hr>144</gpxtpx:hr>
          </gpxtpx:TrackPointExtension>
        </extensions>
      </trkpt>
      <trkpt lat="22.59465830356908" lon="113.98265518359997">
        <ele>22.06449956819415</ele>
        <time>1970-01-01T00:31:14.700000Z</time>
        <extensions>
          <gpxtpx:TrackPointExtension>
            <gpxtpx:hr>144</gpxtpx:hr>
          </gpxtpx:TrackPointExtension>
        </extensions>
      </trkpt>
      <trkpt lat="22.5946378076658" lon="113.98263879497787">
        <ele>22.11160317156464</ele>
        <time>1970-01-01T00:31:15.700000Z</time>
        <extensions>
          <gpxtpx:TrackPointExtension>
            <gpxtpx:hr>145</gpxtpx:hr>
          </gpxtpx:TrackPointExtension>
        </extensions>
      </trkpt>
      <trkpt lat="22.59461758469907" lon="113.98262280708693">
        <ele>22.15434772428125</ele>
        <time>1970-01-01T00:31:16.700000Z</time>
        <extensions>
          <gpxtpx:TrackPointExtension>
            <gpxtpx:hr>145</gpxtpx:hr>
          </gpxtpx:TrackPointExtension>
        </extensions>
      </trkpt>
      <trkpt lat="22.594597406793454" lon="113.98260682020954">
        <ele>22.192460416816175</ele>
        <time>1970-01-01T00:31:17.700000Z</time>
        <extensions>
          <gpxtpx:TrackPointExtension>
            <gpxtpx:hr>145</gpxtpx:hr>
          </gpxtpx:TrackPointExtension>
        </extensions>
      </trkpt>
      <trkpt lat="22.594577427790036" lon="113.98259081817011">
        <ele>22.22569873277098</ele>
        <time>1970-01-01T00:31:18.700000Z</time>
        <extensions>
          <gpxtpx:TrackPointExtension>
            <gpxtpx:hr>145</gpxtpx:hr>
          </gpxtpx:TrackPointExtension>
        </extensions>
      </trkpt>
      <trkpt lat="22.594557852087036" lon="113.98257499963438">
        <ele>22.25386089552194</ele>
        <time>1970-01-01T00:31:19.700000Z</time>
        <extensions>
          <gpxtpx:TrackPointExtension>
            <gpxtpx:hr>145</gpxtpx:hr>
          </gpxtpx:TrackPointExtension>
        </extensions>
      </trkpt>
      <trkpt lat="22.594538703524744" lon="113.98255940893593">
        <ele>22.27696851361543</ele>
        <time>1970-01-01T00:31:20.700000Z</time>
        <extensions>
          <gpxtpx:TrackPointExtension>
            <gpxtpx:hr>145</gpxtpx:hr>
          </gpxtpx:TrackPointExtension>
        </extensions>
      </trkpt>
      <trkpt lat="22.594520207606763" lon="113.9825439412973">
        <ele>22.295429385267198</ele>
        <time>1970-01-01T00:31:21.700000Z</time>
        <extensions>
          <gpxtpx:TrackPointExtension>
            <gpxtpx:hr>145</gpxtpx:hr>
          </gpxtpx:TrackPointExtension>
        </extensions>
      </trkpt>
      <trkpt lat="22.594501994023396" lon="113.9825283666901">
        <ele>22.309837551787496</ele>
        <time>1970-01-01T00:31:22.700000Z</time>
        <extensions>
          <gpxtpx:TrackPointExtension>
            <gpxtpx:hr>145</gpxtpx:hr>
          </gpxtpx:TrackPointExtension>
        </extensions>
      </trkpt>
      <trkpt lat="22.594483435819388" lon="113.98251250245383">
        <ele>22.320807192474604</ele>
        <time>1970-01-01T00:31:23.700000Z</time>
        <extensions>
          <gpxtpx:TrackPointExtension>
            <gpxtpx:hr>145</gpxtpx:hr>
          </gpxtpx:TrackPointExtension>
        </extensions>
      </trkpt>
      <trkpt lat="22.594464478457017" lon="113.98249667028041">
        <ele>22.32902304083109</ele>
        <time>1970-01-01T00:31:24.700000Z</time>
        <extensions>
          <gpxtpx:TrackPointExtension>
            <gpxtpx:hr>145</gpxtpx:hr>
          </gpxtpx:TrackPointExtension>
        </extensions>
      </trkpt>
      <trkpt lat="22.594445299268514" lon="113.98248166794107">
        <ele>22.335316685028374</ele>
        <time>1970-01-01T00:31:25.700000Z</time>
        <extensions>
          <gpxtpx:TrackPointExtension>
            <gpxtpx:hr>145</gpxtpx:hr>
          </gpxtpx:TrackPointExtension>
        </extensions>
      </trkpt>
      <trkpt lat="22.59442597969907" lon="113.98246799996465">
        <ele>22.340756651945412</ele>
        <time>1970-01-01T00:31:26.700000Z</time>
        <extensions>
          <gpxtpx:TrackPointExtension>
            <gpxtpx:hr>145</gpxtpx:hr>
          </gpxtpx:TrackPointExtension>
        </extensions>
      </trkpt>
      <trkpt lat="22.594407071333364" lon="113.98245499304824">
        <ele>22.346750025637448</ele>
        <time>1970-01-01T00:31:27.700000Z</time>
        <extensions>
          <gpxtpx:TrackPointExtension>
            <gpxtpx:hr>145</gpxtpx:hr>
          </gpxtpx:TrackPointExtension>
        </extensions>
      </trkpt>
      <trkpt lat="22.594389064002975" lon="113.9824418394845">
        <ele>22.355227258987725</ele>
        <time>1970-01-01T00:31:28.700000Z</time>
        <extensions>
          <gpxtpx:TrackPointExtension>
            <gpxtpx:hr>145</gpxtpx:hr>
          </gpxtpx:TrackPointExtension>
        </extensions>
      </trkpt>
      <trkpt lat="22.594372292127563" lon="113.98242885924724">
        <ele>22.367248048074543</ele>
        <time>1970-01-01T00:31:29.700000Z</time>
        <extensions>
          <gpxtpx:TrackPointExtension>
            <gpxtpx:hr>145</gpxtpx:hr>
          </gpxtpx:TrackPointExtension>
        </extensions>
      </trkpt>
      <trkpt lat="22.59435685298092" lon="113.98241633827148">
        <ele>22.381548061966896</ele>
        <time>1970-01-01T00:31:30.700000Z</time>
        <extensions>
          <gpxtpx:TrackPointExtension>
            <gpxtpx:hr>145</gpxtpx:hr>
          </gpxtpx:TrackPointExtension>
        </extensions>
      </trkpt>
      <trkpt lat="22.594342233839434" lon="113.98240386380829">
        <ele>22.396221429109573</ele>
        <time>1970-01-01T00:31:31.700000Z</time>
        <extensions>
          <gpxtpx:TrackPointExtension>
            <gpxtpx:hr>145</gpxtpx:hr>
          </gpxtpx:TrackPointExtension>
        </extensions>
      </trkpt>
      <trkpt lat="22.594328473016205" lon="113.9823913473888">
        <ele>22.41026698052883</ele>
        <time>1970-01-01T00:31:32.700000Z</time>
        <extensions>
          <gpxtpx:TrackPointExtension>
            <gpxtpx:hr>145</gpxtpx:hr>
          </gpxtpx:TrackPointExtension>
        </extensions>
      </trkpt>
      <trkpt lat="22.594316222987544" lon="113.98237858595911">
        <ele>22.423362808302045</ele>
        <time>1970-01-01T00:31:33.700000Z</time>
        <extensions>
          <gpxtpx:TrackPointExtension>
            <gpxtpx:hr>145</gpxtpx:hr>
          </gpxtpx:TrackPointExtension>
        </extensions>
      </trkpt>
      <trkpt lat="22.594305228484647" lon="113.98236441835364">
        <ele>22.436490478925407</ele>
        <time>1970-01-01T00:31:34.700000Z</time>
        <extensions>
          <gpxtpx:TrackPointExtension>
            <gpxtpx:hr>145</gpxtpx:hr>
          </gpxtpx:TrackPointExtension>
        </extensions>
      </trkpt>
    </trkseg>
  </trk>
</gpx>