<?xml version="1.0" encoding="UTF-8"?>
<gpx xmlns="http://www.topografix.com/GPX/1/1" xmlns:gpxtpx="http://www.garmin.com/xmlschemas/TrackPointExtension/v1" xmlns:xsi="http://www.w3.org/2001/XMLSchema-instance" xsi:schemaLocation="http://www.topografix.com/GPX/1/1 http://www.topografix.com/GPX/1/1/gpx.xsd" version="1.1" creator="gpx.py -- https://github.com/tkrajina/gpxpy">
  <trk>
    <name>gpx from keep</name>
    <type>Run</type>
    <trkseg>
      <trkpt lat="22.59144679835175" lon="113.9872276239502">
        <ele>177.384325270541</ele>
        <time>7643-05-04T15:07:13.200012Z</time>
      </trkpt>
      <trkpt lat="22.591432927793342" lon="113.98721182527967">
        <ele>177.5647207610309</ele>
        <time>1970-01-01T00:00:01Z</time>
      </trkpt>
      <trkpt lat="22.59141867944236" lon="113.98719146848215">
        <ele>177.76031319703907</ele>
        <time>1970-01-01T00:00:01.900000Z</time>
      </trkpt>
      <trkpt lat="22.591406626666007" lon="113.98716779129474">
        <ele>177.97466762643307</ele>
        <time>1970-01-01T00:00:03Z</time>
      </trkpt>
      <trkpt lat="22.591396842726823" lon="113.98714255007195">
        <ele>178.20161588769406</ele>
        <time>1970-01-01T00:00:04Z</time>
      </trkpt>
      <trkpt lat="22.591388759216812" lon="113.9871171497052">
        <ele>178.42567120026797</ele>
        <time>1970-01-01T00:00:05Z</time>
      </trkpt>
      <trkpt lat="22.59138204011974" lon="113.98709350200737">
        <ele>178.6257199998945</ele>
        <time>1970-01-01T00:00:06Z</time>
      </trkpt>
      <trkpt lat="22.59137553876421" lon="113.9870708169026">
        <ele>178.77558349631727</ele>
        <time>1970-01-01T00:00:07Z</time>
      </trkpt>
      <trkpt lat="22.591368521620907" lon="113.98704719928637">
        <ele>178.84470476396382</ele>
        <time>1970-01-01T00:00:08Z</time>
      </trkpt>
      <trkpt lat="22.591360691705525" lon="113.98702272524912">
        <ele>178.80291779059917</ele>
        <time>1970-01-01T00:00:09Z</time>
      </trkpt>
      <trkpt lat="22.591351337119058" lon="113.9869971838526">
        <ele>178.6239035949111</ele>
        <time>1970-01-01T00:00:10Z</time>
      </trkpt>
      <trkpt lat="22.591340346563648" lon="113.9869710437053">
        <ele>178.28511644434184</ele>
        <time>1970-01-01T00:00:11Z</time>
      </trkpt>
      <trkpt lat="22.59132884063365" lon="113.986944471973">
        <ele>177.76878284104168</ele>
        <time>1970-01-01T00:00:12Z</time>
      </trkpt>
      <trkpt lat="22.59131825578841" lon="113.98691688820861">
        <ele>177.0630587246269</ele>
        <time>1970-01-01T00:00:13Z</time>
      </trkpt>
      <trkpt lat="22.59130963857857" lon="113.98688792483439">
        <ele>176.16500427853316</ele>
        <time>1970-01-01T00:00:14Z</time>
      </trkpt>
      <trkpt lat="22.59130299602548" lon="113.9868575477027">
        <ele>175.0742934467271</ele>
        <time>1970-01-01T00:00:15Z</time>
      </trkpt>
      <trkpt lat="22.591297188696572" lon="113.98682611627234">
        <ele>173.79622997995466</ele>
        <time>1970-01-01T00:00:16Z</time>
      </trkpt>
      <trkpt lat="22.591291390997252" lon="113.9867939779891">
        <ele>172.34169012494385</ele>
        <time>1970-01-01T00:00:17Z</time>
      </trkpt>
      <trkpt lat="22.591285849286045" lon="113.98676122162368">
        <ele>170.72714217100292</ele>
        <time>1970-01-01T00:00:18Z</time>
      </trkpt>
      <trkpt lat="22.591280832122717" lon="113.98672761463338">
        <ele>168.9730444299057</ele>
        <time>1970-01-01T00:00:19Z</time>
      </trkpt>
      <trkpt lat="22.591276407394087" lon="113.98669321956919">
        <ele>167.11449431907386</ele>
        <time>1970-01-01T00:00:20Z</time>
      </trkpt>
      <trkpt lat="22.591272976293673" lon="113.98665789846997">
        <ele>165.17127469182014</ele>
        <time>1970-01-01T00:00:21Z</time>
      </trkpt>
      <trkpt lat="22.591271056597748" lon="113.98662169577618">
        <ele>163.19207693077624</ele>
        <time>1970-01-01T00:00:22Z</time>
      </trkpt>
      <trkpt lat="22.59127076488781" lon="113.98658398068635">
        <ele>161.21628467272967</ele>
        <time>1970-01-01T00:00:23Z</time>
      </trkpt>
      <trkpt lat="22.591272077527673" lon="113.98654429875428">
        <ele>159.2966230371967</ele>
        <time>1970-01-01T00:00:24Z</time>
      </trkpt>
      <trkpt lat="22.591275602520312" lon="113.98650413321435">
        <ele>157.4711228031665</ele>
        <time>1970-01-01T00:00:25Z</time>
      </trkpt>
      <trkpt lat="22.591282160093424" lon="113.98646561320626">
        <ele>155.7989003835246</ele>
        <time>1970-01-01T00:00:26Z</time>
      </trkpt>
      <trkpt lat="22.59129221674448" lon="113.98643091433817">
        <ele>154.31157139595598</ele>
        <time>1970-01-01T00:00:27Z</time>
      </trkpt>
      <trkpt lat="22.591305855782124" lon="113.98640151993432">
        <ele>153.04627746343613</ele>
        <time>1970-01-01T00:00:28Z</time>
      </trkpt>
      <trkpt lat="22.591322900491438" lon="113.98637607398672">
        <ele>152.0195218641311</ele>
        <time>1970-01-01T00:00:29Z</time>
      </trkpt>
      <trkpt lat="22.591342843044856" lon="113.98635396549005">
        <ele>151.2273479634896</ele>
        <time>1970-01-01T00:00:30Z</time>
      </trkpt>
      <trkpt lat="22.59136520357448" lon="113.9863348225062">
        <ele>150.6412924528122</ele>
        <time>1970-01-01T00:00:31Z</time>
      </trkpt>
      <trkpt lat="22.591389169820317" lon="113.9863188276053">
        <ele>150.21485859900713</ele>
        <time>1970-01-01T00:00:32Z</time>
      </trkpt>
      <trkpt lat="22.591414037744862" lon="113.98630594785013">
        <ele>149.89206671249121</ele>
        <time>1970-01-01T00:00:33Z</time>
      </trkpt>
      <trkpt lat="22.591439395608596" lon="113.98629579097711">
        <ele>149.62820886075497</ele>
        <time>1970-01-01T00:00:34Z</time>
      </trkpt>
      <trkpt lat="22.591464995537475" lon="113.98628786750861">
        <ele>149.3889560624957</ele>
        <time>1970-01-01T00:00:35Z</time>
      </trkpt>
      <trkpt lat="22.591490777812503" lon="113.98628163054337">
        <ele>149.14879332389683</ele>
        <time>1970-01-01T00:00:36Z</time>
      </trkpt>
      <trkpt lat="22.591517099063083" lon="113.98627664003324">
        <ele>148.89627575688064</ele>
        <time>1970-01-01T00:00:37Z</time>
      </trkpt>
      <trkpt lat="22.591543842825846" lon="113.9862727373659">
        <ele>148.61425304412842</ele>
        <time>1970-01-01T00:00:38Z</time>
      </trkpt>
      <trkpt lat="22.591570940898677" lon="113.98626960739774">
        <ele>148.29357033781707</ele>
        <time>1970-01-01T00:00:38.900000Z</time>
      </trkpt>
      <trkpt lat="22.591598448669114" lon="113.9862671896771">
        <ele>147.93884094897658</ele>
        <time>1970-01-01T00:00:40Z</time>
      </trkpt>
      <trkpt lat="22.59162614118408" lon="113.9862654567238">
        <ele>147.54622840229422</ele>
        <time>1970-01-01T00:00:41Z</time>
      </trkpt>
      <trkpt lat="22.591653820588384" lon="113.9862640997865">
        <ele>147.1024535978213</ele>
        <time>1970-01-01T00:00:42Z</time>
      </trkpt>
      <trkpt lat="22.591681151798536" lon="113.98626255105104">
        <ele>146.59367085341364</ele>
        <time>1970-01-01T00:00:43Z</time>
      </trkpt>
      <trkpt lat="22.591707825559656" lon="113.98625994031772">
        <ele>146.02855522930622</ele>
        <time>1970-01-01T00:00:44Z</time>
      </trkpt>
      <trkpt lat="22.591733608654778" lon="113.98625586990782">
        <ele>145.41632984485477</ele>
        <time>1970-01-01T00:00:45Z</time>
      </trkpt>
      <trkpt lat="22.591758609026993" lon="113.98625030051889">
        <ele>144.76263712346554</ele>
        <time>1970-01-01T00:00:46Z</time>
      </trkpt>
      <trkpt lat="22.591783138109452" lon="113.98624372857131">
        <ele>144.06805721111596</ele>
        <time>1970-01-01T00:00:47Z</time>
      </trkpt>
      <trkpt lat="22.59180738791077" lon="113.98623669625012">
        <ele>143.33517519850284</ele>
        <time>1970-01-01T00:00:48Z</time>
      </trkpt>
      <trkpt lat="22.59183134305791" lon="113.986228987479">
        <ele>142.56211961619556</ele>
        <time>1970-01-01T00:00:49Z</time>
      </trkpt>
      <trkpt lat="22.591855046767797" lon="113.98622051078593">
        <ele>141.74941568262875</ele>
        <time>1970-01-01T00:00:50Z</time>
      </trkpt>
      <trkpt lat="22.591878964285325" lon="113.98621256125902">
        <ele>140.8896217821166</ele>
        <time>1970-01-01T00:00:51Z</time>
      </trkpt>
      <trkpt lat="22.59190300243384" lon="113.98620478461697">
        <ele>139.9890789166093</ele>
        <time>1970-01-01T00:00:52Z</time>
      </trkpt>
      <trkpt lat="22.591926990259587" lon="113.9861962375604">
        <ele>139.0515565071255</ele>
        <time>1970-01-01T00:00:53Z</time>
      </trkpt>
      <trkpt lat="22.591951106688892" lon="113.98618824639512">
        <ele>138.0747530674562</ele>
        <time>1970-01-01T00:00:54Z</time>
      </trkpt>
      <trkpt lat="22.591975669196454" lon="113.9861816263494">
        <ele>137.05709144845605</ele>
        <time>1970-01-01T00:00:55Z</time>
      </trkpt>
      <trkpt lat="22.592000387682777" lon="113.98617612252804">
        <ele>136.00910978857428</ele>
        <time>1970-01-01T00:00:56Z</time>
      </trkpt>
      <trkpt lat="22.592025160108687" lon="113.98617122635834">
        <ele>134.92986298073083</ele>
        <time>1970-01-01T00:00:57Z</time>
      </trkpt>
      <trkpt lat="22.59204974871349" lon="113.986166700798">
        <ele>133.8172350106761</ele>
        <time>1970-01-01T00:00:57.900000Z</time>
      </trkpt>
      <trkpt lat="22.592073916966516" lon="113.98616146003984">
        <ele>132.67025253456086</ele>
        <time>1970-01-01T00:00:59Z</time>
      </trkpt>
      <trkpt lat="22.59209751318" lon="113.98615456455147">
        <ele>131.48875195067376</ele>
        <time>1970-01-01T00:01:00Z</time>
      </trkpt>
      <trkpt lat="22.592120485853926" lon="113.98614614687457">
        <ele>130.2736362675205</ele>
        <time>1970-01-01T00:01:01Z</time>
      </trkpt>
      <trkpt lat="22.59214268239258" lon="113.98613690292864">
        <ele>129.03299602027982</ele>
        <time>1970-01-01T00:01:01.900000Z</time>
      </trkpt>
      <trkpt lat="22.592164145102593" lon="113.98612714072488">
        <ele>127.76039135921746</ele>
        <time>1970-01-01T00:01:03Z</time>
      </trkpt>
      <trkpt lat="22.592185066236414" lon="113.98611697064254">
        <ele>126.46024124044925</ele>
        <time>1970-01-01T00:01:04Z</time>
      </trkpt>
      <trkpt lat="22.592205670005235" lon="113.98610731409082">
        <ele>125.13389810174704</ele>
        <time>1970-01-01T00:01:05Z</time>
      </trkpt>
      <trkpt lat="22.592225958881233" lon="113.98609882155125">
        <ele>123.78303486853838</ele>
        <time>1970-01-01T00:01:06Z</time>
      </trkpt>
      <trkpt lat="22.5922461451757" lon="113.9860921404309">
        <ele>122.4130753884092</ele>
        <time>1970-01-01T00:01:07Z</time>
      </trkpt>
      <trkpt lat="22.592266212377275" lon="113.98608719975319">
        <ele>121.02634011115879</ele>
        <time>1970-01-01T00:01:08Z</time>
      </trkpt>
      <trkpt lat="22.592285852844153" lon="113.98608337291859">
        <ele>119.61787260137498</ele>
        <time>1970-01-01T00:01:09Z</time>
      </trkpt>
      <trkpt lat="22.592305123659116" lon="113.9860813657606">
        <ele>118.20049488637596</ele>
        <time>1970-01-01T00:01:10Z</time>
      </trkpt>
      <trkpt lat="22.592324556165067" lon="113.98608075612944">
        <ele>116.76837322767824</ele>
        <time>1970-01-01T00:01:11Z</time>
      </trkpt>
      <trkpt lat="22.592344378325706" lon="113.98608022141079">
        <ele>115.33316922094673</ele>
        <time>1970-01-01T00:01:12Z</time>
      </trkpt>
      <trkpt lat="22.592364492489217" lon="113.98607839982878">
        <ele>113.88792535662651</ele>
        <time>1970-01-01T00:01:13Z</time>
      </trkpt>
      <trkpt lat="22.59238438081471" lon="113.986073964712">
        <ele>112.43750580586493</ele>
        <time>1970-01-01T00:01:14Z</time>
      </trkpt>
      <trkpt lat="22.59240401145286" lon="113.98606747178773">
        <ele>110.98669882211834</ele>
        <time>1970-01-01T00:01:15Z</time>
      </trkpt>
      <trkpt lat="22.592423983539696" lon="113.98605999302379">
        <ele>109.5307435002178</ele>
        <time>1970-01-01T00:01:16Z</time>
      </trkpt>
      <trkpt lat="22.592444442019485" lon="113.9860517677846">
        <ele>108.07268629223108</ele>
        <time>1970-01-01T00:01:17Z</time>
      </trkpt>
      <trkpt lat="22.592464824303715" lon="113.98604247911987">
        <ele>106.61416294798255</ele>
        <time>1970-01-01T00:01:18Z</time>
      </trkpt>
      <trkpt lat="22.5924846664653" lon="113.98603226545134">
        <ele>105.1537367971614</ele>
        <time>1970-01-01T00:01:19Z</time>
      </trkpt>
      <trkpt lat="22.592504087927527" lon="113.98602215071443">
        <ele>103.69603197742254</ele>
        <time>1970-01-01T00:01:20Z</time>
      </trkpt>
      <trkpt lat="22.592523679743593" lon="113.98601287569525">
        <ele>102.23637080192566</ele>
        <time>1970-01-01T00:01:21Z</time>
      </trkpt>
      <trkpt lat="22.592543951131237" lon="113.98600496917497">
        <ele>100.77319905161858</ele>
        <time>1970-01-01T00:01:22Z</time>
      </trkpt>
      <trkpt lat="22.592565222585428" lon="113.98599886745235">
        <ele>99.30619067978114</ele>
        <time>1970-01-01T00:01:23Z</time>
      </trkpt>
      <trkpt lat="22.592587247146135" lon="113.98599493511936">
        <ele>97.84207530971617</ele>
        <time>1970-01-01T00:01:24Z</time>
      </trkpt>
      <trkpt lat="22.592609951271445" lon="113.98599307850958">
        <ele>96.3755481177941</ele>
        <time>1970-01-01T00:01:25Z</time>
      </trkpt>
      <trkpt lat="22.592633340425646" lon="113.98599204309613">
        <ele>94.91165938321501</ele>
        <time>1970-01-01T00:01:26Z</time>
      </trkpt>
      <trkpt lat="22.592657349500346" lon="113.98599157056302">
        <ele>93.45343073550612</ele>
        <time>1970-01-01T00:01:27Z</time>
      </trkpt>
      <trkpt lat="22.592681790701548" lon="113.98599224476855">
        <ele>92.00286405533552</ele>
        <time>1970-01-01T00:01:28Z</time>
      </trkpt>
      <trkpt lat="22.592706734258908" lon="113.9859931899345">
        <ele>90.5588194206357</ele>
        <time>1970-01-01T00:01:29Z</time>
      </trkpt>
      <trkpt lat="22.592731954923746" lon="113.98599378088616">
        <ele>89.12868670746684</ele>
        <time>1970-01-01T00:01:30Z</time>
      </trkpt>
      <trkpt lat="22.59275736884597" lon="113.98599364111806">
        <ele>87.71233039349318</ele>
        <time>1970-01-01T00:01:30.900000Z</time>
      </trkpt>
      <trkpt lat="22.592782920825698" lon="113.98599252384541">
        <ele>86.3096900517121</ele>
        <time>1970-01-01T00:01:32Z</time>
      </trkpt>
      <trkpt lat="22.592808469889523" lon="113.9859909628643">
        <ele>84.93065123725682</ele>
        <time>1970-01-01T00:01:33Z</time>
      </trkpt>
      <trkpt lat="22.592833877747207" lon="113.98598861025259">
        <ele>83.57640282157809</ele>
        <time>1970-01-01T00:01:34Z</time>
      </trkpt>
      <trkpt lat="22.592859184810624" lon="113.98598489830749">
        <ele>82.24810254387558</ele>
        <time>1970-01-01T00:01:35Z</time>
      </trkpt>
      <trkpt lat="22.59288436578167" lon="113.98598020572449">
        <ele>80.94956046994776</ele>
        <time>1970-01-01T00:01:36Z</time>
      </trkpt>
      <trkpt lat="22.592909296549816" lon="113.98597484169377">
        <ele>79.68814564775676</ele>
        <time>1970-01-01T00:01:37Z</time>
      </trkpt>
      <trkpt lat="22.59293410157066" lon="113.98596862307883">
        <ele>78.45813770219684</ele>
        <time>1970-01-01T00:01:38Z</time>
      </trkpt>
      <trkpt lat="22.592958890022487" lon="113.98596142362">
        <ele>77.26585842948407</ele>
        <time>1970-01-01T00:01:39Z</time>
      </trkpt>
      <trkpt lat="22.59298372031426" lon="113.98595364758066">
        <ele>76.11049315519631</ele>
        <time>1970-01-01T00:01:40Z</time>
      </trkpt>
      <trkpt lat="22.593008794850515" lon="113.98594601481574">
        <ele>74.99305127095431</ele>
        <time>1970-01-01T00:01:41Z</time>
      </trkpt>
      <trkpt lat="22.59303400903172" lon="113.98593850273876">
        <ele>73.91557222045958</ele>
        <time>1970-01-01T00:01:42Z</time>
      </trkpt>
      <trkpt lat="22.59305935880941" lon="113.98593079409345">
        <ele>72.87308201380074</ele>
        <time>1970-01-01T00:01:43Z</time>
      </trkpt>
      <trkpt lat="22.59308468980848" lon="113.98592319030205">
        <ele>71.8722259607166</ele>
        <time>1970-01-01T00:01:44Z</time>
      </trkpt>
      <trkpt lat="22.593109875775678" lon="113.98591528504323">
        <ele>70.91045038122684</ele>
        <time>1970-01-01T00:01:45Z</time>
      </trkpt>
      <trkpt lat="22.593134908168004" lon="113.98590650813337">
        <ele>69.98383276537061</ele>
        <time>1970-01-01T00:01:46Z</time>
      </trkpt>
      <trkpt lat="22.593159933676038" lon="113.98589750618419">
        <ele>69.09309993032366</ele>
        <time>1970-01-01T00:01:47Z</time>
      </trkpt>
      <trkpt lat="22.593185101880696" lon="113.98588899401338">
        <ele>68.23473834712058</ele>
        <time>1970-01-01T00:01:48Z</time>
      </trkpt>
      <trkpt lat="22.593210329706345" lon="113.98588033997899">
        <ele>67.40847156289965</ele>
        <time>1970-01-01T00:01:49Z</time>
      </trkpt>
      <trkpt lat="22.593235486992608" lon="113.98587126406277">
        <ele>66.61402700934559</ele>
        <time>1970-01-01T00:01:50Z</time>
      </trkpt>
      <trkpt lat="22.593260411297567" lon="113.98586135117216">
        <ele>65.84820463508368</ele>
        <time>1970-01-01T00:01:51Z</time>
      </trkpt>
      <trkpt lat="22.593285043592445" lon="113.98585099422964">
        <ele>65.11168018728495</ele>
        <time>1970-01-01T00:01:52Z</time>
      </trkpt>
      <trkpt lat="22.593309630371127" lon="113.98584054162514">
        <ele>64.40455980692059</ele>
        <time>1970-01-01T00:01:53Z</time>
      </trkpt>
      <trkpt lat="22.593334226150237" lon="113.98582965347708">
        <ele>63.72415973525494</ele>
        <time>1970-01-01T00:01:54Z</time>
      </trkpt>
      <trkpt lat="22.59335889448944" lon="113.98581807382452">
        <ele>63.06695516593754</ele>
        <time>1970-01-01T00:01:55Z</time>
      </trkpt>
      <trkpt lat="22.593383561207858" lon="113.98580622777762">
        <ele>62.431298196315765</ele>
        <time>1970-01-01T00:01:56Z</time>
      </trkpt>
      <trkpt lat="22.593408167538552" lon="113.9857941320543">
        <ele>61.815469827502966</ele>
        <time>1970-01-01T00:01:57Z</time>
      </trkpt>
      <trkpt lat="22.593432597239183" lon="113.98578201149576">
        <ele>61.21885547880083</ele>
        <time>1970-01-01T00:01:57.900000Z</time>
      </trkpt>
      <trkpt lat="22.593457289300964" lon="113.98577072218389">
        <ele>60.63960404600948</ele>
        <time>1970-01-01T00:01:59Z</time>
      </trkpt>
      <trkpt lat="22.593482322057717" lon="113.98576046681741">
        <ele>60.071689335629344</ele>
        <time>1970-01-01T00:02:00Z</time>
      </trkpt>
      <trkpt lat="22.59350773477732" lon="113.98575106115234">
        <ele>59.516826269216835</ele>
        <time>1970-01-01T00:02:01Z</time>
      </trkpt>
      <trkpt lat="22.593533323334142" lon="113.98574241247229">
        <ele>58.97719683125615</ele>
        <time>1970-01-01T00:02:02Z</time>
      </trkpt>
      <trkpt lat="22.593558945325587" lon="113.98573460193128">
        <ele>58.444408369250596</ele>
        <time>1970-01-01T00:02:03Z</time>
      </trkpt>
      <trkpt lat="22.593584533136717" lon="113.98572779362536">
        <ele>57.92067669145763</ele>
        <time>1970-01-01T00:02:04Z</time>
      </trkpt>
      <trkpt lat="22.593610242832437" lon="113.9857219916048">
        <ele>57.40729423891753</ele>
        <time>1970-01-01T00:02:05Z</time>
      </trkpt>
      <trkpt lat="22.59363617778376" lon="113.98571666575108">
        <ele>56.90409548860043</ele>
        <time>1970-01-01T00:02:06Z</time>
      </trkpt>
      <trkpt lat="22.59366240083245" lon="113.98571099889664">
        <ele>56.40703923813999</ele>
        <time>1970-01-01T00:02:07Z</time>
      </trkpt>
      <trkpt lat="22.59368869352359" lon="113.98570436399358">
        <ele>55.9171224180609</ele>
        <time>1970-01-01T00:02:08Z</time>
      </trkpt>
      <trkpt lat="22.59371481087117" lon="113.98569701131859">
        <ele>55.435333454050124</ele>
        <time>1970-01-01T00:02:09Z</time>
      </trkpt>
      <trkpt lat="22.593740769912053" lon="113.98568965081462">
        <ele>54.95964498817921</ele>
        <time>1970-01-01T00:02:10Z</time>
      </trkpt>
      <trkpt lat="22.593766736902325" lon="113.98568236825282">
        <ele>54.48961162753403</ele>
        <time>1970-01-01T00:02:11Z</time>
      </trkpt>
      <trkpt lat="22.59379274643009" lon="113.98567519391104">
        <ele>54.02529582474381</ele>
        <time>1970-01-01T00:02:12Z</time>
      </trkpt>
      <trkpt lat="22.59381893482408" lon="113.9856679794444">
        <ele>53.56818281020969</ele>
        <time>1970-01-01T00:02:13Z</time>
      </trkpt>
      <trkpt lat="22.593845433001995" lon="113.9856603769874">
        <ele>53.11787083372474</ele>
        <time>1970-01-01T00:02:14Z</time>
      </trkpt>
      <trkpt lat="22.593872049627166" lon="113.9856525138126">
        <ele>52.67190719861537</ele>
        <time>1970-01-01T00:02:15Z</time>
      </trkpt>
      <trkpt lat="22.593898521741526" lon="113.98564437764973">
        <ele>52.23503443226218</ele>
        <time>1970-01-01T00:02:16Z</time>
      </trkpt>
      <trkpt lat="22.593924877109338" lon="113.98563627899644">
        <ele>51.80726829916239</ele>
        <time>1970-01-01T00:02:17Z</time>
      </trkpt>
      <trkpt lat="22.59395122246645" lon="113.98562844916101">
        <ele>51.38402914442122</ele>
        <time>1970-01-01T00:02:18Z</time>
      </trkpt>
      <trkpt lat="22.5939775049515" lon="113.98562088289644">
        <ele>50.96705230977386</ele>
        <time>1970-01-01T00:02:19Z</time>
      </trkpt>
      <trkpt lat="22.594003648560573" lon="113.98561321854517">
        <ele>50.55789836868644</ele>
        <time>1970-01-01T00:02:20Z</time>
      </trkpt>
      <trkpt lat="22.59402929023326" lon="113.98560425064063">
        <ele>50.157096549868584</ele>
        <time>1970-01-01T00:02:21Z</time>
      </trkpt>
      <trkpt lat="22.594054329131957" lon="113.98559345189823">
        <ele>49.76492772065103</ele>
        <time>1970-01-01T00:02:21.900000Z</time>
      </trkpt>
      <trkpt lat="22.59407934200775" lon="113.98558145033621">
        <ele>49.38214893452823</ele>
        <time>1970-01-01T00:02:23Z</time>
      </trkpt>
      <trkpt lat="22.594104714676874" lon="113.98556930644696">
        <ele>49.01054928265512</ele>
        <time>1970-01-01T00:02:24Z</time>
      </trkpt>
      <trkpt lat="22.594130637704588" lon="113.98555774745978">
        <ele>48.65172448474914</ele>
        <time>1970-01-01T00:02:25Z</time>
      </trkpt>
      <trkpt lat="22.594156876250093" lon="113.98554666951343">
        <ele>48.309924012981355</ele>
        <time>1970-01-01T00:02:26Z</time>
      </trkpt>
      <trkpt lat="22.594183128909368" lon="113.98553610183524">
        <ele>47.98096186108887</ele>
        <time>1970-01-01T00:02:27Z</time>
      </trkpt>
      <trkpt lat="22.594209123997715" lon="113.98552624642971">
        <ele>47.66929348278791</ele>
        <time>1970-01-01T00:02:28Z</time>
      </trkpt>
      <trkpt lat="22.594234781303893" lon="113.98551678500306">
        <ele>47.37224492803216</ele>
        <time>1970-01-01T00:02:29Z</time>
      </trkpt>
      <trkpt lat="22.594260031591645" lon="113.98550754887385">
        <ele>47.0920226695016</ele>
        <time>1970-01-01T00:02:30Z</time>
      </trkpt>
      <trkpt lat="22.59428494620516" lon="113.98549870019045">
        <ele>46.82468269672245</ele>
        <time>1970-01-01T00:02:31Z</time>
      </trkpt>
      <trkpt lat="22.59430975203663" lon="113.9854900057558">
        <ele>46.571239489130676</ele>
        <time>1970-01-01T00:02:32Z</time>
      </trkpt>
      <trkpt lat="22.594334577620746" lon="113.98548113224135">
        <ele>46.33056354243308</ele>
        <time>1970-01-01T00:02:33Z</time>
      </trkpt>
      <trkpt lat="22.594359296643795" lon="113.98547173977872">
        <ele>46.10219061560929</ele>
        <time>1970-01-01T00:02:34Z</time>
      </trkpt>
      <trkpt lat="22.59438411969759" lon="113.98546224970893">
        <ele>45.880241829901934</ele>
        <time>1970-01-01T00:02:35Z</time>
      </trkpt>
      <trkpt lat="22.594409311674557" lon="113.98545331177102">
        <ele>45.66519907210022</ele>
        <time>1970-01-01T00:02:36Z</time>
      </trkpt>
      <trkpt lat="22.594434934798716" lon="113.98544539124005">
        <ele>45.4547336101532</ele>
        <time>1970-01-01T00:02:37Z</time>
      </trkpt>
      <trkpt lat="22.594461049261604" lon="113.98543900799207">
        <ele>45.247143318876624</ele>
        <time>1970-01-01T00:02:38Z</time>
      </trkpt>
      <trkpt lat="22.59448763132793" lon="113.98543384393852">
        <ele>45.04263876657933</ele>
        <time>1970-01-01T00:02:39Z</time>
      </trkpt>
      <trkpt lat="22.594514345333504" lon="113.98542899247101">
        <ele>44.83890381641686</ele>
        <time>1970-01-01T00:02:40Z</time>
      </trkpt>
      <trkpt lat="22.594541197376415" lon="113.98542372808744">
        <ele>44.632427520118654</ele>
        <time>1970-01-01T00:02:41Z</time>
      </trkpt>
      <trkpt lat="22.594568092055606" lon="113.98541772655578">
        <ele>44.42164808418602</ele>
        <time>1970-01-01T00:02:42Z</time>
      </trkpt>
      <trkpt lat="22.594594898190778" lon="113.98541084030364">
        <ele>44.20247609447688</ele>
        <time>1970-01-01T00:02:43Z</time>
      </trkpt>
      <trkpt lat="22.59462124501275" lon="113.9854026176508">
        <ele>43.974829375743866</ele>
        <time>1970-01-01T00:02:44Z</time>
      </trkpt>
      <trkpt lat="22.59464713542833" lon="113.98539261058613">
        <ele>43.73642964102328</ele>
        <time>1970-01-01T00:02:45Z</time>
      </trkpt>
      <trkpt lat="22.594672835043383" lon="113.9853809220332">
        <ele>43.486717659048736</ele>
        <time>1970-01-01T00:02:45.900000Z</time>
      </trkpt>
      <trkpt lat="22.594698763963194" lon="113.98536769025532">
        <ele>43.22366498410702</ele>
        <time>1970-01-01T00:02:47Z</time>
      </trkpt>
      <trkpt lat="22.59472502302603" lon="113.98535382982611">
        <ele>42.945204332470894</ele>
        <time>1970-01-01T00:02:48Z</time>
      </trkpt>
      <trkpt lat="22.59475128451512" lon="113.98533945651108">
        <ele>42.65050025191158</ele>
        <time>1970-01-01T00:02:49Z</time>
      </trkpt>
      <trkpt lat="22.594777420629875" lon="113.98532461667908">
        <ele>42.33679670095444</ele>
        <time>1970-01-01T00:02:50Z</time>
      </trkpt>
      <trkpt lat="22.594803666890954" lon="113.98531030011948">
        <ele>42.00458263512701</ele>
        <time>1970-01-01T00:02:51Z</time>
      </trkpt>
      <trkpt lat="22.59483018529858" lon="113.9852969682867">
        <ele>41.65590803697705</ele>
        <time>1970-01-01T00:02:52Z</time>
      </trkpt>
      <trkpt lat="22.59485714644477" lon="113.98528478072538">
        <ele>41.28992467466742</ele>
        <time>1970-01-01T00:02:53Z</time>
      </trkpt>
      <trkpt lat="22.594884238778572" lon="113.9852746701426">
        <ele>40.90817942749709</ele>
        <time>1970-01-01T00:02:54Z</time>
      </trkpt>
      <trkpt lat="22.594910972516395" lon="113.98526641354125">
        <ele>40.51387492194772</ele>
        <time>1970-01-01T00:02:55Z</time>
      </trkpt>
      <trkpt lat="22.594937374621015" lon="113.98525895932612">
        <ele>40.108029699884355</ele>
        <time>1970-01-01T00:02:56Z</time>
      </trkpt>
      <trkpt lat="22.59496390992122" lon="113.98525194513869">
        <ele>39.692216102965176</ele>
        <time>1970-01-01T00:02:56.900000Z</time>
      </trkpt>
      <trkpt lat="22.594990412700934" lon="113.98524495572742">
        <ele>39.26718189474195</ele>
        <time>1970-01-01T00:02:58Z</time>
      </trkpt>
      <trkpt lat="22.59501621767333" lon="113.98523759547932">
        <ele>38.83719901368022</ele>
        <time>1970-01-01T00:02:59Z</time>
      </trkpt>
      <trkpt lat="22.595040993681987" lon="113.9852294782731">
        <ele>38.39992248080671</ele>
        <time>1970-01-01T00:03:00Z</time>
      </trkpt>
      <trkpt lat="22.595064212765497" lon="113.98521977743358">
        <ele>37.95994492247701</ele>
        <time>1970-01-01T00:03:01Z</time>
      </trkpt>
      <trkpt lat="22.595085501745913" lon="113.985207440755">
        <ele>37.52128206472844</ele>
        <time>1970-01-01T00:03:02Z</time>
      </trkpt>
      <trkpt lat="22.59510447310327" lon="113.9851916174495">
        <ele>37.0823710123077</ele>
        <time>1970-01-01T00:03:03Z</time>
      </trkpt>
      <trkpt lat="22.5951208582191" lon="113.98517274477963">
        <ele>36.645635176450014</ele>
        <time>1970-01-01T00:03:04Z</time>
      </trkpt>
      <trkpt lat="22.595134678089536" lon="113.98515212782827">
        <ele>36.21527786459774</ele>
        <time>1970-01-01T00:03:05Z</time>
      </trkpt>
      <trkpt lat="22.595146042723805" lon="113.98513033141775">
        <ele>35.791657601483166</ele>
        <time>1970-01-01T00:03:06Z</time>
      </trkpt>
      <trkpt lat="22.595154742214454" lon="113.98510782038176">
        <ele>35.37643573433161</ele>
        <time>1970-01-01T00:03:07Z</time>
      </trkpt>
      <trkpt lat="22.595159919750998" lon="113.98508466441261">
        <ele>34.971379144117236</ele>
        <time>1970-01-01T00:03:08Z</time>
      </trkpt>
      <trkpt lat="22.595161870067283" lon="113.985061460861">
        <ele>34.57694847043604</ele>
        <time>1970-01-01T00:03:09Z</time>
      </trkpt>
      <trkpt lat="22.595161336152195" lon="113.98503813411635">
        <ele>34.194566565565765</ele>
        <time>1970-01-01T00:03:10Z</time>
      </trkpt>
      <trkpt lat="22.595158995174156" lon="113.98501465701322">
        <ele>33.82418545894325</ele>
        <time>1970-01-01T00:03:11Z</time>
      </trkpt>
      <trkpt lat="22.59515593004084" lon="113.9849917482321">
        <ele>33.46612057648599</ele>
        <time>1970-01-01T00:03:12Z</time>
      </trkpt>
      <trkpt lat="22.59515207760742" lon="113.9849705754484">
        <ele>33.121155485510826</ele>
        <time>1970-01-01T00:03:13Z</time>
      </trkpt>
      <trkpt lat="22.595147299891472" lon="113.98495294392706">
        <ele>32.78924732003361</ele>
        <time>1970-01-01T00:03:14Z</time>
      </trkpt>
      <trkpt lat="22.595142659256723" lon="113.98494090962993">
        <ele>32.466935001313686</ele>
        <time>1970-01-01T00:03:15Z</time>
      </trkpt>
      <trkpt lat="22.595140752660026" lon="113.98493790142444">
        <ele>32.157299203798175</ele>
        <time>1970-01-01T00:03:16Z</time>
      </trkpt>
      <trkpt lat="22.595143025408095" lon="113.98494167504062">
        <ele>31.85842473153025</ele>
        <time>1970-01-01T00:03:17Z</time>
      </trkpt>
      <trkpt lat="22.595149154292248" lon="113.98494778036172">
        <ele>31.570259631611407</ele>
        <time>1970-01-01T00:03:18Z</time>
      </trkpt>
      <trkpt lat="22.595159751003134" lon="113.98495474953329">
        <ele>31.2933609187603</ele>
        <time>1970-01-01T00:03:18.900000Z</time>
      </trkpt>
      <trkpt lat="22.59517536954412" lon="113.9849596595139">
        <ele>31.02577561326325</ele>
        <time>1970-01-01T00:03:20Z</time>
      </trkpt>
      <trkpt lat="22.595194645375503" lon="113.98496048354565">
        <ele>30.768438507802784</ele>
        <time>1970-01-01T00:03:21Z</time>
      </trkpt>
      <trkpt lat="22.595215681373425" lon="113.98495740195783">
        <ele>30.522503775544465</ele>
        <time>1970-01-01T00:03:22Z</time>
      </trkpt>
      <trkpt lat="22.59523661095445" lon="113.98495012721017">
        <ele>30.288086300715804</ele>
        <time>1970-01-01T00:03:23Z</time>
      </trkpt>
      <trkpt lat="22.595255769896582" lon="113.98493786722943">
        <ele>30.06391152832657</ele>
        <time>1970-01-01T00:03:24Z</time>
      </trkpt>
      <trkpt lat="22.595272471447714" lon="113.98492135430425">
        <ele>29.85266536194831</ele>
        <time>1970-01-01T00:03:25Z</time>
      </trkpt>
      <trkpt lat="22.595286389490216" lon="113.98490174246756">
        <ele>29.652181052602828</ele>
        <time>1970-01-01T00:03:26Z</time>
      </trkpt>
      <trkpt lat="22.595296730849835" lon="113.98487952102653">
        <ele>29.46265819761902</ele>
        <time>1970-01-01T00:03:27Z</time>
      </trkpt>
      <trkpt lat="22.595304057044185" lon="113.98485566216965">
        <ele>29.284297421574593</ele>
        <time>1970-01-01T00:03:28Z</time>
      </trkpt>
      <trkpt lat="22.59530880403757" lon="113.98483093009898">
        <ele>29.11696207150817</ele>
        <time>1970-01-01T00:03:29Z</time>
      </trkpt>
      <trkpt lat="22.59531018025985" lon="113.98480573660272">
        <ele>28.959599528461695</ele>
        <time>1970-01-01T00:03:30Z</time>
      </trkpt>
      <trkpt lat="22.595308801160442" lon="113.98478013843223">
        <ele>28.81117115262896</ele>
        <time>1970-01-01T00:03:31Z</time>
      </trkpt>
      <trkpt lat="22.595305621707066" lon="113.98475428293773">
        <ele>28.667908213101327</ele>
        <time>1970-01-01T00:03:32Z</time>
      </trkpt>
      <trkpt lat="22.595300849797624" lon="113.98472849613361">
        <ele>28.534764829091728</ele>
        <time>1970-01-01T00:03:33Z</time>
      </trkpt>
      <trkpt lat="22.595295117729336" lon="113.98470292927826">
        <ele>28.40896230377257</ele>
        <time>1970-01-01T00:03:34Z</time>
      </trkpt>
      <trkpt lat="22.595288582970188" lon="113.98467763375922">
        <ele>28.28698734100908</ele>
        <time>1970-01-01T00:03:35Z</time>
      </trkpt>
      <trkpt lat="22.595281265666657" lon="113.98465253110723">
        <ele>28.173932598903775</ele>
        <time>1970-01-01T00:03:36Z</time>
      </trkpt>
      <trkpt lat="22.595274478834916" lon="113.98462708600862">
        <ele>28.066323447041214</ele>
        <time>1970-01-01T00:03:37Z</time>
      </trkpt>
      <trkpt lat="22.595269243638356" lon="113.98460109852046">
        <ele>27.9614649573341</ele>
        <time>1970-01-01T00:03:38Z</time>
      </trkpt>
      <trkpt lat="22.595265659673714" lon="113.98457463608275">
        <ele>27.861077496781945</ele>
        <time>1970-01-01T00:03:39Z</time>
      </trkpt>
      <trkpt lat="22.595263054457657" lon="113.98454775422002">
        <ele>27.76220638677478</ele>
        <time>1970-01-01T00:03:40Z</time>
      </trkpt>
      <trkpt lat="22.59526014644132" lon="113.98452076405319">
        <ele>27.666179040446877</ele>
        <time>1970-01-01T00:03:40.900000Z</time>
      </trkpt>
      <trkpt lat="22.59525670203686" lon="113.9844937359755">
        <ele>27.572950578294694</ele>
        <time>1970-01-01T00:03:42Z</time>
      </trkpt>
      <trkpt lat="22.59525298954293" lon="113.98446706027525">
        <ele>27.481797529384494</ele>
        <time>1970-01-01T00:03:43Z</time>
      </trkpt>
      <trkpt lat="22.59524853484851" lon="113.9844408383604">
        <ele>27.394110686145723</ele>
        <time>1970-01-01T00:03:44Z</time>
      </trkpt>
      <trkpt lat="22.595242943038976" lon="113.98441495882982">
        <ele>27.307153127156198</ele>
        <time>1970-01-01T00:03:45Z</time>
      </trkpt>
      <trkpt lat="22.595236297168732" lon="113.98438935076256">
        <ele>27.220759952440858</ele>
        <time>1970-01-01T00:03:46Z</time>
      </trkpt>
      <trkpt lat="22.59522886735887" lon="113.98436369284042">
        <ele>27.133894517086446</ele>
        <time>1970-01-01T00:03:47Z</time>
      </trkpt>
      <trkpt lat="22.595220707971936" lon="113.98433782791166">
        <ele>27.047012412920594</ele>
        <time>1970-01-01T00:03:48Z</time>
      </trkpt>
      <trkpt lat="22.59521219946742" lon="113.98431185405117">
        <ele>26.959267114289105</ele>
        <time>1970-01-01T00:03:49Z</time>
      </trkpt>
      <trkpt lat="22.595203868433043" lon="113.9842858384934">
        <ele>26.87032889481634</ele>
        <time>1970-01-01T00:03:50Z</time>
      </trkpt>
      <trkpt lat="22.59519578564677" lon="113.984259809403">
        <ele>26.78016119170934</ele>
        <time>1970-01-01T00:03:51Z</time>
      </trkpt>
      <trkpt lat="22.595187966921745" lon="113.98423394441102">
        <ele>26.688850703649223</ele>
        <time>1970-01-01T00:03:52Z</time>
      </trkpt>
      <trkpt lat="22.59518040405495" lon="113.98420818627648">
        <ele>26.59600323345512</ele>
        <time>1970-01-01T00:03:53Z</time>
      </trkpt>
      <trkpt lat="22.59517304568661" lon="113.98418248353542">
        <ele>26.50137256272137</ele>
        <time>1970-01-01T00:03:54Z</time>
      </trkpt>
      <trkpt lat="22.59516550292666" lon="113.9841566878656">
        <ele>26.404836026020348</ele>
        <time>1970-01-01T00:03:55Z</time>
      </trkpt>
      <trkpt lat="22.595157216608172" lon="113.98413107953577">
        <ele>26.305305893532932</ele>
        <time>1970-01-01T00:03:56Z</time>
      </trkpt>
      <trkpt lat="22.595147409480848" lon="113.98410628570281">
        <ele>26.202209156937897</ele>
        <time>1970-01-01T00:03:56.900000Z</time>
      </trkpt>
      <trkpt lat="22.59513582511735" lon="113.98408243086892">
        <ele>26.09523030370474</ele>
        <time>1970-01-01T00:03:58Z</time>
      </trkpt>
      <trkpt lat="22.595123612339275" lon="113.98405882616038">
        <ele>25.984837849624455</ele>
        <time>1970-01-01T00:03:59Z</time>
      </trkpt>
      <trkpt lat="22.59511108863018" lon="113.9840351733091">
        <ele>25.86973148584366</ele>
        <time>1970-01-01T00:04:00Z</time>
      </trkpt>
      <trkpt lat="22.595098301219103" lon="113.9840117419224">
        <ele>25.74965489655733</ele>
        <time>1970-01-01T00:04:01Z</time>
      </trkpt>
      <trkpt lat="22.59508547412078" lon="113.98398849298657">
        <ele>25.62467063497752</ele>
        <time>1970-01-01T00:04:02Z</time>
      </trkpt>
      <trkpt lat="22.59507221675895" lon="113.98396579436029">
        <ele>25.493864100426435</ele>
        <time>1970-01-01T00:04:03Z</time>
      </trkpt>
      <trkpt lat="22.59505907646402" lon="113.98394311344852">
        <ele>25.35794588457793</ele>
        <time>1970-01-01T00:04:03.900000Z</time>
      </trkpt>
      <trkpt lat="22.59504628926647" lon="113.98391987190337">
        <ele>25.21653140336275</ele>
        <time>1970-01-01T00:04:05Z</time>
      </trkpt>
      <trkpt lat="22.595033909590274" lon="113.9838965072642">
        <ele>25.070102773606777</ele>
        <time>1970-01-01T00:04:06Z</time>
      </trkpt>
      <trkpt lat="22.5950223679566" lon="113.98387301683447">
        <ele>24.91945386119187</ele>
        <time>1970-01-01T00:04:07Z</time>
      </trkpt>
      <trkpt lat="22.595012921169374" lon="113.98384928816037">
        <ele>24.765537650324404</ele>
        <time>1970-01-01T00:04:08Z</time>
      </trkpt>
      <trkpt lat="22.595007146140375" lon="113.98382498328577">
        <ele>24.60902083478868</ele>
        <time>1970-01-01T00:04:09Z</time>
      </trkpt>
      <trkpt lat="22.595005003533533" lon="113.98380033493068">
        <ele>24.451138366945088</ele>
        <time>1970-01-01T00:04:10Z</time>
      </trkpt>
      <trkpt lat="22.595006531554418" lon="113.9837762293664">
        <ele>24.29218882136047</ele>
        <time>1970-01-01T00:04:11Z</time>
      </trkpt>
      <trkpt lat="22.595013012331652" lon="113.98375385225638">
        <ele>24.132319941185415</ele>
        <time>1970-01-01T00:04:12Z</time>
      </trkpt>
      <trkpt lat="22.595024780457386" lon="113.98373472956965">
        <ele>23.97290290798992</ele>
        <time>1970-01-01T00:04:12.900000Z</time>
      </trkpt>
      <trkpt lat="22.595040824406123" lon="113.98371993015105">
        <ele>23.815291887149215</ele>
        <time>1970-01-01T00:04:14Z</time>
      </trkpt>
      <trkpt lat="22.595060070214792" lon="113.98371059567728">
        <ele>23.660062222741544</ele>
        <time>1970-01-01T00:04:15Z</time>
      </trkpt>
      <trkpt lat="22.59508158484705" lon="113.98370754949343">
        <ele>23.505036318674684</ele>
        <time>1970-01-01T00:04:16Z</time>
      </trkpt>
      <trkpt lat="22.595104036308726" lon="113.983710322819">
        <ele>23.355380898341537</ele>
        <time>1970-01-01T00:04:17Z</time>
      </trkpt>
      <trkpt lat="22.59512671997274" lon="113.98371724432302">
        <ele>23.207896535284817</ele>
        <time>1970-01-01T00:04:18Z</time>
      </trkpt>
      <trkpt lat="22.595149423314236" lon="113.98372707886062">
        <ele>23.06496451422572</ele>
        <time>1970-01-01T00:04:19Z</time>
      </trkpt>
      <trkpt lat="22.59517188958099" lon="113.98373929564929">
        <ele>22.927910966798663</ele>
        <time>1970-01-01T00:04:20Z</time>
      </trkpt>
      <trkpt lat="22.595194136697945" lon="113.98375353354248">
        <ele>22.795132315717638</ele>
        <time>1970-01-01T00:04:21Z</time>
      </trkpt>
      <trkpt lat="22.59521609547784" lon="113.98376952786126">
        <ele>22.66768999490887</ele>
        <time>1970-01-01T00:04:22Z</time>
      </trkpt>
      <trkpt lat="22.595237854559187" lon="113.98378677771184">
        <ele>22.546362027525902</ele>
        <time>1970-01-01T00:04:23Z</time>
      </trkpt>
      <trkpt lat="22.595259791710884" lon="113.98380444802152">
        <ele>22.4314444931224</ele>
        <time>1970-01-01T00:04:23.900000Z</time>
      </trkpt>
      <trkpt lat="22.595282333767305" lon="113.98382182258733">
        <ele>22.32357362192124</ele>
        <time>1970-01-01T00:04:25Z</time>
      </trkpt>
      <trkpt lat="22.595305401334645" lon="113.98383872444327">
        <ele>22.22512014210224</ele>
        <time>1970-01-01T00:04:26Z</time>
      </trkpt>
      <trkpt lat="22.59532873394693" lon="113.98385537631594">
        <ele>22.136357279494405</ele>
        <time>1970-01-01T00:04:27Z</time>
      </trkpt>
      <trkpt lat="22.595352202423335" lon="113.98387166047107">
        <ele>22.058784688822925</ele>
        <time>1970-01-01T00:04:28Z</time>
      </trkpt>
      <trkpt lat="22.59537581766325" lon="113.9838876611578">
        <ele>21.99386871419847</ele>
        <time>1970-01-01T00:04:29Z</time>
      </trkpt>
      <trkpt lat="22.595399542637587" lon="113.98390395203623">
        <ele>21.94214754831046</ele>
        <time>1970-01-01T00:04:30Z</time>
      </trkpt>
      <trkpt lat="22.59542325028803" lon="113.98392108612177">
        <ele>21.90528389904648</ele>
        <time>1970-01-01T00:04:31Z</time>
      </trkpt>
      <trkpt lat="22.595446303403385" lon="113.98393972128011">
        <ele>21.882691599428654</ele>
        <time>1970-01-01T00:04:31.900000Z</time>
      </trkpt>
      <trkpt lat="22.59546799464354" lon="113.98396034653106">
        <ele>21.874230950139463</ele>
        <time>1970-01-01T00:04:33Z</time>
      </trkpt>
      <trkpt lat="22.595487862022313" lon="113.98398273609848">
        <ele>21.878560817800462</ele>
        <time>1970-01-01T00:04:34Z</time>
      </trkpt>
      <trkpt lat="22.59550606312517" lon="113.98400655068637">
        <ele>21.89374255388975</ele>
        <time>1970-01-01T00:04:35Z</time>
      </trkpt>
      <trkpt lat="22.595521967625707" lon="113.98403152064532">
        <ele>21.917466836981475</ele>
        <time>1970-01-01T00:04:36Z</time>
      </trkpt>
      <trkpt lat="22.595535460971576" lon="113.98405757589043">
        <ele>21.94768080022186</ele>
        <time>1970-01-01T00:04:37Z</time>
      </trkpt>
      <trkpt lat="22.595546474668943" lon="113.98408458653492">
        <ele>21.9825478233397</ele>
        <time>1970-01-01T00:04:38Z</time>
      </trkpt>
      <trkpt lat="22.595555270924343" lon="113.98411228013795">
        <ele>22.01979143731296</ele>
        <time>1970-01-01T00:04:38.900000Z</time>
      </trkpt>
      <trkpt lat="22.595563556833326" lon="113.98414003009789">
        <ele>22.058152065612376</ele>
        <time>1970-01-01T00:04:39.900000Z</time>
      </trkpt>
      <trkpt lat="22.595572119129947" lon="113.98416781429523">
        <ele>22.096280727535486</ele>
        <time>1970-01-01T00:04:41Z</time>
      </trkpt>
      <trkpt lat="22.595581590848532" lon="113.98419550007496">
        <ele>22.132511215284467</ele>
        <time>1970-01-01T00:04:41.900000Z</time>
      </trkpt>
      <trkpt lat="22.595592549011265" lon="113.9842226954155">
        <ele>22.165008695796132</ele>
        <time>1970-01-01T00:04:43Z</time>
      </trkpt>
      <trkpt lat="22.59560361520818" lon="113.98424968216193">
        <ele>22.19294384866953</ele>
        <time>1970-01-01T00:04:44Z</time>
      </trkpt>
      <trkpt lat="22.59561455082477" lon="113.98427631735102">
        <ele>22.21553996950388</ele>
        <time>1970-01-01T00:04:45Z</time>
      </trkpt>
      <trkpt lat="22.59562684148781" lon="113.98430208134992">
        <ele>22.230782940983772</ele>
        <time>1970-01-01T00:04:46Z</time>
      </trkpt>
      <trkpt lat="22.595640511700278" lon="113.98432754529983">
        <ele>22.23949400614947</ele>
        <time>1970-01-01T00:04:47Z</time>
      </trkpt>
      <trkpt lat="22.59565458044233" lon="113.98435352630038">
        <ele>22.241181538440287</ele>
        <time>1970-01-01T00:04:48Z</time>
      </trkpt>
      <trkpt lat="22.595668192623915" lon="113.9843804108513">
        <ele>22.23555452656001</ele>
        <time>1970-01-01T00:04:49Z</time>
      </trkpt>
      <trkpt lat="22.595681164063258" lon="113.98440784342594">
        <ele>22.222604855895042</ele>
        <time>1970-01-01T00:04:50Z</time>
      </trkpt>
      <trkpt lat="22.59569382302213" lon="113.98443545259673">
        <ele>22.20086698886007</ele>
        <time>1970-01-01T00:04:51Z</time>
      </trkpt>
      <trkpt lat="22.595705828396675" lon="113.98446311503966">
        <ele>22.169615344144404</ele>
        <time>1970-01-01T00:04:52Z</time>
      </trkpt>
      <trkpt lat="22.59571729714061" lon="113.98449049653864">
        <ele>22.13021391723305</ele>
        <time>1970-01-01T00:04:53Z</time>
      </trkpt>
      <trkpt lat="22.595728297129995" lon="113.984517841185">
        <ele>22.082753855735064</ele>
        <time>1970-01-01T00:04:54Z</time>
      </trkpt>
      <trkpt lat="22.595738495644433" lon="113.98454540610098">
        <ele>22.027675804682076</ele>
        <time>1970-01-01T00:04:55Z</time>
      </trkpt>
      <trkpt lat="22.59574805031386" lon="113.98457293621696">
        <ele>21.965954926796257</ele>
        <time>1970-01-01T00:04:55.900000Z</time>
      </trkpt>
      <trkpt lat="22.595756552962925" lon="113.98460045140891">
        <ele>21.89837956801057</ele>
        <time>1970-01-01T00:04:57Z</time>
      </trkpt>
      <trkpt lat="22.59576365176069" lon="113.98462824156012">
        <ele>21.824521365575492</ele>
        <time>1970-01-01T00:04:58Z</time>
      </trkpt>
      <trkpt lat="22.595769460400614" lon="113.98465638941381">
        <ele>21.745028647594154</ele>
        <time>1970-01-01T00:04:59Z</time>
      </trkpt>
      <trkpt lat="22.59577397999329" lon="113.98468484437262">
        <ele>21.65987684763968</ele>
        <time>1970-01-01T00:05:00Z</time>
      </trkpt>
      <trkpt lat="22.59577741887385" lon="113.98471377428487">
        <ele>21.5685220612213</ele>
        <time>1970-01-01T00:05:01Z</time>
      </trkpt>
      <trkpt lat="22.595780833546645" lon="113.98474308001796">
        <ele>21.470993911847472</ele>
        <time>1970-01-01T00:05:02Z</time>
      </trkpt>
      <trkpt lat="22.595784700580953" lon="113.9847724314998">
        <ele>21.367160135880113</ele>
        <time>1970-01-01T00:05:03Z</time>
      </trkpt>
      <trkpt lat="22.595789962661748" lon="113.98480144714091">
        <ele>21.256886636838317</ele>
        <time>1970-01-01T00:05:04Z</time>
      </trkpt>
      <trkpt lat="22.59579780369603" lon="113.98482990285369">
        <ele>21.140292970463634</ele>
        <time>1970-01-01T00:05:05Z</time>
      </trkpt>
      <trkpt lat="22.595807543994226" lon="113.9848581468444">
        <ele>21.01775445509702</ele>
        <time>1970-01-01T00:05:05.900000Z</time>
      </trkpt>
      <trkpt lat="22.595818150987814" lon="113.98488693850891">
        <ele>20.89006572496146</ele>
        <time>1970-01-01T00:05:07Z</time>
      </trkpt>
      <trkpt lat="22.59582882213205" lon="113.98491603225736">
        <ele>20.75696273520589</ele>
        <time>1970-01-01T00:05:08Z</time>
      </trkpt>
      <trkpt lat="22.595839073920104" lon="113.98494500718455">
        <ele>20.6196297314018</ele>
        <time>1970-01-01T00:05:09Z</time>
      </trkpt>
      <trkpt lat="22.595848432925937" lon="113.98497370489085">
        <ele>20.480122902430594</ele>
        <time>1970-01-01T00:05:10Z</time>
      </trkpt>
      <trkpt lat="22.595856857399294" lon="113.98500220273803">
        <ele>20.339363268576562</ele>
        <time>1970-01-01T00:05:11Z</time>
      </trkpt>
      <trkpt lat="22.59586444367231" lon="113.98503093371454">
        <ele>20.19902127608657</ele>
        <time>1970-01-01T00:05:12Z</time>
      </trkpt>
      <trkpt lat="22.5958711663949" lon="113.98506008291668">
        <ele>20.060781846754253</ele>
        <time>1970-01-01T00:05:13Z</time>
      </trkpt>
      <trkpt lat="22.595876914719405" lon="113.98508964767022">
        <ele>19.925925127230585</ele>
        <time>1970-01-01T00:05:14Z</time>
      </trkpt>
      <trkpt lat="22.595881636145858" lon="113.98511960698762">
        <ele>19.798170016147196</ele>
        <time>1970-01-01T00:05:14.900000Z</time>
      </trkpt>
      <trkpt lat="22.59588558299246" lon="113.98514974905892">
        <ele>19.678808740340173</ele>
        <time>1970-01-01T00:05:15.900000Z</time>
      </trkpt>
      <trkpt lat="22.595889404812123" lon="113.98517976343787">
        <ele>19.564551930874586</ele>
        <time>1970-01-01T00:05:17Z</time>
      </trkpt>
      <trkpt lat="22.595893384738176" lon="113.98520947094573">
        <ele>19.45890463422984</ele>
        <time>1970-01-01T00:05:18Z</time>
      </trkpt>
      <trkpt lat="22.595897190249" lon="113.9852391042173">
        <ele>19.36201586201787</ele>
        <time>1970-01-01T00:05:19Z</time>
      </trkpt>
      <trkpt lat="22.59590158109473" lon="113.98526863811806">
        <ele>19.273831790313125</ele>
        <time>1970-01-01T00:05:20Z</time>
      </trkpt>
      <trkpt lat="22.595905961800433" lon="113.98529808640912">
        <ele>19.199557602405548</ele>
        <time>1970-01-01T00:05:20.900000Z</time>
      </trkpt>
      <trkpt lat="22.595909639396595" lon="113.98532764922965">
        <ele>19.138697233982384</ele>
        <time>1970-01-01T00:05:21.900000Z</time>
      </trkpt>
      <trkpt lat="22.59591324002013" lon="113.98535726014451">
        <ele>19.091802805662155</ele>
        <time>1970-01-01T00:05:23Z</time>
      </trkpt>
      <trkpt lat="22.595915733204436" lon="113.98538681117259">
        <ele>19.060098336078227</ele>
        <time>1970-01-01T00:05:24Z</time>
      </trkpt>
      <trkpt lat="22.59591644663815" lon="113.98541627426872">
        <ele>19.04391586408019</ele>
        <time>1970-01-01T00:05:25Z</time>
      </trkpt>
      <trkpt lat="22.59591469224767" lon="113.98544524093636">
        <ele>19.042696800082922</ele>
        <time>1970-01-01T00:05:26Z</time>
      </trkpt>
      <trkpt lat="22.595909830422727" lon="113.9854735350731">
        <ele>19.05584151763469</ele>
        <time>1970-01-01T00:05:27Z</time>
      </trkpt>
      <trkpt lat="22.595902391098686" lon="113.98550105591522">
        <ele>19.08280332200229</ele>
        <time>1970-01-01T00:05:28Z</time>
      </trkpt>
      <trkpt lat="22.595892768719022" lon="113.98552786717589">
        <ele>19.122816956602037</ele>
        <time>1970-01-01T00:05:29Z</time>
      </trkpt>
      <trkpt lat="22.595881295154005" lon="113.98555389588175">
        <ele>19.17386793345213</ele>
        <time>1970-01-01T00:05:30Z</time>
      </trkpt>
      <trkpt lat="22.595868897655187" lon="113.9855792421314">
        <ele>19.234740221872926</ele>
        <time>1970-01-01T00:05:31Z</time>
      </trkpt>
      <trkpt lat="22.595856998064622" lon="113.98560410382417">
        <ele>19.30390934459865</ele>
        <time>1970-01-01T00:05:32Z</time>
      </trkpt>
      <trkpt lat="22.595847104675215" lon="113.98562838574071">
        <ele>19.379346701316535</ele>
        <time>1970-01-01T00:05:33Z</time>
      </trkpt>
      <trkpt lat="22.59584009443412" lon="113.98565077651523">
        <ele>19.460119632072747</ele>
        <time>1970-01-01T00:05:34Z</time>
      </trkpt>
      <trkpt lat="22.59583720560009" lon="113.98566893659626">
        <ele>19.544174507260323</ele>
        <time>1970-01-01T00:05:34.900000Z</time>
      </trkpt>
      <trkpt lat="22.595840238438743" lon="113.98567927103788">
        <ele>19.630545100197196</ele>
        <time>1970-01-01T00:05:36Z</time>
      </trkpt>
      <trkpt lat="22.595846470402293" lon="113.98567708410472">
        <ele>19.71788117941469</ele>
        <time>1970-01-01T00:05:37Z</time>
      </trkpt>
      <trkpt lat="22.595851664342355" lon="113.98566383315537">
        <ele>19.804491856135428</ele>
        <time>1970-01-01T00:05:38Z</time>
      </trkpt>
      <trkpt lat="22.5958558278437" lon="113.98564474880072">
        <ele>19.888470692560077</ele>
        <time>1970-01-01T00:05:38.900000Z</time>
      </trkpt>
      <trkpt lat="22.595860505604374" lon="113.98562198139578">
        <ele>19.969481417909265</ele>
        <time>1970-01-01T00:05:40Z</time>
      </trkpt>
      <trkpt lat="22.59586598083112" lon="113.98559647925765">
        <ele>20.045430553145707</ele>
        <time>1970-01-01T00:05:41Z</time>
      </trkpt>
      <trkpt lat="22.595871771440056" lon="113.98556905193269">
        <ele>20.115913407877088</ele>
        <time>1970-01-01T00:05:42Z</time>
      </trkpt>
      <trkpt lat="22.595877097095805" lon="113.98554065012544">
        <ele>20.18099285569042</ele>
        <time>1970-01-01T00:05:43Z</time>
      </trkpt>
      <trkpt lat="22.59588170870311" lon="113.98551199601027">
        <ele>20.240691400133073</ele>
        <time>1970-01-01T00:05:44Z</time>
      </trkpt>
      <trkpt lat="22.595885795969863" lon="113.98548345532403">
        <ele>20.294975612312555</ele>
        <time>1970-01-01T00:05:45Z</time>
      </trkpt>
      <trkpt lat="22.59588918137603" lon="113.98545489132854">
        <ele>20.344847302883863</ele>
        <time>1970-01-01T00:05:46Z</time>
      </trkpt>
      <trkpt lat="22.59589172267177" lon="113.9854261555484">
        <ele>20.39035171084106</ele>
        <time>1970-01-01T00:05:47Z</time>
      </trkpt>
      <trkpt lat="22.59589313201159" lon="113.98539743148312">
        <ele>20.432127438485622</ele>
        <time>1970-01-01T00:05:48Z</time>
      </trkpt>
      <trkpt lat="22.59589322916711" lon="113.98536862165196">
        <ele>20.470978355035186</ele>
        <time>1970-01-01T00:05:49Z</time>
      </trkpt>
      <trkpt lat="22.595891950126255" lon="113.98533990432918">
        <ele>20.507133536040783</ele>
        <time>1970-01-01T00:05:50Z</time>
      </trkpt>
      <trkpt lat="22.59588975072529" lon="113.98531121289777">
        <ele>20.542185623198748</ele>
        <time>1970-01-01T00:05:50.900000Z</time>
      </trkpt>
      <trkpt lat="22.595886942095266" lon="113.98528240023936">
        <ele>20.575776582583785</ele>
        <time>1970-01-01T00:05:52Z</time>
      </trkpt>
      <trkpt lat="22.59588328540999" lon="113.98525355056765">
        <ele>20.609386440366507</ele>
        <time>1970-01-01T00:05:53Z</time>
      </trkpt>
      <trkpt lat="22.595879300510706" lon="113.98522479088948">
        <ele>20.6432365514338</ele>
        <time>1970-01-01T00:05:54Z</time>
      </trkpt>
      <trkpt lat="22.5958751935928" lon="113.98519613277111">
        <ele>20.67836140934378</ele>
        <time>1970-01-01T00:05:55Z</time>
      </trkpt>
      <trkpt lat="22.595870095659134" lon="113.98516785897453">
        <ele>20.715789407491684</ele>
        <time>1970-01-01T00:05:56Z</time>
      </trkpt>
      <trkpt lat="22.59586399857378" lon="113.98514007339134">
        <ele>20.755690068937838</ele>
        <time>1970-01-01T00:05:56.900000Z</time>
      </trkpt>
      <trkpt lat="22.59585836006266" lon="113.98511238292078">
        <ele>20.79848855175078</ele>
        <time>1970-01-01T00:05:57.900000Z</time>
        <extensions>
          <gpxtpx:TrackPointExtension>
            <gpxtpx:hr>168</gpxtpx:hr>
          </gpxtpx:TrackPointExtension>
        </extensions>
      </trkpt>
      <trkpt lat="22.595854655771685" lon="113.98508441230238">
        <ele>20.845647741109133</ele>
        <time>1970-01-01T00:05:59Z</time>
        <extensions>
          <gpxtpx:TrackPointExtension>
            <gpxtpx:hr>168</gpxtpx:hr>
          </gpxtpx:TrackPointExtension>
        </extensions>
      </trkpt>
      <trkpt lat="22.595853430674453" lon="113.98505674386658">
        <ele>20.896893312223256</ele>
        <time>1970-01-01T00:06:00Z</time>
        <extensions>
          <gpxtpx:TrackPointExtension>
            <gpxtpx:hr>168</gpxtpx:hr>
          </gpxtpx:TrackPointExtension>
        </extensions>
      </trkpt>
      <trkpt lat="22.595850766684656" lon="113.98502936136727">
        <ele>20.954010428860784</ele>
        <time>1970-01-01T00:06:01Z</time>
        <extensions>
          <gpxtpx:TrackPointExtension>
            <gpxtpx:hr>168</gpxtpx:hr>
          </gpxtpx:TrackPointExtension>
        </extensions>
      </trkpt>
      <trkpt lat="22.59584387434316" lon="113.98500182589423">
        <ele>21.01588616706431</ele>
        <time>1970-01-01T00:06:02Z</time>
        <extensions>
          <gpxtpx:TrackPointExtension>
            <gpxtpx:hr>168</gpxtpx:hr>
          </gpxtpx:TrackPointExtension>
        </extensions>
      </trkpt>
      <trkpt lat="22.59583461248279" lon="113.98497413075967">
        <ele>21.0821924675256</ele>
        <time>1970-01-01T00:06:03Z</time>
        <extensions>
          <gpxtpx:TrackPointExtension>
            <gpxtpx:hr>168</gpxtpx:hr>
          </gpxtpx:TrackPointExtension>
        </extensions>
      </trkpt>
      <trkpt lat="22.59582472183335" lon="113.9849465708068">
        <ele>21.153132162988186</ele>
        <time>1970-01-01T00:06:04Z</time>
        <extensions>
          <gpxtpx:TrackPointExtension>
            <gpxtpx:hr>168</gpxtpx:hr>
          </gpxtpx:TrackPointExtension>
        </extensions>
      </trkpt>
      <trkpt lat="22.595815281535724" lon="113.98491948132651">
        <ele>21.226069097407162</ele>
        <time>1970-01-01T00:06:05Z</time>
        <extensions>
          <gpxtpx:TrackPointExtension>
            <gpxtpx:hr>168</gpxtpx:hr>
          </gpxtpx:TrackPointExtension>
        </extensions>
      </trkpt>
      <trkpt lat="22.59580635077355" lon="113.98489262597096">
        <ele>21.29886734765023</ele>
        <time>1970-01-01T00:06:06Z</time>
        <extensions>
          <gpxtpx:TrackPointExtension>
            <gpxtpx:hr>168</gpxtpx:hr>
          </gpxtpx:TrackPointExtension>
        </extensions>
      </trkpt>
      <trkpt lat="22.595797834374338" lon="113.98486475946464">
        <ele>21.37271456141025</ele>
        <time>1970-01-01T00:06:07Z</time>
        <extensions>
          <gpxtpx:TrackPointExtension>
            <gpxtpx:hr>168</gpxtpx:hr>
          </gpxtpx:TrackPointExtension>
        </extensions>
      </trkpt>
      <trkpt lat="22.595789656567224" lon="113.98483550575398">
        <ele>21.446130132302642</ele>
        <time>1970-01-01T00:06:08Z</time>
        <extensions>
          <gpxtpx:TrackPointExtension>
            <gpxtpx:hr>168</gpxtpx:hr>
          </gpxtpx:TrackPointExtension>
        </extensions>
      </trkpt>
      <trkpt lat="22.595781949938516" lon="113.98480529654763">
        <ele>21.524189156480134</ele>
        <time>1970-01-01T00:06:09Z</time>
        <extensions>
          <gpxtpx:TrackPointExtension>
            <gpxtpx:hr>169</gpxtpx:hr>
          </gpxtpx:TrackPointExtension>
        </extensions>
      </trkpt>
      <trkpt lat="22.59577474408926" lon="113.98477450345278">
        <ele>21.607010481879115</ele>
        <time>1970-01-01T00:06:10Z</time>
        <extensions>
          <gpxtpx:TrackPointExtension>
            <gpxtpx:hr>169</gpxtpx:hr>
          </gpxtpx:TrackPointExtension>
        </extensions>
      </trkpt>
      <trkpt lat="22.59576782084683" lon="113.98474357979129">
        <ele>21.695946315303445</ele>
        <time>1970-01-01T00:06:10.900000Z</time>
        <extensions>
          <gpxtpx:TrackPointExtension>
            <gpxtpx:hr>169</gpxtpx:hr>
          </gpxtpx:TrackPointExtension>
        </extensions>
      </trkpt>
      <trkpt lat="22.59576110382111" lon="113.98471265106649">
        <ele>21.79209448210895</ele>
        <time>1970-01-01T00:06:12Z</time>
        <extensions>
          <gpxtpx:TrackPointExtension>
            <gpxtpx:hr>169</gpxtpx:hr>
          </gpxtpx:TrackPointExtension>
        </extensions>
      </trkpt>
      <trkpt lat="22.59575468705532" lon="113.98468218029133">
        <ele>21.896381815895438</ele>
        <time>1970-01-01T00:06:13Z</time>
        <extensions>
          <gpxtpx:TrackPointExtension>
            <gpxtpx:hr>169</gpxtpx:hr>
          </gpxtpx:TrackPointExtension>
        </extensions>
      </trkpt>
      <trkpt lat="22.595748819619793" lon="113.98465204887971">
        <ele>22.007372830063105</ele>
        <time>1970-01-01T00:06:14Z</time>
        <extensions>
          <gpxtpx:TrackPointExtension>
            <gpxtpx:hr>172</gpxtpx:hr>
          </gpxtpx:TrackPointExtension>
        </extensions>
      </trkpt>
      <trkpt lat="22.595743269242195" lon="113.98462194477428">
        <ele>22.125466375611722</ele>
        <time>1970-01-01T00:06:15Z</time>
        <extensions>
          <gpxtpx:TrackPointExtension>
            <gpxtpx:hr>172</gpxtpx:hr>
          </gpxtpx:TrackPointExtension>
        </extensions>
      </trkpt>
      <trkpt lat="22.595737904819536" lon="113.98459182358951">
        <ele>22.24712434504181</ele>
        <time>1970-01-01T00:06:16Z</time>
        <extensions>
          <gpxtpx:TrackPointExtension>
            <gpxtpx:hr>172</gpxtpx:hr>
          </gpxtpx:TrackPointExtension>
        </extensions>
      </trkpt>
      <trkpt lat="22.595732450371717" lon="113.98456167100669">
        <ele>22.370179600082338</ele>
        <time>1970-01-01T00:06:17Z</time>
        <extensions>
          <gpxtpx:TrackPointExtension>
            <gpxtpx:hr>172</gpxtpx:hr>
          </gpxtpx:TrackPointExtension>
        </extensions>
      </trkpt>
      <trkpt lat="22.595726674934966" lon="113.98453179702612">
        <ele>22.493889458477497</ele>
        <time>1970-01-01T00:06:18Z</time>
        <extensions>
          <gpxtpx:TrackPointExtension>
            <gpxtpx:hr>172</gpxtpx:hr>
          </gpxtpx:TrackPointExtension>
        </extensions>
      </trkpt>
      <trkpt lat="22.595721017666506" lon="113.98450192771394">
        <ele>22.61526278965175</ele>
        <time>1970-01-01T00:06:19Z</time>
        <extensions>
          <gpxtpx:TrackPointExtension>
            <gpxtpx:hr>172</gpxtpx:hr>
          </gpxtpx:TrackPointExtension>
        </extensions>
      </trkpt>
      <trkpt lat="22.59571552023539" lon="113.9844717429146">
        <ele>22.733189799822867</ele>
        <time>1970-01-01T00:06:20Z</time>
        <extensions>
          <gpxtpx:TrackPointExtension>
            <gpxtpx:hr>172</gpxtpx:hr>
          </gpxtpx:TrackPointExtension>
        </extensions>
      </trkpt>
      <trkpt lat="22.59570951528318" lon="113.98444133166224">
        <ele>22.847889000549912</ele>
        <time>1970-01-01T00:06:21Z</time>
        <extensions>
          <gpxtpx:TrackPointExtension>
            <gpxtpx:hr>169</gpxtpx:hr>
          </gpxtpx:TrackPointExtension>
        </extensions>
      </trkpt>
      <trkpt lat="22.595702622546007" lon="113.98441119784144">
        <ele>22.957843033596873</ele>
        <time>1970-01-01T00:06:21.900000Z</time>
        <extensions>
          <gpxtpx:TrackPointExtension>
            <gpxtpx:hr>169</gpxtpx:hr>
          </gpxtpx:TrackPointExtension>
        </extensions>
      </trkpt>
      <trkpt lat="22.5956943663443" lon="113.98438139718202">
        <ele>23.06505708117038</ele>
        <time>1970-01-01T00:06:23Z</time>
        <extensions>
          <gpxtpx:TrackPointExtension>
            <gpxtpx:hr>169</gpxtpx:hr>
          </gpxtpx:TrackPointExtension>
        </extensions>
      </trkpt>
      <trkpt lat="22.595685146550228" lon="113.98435188982305">
        <ele>23.16897909529507</ele>
        <time>1970-01-01T00:06:23.900000Z</time>
        <extensions>
          <gpxtpx:TrackPointExtension>
            <gpxtpx:hr>169</gpxtpx:hr>
          </gpxtpx:TrackPointExtension>
        </extensions>
      </trkpt>
      <trkpt lat="22.59567592232115" lon="113.98432209402856">
        <ele>23.2701778691262</ele>
        <time>1970-01-01T00:06:25Z</time>
        <extensions>
          <gpxtpx:TrackPointExtension>
            <gpxtpx:hr>169</gpxtpx:hr>
          </gpxtpx:TrackPointExtension>
        </extensions>
      </trkpt>
      <trkpt lat="22.59566647612156" lon="113.98429232785341">
        <ele>23.366708495654166</ele>
        <time>1970-01-01T00:06:26Z</time>
        <extensions>
          <gpxtpx:TrackPointExtension>
            <gpxtpx:hr>169</gpxtpx:hr>
          </gpxtpx:TrackPointExtension>
        </extensions>
      </trkpt>
      <trkpt lat="22.59565627873643" lon="113.9842626495281">
        <ele>23.46068894211203</ele>
        <time>1970-01-01T00:06:27Z</time>
        <extensions>
          <gpxtpx:TrackPointExtension>
            <gpxtpx:hr>169</gpxtpx:hr>
          </gpxtpx:TrackPointExtension>
        </extensions>
      </trkpt>
      <trkpt lat="22.595645229358546" lon="113.98423316818162">
        <ele>23.55105158314109</ele>
        <time>1970-01-01T00:06:28Z</time>
        <extensions>
          <gpxtpx:TrackPointExtension>
            <gpxtpx:hr>169</gpxtpx:hr>
          </gpxtpx:TrackPointExtension>
        </extensions>
      </trkpt>
      <trkpt lat="22.59563351999903" lon="113.98420370351923">
        <ele>23.63754985667765</ele>
        <time>1970-01-01T00:06:29Z</time>
        <extensions>
          <gpxtpx:TrackPointExtension>
            <gpxtpx:hr>169</gpxtpx:hr>
          </gpxtpx:TrackPointExtension>
        </extensions>
      </trkpt>
      <trkpt lat="22.59562137790594" lon="113.98417422944209">
        <ele>23.720242851413786</ele>
        <time>1970-01-01T00:06:30Z</time>
        <extensions>
          <gpxtpx:TrackPointExtension>
            <gpxtpx:hr>169</gpxtpx:hr>
          </gpxtpx:TrackPointExtension>
        </extensions>
      </trkpt>
      <trkpt lat="22.595608310773592" lon="113.98414513401663">
        <ele>23.80014317575842</ele>
        <time>1970-01-01T00:06:30.900000Z</time>
        <extensions>
          <gpxtpx:TrackPointExtension>
            <gpxtpx:hr>169</gpxtpx:hr>
          </gpxtpx:TrackPointExtension>
        </extensions>
      </trkpt>
      <trkpt lat="22.595594081464736" lon="113.98411685825275">
        <ele>23.875859474763274</ele>
        <time>1970-01-01T00:06:32Z</time>
        <extensions>
          <gpxtpx:TrackPointExtension>
            <gpxtpx:hr>169</gpxtpx:hr>
          </gpxtpx:TrackPointExtension>
        </extensions>
      </trkpt>
      <trkpt lat="22.59557904903637" lon="113.984089282179">
        <ele>23.94876739103347</ele>
        <time>1970-01-01T00:06:33Z</time>
        <extensions>
          <gpxtpx:TrackPointExtension>
            <gpxtpx:hr>170</gpxtpx:hr>
          </gpxtpx:TrackPointExtension>
        </extensions>
      </trkpt>
      <trkpt lat="22.595563296167025" lon="113.98406239060118">
        <ele>24.01925295125693</ele>
        <time>1970-01-01T00:06:34Z</time>
        <extensions>
          <gpxtpx:TrackPointExtension>
            <gpxtpx:hr>170</gpxtpx:hr>
          </gpxtpx:TrackPointExtension>
        </extensions>
      </trkpt>
      <trkpt lat="22.595546854944462" lon="113.98403593537293">
        <ele>24.08606138266623</ele>
        <time>1970-01-01T00:06:35Z</time>
        <extensions>
          <gpxtpx:TrackPointExtension>
            <gpxtpx:hr>170</gpxtpx:hr>
          </gpxtpx:TrackPointExtension>
        </extensions>
      </trkpt>
      <trkpt lat="22.595530119101433" lon="113.98400955391759">
        <ele>24.15087366849184</ele>
        <time>1970-01-01T00:06:36Z</time>
        <extensions>
          <gpxtpx:TrackPointExtension>
            <gpxtpx:hr>170</gpxtpx:hr>
          </gpxtpx:TrackPointExtension>
        </extensions>
      </trkpt>
      <trkpt lat="22.595512833372407" lon="113.98398347459978">
        <ele>24.2137034451589</ele>
        <time>1970-01-01T00:06:36.900000Z</time>
        <extensions>
          <gpxtpx:TrackPointExtension>
            <gpxtpx:hr>170</gpxtpx:hr>
          </gpxtpx:TrackPointExtension>
        </extensions>
      </trkpt>
      <trkpt lat="22.595494960517932" lon="113.9839578745706">
        <ele>24.273285053670406</ele>
        <time>1970-01-01T00:06:38Z</time>
        <extensions>
          <gpxtpx:TrackPointExtension>
            <gpxtpx:hr>170</gpxtpx:hr>
          </gpxtpx:TrackPointExtension>
        </extensions>
      </trkpt>
      <trkpt lat="22.595477193452158" lon="113.98393255986258">
        <ele>24.330650847405195</ele>
        <time>1970-01-01T00:06:38.900000Z</time>
        <extensions>
          <gpxtpx:TrackPointExtension>
            <gpxtpx:hr>170</gpxtpx:hr>
          </gpxtpx:TrackPointExtension>
        </extensions>
      </trkpt>
      <trkpt lat="22.595459605676098" lon="113.98390718631394">
        <ele>24.386984693817794</ele>
        <time>1970-01-01T00:06:39.900000Z</time>
        <extensions>
          <gpxtpx:TrackPointExtension>
            <gpxtpx:hr>171</gpxtpx:hr>
          </gpxtpx:TrackPointExtension>
        </extensions>
      </trkpt>
      <trkpt lat="22.595442607080724" lon="113.98388152070316">
        <ele>24.44124153535813</ele>
        <time>1970-01-01T00:06:41Z</time>
        <extensions>
          <gpxtpx:TrackPointExtension>
            <gpxtpx:hr>171</gpxtpx:hr>
          </gpxtpx:TrackPointExtension>
        </extensions>
      </trkpt>
      <trkpt lat="22.595426389405244" lon="113.98385532955061">
        <ele>24.492977893911302</ele>
        <time>1970-01-01T00:06:41.900000Z</time>
        <extensions>
          <gpxtpx:TrackPointExtension>
            <gpxtpx:hr>171</gpxtpx:hr>
          </gpxtpx:TrackPointExtension>
        </extensions>
      </trkpt>
      <trkpt lat="22.59540999901463" lon="113.98382904567237">
        <ele>24.54387014079839</ele>
        <time>1970-01-01T00:06:42.900000Z</time>
        <extensions>
          <gpxtpx:TrackPointExtension>
            <gpxtpx:hr>171</gpxtpx:hr>
          </gpxtpx:TrackPointExtension>
        </extensions>
      </trkpt>
      <trkpt lat="22.59539259713477" lon="113.98380357409356">
        <ele>24.592191526666284</ele>
        <time>1970-01-01T00:06:43.900000Z</time>
        <extensions>
          <gpxtpx:TrackPointExtension>
            <gpxtpx:hr>171</gpxtpx:hr>
          </gpxtpx:TrackPointExtension>
        </extensions>
      </trkpt>
      <trkpt lat="22.595374360066376" lon="113.98377864970534">
        <ele>24.638955515809357</ele>
        <time>1970-01-01T00:06:45Z</time>
        <extensions>
          <gpxtpx:TrackPointExtension>
            <gpxtpx:hr>171</gpxtpx:hr>
          </gpxtpx:TrackPointExtension>
        </extensions>
      </trkpt>
      <trkpt lat="22.59535599458081" lon="113.98375369788104">
        <ele>24.683960585854948</ele>
        <time>1970-01-01T00:06:46Z</time>
        <extensions>
          <gpxtpx:TrackPointExtension>
            <gpxtpx:hr>171</gpxtpx:hr>
          </gpxtpx:TrackPointExtension>
        </extensions>
      </trkpt>
      <trkpt lat="22.59533739851033" lon="113.98372855112223">
        <ele>24.72576715890318</ele>
        <time>1970-01-01T00:06:47Z</time>
        <extensions>
          <gpxtpx:TrackPointExtension>
            <gpxtpx:hr>171</gpxtpx:hr>
          </gpxtpx:TrackPointExtension>
        </extensions>
      </trkpt>
      <trkpt lat="22.595318127571783" lon="113.98370378268697">
        <ele>24.76486018113792</ele>
        <time>1970-01-01T00:06:48Z</time>
        <extensions>
          <gpxtpx:TrackPointExtension>
            <gpxtpx:hr>171</gpxtpx:hr>
          </gpxtpx:TrackPointExtension>
        </extensions>
      </trkpt>
      <trkpt lat="22.595298075753178" lon="113.98367966561854">
        <ele>24.80155028961599</ele>
        <time>1970-01-01T00:06:49Z</time>
        <extensions>
          <gpxtpx:TrackPointExtension>
            <gpxtpx:hr>170</gpxtpx:hr>
          </gpxtpx:TrackPointExtension>
        </extensions>
      </trkpt>
      <trkpt lat="22.595277606963183" lon="113.98365597963928">
        <ele>24.83461920451373</ele>
        <time>1970-01-01T00:06:49.900000Z</time>
        <extensions>
          <gpxtpx:TrackPointExtension>
            <gpxtpx:hr>170</gpxtpx:hr>
          </gpxtpx:TrackPointExtension>
        </extensions>
      </trkpt>
      <trkpt lat="22.59525715827714" lon="113.98363235397484">
        <ele>24.865941654890776</ele>
        <time>1970-01-01T00:06:51Z</time>
        <extensions>
          <gpxtpx:TrackPointExtension>
            <gpxtpx:hr>170</gpxtpx:hr>
          </gpxtpx:TrackPointExtension>
        </extensions>
      </trkpt>
      <trkpt lat="22.595236830274295" lon="113.98360880441504">
        <ele>24.895109977573156</ele>
        <time>1970-01-01T00:06:52Z</time>
        <extensions>
          <gpxtpx:TrackPointExtension>
            <gpxtpx:hr>170</gpxtpx:hr>
          </gpxtpx:TrackPointExtension>
        </extensions>
      </trkpt>
      <trkpt lat="22.595216312488866" lon="113.98358550491875">
        <ele>24.921246469952166</ele>
        <time>1970-01-01T00:06:53Z</time>
        <extensions>
          <gpxtpx:TrackPointExtension>
            <gpxtpx:hr>168</gpxtpx:hr>
          </gpxtpx:TrackPointExtension>
        </extensions>
      </trkpt>
      <trkpt lat="22.595195719182595" lon="113.98356276283249">
        <ele>24.942961983382702</ele>
        <time>1970-01-01T00:06:54Z</time>
        <extensions>
          <gpxtpx:TrackPointExtension>
            <gpxtpx:hr>168</gpxtpx:hr>
          </gpxtpx:TrackPointExtension>
        </extensions>
      </trkpt>
      <trkpt lat="22.595175094444706" lon="113.98354058907127">
        <ele>24.96447939798236</ele>
        <time>1970-01-01T00:06:55Z</time>
        <extensions>
          <gpxtpx:TrackPointExtension>
            <gpxtpx:hr>168</gpxtpx:hr>
          </gpxtpx:TrackPointExtension>
        </extensions>
      </trkpt>
      <trkpt lat="22.59515498719314" lon="113.98351866762839">
        <ele>24.98607888445258</ele>
        <time>1970-01-01T00:06:56Z</time>
        <extensions>
          <gpxtpx:TrackPointExtension>
            <gpxtpx:hr>168</gpxtpx:hr>
          </gpxtpx:TrackPointExtension>
        </extensions>
      </trkpt>
      <trkpt lat="22.595136376203005" lon="113.9834968261998">
        <ele>25.002605685032904</ele>
        <time>1970-01-01T00:06:57Z</time>
        <extensions>
          <gpxtpx:TrackPointExtension>
            <gpxtpx:hr>168</gpxtpx:hr>
          </gpxtpx:TrackPointExtension>
        </extensions>
      </trkpt>
      <trkpt lat="22.595121244298845" lon="113.98347564195598">
        <ele>25.02282136119902</ele>
        <time>1970-01-01T00:06:58Z</time>
        <extensions>
          <gpxtpx:TrackPointExtension>
            <gpxtpx:hr>168</gpxtpx:hr>
          </gpxtpx:TrackPointExtension>
        </extensions>
      </trkpt>
      <trkpt lat="22.595111534815047" lon="113.98345689812672">
        <ele>25.041344743221998</ele>
        <time>1970-01-01T00:06:59Z</time>
        <extensions>
          <gpxtpx:TrackPointExtension>
            <gpxtpx:hr>168</gpxtpx:hr>
          </gpxtpx:TrackPointExtension>
        </extensions>
      </trkpt>
      <trkpt lat="22.59510012654319" lon="113.98344020408324">
        <ele>25.060437692329288</ele>
        <time>1970-01-01T00:07:00Z</time>
        <extensions>
          <gpxtpx:TrackPointExtension>
            <gpxtpx:hr>168</gpxtpx:hr>
          </gpxtpx:TrackPointExtension>
        </extensions>
      </trkpt>
      <trkpt lat="22.595082078710146" lon="113.98342258729362">
        <ele>25.081568421795964</ele>
        <time>1970-01-01T00:07:01Z</time>
        <extensions>
          <gpxtpx:TrackPointExtension>
            <gpxtpx:hr>168</gpxtpx:hr>
          </gpxtpx:TrackPointExtension>
        </extensions>
      </trkpt>
      <trkpt lat="22.59506095950889" lon="113.98340356263019">
        <ele>25.102917060256004</ele>
        <time>1970-01-01T00:07:02Z</time>
        <extensions>
          <gpxtpx:TrackPointExtension>
            <gpxtpx:hr>165</gpxtpx:hr>
          </gpxtpx:TrackPointExtension>
        </extensions>
      </trkpt>
      <trkpt lat="22.595038225147984" lon="113.98338401697679">
        <ele>25.125748018734157</ele>
        <time>1970-01-01T00:07:03Z</time>
        <extensions>
          <gpxtpx:TrackPointExtension>
            <gpxtpx:hr>165</gpxtpx:hr>
          </gpxtpx:TrackPointExtension>
        </extensions>
      </trkpt>
      <trkpt lat="22.595014460986825" lon="113.98336467242444">
        <ele>25.151457048021257</ele>
        <time>1970-01-01T00:07:04Z</time>
        <extensions>
          <gpxtpx:TrackPointExtension>
            <gpxtpx:hr>165</gpxtpx:hr>
          </gpxtpx:TrackPointExtension>
        </extensions>
      </trkpt>
      <trkpt lat="22.594989942537428" lon="113.98334578004715">
        <ele>25.178682285360992</ele>
        <time>1970-01-01T00:07:05Z</time>
        <extensions>
          <gpxtpx:TrackPointExtension>
            <gpxtpx:hr>165</gpxtpx:hr>
          </gpxtpx:TrackPointExtension>
        </extensions>
      </trkpt>
      <trkpt lat="22.59496503044822" lon="113.98332715593233">
        <ele>25.20803129300475</ele>
        <time>1970-01-01T00:07:06Z</time>
        <extensions>
          <gpxtpx:TrackPointExtension>
            <gpxtpx:hr>165</gpxtpx:hr>
          </gpxtpx:TrackPointExtension>
        </extensions>
      </trkpt>
      <trkpt lat="22.59494010591004" lon="113.98330841424853">
        <ele>25.240362921729684</ele>
        <time>1970-01-01T00:07:07Z</time>
        <extensions>
          <gpxtpx:TrackPointExtension>
            <gpxtpx:hr>165</gpxtpx:hr>
          </gpxtpx:TrackPointExtension>
        </extensions>
      </trkpt>
      <trkpt lat="22.594915658601114" lon="113.98328885860286">
        <ele>25.27388267032802</ele>
        <time>1970-01-01T00:07:08Z</time>
        <extensions>
          <gpxtpx:TrackPointExtension>
            <gpxtpx:hr>165</gpxtpx:hr>
          </gpxtpx:TrackPointExtension>
        </extensions>
      </trkpt>
      <trkpt lat="22.594891730113936" lon="113.98326853727934">
        <ele>25.308870054781437</ele>
        <time>1970-01-01T00:07:09Z</time>
        <extensions>
          <gpxtpx:TrackPointExtension>
            <gpxtpx:hr>165</gpxtpx:hr>
          </gpxtpx:TrackPointExtension>
        </extensions>
      </trkpt>
      <trkpt lat="22.594868460468902" lon="113.98324744631671">
        <ele>25.345202818512917</ele>
        <time>1970-01-01T00:07:10Z</time>
        <extensions>
          <gpxtpx:TrackPointExtension>
            <gpxtpx:hr>166</gpxtpx:hr>
          </gpxtpx:TrackPointExtension>
        </extensions>
      </trkpt>
      <trkpt lat="22.59484567925528" lon="113.9832258410051">
        <ele>25.382598132826388</ele>
        <time>1970-01-01T00:07:11Z</time>
        <extensions>
          <gpxtpx:TrackPointExtension>
            <gpxtpx:hr>166</gpxtpx:hr>
          </gpxtpx:TrackPointExtension>
        </extensions>
      </trkpt>
      <trkpt lat="22.594823289975825" lon="113.98320411956252">
        <ele>25.421616684645414</ele>
        <time>1970-01-01T00:07:12Z</time>
        <extensions>
          <gpxtpx:TrackPointExtension>
            <gpxtpx:hr>166</gpxtpx:hr>
          </gpxtpx:TrackPointExtension>
        </extensions>
      </trkpt>
      <trkpt lat="22.59480119724887" lon="113.98318216235856">
        <ele>25.463012396357954</ele>
        <time>1970-01-01T00:07:13Z</time>
        <extensions>
          <gpxtpx:TrackPointExtension>
            <gpxtpx:hr>166</gpxtpx:hr>
          </gpxtpx:TrackPointExtension>
        </extensions>
      </trkpt>
      <trkpt lat="22.594779619962726" lon="113.98315967510653">
        <ele>25.505424440838397</ele>
        <time>1970-01-01T00:07:14Z</time>
        <extensions>
          <gpxtpx:TrackPointExtension>
            <gpxtpx:hr>166</gpxtpx:hr>
          </gpxtpx:TrackPointExtension>
        </extensions>
      </trkpt>
      <trkpt lat="22.594758721521206" lon="113.98313622838704">
        <ele>25.549407742917538</ele>
        <time>1970-01-01T00:07:15Z</time>
        <extensions>
          <gpxtpx:TrackPointExtension>
            <gpxtpx:hr>166</gpxtpx:hr>
          </gpxtpx:TrackPointExtension>
        </extensions>
      </trkpt>
      <trkpt lat="22.594738178527216" lon="113.98311218450499">
        <ele>25.595330615527928</ele>
        <time>1970-01-01T00:07:16Z</time>
        <extensions>
          <gpxtpx:TrackPointExtension>
            <gpxtpx:hr>166</gpxtpx:hr>
          </gpxtpx:TrackPointExtension>
        </extensions>
      </trkpt>
      <trkpt lat="22.59471805835415" lon="113.98308740460075">
        <ele>25.64056113641709</ele>
        <time>1970-01-01T00:07:17Z</time>
        <extensions>
          <gpxtpx:TrackPointExtension>
            <gpxtpx:hr>166</gpxtpx:hr>
          </gpxtpx:TrackPointExtension>
        </extensions>
      </trkpt>
      <trkpt lat="22.59469841812766" lon="113.98306189871815">
        <ele>25.68639162182808</ele>
        <time>1970-01-01T00:07:18Z</time>
        <extensions>
          <gpxtpx:TrackPointExtension>
            <gpxtpx:hr>166</gpxtpx:hr>
          </gpxtpx:TrackPointExtension>
        </extensions>
      </trkpt>
      <trkpt lat="22.59467882954918" lon="113.98303605260281">
        <ele>25.734087345190346</ele>
        <time>1970-01-01T00:07:19Z</time>
        <extensions>
          <gpxtpx:TrackPointExtension>
            <gpxtpx:hr>166</gpxtpx:hr>
          </gpxtpx:TrackPointExtension>
        </extensions>
      </trkpt>
      <trkpt lat="22.59465920629101" lon="113.98301045472417">
        <ele>25.780899328179657</ele>
        <time>1970-01-01T00:07:20Z</time>
        <extensions>
          <gpxtpx:TrackPointExtension>
            <gpxtpx:hr>167</gpxtpx:hr>
          </gpxtpx:TrackPointExtension>
        </extensions>
      </trkpt>
      <trkpt lat="22.59463935900371" lon="113.98298539974891">
        <ele>25.827119373716414</ele>
        <time>1970-01-01T00:07:21Z</time>
        <extensions>
          <gpxtpx:TrackPointExtension>
            <gpxtpx:hr>167</gpxtpx:hr>
          </gpxtpx:TrackPointExtension>
        </extensions>
      </trkpt>
      <trkpt lat="22.594619218539005" lon="113.98296103511284">
        <ele>25.87386906053871</ele>
        <time>1970-01-01T00:07:22Z</time>
        <extensions>
          <gpxtpx:TrackPointExtension>
            <gpxtpx:hr>167</gpxtpx:hr>
          </gpxtpx:TrackPointExtension>
        </extensions>
      </trkpt>
      <trkpt lat="22.594598848593094" lon="113.98293728176024">
        <ele>25.917033014819026</ele>
        <time>1970-01-01T00:07:23Z</time>
        <extensions>
          <gpxtpx:TrackPointExtension>
            <gpxtpx:hr>167</gpxtpx:hr>
          </gpxtpx:TrackPointExtension>
        </extensions>
      </trkpt>
      <trkpt lat="22.5945784588943" lon="113.9829138018867">
        <ele>25.959376231767237</ele>
        <time>1970-01-01T00:07:23.900000Z</time>
        <extensions>
          <gpxtpx:TrackPointExtension>
            <gpxtpx:hr>167</gpxtpx:hr>
          </gpxtpx:TrackPointExtension>
        </extensions>
      </trkpt>
      <trkpt lat="22.594558182693973" lon="113.98289009471056">
        <ele>26.000998416915536</ele>
        <time>1970-01-01T00:07:25Z</time>
        <extensions>
          <gpxtpx:TrackPointExtension>
            <gpxtpx:hr>167</gpxtpx:hr>
          </gpxtpx:TrackPointExtension>
        </extensions>
      </trkpt>
      <trkpt lat="22.594537946851897" lon="113.98286632490351">
        <ele>26.040509345009923</ele>
        <time>1970-01-01T00:07:25.900000Z</time>
        <extensions>
          <gpxtpx:TrackPointExtension>
            <gpxtpx:hr>167</gpxtpx:hr>
          </gpxtpx:TrackPointExtension>
        </extensions>
      </trkpt>
      <trkpt lat="22.594517577656063" lon="113.98284271541779">
        <ele>26.080722025595605</ele>
        <time>1970-01-01T00:07:27Z</time>
        <extensions>
          <gpxtpx:TrackPointExtension>
            <gpxtpx:hr>164</gpxtpx:hr>
          </gpxtpx:TrackPointExtension>
        </extensions>
      </trkpt>
      <trkpt lat="22.594497311894013" lon="113.98281978334437">
        <ele>26.119063013233244</ele>
        <time>1970-01-01T00:07:28Z</time>
        <extensions>
          <gpxtpx:TrackPointExtension>
            <gpxtpx:hr>164</gpxtpx:hr>
          </gpxtpx:TrackPointExtension>
        </extensions>
      </trkpt>
      <trkpt lat="22.59447671557312" lon="113.98279790549171">
        <ele>26.15545249823481</ele>
        <time>1970-01-01T00:07:29Z</time>
        <extensions>
          <gpxtpx:TrackPointExtension>
            <gpxtpx:hr>164</gpxtpx:hr>
          </gpxtpx:TrackPointExtension>
        </extensions>
      </trkpt>
      <trkpt lat="22.594456029767315" lon="113.98277656171257">
        <ele>26.191583008505404</ele>
        <time>1970-01-01T00:07:30Z</time>
        <extensions>
          <gpxtpx:TrackPointExtension>
            <gpxtpx:hr>170</gpxtpx:hr>
          </gpxtpx:TrackPointExtension>
        </extensions>
      </trkpt>
      <trkpt lat="22.59443551679123" lon="113.98275519080183">
        <ele>26.224451017566025</ele>
        <time>1970-01-01T00:07:31Z</time>
        <extensions>
          <gpxtpx:TrackPointExtension>
            <gpxtpx:hr>170</gpxtpx:hr>
          </gpxtpx:TrackPointExtension>
        </extensions>
      </trkpt>
      <trkpt lat="22.594414972340008" lon="113.98273390631815">
        <ele>26.25519558880478</ele>
        <time>1970-01-01T00:07:32Z</time>
        <extensions>
          <gpxtpx:TrackPointExtension>
            <gpxtpx:hr>170</gpxtpx:hr>
          </gpxtpx:TrackPointExtension>
        </extensions>
      </trkpt>
      <trkpt lat="22.594394498694516" lon="113.98271250707901">
        <ele>26.283189663663507</ele>
        <time>1970-01-01T00:07:33Z</time>
        <extensions>
          <gpxtpx:TrackPointExtension>
            <gpxtpx:hr>169</gpxtpx:hr>
          </gpxtpx:TrackPointExtension>
        </extensions>
      </trkpt>
      <trkpt lat="22.594374181259223" lon="113.9826909754281">
        <ele>26.306674145162106</ele>
        <time>1970-01-01T00:07:34Z</time>
        <extensions>
          <gpxtpx:TrackPointExtension>
            <gpxtpx:hr>169</gpxtpx:hr>
          </gpxtpx:TrackPointExtension>
        </extensions>
      </trkpt>
      <trkpt lat="22.594354116850702" lon="113.9826693272816">
        <ele>26.32600835338235</ele>
        <time>1970-01-01T00:07:35Z</time>
        <extensions>
          <gpxtpx:TrackPointExtension>
            <gpxtpx:hr>169</gpxtpx:hr>
          </gpxtpx:TrackPointExtension>
        </extensions>
      </trkpt>
      <trkpt lat="22.59433447096319" lon="113.98264769700268">
        <ele>26.3409562446177</ele>
        <time>1970-01-01T00:07:36Z</time>
        <extensions>
          <gpxtpx:TrackPointExtension>
            <gpxtpx:hr>169</gpxtpx:hr>
          </gpxtpx:TrackPointExtension>
        </extensions>
      </trkpt>
      <trkpt lat="22.59431493482267" lon="113.98262641496919">
        <ele>26.35083439387381</ele>
        <time>1970-01-01T00:07:37Z</time>
        <extensions>
          <gpxtpx:TrackPointExtension>
            <gpxtpx:hr>169</gpxtpx:hr>
          </gpxtpx:TrackPointExtension>
        </extensions>
      </trkpt>
      <trkpt lat="22.594295175413066" lon="113.98260584016762">
        <ele>26.35632243193686</ele>
        <time>1970-01-01T00:07:38Z</time>
        <extensions>
          <gpxtpx:TrackPointExtension>
            <gpxtpx:hr>169</gpxtpx:hr>
          </gpxtpx:TrackPointExtension>
        </extensions>
      </trkpt>
      <trkpt lat="22.59427511550121" lon="113.98258588303364">
        <ele>26.35830164514482</ele>
        <time>1970-01-01T00:07:39Z</time>
        <extensions>
          <gpxtpx:TrackPointExtension>
            <gpxtpx:hr>169</gpxtpx:hr>
          </gpxtpx:TrackPointExtension>
        </extensions>
      </trkpt>
      <trkpt lat="22.594254974788786" lon="113.98256627958554">
        <ele>26.355016176588833</ele>
        <time>1970-01-01T00:07:40Z</time>
        <extensions>
          <gpxtpx:TrackPointExtension>
            <gpxtpx:hr>169</gpxtpx:hr>
          </gpxtpx:TrackPointExtension>
        </extensions>
      </trkpt>
      <trkpt lat="22.59423496542406" lon="113.98254704663523">
        <ele>26.347397906705737</ele>
        <time>1970-01-01T00:07:40.900000Z</time>
        <extensions>
          <gpxtpx:TrackPointExtension>
            <gpxtpx:hr>169</gpxtpx:hr>
          </gpxtpx:TrackPointExtension>
        </extensions>
      </trkpt>
      <trkpt lat="22.594214944830604" lon="113.98252795187915">
        <ele>26.33514008577913</ele>
        <time>1970-01-01T00:07:42Z</time>
        <extensions>
          <gpxtpx:TrackPointExtension>
            <gpxtpx:hr>169</gpxtpx:hr>
          </gpxtpx:TrackPointExtension>
        </extensions>
      </trkpt>
      <trkpt lat="22.594194698050526" lon="113.98250864315143">
        <ele>26.319649691693485</ele>
        <time>1970-01-01T00:07:43Z</time>
        <extensions>
          <gpxtpx:TrackPointExtension>
            <gpxtpx:hr>169</gpxtpx:hr>
          </gpxtpx:TrackPointExtension>
        </extensions>
      </trkpt>
      <trkpt lat="22.594173568200443" lon="113.98248952001296">
        <ele>26.299747060984373</ele>
        <time>1970-01-01T00:07:44Z</time>
        <extensions>
          <gpxtpx:TrackPointExtension>
            <gpxtpx:hr>169</gpxtpx:hr>
          </gpxtpx:TrackPointExtension>
        </extensions>
      </trkpt>
      <trkpt lat="22.594151576999657" lon="113.98247056072474">
        <ele>26.27481540106237</ele>
        <time>1970-01-01T00:07:44.900000Z</time>
        <extensions>
          <gpxtpx:TrackPointExtension>
            <gpxtpx:hr>169</gpxtpx:hr>
          </gpxtpx:TrackPointExtension>
        </extensions>
      </trkpt>
      <trkpt lat="22.59412938758749" lon="113.98245140189903">
        <ele>26.24566256441176</ele>
        <time>1970-01-01T00:07:46Z</time>
        <extensions>
          <gpxtpx:TrackPointExtension>
            <gpxtpx:hr>167</gpxtpx:hr>
          </gpxtpx:TrackPointExtension>
        </extensions>
      </trkpt>
      <trkpt lat="22.594107527234243" lon="113.98243195359329">
        <ele>26.21271303948015</ele>
        <time>1970-01-01T00:07:47Z</time>
        <extensions>
          <gpxtpx:TrackPointExtension>
            <gpxtpx:hr>167</gpxtpx:hr>
          </gpxtpx:TrackPointExtension>
        </extensions>
      </trkpt>
      <trkpt lat="22.59408638139365" lon="113.98241185554541">
        <ele>26.175824139267206</ele>
        <time>1970-01-01T00:07:48Z</time>
        <extensions>
          <gpxtpx:TrackPointExtension>
            <gpxtpx:hr>167</gpxtpx:hr>
          </gpxtpx:TrackPointExtension>
        </extensions>
      </trkpt>
      <trkpt lat="22.594066075538777" lon="113.98239083656718">
        <ele>26.13433095626533</ele>
        <time>1970-01-01T00:07:49Z</time>
        <extensions>
          <gpxtpx:TrackPointExtension>
            <gpxtpx:hr>167</gpxtpx:hr>
          </gpxtpx:TrackPointExtension>
        </extensions>
      </trkpt>
      <trkpt lat="22.5940465558526" lon="113.98236906287588">
        <ele>26.089243832044303</ele>
        <time>1970-01-01T00:07:50Z</time>
        <extensions>
          <gpxtpx:TrackPointExtension>
            <gpxtpx:hr>167</gpxtpx:hr>
          </gpxtpx:TrackPointExtension>
        </extensions>
      </trkpt>
      <trkpt lat="22.59402760773238" lon="113.98234658544247">
        <ele>26.03967732563615</ele>
        <time>1970-01-01T00:07:50.900000Z</time>
        <extensions>
          <gpxtpx:TrackPointExtension>
            <gpxtpx:hr>168</gpxtpx:hr>
          </gpxtpx:TrackPointExtension>
        </extensions>
      </trkpt>
      <trkpt lat="22.594008423895747" lon="113.9823236766827">
        <ele>25.98874692711979</ele>
        <time>1970-01-01T00:07:52Z</time>
        <extensions>
          <gpxtpx:TrackPointExtension>
            <gpxtpx:hr>168</gpxtpx:hr>
          </gpxtpx:TrackPointExtension>
        </extensions>
      </trkpt>
      <trkpt lat="22.59398849322854" lon="113.98230111094999">
        <ele>25.93476111907512</ele>
        <time>1970-01-01T00:07:52.900000Z</time>
        <extensions>
          <gpxtpx:TrackPointExtension>
            <gpxtpx:hr>168</gpxtpx:hr>
          </gpxtpx:TrackPointExtension>
        </extensions>
      </trkpt>
      <trkpt lat="22.593968223008826" lon="113.98227850841849">
        <ele>25.879042799584568</ele>
        <time>1970-01-01T00:07:54Z</time>
        <extensions>
          <gpxtpx:TrackPointExtension>
            <gpxtpx:hr>168</gpxtpx:hr>
          </gpxtpx:TrackPointExtension>
        </extensions>
      </trkpt>
      <trkpt lat="22.593948188082692" lon="113.98225547667974">
        <ele>25.819685167632997</ele>
        <time>1970-01-01T00:07:55Z</time>
        <extensions>
          <gpxtpx:TrackPointExtension>
            <gpxtpx:hr>168</gpxtpx:hr>
          </gpxtpx:TrackPointExtension>
        </extensions>
      </trkpt>
      <trkpt lat="22.593928319403208" lon="113.9822323785589">
        <ele>25.757563246414065</ele>
        <time>1970-01-01T00:07:56Z</time>
        <extensions>
          <gpxtpx:TrackPointExtension>
            <gpxtpx:hr>168</gpxtpx:hr>
          </gpxtpx:TrackPointExtension>
        </extensions>
      </trkpt>
      <trkpt lat="22.593908331862607" lon="113.98220952010887">
        <ele>25.69425619300455</ele>
        <time>1970-01-01T00:07:57Z</time>
        <extensions>
          <gpxtpx:TrackPointExtension>
            <gpxtpx:hr>168</gpxtpx:hr>
          </gpxtpx:TrackPointExtension>
        </extensions>
      </trkpt>
      <trkpt lat="22.593888123577376" lon="113.98218700427242">
        <ele>25.627716784365475</ele>
        <time>1970-01-01T00:07:58Z</time>
        <extensions>
          <gpxtpx:TrackPointExtension>
            <gpxtpx:hr>168</gpxtpx:hr>
          </gpxtpx:TrackPointExtension>
        </extensions>
      </trkpt>
      <trkpt lat="22.593867894694178" lon="113.98216449306486">
        <ele>25.558070231229067</ele>
        <time>1970-01-01T00:07:59Z</time>
        <extensions>
          <gpxtpx:TrackPointExtension>
            <gpxtpx:hr>168</gpxtpx:hr>
          </gpxtpx:TrackPointExtension>
        </extensions>
      </trkpt>
      <trkpt lat="22.593847646998423" lon="113.98214191053384">
        <ele>25.485759031027555</ele>
        <time>1970-01-01T00:08:00Z</time>
        <extensions>
          <gpxtpx:TrackPointExtension>
            <gpxtpx:hr>168</gpxtpx:hr>
          </gpxtpx:TrackPointExtension>
        </extensions>
      </trkpt>
      <trkpt lat="22.593827425365888" lon="113.9821194214851">
        <ele>25.410180527716875</ele>
        <time>1970-01-01T00:08:01Z</time>
        <extensions>
          <gpxtpx:TrackPointExtension>
            <gpxtpx:hr>168</gpxtpx:hr>
          </gpxtpx:TrackPointExtension>
        </extensions>
      </trkpt>
      <trkpt lat="22.59380797204833" lon="113.98209642283612">
        <ele>25.331736359745264</ele>
        <time>1970-01-01T00:08:02Z</time>
        <extensions>
          <gpxtpx:TrackPointExtension>
            <gpxtpx:hr>169</gpxtpx:hr>
          </gpxtpx:TrackPointExtension>
        </extensions>
      </trkpt>
      <trkpt lat="22.593789254865293" lon="113.98207290374958">
        <ele>25.25057111866772</ele>
        <time>1970-01-01T00:08:03Z</time>
        <extensions>
          <gpxtpx:TrackPointExtension>
            <gpxtpx:hr>169</gpxtpx:hr>
          </gpxtpx:TrackPointExtension>
        </extensions>
      </trkpt>
      <trkpt lat="22.593770701090822" lon="113.98204933920726">
        <ele>25.165723165497184</ele>
        <time>1970-01-01T00:08:04Z</time>
        <extensions>
          <gpxtpx:TrackPointExtension>
            <gpxtpx:hr>169</gpxtpx:hr>
          </gpxtpx:TrackPointExtension>
        </extensions>
      </trkpt>
      <trkpt lat="22.593751506862972" lon="113.98202609142174">
        <ele>25.076718784868717</ele>
        <time>1970-01-01T00:08:05Z</time>
        <extensions>
          <gpxtpx:TrackPointExtension>
            <gpxtpx:hr>169</gpxtpx:hr>
          </gpxtpx:TrackPointExtension>
        </extensions>
      </trkpt>
      <trkpt lat="22.593732503498266" lon="113.98200236508312">
        <ele>24.98412243835628</ele>
        <time>1970-01-01T00:08:06Z</time>
        <extensions>
          <gpxtpx:TrackPointExtension>
            <gpxtpx:hr>169</gpxtpx:hr>
          </gpxtpx:TrackPointExtension>
        </extensions>
      </trkpt>
      <trkpt lat="22.593714693941664" lon="113.98197739750641">
        <ele>24.887746739201248</ele>
        <time>1970-01-01T00:08:07Z</time>
        <extensions>
          <gpxtpx:TrackPointExtension>
            <gpxtpx:hr>170</gpxtpx:hr>
          </gpxtpx:TrackPointExtension>
        </extensions>
      </trkpt>
      <trkpt lat="22.593697554778977" lon="113.9819516805739">
        <ele>24.78668503370136</ele>
        <time>1970-01-01T00:08:08Z</time>
        <extensions>
          <gpxtpx:TrackPointExtension>
            <gpxtpx:hr>170</gpxtpx:hr>
          </gpxtpx:TrackPointExtension>
        </extensions>
      </trkpt>
      <trkpt lat="22.593681138635716" lon="113.98192539046411">
        <ele>24.681626877747476</ele>
        <time>1970-01-01T00:08:09Z</time>
        <extensions>
          <gpxtpx:TrackPointExtension>
            <gpxtpx:hr>170</gpxtpx:hr>
          </gpxtpx:TrackPointExtension>
        </extensions>
      </trkpt>
      <trkpt lat="22.59366562086383" lon="113.98189845269806">
        <ele>24.57163021620363</ele>
        <time>1970-01-01T00:08:10Z</time>
        <extensions>
          <gpxtpx:TrackPointExtension>
            <gpxtpx:hr>169</gpxtpx:hr>
          </gpxtpx:TrackPointExtension>
        </extensions>
      </trkpt>
      <trkpt lat="22.5936508132551" lon="113.98187114780478">
        <ele>24.45779586955905</ele>
        <time>1970-01-01T00:08:11Z</time>
        <extensions>
          <gpxtpx:TrackPointExtension>
            <gpxtpx:hr>169</gpxtpx:hr>
          </gpxtpx:TrackPointExtension>
        </extensions>
      </trkpt>
      <trkpt lat="22.59363649318099" lon="113.98184378848354">
        <ele>24.34073902759701</ele>
        <time>1970-01-01T00:08:12Z</time>
        <extensions>
          <gpxtpx:TrackPointExtension>
            <gpxtpx:hr>169</gpxtpx:hr>
          </gpxtpx:TrackPointExtension>
        </extensions>
      </trkpt>
      <trkpt lat="22.593622550989743" lon="113.98181630208127">
        <ele>24.221047561615705</ele>
        <time>1970-01-01T00:08:13Z</time>
        <extensions>
          <gpxtpx:TrackPointExtension>
            <gpxtpx:hr>169</gpxtpx:hr>
          </gpxtpx:TrackPointExtension>
        </extensions>
      </trkpt>
      <trkpt lat="22.59360900647827" lon="113.9817885516966">
        <ele>24.098400245420635</ele>
        <time>1970-01-01T00:08:14Z</time>
        <extensions>
          <gpxtpx:TrackPointExtension>
            <gpxtpx:hr>169</gpxtpx:hr>
          </gpxtpx:TrackPointExtension>
        </extensions>
      </trkpt>
      <trkpt lat="22.593595759157733" lon="113.98176054666884">
        <ele>23.97324417717755</ele>
        <time>1970-01-01T00:08:15Z</time>
        <extensions>
          <gpxtpx:TrackPointExtension>
            <gpxtpx:hr>169</gpxtpx:hr>
          </gpxtpx:TrackPointExtension>
        </extensions>
      </trkpt>
      <trkpt lat="22.59358273802358" lon="113.98173239723769">
        <ele>23.84623002167791</ele>
        <time>1970-01-01T00:08:16Z</time>
        <extensions>
          <gpxtpx:TrackPointExtension>
            <gpxtpx:hr>169</gpxtpx:hr>
          </gpxtpx:TrackPointExtension>
        </extensions>
      </trkpt>
      <trkpt lat="22.5935700773894" lon="113.98170422389045">
        <ele>23.717441553249955</ele>
        <time>1970-01-01T00:08:17Z</time>
        <extensions>
          <gpxtpx:TrackPointExtension>
            <gpxtpx:hr>169</gpxtpx:hr>
          </gpxtpx:TrackPointExtension>
        </extensions>
      </trkpt>
      <trkpt lat="22.59355776678623" lon="113.98167641246265">
        <ele>23.587640047073364</ele>
        <time>1970-01-01T00:08:18Z</time>
        <extensions>
          <gpxtpx:TrackPointExtension>
            <gpxtpx:hr>169</gpxtpx:hr>
          </gpxtpx:TrackPointExtension>
        </extensions>
      </trkpt>
      <trkpt lat="22.593545785910717" lon="113.98164884709283">
        <ele>23.457980198785663</ele>
        <time>1970-01-01T00:08:19Z</time>
        <extensions>
          <gpxtpx:TrackPointExtension>
            <gpxtpx:hr>169</gpxtpx:hr>
          </gpxtpx:TrackPointExtension>
        </extensions>
      </trkpt>
      <trkpt lat="22.593533880860566" lon="113.98162126743014">
        <ele>23.328119141981006</ele>
        <time>1970-01-01T00:08:20Z</time>
        <extensions>
          <gpxtpx:TrackPointExtension>
            <gpxtpx:hr>169</gpxtpx:hr>
          </gpxtpx:TrackPointExtension>
        </extensions>
      </trkpt>
      <trkpt lat="22.59352192790635" lon="113.98159356556138">
        <ele>23.196972627192736</ele>
        <time>1970-01-01T00:08:21Z</time>
        <extensions>
          <gpxtpx:TrackPointExtension>
            <gpxtpx:hr>169</gpxtpx:hr>
          </gpxtpx:TrackPointExtension>
        </extensions>
      </trkpt>
      <trkpt lat="22.59350993325542" lon="113.9815658468638">
        <ele>23.06631676107645</ele>
        <time>1970-01-01T00:08:22Z</time>
        <extensions>
          <gpxtpx:TrackPointExtension>
            <gpxtpx:hr>169</gpxtpx:hr>
          </gpxtpx:TrackPointExtension>
        </extensions>
      </trkpt>
      <trkpt lat="22.593497960271907" lon="113.98153817932436">
        <ele>22.935418048873544</ele>
        <time>1970-01-01T00:08:23Z</time>
        <extensions>
          <gpxtpx:TrackPointExtension>
            <gpxtpx:hr>169</gpxtpx:hr>
          </gpxtpx:TrackPointExtension>
        </extensions>
      </trkpt>
      <trkpt lat="22.593486164513756" lon="113.98151046056529">
        <ele>22.805342715233564</ele>
        <time>1970-01-01T00:08:24Z</time>
        <extensions>
          <gpxtpx:TrackPointExtension>
            <gpxtpx:hr>169</gpxtpx:hr>
          </gpxtpx:TrackPointExtension>
        </extensions>
      </trkpt>
      <trkpt lat="22.593475284873524" lon="113.98148231091551">
        <ele>22.676532845944166</ele>
        <time>1970-01-01T00:08:25Z</time>
        <extensions>
          <gpxtpx:TrackPointExtension>
            <gpxtpx:hr>167</gpxtpx:hr>
          </gpxtpx:TrackPointExtension>
        </extensions>
      </trkpt>
      <trkpt lat="22.593465871925936" lon="113.98145359874555">
        <ele>22.550404528155923</ele>
        <time>1970-01-01T00:08:26Z</time>
        <extensions>
          <gpxtpx:TrackPointExtension>
            <gpxtpx:hr>167</gpxtpx:hr>
          </gpxtpx:TrackPointExtension>
        </extensions>
      </trkpt>
      <trkpt lat="22.593457485453488" lon="113.98142432171556">
        <ele>22.426599863916636</ele>
        <time>1970-01-01T00:08:27Z</time>
        <extensions>
          <gpxtpx:TrackPointExtension>
            <gpxtpx:hr>167</gpxtpx:hr>
          </gpxtpx:TrackPointExtension>
        </extensions>
      </trkpt>
      <trkpt lat="22.593449763751593" lon="113.98139469461628">
        <ele>22.306446511298418</ele>
        <time>1970-01-01T00:08:28Z</time>
        <extensions>
          <gpxtpx:TrackPointExtension>
            <gpxtpx:hr>167</gpxtpx:hr>
          </gpxtpx:TrackPointExtension>
        </extensions>
      </trkpt>
      <trkpt lat="22.59344263112058" lon="113.98136490857938">
        <ele>22.19039999227971</ele>
        <time>1970-01-01T00:08:29Z</time>
        <extensions>
          <gpxtpx:TrackPointExtension>
            <gpxtpx:hr>167</gpxtpx:hr>
          </gpxtpx:TrackPointExtension>
        </extensions>
      </trkpt>
      <trkpt lat="22.593436587510645" lon="113.98133492560004">
        <ele>22.078858125954866</ele>
        <time>1970-01-01T00:08:30Z</time>
        <extensions>
          <gpxtpx:TrackPointExtension>
            <gpxtpx:hr>167</gpxtpx:hr>
          </gpxtpx:TrackPointExtension>
        </extensions>
      </trkpt>
      <trkpt lat="22.5934309608001" lon="113.98130482113373">
        <ele>21.97267800848931</ele>
        <time>1970-01-01T00:08:31Z</time>
        <extensions>
          <gpxtpx:TrackPointExtension>
            <gpxtpx:hr>167</gpxtpx:hr>
          </gpxtpx:TrackPointExtension>
        </extensions>
      </trkpt>
      <trkpt lat="22.593424909701564" lon="113.98127464387386">
        <ele>21.871386024169624</ele>
        <time>1970-01-01T00:08:32Z</time>
        <extensions>
          <gpxtpx:TrackPointExtension>
            <gpxtpx:hr>167</gpxtpx:hr>
          </gpxtpx:TrackPointExtension>
        </extensions>
      </trkpt>
      <trkpt lat="22.593418661359603" lon="113.98124463353545">
        <ele>21.77662988100201</ele>
        <time>1970-01-01T00:08:33Z</time>
        <extensions>
          <gpxtpx:TrackPointExtension>
            <gpxtpx:hr>167</gpxtpx:hr>
          </gpxtpx:TrackPointExtension>
        </extensions>
      </trkpt>
      <trkpt lat="22.59341255818922" lon="113.98121496719818">
        <ele>21.687776315957308</ele>
        <time>1970-01-01T00:08:34Z</time>
        <extensions>
          <gpxtpx:TrackPointExtension>
            <gpxtpx:hr>167</gpxtpx:hr>
          </gpxtpx:TrackPointExtension>
        </extensions>
      </trkpt>
      <trkpt lat="22.593407044862147" lon="113.98118562794598">
        <ele>21.60551853943616</ele>
        <time>1970-01-01T00:08:35Z</time>
        <extensions>
          <gpxtpx:TrackPointExtension>
            <gpxtpx:hr>167</gpxtpx:hr>
          </gpxtpx:TrackPointExtension>
        </extensions>
      </trkpt>
      <trkpt lat="22.59340262830207" lon="113.98115633956942">
        <ele>21.530622978694737</ele>
        <time>1970-01-01T00:08:36Z</time>
        <extensions>
          <gpxtpx:TrackPointExtension>
            <gpxtpx:hr>167</gpxtpx:hr>
          </gpxtpx:TrackPointExtension>
        </extensions>
      </trkpt>
      <trkpt lat="22.593399496494595" lon="113.98112684818159">
        <ele>21.464231329970062</ele>
        <time>1970-01-01T00:08:37Z</time>
        <extensions>
          <gpxtpx:TrackPointExtension>
            <gpxtpx:hr>167</gpxtpx:hr>
          </gpxtpx:TrackPointExtension>
        </extensions>
      </trkpt>
      <trkpt lat="22.593397483534574" lon="113.98109703715163">
        <ele>21.40417840704322</ele>
        <time>1970-01-01T00:08:38Z</time>
        <extensions>
          <gpxtpx:TrackPointExtension>
            <gpxtpx:hr>167</gpxtpx:hr>
          </gpxtpx:TrackPointExtension>
        </extensions>
      </trkpt>
      <trkpt lat="22.593395821121945" lon="113.98106679968934">
        <ele>21.351199170574546</ele>
        <time>1970-01-01T00:08:39Z</time>
        <extensions>
          <gpxtpx:TrackPointExtension>
            <gpxtpx:hr>167</gpxtpx:hr>
          </gpxtpx:TrackPointExtension>
        </extensions>
      </trkpt>
      <trkpt lat="22.593394279106764" lon="113.98103604663548">
        <ele>21.306146692484617</ele>
        <time>1970-01-01T00:08:40Z</time>
      </trkpt>
      <trkpt lat="22.59339366591207" lon="113.98100494365048">
        <ele>21.267436121590436</ele>
        <time>1970-01-01T00:08:41Z</time>
      </trkpt>
      <trkpt lat="22.593395029311875" lon="113.98097359748279">
        <ele>21.235325650312006</ele>
        <time>1970-01-01T00:08:42Z</time>
      </trkpt>
      <trkpt lat="22.593398226386707" lon="113.98094212685787">
        <ele>21.21109148301184</ele>
        <time>1970-01-01T00:08:43Z</time>
      </trkpt>
      <trkpt lat="22.593402003595305" lon="113.98091084439254">
        <ele>21.192229186184704</ele>
        <time>1970-01-01T00:08:44Z</time>
      </trkpt>
      <trkpt lat="22.59340611925883" lon="113.98087989487568">
        <ele>21.179037268273532</ele>
        <time>1970-01-01T00:08:45Z</time>
      </trkpt>
      <trkpt lat="22.593410759553795" lon="113.98084910706619">
        <ele>21.172982222400606</ele>
        <time>1970-01-01T00:08:46Z</time>
      </trkpt>
      <trkpt lat="22.593415367484152" lon="113.98081833112204">
        <ele>21.17164043802768</ele>
        <time>1970-01-01T00:08:47Z</time>
      </trkpt>
      <trkpt lat="22.5934193209995" lon="113.98078741924135">
        <ele>21.175715992227197</ele>
        <time>1970-01-01T00:08:48Z</time>
      </trkpt>
      <trkpt lat="22.593422535470282" lon="113.98075619915545">
        <ele>21.18539754394442</ele>
        <time>1970-01-01T00:08:49Z</time>
      </trkpt>
      <trkpt lat="22.59342550535095" lon="113.98072476897839">
        <ele>21.20046943053603</ele>
        <time>1970-01-01T00:08:50Z</time>
      </trkpt>
      <trkpt lat="22.593428494816084" lon="113.98069334355331">
        <ele>21.22126300726086</ele>
        <time>1970-01-01T00:08:51Z</time>
      </trkpt>
      <trkpt lat="22.59343115185145" lon="113.98066178433943">
        <ele>21.248317446559668</ele>
        <time>1970-01-01T00:08:52Z</time>
      </trkpt>
      <trkpt lat="22.59343358627345" lon="113.9806301135646">
        <ele>21.279901144094765</ele>
        <time>1970-01-01T00:08:53Z</time>
      </trkpt>
      <trkpt lat="22.59343579446329" lon="113.9805984215569">
        <ele>21.315968031063676</ele>
        <time>1970-01-01T00:08:54Z</time>
      </trkpt>
      <trkpt lat="22.593437591241642" lon="113.98056683911165">
        <ele>21.355223733000457</ele>
        <time>1970-01-01T00:08:55Z</time>
      </trkpt>
      <trkpt lat="22.593438899979745" lon="113.98053532985625">
        <ele>21.398378474637866</ele>
        <time>1970-01-01T00:08:56Z</time>
      </trkpt>
      <trkpt lat="22.593439822288648" lon="113.9805035612665">
        <ele>21.444859597831964</ele>
        <time>1970-01-01T00:08:57Z</time>
      </trkpt>
      <trkpt lat="22.593441119870338" lon="113.98047155260913">
        <ele>21.49236377608031</ele>
        <time>1970-01-01T00:08:58Z</time>
      </trkpt>
      <trkpt lat="22.593443300073027" lon="113.9804393395141">
        <ele>21.54142958763987</ele>
        <time>1970-01-01T00:08:59Z</time>
        <extensions>
          <gpxtpx:TrackPointExtension>
            <gpxtpx:hr>161</gpxtpx:hr>
          </gpxtpx:TrackPointExtension>
        </extensions>
      </trkpt>
      <trkpt lat="22.593445787719407" lon="113.98040695222437">
        <ele>21.59216771274805</ele>
        <time>1970-01-01T00:09:00Z</time>
        <extensions>
          <gpxtpx:TrackPointExtension>
            <gpxtpx:hr>161</gpxtpx:hr>
          </gpxtpx:TrackPointExtension>
        </extensions>
      </trkpt>
      <trkpt lat="22.593447832496484" lon="113.9803746249629">
        <ele>21.642353050410748</ele>
        <time>1970-01-01T00:09:01Z</time>
        <extensions>
          <gpxtpx:TrackPointExtension>
            <gpxtpx:hr>161</gpxtpx:hr>
          </gpxtpx:TrackPointExtension>
        </extensions>
      </trkpt>
      <trkpt lat="22.593449426366565" lon="113.9803421808682">
        <ele>21.69174983445555</ele>
        <time>1970-01-01T00:09:02Z</time>
        <extensions>
          <gpxtpx:TrackPointExtension>
            <gpxtpx:hr>161</gpxtpx:hr>
          </gpxtpx:TrackPointExtension>
        </extensions>
      </trkpt>
      <trkpt lat="22.593450761351235" lon="113.98030996921416">
        <ele>21.74009660538286</ele>
        <time>1970-01-01T00:09:03Z</time>
        <extensions>
          <gpxtpx:TrackPointExtension>
            <gpxtpx:hr>161</gpxtpx:hr>
          </gpxtpx:TrackPointExtension>
        </extensions>
      </trkpt>
      <trkpt lat="22.593451213006755" lon="113.98027842560323">
        <ele>21.786000683903694</ele>
        <time>1970-01-01T00:09:04Z</time>
        <extensions>
          <gpxtpx:TrackPointExtension>
            <gpxtpx:hr>161</gpxtpx:hr>
          </gpxtpx:TrackPointExtension>
        </extensions>
      </trkpt>
      <trkpt lat="22.593451127434047" lon="113.98024736844603">
        <ele>21.82744725048542</ele>
        <time>1970-01-01T00:09:05Z</time>
        <extensions>
          <gpxtpx:TrackPointExtension>
            <gpxtpx:hr>161</gpxtpx:hr>
          </gpxtpx:TrackPointExtension>
        </extensions>
      </trkpt>
      <trkpt lat="22.593451053054693" lon="113.98021624203085">
        <ele>21.86599769257009</ele>
        <time>1970-01-01T00:09:06Z</time>
        <extensions>
          <gpxtpx:TrackPointExtension>
            <gpxtpx:hr>161</gpxtpx:hr>
          </gpxtpx:TrackPointExtension>
        </extensions>
      </trkpt>
      <trkpt lat="22.593451012953512" lon="113.98018498294456">
        <ele>21.900750991888344</ele>
        <time>1970-01-01T00:09:07Z</time>
        <extensions>
          <gpxtpx:TrackPointExtension>
            <gpxtpx:hr>161</gpxtpx:hr>
          </gpxtpx:TrackPointExtension>
        </extensions>
      </trkpt>
      <trkpt lat="22.593450922548293" lon="113.98015382010648">
        <ele>21.932672447524965</ele>
        <time>1970-01-01T00:09:08Z</time>
        <extensions>
          <gpxtpx:TrackPointExtension>
            <gpxtpx:hr>161</gpxtpx:hr>
          </gpxtpx:TrackPointExtension>
        </extensions>
      </trkpt>
      <trkpt lat="22.593450858281567" lon="113.9801227094625">
        <ele>21.961179082281888</ele>
        <time>1970-01-01T00:09:09Z</time>
        <extensions>
          <gpxtpx:TrackPointExtension>
            <gpxtpx:hr>161</gpxtpx:hr>
          </gpxtpx:TrackPointExtension>
        </extensions>
      </trkpt>
      <trkpt lat="22.59345100170558" lon="113.98009168971036">
        <ele>21.985600240528584</ele>
        <time>1970-01-01T00:09:10Z</time>
        <extensions>
          <gpxtpx:TrackPointExtension>
            <gpxtpx:hr>153</gpxtpx:hr>
          </gpxtpx:TrackPointExtension>
        </extensions>
      </trkpt>
      <trkpt lat="22.59345098795801" lon="113.98006065517298">
        <ele>22.006508677266538</ele>
        <time>1970-01-01T00:09:11Z</time>
        <extensions>
          <gpxtpx:TrackPointExtension>
            <gpxtpx:hr>153</gpxtpx:hr>
          </gpxtpx:TrackPointExtension>
        </extensions>
      </trkpt>
      <trkpt lat="22.593450372471978" lon="113.98002969048419">
        <ele>22.023280420340598</ele>
        <time>1970-01-01T00:09:12Z</time>
        <extensions>
          <gpxtpx:TrackPointExtension>
            <gpxtpx:hr>153</gpxtpx:hr>
          </gpxtpx:TrackPointExtension>
        </extensions>
      </trkpt>
      <trkpt lat="22.593449401292865" lon="113.97999886318433">
        <ele>22.036063530482352</ele>
        <time>1970-01-01T00:09:13Z</time>
        <extensions>
          <gpxtpx:TrackPointExtension>
            <gpxtpx:hr>153</gpxtpx:hr>
          </gpxtpx:TrackPointExtension>
        </extensions>
      </trkpt>
      <trkpt lat="22.593448082545645" lon="113.97996800275271">
        <ele>22.044644618406892</ele>
        <time>1970-01-01T00:09:14Z</time>
        <extensions>
          <gpxtpx:TrackPointExtension>
            <gpxtpx:hr>153</gpxtpx:hr>
          </gpxtpx:TrackPointExtension>
        </extensions>
      </trkpt>
      <trkpt lat="22.593446578115085" lon="113.97993711096733">
        <ele>22.048926178365946</ele>
        <time>1970-01-01T00:09:15Z</time>
        <extensions>
          <gpxtpx:TrackPointExtension>
            <gpxtpx:hr>152</gpxtpx:hr>
          </gpxtpx:TrackPointExtension>
        </extensions>
      </trkpt>
      <trkpt lat="22.593444225395594" lon="113.97990618159243">
        <ele>22.048222018405795</ele>
        <time>1970-01-01T00:09:16Z</time>
        <extensions>
          <gpxtpx:TrackPointExtension>
            <gpxtpx:hr>152</gpxtpx:hr>
          </gpxtpx:TrackPointExtension>
        </extensions>
      </trkpt>
      <trkpt lat="22.59344051313091" lon="113.9798752719986">
        <ele>22.046149460598826</ele>
        <time>1970-01-01T00:09:17Z</time>
        <extensions>
          <gpxtpx:TrackPointExtension>
            <gpxtpx:hr>152</gpxtpx:hr>
          </gpxtpx:TrackPointExtension>
        </extensions>
      </trkpt>
      <trkpt lat="22.593436238320333" lon="113.97984455784245">
        <ele>22.039992759935558</ele>
        <time>1970-01-01T00:09:18Z</time>
        <extensions>
          <gpxtpx:TrackPointExtension>
            <gpxtpx:hr>152</gpxtpx:hr>
          </gpxtpx:TrackPointExtension>
        </extensions>
      </trkpt>
      <trkpt lat="22.59343177531057" lon="113.97981408749503">
        <ele>22.03100952319801</ele>
        <time>1970-01-01T00:09:19Z</time>
        <extensions>
          <gpxtpx:TrackPointExtension>
            <gpxtpx:hr>152</gpxtpx:hr>
          </gpxtpx:TrackPointExtension>
        </extensions>
      </trkpt>
      <trkpt lat="22.593427072144973" lon="113.97978386210498">
        <ele>22.016707035712898</ele>
        <time>1970-01-01T00:09:20Z</time>
        <extensions>
          <gpxtpx:TrackPointExtension>
            <gpxtpx:hr>152</gpxtpx:hr>
          </gpxtpx:TrackPointExtension>
        </extensions>
      </trkpt>
      <trkpt lat="22.593421903399573" lon="113.97975388655823">
        <ele>21.99873160663992</ele>
        <time>1970-01-01T00:09:21Z</time>
        <extensions>
          <gpxtpx:TrackPointExtension>
            <gpxtpx:hr>152</gpxtpx:hr>
          </gpxtpx:TrackPointExtension>
        </extensions>
      </trkpt>
      <trkpt lat="22.593416453388883" lon="113.97972407882054">
        <ele>21.978610699996352</ele>
        <time>1970-01-01T00:09:22Z</time>
        <extensions>
          <gpxtpx:TrackPointExtension>
            <gpxtpx:hr>152</gpxtpx:hr>
          </gpxtpx:TrackPointExtension>
        </extensions>
      </trkpt>
      <trkpt lat="22.59341098765358" lon="113.9796943747588">
        <ele>21.955748073756695</ele>
        <time>1970-01-01T00:09:23Z</time>
        <extensions>
          <gpxtpx:TrackPointExtension>
            <gpxtpx:hr>152</gpxtpx:hr>
          </gpxtpx:TrackPointExtension>
        </extensions>
      </trkpt>
      <trkpt lat="22.593405606808027" lon="113.97966475658976">
        <ele>21.929899309761822</ele>
        <time>1970-01-01T00:09:24Z</time>
        <extensions>
          <gpxtpx:TrackPointExtension>
            <gpxtpx:hr>153</gpxtpx:hr>
          </gpxtpx:TrackPointExtension>
        </extensions>
      </trkpt>
      <trkpt lat="22.59340055106202" lon="113.97963510079711">
        <ele>21.902127305977046</ele>
        <time>1970-01-01T00:09:25Z</time>
        <extensions>
          <gpxtpx:TrackPointExtension>
            <gpxtpx:hr>153</gpxtpx:hr>
          </gpxtpx:TrackPointExtension>
        </extensions>
      </trkpt>
      <trkpt lat="22.593395934889887" lon="113.97960550476995">
        <ele>21.87025737017393</ele>
        <time>1970-01-01T00:09:26Z</time>
        <extensions>
          <gpxtpx:TrackPointExtension>
            <gpxtpx:hr>153</gpxtpx:hr>
          </gpxtpx:TrackPointExtension>
        </extensions>
      </trkpt>
      <trkpt lat="22.593391968418462" lon="113.97957612286652">
        <ele>21.834763769060373</ele>
        <time>1970-01-01T00:09:27Z</time>
        <extensions>
          <gpxtpx:TrackPointExtension>
            <gpxtpx:hr>153</gpxtpx:hr>
          </gpxtpx:TrackPointExtension>
        </extensions>
      </trkpt>
      <trkpt lat="22.59338771170176" lon="113.97954700042311">
        <ele>21.795760296285152</ele>
        <time>1970-01-01T00:09:28Z</time>
        <extensions>
          <gpxtpx:TrackPointExtension>
            <gpxtpx:hr>152</gpxtpx:hr>
          </gpxtpx:TrackPointExtension>
        </extensions>
      </trkpt>
      <trkpt lat="22.593384473215785" lon="113.97951793944851">
        <ele>21.753994460217655</ele>
        <time>1970-01-01T00:09:29Z</time>
        <extensions>
          <gpxtpx:TrackPointExtension>
            <gpxtpx:hr>152</gpxtpx:hr>
          </gpxtpx:TrackPointExtension>
        </extensions>
      </trkpt>
      <trkpt lat="22.59338390244651" lon="113.97948866925309">
        <ele>21.708462012000382</ele>
        <time>1970-01-01T00:09:30Z</time>
        <extensions>
          <gpxtpx:TrackPointExtension>
            <gpxtpx:hr>152</gpxtpx:hr>
          </gpxtpx:TrackPointExtension>
        </extensions>
      </trkpt>
      <trkpt lat="22.593384952690595" lon="113.97945919779893">
        <ele>21.661678762175143</ele>
        <time>1970-01-01T00:09:31Z</time>
        <extensions>
          <gpxtpx:TrackPointExtension>
            <gpxtpx:hr>152</gpxtpx:hr>
          </gpxtpx:TrackPointExtension>
        </extensions>
      </trkpt>
      <trkpt lat="22.593386868854992" lon="113.97942947640674">
        <ele>21.61245661880821</ele>
        <time>1970-01-01T00:09:32Z</time>
        <extensions>
          <gpxtpx:TrackPointExtension>
            <gpxtpx:hr>152</gpxtpx:hr>
          </gpxtpx:TrackPointExtension>
        </extensions>
      </trkpt>
      <trkpt lat="22.59338907053648" lon="113.97939967187827">
        <ele>21.560931388288736</ele>
        <time>1970-01-01T00:09:33Z</time>
        <extensions>
          <gpxtpx:TrackPointExtension>
            <gpxtpx:hr>152</gpxtpx:hr>
          </gpxtpx:TrackPointExtension>
        </extensions>
      </trkpt>
      <trkpt lat="22.59339099072774" lon="113.97936996461952">
        <ele>21.507845644839108</ele>
        <time>1970-01-01T00:09:34Z</time>
        <extensions>
          <gpxtpx:TrackPointExtension>
            <gpxtpx:hr>151</gpxtpx:hr>
          </gpxtpx:TrackPointExtension>
        </extensions>
      </trkpt>
      <trkpt lat="22.59339230869507" lon="113.97934031016239">
        <ele>21.45388800650835</ele>
        <time>1970-01-01T00:09:35Z</time>
        <extensions>
          <gpxtpx:TrackPointExtension>
            <gpxtpx:hr>151</gpxtpx:hr>
          </gpxtpx:TrackPointExtension>
        </extensions>
      </trkpt>
      <trkpt lat="22.59339296045945" lon="113.97931081706948">
        <ele>21.399036029353738</ele>
        <time>1970-01-01T00:09:36Z</time>
        <extensions>
          <gpxtpx:TrackPointExtension>
            <gpxtpx:hr>151</gpxtpx:hr>
          </gpxtpx:TrackPointExtension>
        </extensions>
      </trkpt>
      <trkpt lat="22.593393997718387" lon="113.97928129863033">
        <ele>21.344052681699395</ele>
        <time>1970-01-01T00:09:37Z</time>
        <extensions>
          <gpxtpx:TrackPointExtension>
            <gpxtpx:hr>151</gpxtpx:hr>
          </gpxtpx:TrackPointExtension>
        </extensions>
      </trkpt>
      <trkpt lat="22.593395710967414" lon="113.97925175150395">
        <ele>21.288877754472196</ele>
        <time>1970-01-01T00:09:38Z</time>
        <extensions>
          <gpxtpx:TrackPointExtension>
            <gpxtpx:hr>151</gpxtpx:hr>
          </gpxtpx:TrackPointExtension>
        </extensions>
      </trkpt>
      <trkpt lat="22.59339723503763" lon="113.97922205524645">
        <ele>21.2336969897151</ele>
        <time>1970-01-01T00:09:39Z</time>
        <extensions>
          <gpxtpx:TrackPointExtension>
            <gpxtpx:hr>151</gpxtpx:hr>
          </gpxtpx:TrackPointExtension>
        </extensions>
      </trkpt>
      <trkpt lat="22.59339838808908" lon="113.97919242068804">
        <ele>21.17933316156268</ele>
        <time>1970-01-01T00:09:40Z</time>
        <extensions>
          <gpxtpx:TrackPointExtension>
            <gpxtpx:hr>151</gpxtpx:hr>
          </gpxtpx:TrackPointExtension>
        </extensions>
      </trkpt>
      <trkpt lat="22.593398529151123" lon="113.97916289991647">
        <ele>21.12420970760286</ele>
        <time>1970-01-01T00:09:41Z</time>
        <extensions>
          <gpxtpx:TrackPointExtension>
            <gpxtpx:hr>152</gpxtpx:hr>
          </gpxtpx:TrackPointExtension>
        </extensions>
      </trkpt>
      <trkpt lat="22.593397981911775" lon="113.97913354118442">
        <ele>21.069363674148917</ele>
        <time>1970-01-01T00:09:42Z</time>
        <extensions>
          <gpxtpx:TrackPointExtension>
            <gpxtpx:hr>152</gpxtpx:hr>
          </gpxtpx:TrackPointExtension>
        </extensions>
      </trkpt>
      <trkpt lat="22.593397256725567" lon="113.97910415448948">
        <ele>21.015875623561442</ele>
        <time>1970-01-01T00:09:43Z</time>
        <extensions>
          <gpxtpx:TrackPointExtension>
            <gpxtpx:hr>152</gpxtpx:hr>
          </gpxtpx:TrackPointExtension>
        </extensions>
      </trkpt>
      <trkpt lat="22.59339622052553" lon="113.97907483235862">
        <ele>20.963068111799657</ele>
        <time>1970-01-01T00:09:44Z</time>
        <extensions>
          <gpxtpx:TrackPointExtension>
            <gpxtpx:hr>152</gpxtpx:hr>
          </gpxtpx:TrackPointExtension>
        </extensions>
      </trkpt>
      <trkpt lat="22.59339460174946" lon="113.97904564103436">
        <ele>20.912713441997766</ele>
        <time>1970-01-01T00:09:45Z</time>
        <extensions>
          <gpxtpx:TrackPointExtension>
            <gpxtpx:hr>152</gpxtpx:hr>
          </gpxtpx:TrackPointExtension>
        </extensions>
      </trkpt>
      <trkpt lat="22.593392392623908" lon="113.97901652045914">
        <ele>20.861879262141883</ele>
        <time>1970-01-01T00:09:46Z</time>
        <extensions>
          <gpxtpx:TrackPointExtension>
            <gpxtpx:hr>152</gpxtpx:hr>
          </gpxtpx:TrackPointExtension>
        </extensions>
      </trkpt>
      <trkpt lat="22.593389543245003" lon="113.97898750553752">
        <ele>20.811070915311575</ele>
        <time>1970-01-01T00:09:47Z</time>
        <extensions>
          <gpxtpx:TrackPointExtension>
            <gpxtpx:hr>150</gpxtpx:hr>
          </gpxtpx:TrackPointExtension>
        </extensions>
      </trkpt>
      <trkpt lat="22.593386387743788" lon="113.9789586095835">
        <ele>20.759964394383132</ele>
        <time>1970-01-01T00:09:48Z</time>
        <extensions>
          <gpxtpx:TrackPointExtension>
            <gpxtpx:hr>150</gpxtpx:hr>
          </gpxtpx:TrackPointExtension>
        </extensions>
      </trkpt>
      <trkpt lat="22.593383331715014" lon="113.97892956032166">
        <ele>20.70764265023172</ele>
        <time>1970-01-01T00:09:49Z</time>
        <extensions>
          <gpxtpx:TrackPointExtension>
            <gpxtpx:hr>150</gpxtpx:hr>
          </gpxtpx:TrackPointExtension>
        </extensions>
      </trkpt>
      <trkpt lat="22.593379906790666" lon="113.97890046025773">
        <ele>20.65435403212905</ele>
        <time>1970-01-01T00:09:50Z</time>
        <extensions>
          <gpxtpx:TrackPointExtension>
            <gpxtpx:hr>150</gpxtpx:hr>
          </gpxtpx:TrackPointExtension>
        </extensions>
      </trkpt>
      <trkpt lat="22.593376044416676" lon="113.97887132041635">
        <ele>20.599559503607452</ele>
        <time>1970-01-01T00:09:51Z</time>
        <extensions>
          <gpxtpx:TrackPointExtension>
            <gpxtpx:hr>149</gpxtpx:hr>
          </gpxtpx:TrackPointExtension>
        </extensions>
      </trkpt>
      <trkpt lat="22.593372240189204" lon="113.9788422484096">
        <ele>20.54240987636149</ele>
        <time>1970-01-01T00:09:52Z</time>
        <extensions>
          <gpxtpx:TrackPointExtension>
            <gpxtpx:hr>149</gpxtpx:hr>
          </gpxtpx:TrackPointExtension>
        </extensions>
      </trkpt>
      <trkpt lat="22.593368966735685" lon="113.97881305937968">
        <ele>20.483292168937624</ele>
        <time>1970-01-01T00:09:53Z</time>
        <extensions>
          <gpxtpx:TrackPointExtension>
            <gpxtpx:hr>149</gpxtpx:hr>
          </gpxtpx:TrackPointExtension>
        </extensions>
      </trkpt>
      <trkpt lat="22.593366007634337" lon="113.97878373064223">
        <ele>20.42384817264974</ele>
        <time>1970-01-01T00:09:54Z</time>
        <extensions>
          <gpxtpx:TrackPointExtension>
            <gpxtpx:hr>149</gpxtpx:hr>
          </gpxtpx:TrackPointExtension>
        </extensions>
      </trkpt>
      <trkpt lat="22.59336332644363" lon="113.9787540164969">
        <ele>20.36519228387624</ele>
        <time>1970-01-01T00:09:55Z</time>
        <extensions>
          <gpxtpx:TrackPointExtension>
            <gpxtpx:hr>149</gpxtpx:hr>
          </gpxtpx:TrackPointExtension>
        </extensions>
      </trkpt>
      <trkpt lat="22.593361724800033" lon="113.97872407967883">
        <ele>20.307166032493114</ele>
        <time>1970-01-01T00:09:56Z</time>
        <extensions>
          <gpxtpx:TrackPointExtension>
            <gpxtpx:hr>149</gpxtpx:hr>
          </gpxtpx:TrackPointExtension>
        </extensions>
      </trkpt>
      <trkpt lat="22.593360735957216" lon="113.97869405141287">
        <ele>20.249859200790524</ele>
        <time>1970-01-01T00:09:57Z</time>
        <extensions>
          <gpxtpx:TrackPointExtension>
            <gpxtpx:hr>149</gpxtpx:hr>
          </gpxtpx:TrackPointExtension>
        </extensions>
      </trkpt>
      <trkpt lat="22.593359791727856" lon="113.97866399394253">
        <ele>20.196363551542163</ele>
        <time>1970-01-01T00:09:58Z</time>
        <extensions>
          <gpxtpx:TrackPointExtension>
            <gpxtpx:hr>149</gpxtpx:hr>
          </gpxtpx:TrackPointExtension>
        </extensions>
      </trkpt>
      <trkpt lat="22.59335884142379" lon="113.97863381222041">
        <ele>20.14509477186948</ele>
        <time>1970-01-01T00:09:59Z</time>
        <extensions>
          <gpxtpx:TrackPointExtension>
            <gpxtpx:hr>151</gpxtpx:hr>
          </gpxtpx:TrackPointExtension>
        </extensions>
      </trkpt>
      <trkpt lat="22.593358216543507" lon="113.97860365970739">
        <ele>20.096122847869992</ele>
        <time>1970-01-01T00:10:00Z</time>
        <extensions>
          <gpxtpx:TrackPointExtension>
            <gpxtpx:hr>151</gpxtpx:hr>
          </gpxtpx:TrackPointExtension>
        </extensions>
      </trkpt>
      <trkpt lat="22.593358227546435" lon="113.97857356295076">
        <ele>20.04631145298481</ele>
        <time>1970-01-01T00:10:01Z</time>
        <extensions>
          <gpxtpx:TrackPointExtension>
            <gpxtpx:hr>151</gpxtpx:hr>
          </gpxtpx:TrackPointExtension>
        </extensions>
      </trkpt>
      <trkpt lat="22.593357981431975" lon="113.97854365311015">
        <ele>19.99422656930983</ele>
        <time>1970-01-01T00:10:02Z</time>
        <extensions>
          <gpxtpx:TrackPointExtension>
            <gpxtpx:hr>151</gpxtpx:hr>
          </gpxtpx:TrackPointExtension>
        </extensions>
      </trkpt>
      <trkpt lat="22.59335715672055" lon="113.97851399114646">
        <ele>19.94265515729785</ele>
        <time>1970-01-01T00:10:03Z</time>
        <extensions>
          <gpxtpx:TrackPointExtension>
            <gpxtpx:hr>151</gpxtpx:hr>
          </gpxtpx:TrackPointExtension>
        </extensions>
      </trkpt>
      <trkpt lat="22.593355692837182" lon="113.97848463314277">
        <ele>19.891545236110687</ele>
        <time>1970-01-01T00:10:04Z</time>
        <extensions>
          <gpxtpx:TrackPointExtension>
            <gpxtpx:hr>152</gpxtpx:hr>
          </gpxtpx:TrackPointExtension>
        </extensions>
      </trkpt>
      <trkpt lat="22.593353867623065" lon="113.9784555785733">
        <ele>19.840185726992786</ele>
        <time>1970-01-01T00:10:05Z</time>
        <extensions>
          <gpxtpx:TrackPointExtension>
            <gpxtpx:hr>152</gpxtpx:hr>
          </gpxtpx:TrackPointExtension>
        </extensions>
      </trkpt>
      <trkpt lat="22.593351970612275" lon="113.97842673935358">
        <ele>19.78959950711578</ele>
        <time>1970-01-01T00:10:06Z</time>
        <extensions>
          <gpxtpx:TrackPointExtension>
            <gpxtpx:hr>152</gpxtpx:hr>
          </gpxtpx:TrackPointExtension>
        </extensions>
      </trkpt>
      <trkpt lat="22.593350245795385" lon="113.97839800374712">
        <ele>19.739722283557057</ele>
        <time>1970-01-01T00:10:07Z</time>
        <extensions>
          <gpxtpx:TrackPointExtension>
            <gpxtpx:hr>152</gpxtpx:hr>
          </gpxtpx:TrackPointExtension>
        </extensions>
      </trkpt>
      <trkpt lat="22.59334862725456" lon="113.9783691070247">
        <ele>19.69030573964119</ele>
        <time>1970-01-01T00:10:08Z</time>
        <extensions>
          <gpxtpx:TrackPointExtension>
            <gpxtpx:hr>152</gpxtpx:hr>
          </gpxtpx:TrackPointExtension>
        </extensions>
      </trkpt>
      <trkpt lat="22.59334682874759" lon="113.97833996139771">
        <ele>19.642154870554805</ele>
        <time>1970-01-01T00:10:09Z</time>
        <extensions>
          <gpxtpx:TrackPointExtension>
            <gpxtpx:hr>152</gpxtpx:hr>
          </gpxtpx:TrackPointExtension>
        </extensions>
      </trkpt>
      <trkpt lat="22.59334492630127" lon="113.97831068111209">
        <ele>19.593193396925926</ele>
        <time>1970-01-01T00:10:10Z</time>
        <extensions>
          <gpxtpx:TrackPointExtension>
            <gpxtpx:hr>152</gpxtpx:hr>
          </gpxtpx:TrackPointExtension>
        </extensions>
      </trkpt>
      <trkpt lat="22.593342629121246" lon="113.97828139504514">
        <ele>19.54415559861809</ele>
        <time>1970-01-01T00:10:11Z</time>
        <extensions>
          <gpxtpx:TrackPointExtension>
            <gpxtpx:hr>152</gpxtpx:hr>
          </gpxtpx:TrackPointExtension>
        </extensions>
      </trkpt>
      <trkpt lat="22.593339768277556" lon="113.9782522753164">
        <ele>19.494501262903214</ele>
        <time>1970-01-01T00:10:12Z</time>
        <extensions>
          <gpxtpx:TrackPointExtension>
            <gpxtpx:hr>152</gpxtpx:hr>
          </gpxtpx:TrackPointExtension>
        </extensions>
      </trkpt>
      <trkpt lat="22.593336274476002" lon="113.97822325005744">
        <ele>19.443603579886258</ele>
        <time>1970-01-01T00:10:13Z</time>
        <extensions>
          <gpxtpx:TrackPointExtension>
            <gpxtpx:hr>152</gpxtpx:hr>
          </gpxtpx:TrackPointExtension>
        </extensions>
      </trkpt>
      <trkpt lat="22.593332951642818" lon="113.97819411854704">
        <ele>19.392933723516762</ele>
        <time>1970-01-01T00:10:14Z</time>
        <extensions>
          <gpxtpx:TrackPointExtension>
            <gpxtpx:hr>152</gpxtpx:hr>
          </gpxtpx:TrackPointExtension>
        </extensions>
      </trkpt>
      <trkpt lat="22.593330329430685" lon="113.9781647539208">
        <ele>19.341421167366207</ele>
        <time>1970-01-01T00:10:15Z</time>
        <extensions>
          <gpxtpx:TrackPointExtension>
            <gpxtpx:hr>152</gpxtpx:hr>
          </gpxtpx:TrackPointExtension>
        </extensions>
      </trkpt>
      <trkpt lat="22.59332818505617" lon="113.97813518995076">
        <ele>19.28832400776446</ele>
        <time>1970-01-01T00:10:16Z</time>
        <extensions>
          <gpxtpx:TrackPointExtension>
            <gpxtpx:hr>152</gpxtpx:hr>
          </gpxtpx:TrackPointExtension>
        </extensions>
      </trkpt>
      <trkpt lat="22.59332649171104" lon="113.9781053937357">
        <ele>19.234913310967386</ele>
        <time>1970-01-01T00:10:17Z</time>
        <extensions>
          <gpxtpx:TrackPointExtension>
            <gpxtpx:hr>152</gpxtpx:hr>
          </gpxtpx:TrackPointExtension>
        </extensions>
      </trkpt>
      <trkpt lat="22.59332495307393" lon="113.9780754386739">
        <ele>19.181967188604176</ele>
        <time>1970-01-01T00:10:18Z</time>
        <extensions>
          <gpxtpx:TrackPointExtension>
            <gpxtpx:hr>152</gpxtpx:hr>
          </gpxtpx:TrackPointExtension>
        </extensions>
      </trkpt>
      <trkpt lat="22.593323417615725" lon="113.97804546546287">
        <ele>19.12836484145373</ele>
        <time>1970-01-01T00:10:19Z</time>
        <extensions>
          <gpxtpx:TrackPointExtension>
            <gpxtpx:hr>152</gpxtpx:hr>
          </gpxtpx:TrackPointExtension>
        </extensions>
      </trkpt>
      <trkpt lat="22.59332236402874" lon="113.97801554358787">
        <ele>19.07584555633366</ele>
        <time>1970-01-01T00:10:20Z</time>
        <extensions>
          <gpxtpx:TrackPointExtension>
            <gpxtpx:hr>152</gpxtpx:hr>
          </gpxtpx:TrackPointExtension>
        </extensions>
      </trkpt>
      <trkpt lat="22.593322136692894" lon="113.97798561904506">
        <ele>19.02537499088794</ele>
        <time>1970-01-01T00:10:21Z</time>
        <extensions>
          <gpxtpx:TrackPointExtension>
            <gpxtpx:hr>154</gpxtpx:hr>
          </gpxtpx:TrackPointExtension>
        </extensions>
      </trkpt>
      <trkpt lat="22.59332254421288" lon="113.97795564676483">
        <ele>18.97536278422922</ele>
        <time>1970-01-01T00:10:22Z</time>
        <extensions>
          <gpxtpx:TrackPointExtension>
            <gpxtpx:hr>154</gpxtpx:hr>
          </gpxtpx:TrackPointExtension>
        </extensions>
      </trkpt>
      <trkpt lat="22.59332289996539" lon="113.97792565496599">
        <ele>18.927239630371332</ele>
        <time>1970-01-01T00:10:23Z</time>
        <extensions>
          <gpxtpx:TrackPointExtension>
            <gpxtpx:hr>154</gpxtpx:hr>
          </gpxtpx:TrackPointExtension>
        </extensions>
      </trkpt>
      <trkpt lat="22.593322623516244" lon="113.9778957935634">
        <ele>18.882595473900437</ele>
        <time>1970-01-01T00:10:24Z</time>
        <extensions>
          <gpxtpx:TrackPointExtension>
            <gpxtpx:hr>154</gpxtpx:hr>
          </gpxtpx:TrackPointExtension>
        </extensions>
      </trkpt>
      <trkpt lat="22.593321740188422" lon="113.9778660075855">
        <ele>18.83844114188105</ele>
        <time>1970-01-01T00:10:25Z</time>
        <extensions>
          <gpxtpx:TrackPointExtension>
            <gpxtpx:hr>154</gpxtpx:hr>
          </gpxtpx:TrackPointExtension>
        </extensions>
      </trkpt>
      <trkpt lat="22.593320439972043" lon="113.97783652964725">
        <ele>18.79684165492654</ele>
        <time>1970-01-01T00:10:26Z</time>
        <extensions>
          <gpxtpx:TrackPointExtension>
            <gpxtpx:hr>153</gpxtpx:hr>
          </gpxtpx:TrackPointExtension>
        </extensions>
      </trkpt>
      <trkpt lat="22.593318992535963" lon="113.97780730184732">
        <ele>18.757788359187543</ele>
        <time>1970-01-01T00:10:27Z</time>
        <extensions>
          <gpxtpx:TrackPointExtension>
            <gpxtpx:hr>153</gpxtpx:hr>
          </gpxtpx:TrackPointExtension>
        </extensions>
      </trkpt>
      <trkpt lat="22.59331776679531" lon="113.97777817352355">
        <ele>18.718172498978674</ele>
        <time>1970-01-01T00:10:28Z</time>
        <extensions>
          <gpxtpx:TrackPointExtension>
            <gpxtpx:hr>153</gpxtpx:hr>
          </gpxtpx:TrackPointExtension>
        </extensions>
      </trkpt>
      <trkpt lat="22.593316605463556" lon="113.97774915066553">
        <ele>18.678153983317316</ele>
        <time>1970-01-01T00:10:29Z</time>
        <extensions>
          <gpxtpx:TrackPointExtension>
            <gpxtpx:hr>153</gpxtpx:hr>
          </gpxtpx:TrackPointExtension>
        </extensions>
      </trkpt>
      <trkpt lat="22.593314873463036" lon="113.97772021834834">
        <ele>18.638670668937266</ele>
        <time>1970-01-01T00:10:30Z</time>
        <extensions>
          <gpxtpx:TrackPointExtension>
            <gpxtpx:hr>153</gpxtpx:hr>
          </gpxtpx:TrackPointExtension>
        </extensions>
      </trkpt>
      <trkpt lat="22.593312494156095" lon="113.97769105521692">
        <ele>18.59781911596656</ele>
        <time>1970-01-01T00:10:31Z</time>
        <extensions>
          <gpxtpx:TrackPointExtension>
            <gpxtpx:hr>153</gpxtpx:hr>
          </gpxtpx:TrackPointExtension>
        </extensions>
      </trkpt>
      <trkpt lat="22.593311327342835" lon="113.97766154100421">
        <ele>18.555460784584284</ele>
        <time>1970-01-01T00:10:32Z</time>
        <extensions>
          <gpxtpx:TrackPointExtension>
            <gpxtpx:hr>153</gpxtpx:hr>
          </gpxtpx:TrackPointExtension>
        </extensions>
      </trkpt>
      <trkpt lat="22.593312522844055" lon="113.97763188210672">
        <ele>18.510954750701785</ele>
        <time>1970-01-01T00:10:33Z</time>
        <extensions>
          <gpxtpx:TrackPointExtension>
            <gpxtpx:hr>153</gpxtpx:hr>
          </gpxtpx:TrackPointExtension>
        </extensions>
      </trkpt>
      <trkpt lat="22.59331468986445" lon="113.97760224587323">
        <ele>18.461270729079843</ele>
        <time>1970-01-01T00:10:34Z</time>
        <extensions>
          <gpxtpx:TrackPointExtension>
            <gpxtpx:hr>153</gpxtpx:hr>
          </gpxtpx:TrackPointExtension>
        </extensions>
      </trkpt>
      <trkpt lat="22.593317172696807" lon="113.97757263627413">
        <ele>18.40679807215929</ele>
        <time>1970-01-01T00:10:35Z</time>
        <extensions>
          <gpxtpx:TrackPointExtension>
            <gpxtpx:hr>153</gpxtpx:hr>
          </gpxtpx:TrackPointExtension>
        </extensions>
      </trkpt>
      <trkpt lat="22.593319720239865" lon="113.97754321705723">
        <ele>18.347169534303248</ele>
        <time>1970-01-01T00:10:36Z</time>
        <extensions>
          <gpxtpx:TrackPointExtension>
            <gpxtpx:hr>153</gpxtpx:hr>
          </gpxtpx:TrackPointExtension>
        </extensions>
      </trkpt>
      <trkpt lat="22.593322106118773" lon="113.97751406275893">
        <ele>18.280453694052994</ele>
        <time>1970-01-01T00:10:37Z</time>
        <extensions>
          <gpxtpx:TrackPointExtension>
            <gpxtpx:hr>153</gpxtpx:hr>
          </gpxtpx:TrackPointExtension>
        </extensions>
      </trkpt>
      <trkpt lat="22.593324429126923" lon="113.97748509206038">
        <ele>18.208143822848797</ele>
        <time>1970-01-01T00:10:38Z</time>
        <extensions>
          <gpxtpx:TrackPointExtension>
            <gpxtpx:hr>153</gpxtpx:hr>
          </gpxtpx:TrackPointExtension>
        </extensions>
      </trkpt>
      <trkpt lat="22.593326439191447" lon="113.9774560275723">
        <ele>18.130000876262784</ele>
        <time>1970-01-01T00:10:39Z</time>
        <extensions>
          <gpxtpx:TrackPointExtension>
            <gpxtpx:hr>153</gpxtpx:hr>
          </gpxtpx:TrackPointExtension>
        </extensions>
      </trkpt>
      <trkpt lat="22.593328333579027" lon="113.97742677391702">
        <ele>18.046234101988375</ele>
        <time>1970-01-01T00:10:40Z</time>
        <extensions>
          <gpxtpx:TrackPointExtension>
            <gpxtpx:hr>153</gpxtpx:hr>
          </gpxtpx:TrackPointExtension>
        </extensions>
      </trkpt>
      <trkpt lat="22.593330065962476" lon="113.9773972283357">
        <ele>17.95824906695634</ele>
        <time>1970-01-01T00:10:41Z</time>
        <extensions>
          <gpxtpx:TrackPointExtension>
            <gpxtpx:hr>153</gpxtpx:hr>
          </gpxtpx:TrackPointExtension>
        </extensions>
      </trkpt>
      <trkpt lat="22.5933312335359" lon="113.97736737046137">
        <ele>17.8657809458673</ele>
        <time>1970-01-01T00:10:42Z</time>
        <extensions>
          <gpxtpx:TrackPointExtension>
            <gpxtpx:hr>153</gpxtpx:hr>
          </gpxtpx:TrackPointExtension>
        </extensions>
      </trkpt>
      <trkpt lat="22.593331720947237" lon="113.97733722510559">
        <ele>17.769341996870935</ele>
        <time>1970-01-01T00:10:43Z</time>
        <extensions>
          <gpxtpx:TrackPointExtension>
            <gpxtpx:hr>153</gpxtpx:hr>
          </gpxtpx:TrackPointExtension>
        </extensions>
      </trkpt>
      <trkpt lat="22.593331524697984" lon="113.97730665881187">
        <ele>17.671238609589636</ele>
        <time>1970-01-01T00:10:44Z</time>
        <extensions>
          <gpxtpx:TrackPointExtension>
            <gpxtpx:hr>153</gpxtpx:hr>
          </gpxtpx:TrackPointExtension>
        </extensions>
      </trkpt>
      <trkpt lat="22.593331575977118" lon="113.97727573498302">
        <ele>17.57142742909491</ele>
        <time>1970-01-01T00:10:45Z</time>
        <extensions>
          <gpxtpx:TrackPointExtension>
            <gpxtpx:hr>153</gpxtpx:hr>
          </gpxtpx:TrackPointExtension>
        </extensions>
      </trkpt>
      <trkpt lat="22.59333271218502" lon="113.97724460506998">
        <ele>17.469487919472158</ele>
        <time>1970-01-01T00:10:46Z</time>
        <extensions>
          <gpxtpx:TrackPointExtension>
            <gpxtpx:hr>153</gpxtpx:hr>
          </gpxtpx:TrackPointExtension>
        </extensions>
      </trkpt>
      <trkpt lat="22.593335378111362" lon="113.9772137288916">
        <ele>17.366079654544592</ele>
        <time>1970-01-01T00:10:47Z</time>
        <extensions>
          <gpxtpx:TrackPointExtension>
            <gpxtpx:hr>153</gpxtpx:hr>
          </gpxtpx:TrackPointExtension>
        </extensions>
      </trkpt>
      <trkpt lat="22.593338360953258" lon="113.97718318542313">
        <ele>17.26172498986125</ele>
        <time>1970-01-01T00:10:48Z</time>
        <extensions>
          <gpxtpx:TrackPointExtension>
            <gpxtpx:hr>153</gpxtpx:hr>
          </gpxtpx:TrackPointExtension>
        </extensions>
      </trkpt>
      <trkpt lat="22.59333981866707" lon="113.97715252299075">
        <ele>17.15622801333666</ele>
        <time>1970-01-01T00:10:49Z</time>
        <extensions>
          <gpxtpx:TrackPointExtension>
            <gpxtpx:hr>153</gpxtpx:hr>
          </gpxtpx:TrackPointExtension>
        </extensions>
      </trkpt>
      <trkpt lat="22.59334044686656" lon="113.97712159978074">
        <ele>17.050412182696164</ele>
        <time>1970-01-01T00:10:50Z</time>
        <extensions>
          <gpxtpx:TrackPointExtension>
            <gpxtpx:hr>151</gpxtpx:hr>
          </gpxtpx:TrackPointExtension>
        </extensions>
      </trkpt>
      <trkpt lat="22.59334143271523" lon="113.97709026169791">
        <ele>16.94611157849431</ele>
        <time>1970-01-01T00:10:51Z</time>
        <extensions>
          <gpxtpx:TrackPointExtension>
            <gpxtpx:hr>151</gpxtpx:hr>
          </gpxtpx:TrackPointExtension>
        </extensions>
      </trkpt>
      <trkpt lat="22.593342864293614" lon="113.97705866318141">
        <ele>16.84220559988171</ele>
        <time>1970-01-01T00:10:52Z</time>
        <extensions>
          <gpxtpx:TrackPointExtension>
            <gpxtpx:hr>151</gpxtpx:hr>
          </gpxtpx:TrackPointExtension>
        </extensions>
      </trkpt>
      <trkpt lat="22.59334407450205" lon="113.97702690928519">
        <ele>16.740688260644674</ele>
        <time>1970-01-01T00:10:53Z</time>
        <extensions>
          <gpxtpx:TrackPointExtension>
            <gpxtpx:hr>151</gpxtpx:hr>
          </gpxtpx:TrackPointExtension>
        </extensions>
      </trkpt>
      <trkpt lat="22.59334444824031" lon="113.97699511719043">
        <ele>16.644579625688493</ele>
        <time>1970-01-01T00:10:54Z</time>
        <extensions>
          <gpxtpx:TrackPointExtension>
            <gpxtpx:hr>151</gpxtpx:hr>
          </gpxtpx:TrackPointExtension>
        </extensions>
      </trkpt>
      <trkpt lat="22.59334420232516" lon="113.97696339638728">
        <ele>16.552934382110834</ele>
        <time>1970-01-01T00:10:55Z</time>
        <extensions>
          <gpxtpx:TrackPointExtension>
            <gpxtpx:hr>151</gpxtpx:hr>
          </gpxtpx:TrackPointExtension>
        </extensions>
      </trkpt>
      <trkpt lat="22.593343459152692" lon="113.97693165402858">
        <ele>16.467748227529228</ele>
        <time>1970-01-01T00:10:56Z</time>
        <extensions>
          <gpxtpx:TrackPointExtension>
            <gpxtpx:hr>150</gpxtpx:hr>
          </gpxtpx:TrackPointExtension>
        </extensions>
      </trkpt>
      <trkpt lat="22.593341847226124" lon="113.97689994080974">
        <ele>16.387979215942323</ele>
        <time>1970-01-01T00:10:57Z</time>
        <extensions>
          <gpxtpx:TrackPointExtension>
            <gpxtpx:hr>150</gpxtpx:hr>
          </gpxtpx:TrackPointExtension>
        </extensions>
      </trkpt>
      <trkpt lat="22.593339118877033" lon="113.97686852785311">
        <ele>16.313878533430398</ele>
        <time>1970-01-01T00:10:58Z</time>
        <extensions>
          <gpxtpx:TrackPointExtension>
            <gpxtpx:hr>150</gpxtpx:hr>
          </gpxtpx:TrackPointExtension>
        </extensions>
      </trkpt>
      <trkpt lat="22.593336020907827" lon="113.97683761760233">
        <ele>16.246604061685503</ele>
        <time>1970-01-01T00:10:59Z</time>
        <extensions>
          <gpxtpx:TrackPointExtension>
            <gpxtpx:hr>150</gpxtpx:hr>
          </gpxtpx:TrackPointExtension>
        </extensions>
      </trkpt>
      <trkpt lat="22.593333202905452" lon="113.97680711556868">
        <ele>16.18457738030702</ele>
        <time>1970-01-01T00:11:00Z</time>
        <extensions>
          <gpxtpx:TrackPointExtension>
            <gpxtpx:hr>150</gpxtpx:hr>
          </gpxtpx:TrackPointExtension>
        </extensions>
      </trkpt>
      <trkpt lat="22.5933300249025" lon="113.97677666525806">
        <ele>16.126124070957303</ele>
        <time>1970-01-01T00:11:01Z</time>
        <extensions>
          <gpxtpx:TrackPointExtension>
            <gpxtpx:hr>150</gpxtpx:hr>
          </gpxtpx:TrackPointExtension>
        </extensions>
      </trkpt>
      <trkpt lat="22.59332588453182" lon="113.97674607500099">
        <ele>16.075403324328363</ele>
        <time>1970-01-01T00:11:02Z</time>
        <extensions>
          <gpxtpx:TrackPointExtension>
            <gpxtpx:hr>150</gpxtpx:hr>
          </gpxtpx:TrackPointExtension>
        </extensions>
      </trkpt>
      <trkpt lat="22.593320421112807" lon="113.97671518803911">
        <ele>16.024893860332668</ele>
        <time>1970-01-01T00:11:03Z</time>
        <extensions>
          <gpxtpx:TrackPointExtension>
            <gpxtpx:hr>150</gpxtpx:hr>
          </gpxtpx:TrackPointExtension>
        </extensions>
      </trkpt>
      <trkpt lat="22.59331411552228" lon="113.97668428416041">
        <ele>15.977597053162754</ele>
        <time>1970-01-01T00:11:04Z</time>
        <extensions>
          <gpxtpx:TrackPointExtension>
            <gpxtpx:hr>151</gpxtpx:hr>
          </gpxtpx:TrackPointExtension>
        </extensions>
      </trkpt>
      <trkpt lat="22.593307189912704" lon="113.97665354760781">
        <ele>15.933300788514316</ele>
        <time>1970-01-01T00:11:05Z</time>
        <extensions>
          <gpxtpx:TrackPointExtension>
            <gpxtpx:hr>151</gpxtpx:hr>
          </gpxtpx:TrackPointExtension>
        </extensions>
      </trkpt>
      <trkpt lat="22.593300074798677" lon="113.97662314483303">
        <ele>15.893830625340343</ele>
        <time>1970-01-01T00:11:06Z</time>
        <extensions>
          <gpxtpx:TrackPointExtension>
            <gpxtpx:hr>151</gpxtpx:hr>
          </gpxtpx:TrackPointExtension>
        </extensions>
      </trkpt>
      <trkpt lat="22.593293111885526" lon="113.97659282845946">
        <ele>15.8551104394719</ele>
        <time>1970-01-01T00:11:07Z</time>
        <extensions>
          <gpxtpx:TrackPointExtension>
            <gpxtpx:hr>151</gpxtpx:hr>
          </gpxtpx:TrackPointExtension>
        </extensions>
      </trkpt>
      <trkpt lat="22.5932859785186" lon="113.97656248929496">
        <ele>15.818002686835825</ele>
        <time>1970-01-01T00:11:08Z</time>
        <extensions>
          <gpxtpx:TrackPointExtension>
            <gpxtpx:hr>151</gpxtpx:hr>
          </gpxtpx:TrackPointExtension>
        </extensions>
      </trkpt>
      <trkpt lat="22.593278908718744" lon="113.97653201633426">
        <ele>15.78108268044889</ele>
        <time>1970-01-01T00:11:09Z</time>
        <extensions>
          <gpxtpx:TrackPointExtension>
            <gpxtpx:hr>150</gpxtpx:hr>
          </gpxtpx:TrackPointExtension>
        </extensions>
      </trkpt>
      <trkpt lat="22.593271905915778" lon="113.97650146480836">
        <ele>15.74498487636447</ele>
        <time>1970-01-01T00:11:10Z</time>
        <extensions>
          <gpxtpx:TrackPointExtension>
            <gpxtpx:hr>150</gpxtpx:hr>
          </gpxtpx:TrackPointExtension>
        </extensions>
      </trkpt>
      <trkpt lat="22.593265086148268" lon="113.97647064001467">
        <ele>15.711052506230772</ele>
        <time>1970-01-01T00:11:11Z</time>
        <extensions>
          <gpxtpx:TrackPointExtension>
            <gpxtpx:hr>150</gpxtpx:hr>
          </gpxtpx:TrackPointExtension>
        </extensions>
      </trkpt>
      <trkpt lat="22.59325879523949" lon="113.97643944959451">
        <ele>15.679399637505412</ele>
        <time>1970-01-01T00:11:12Z</time>
        <extensions>
          <gpxtpx:TrackPointExtension>
            <gpxtpx:hr>150</gpxtpx:hr>
          </gpxtpx:TrackPointExtension>
        </extensions>
      </trkpt>
      <trkpt lat="22.593253380762444" lon="113.97640782947835">
        <ele>15.647663946263492</ele>
        <time>1970-01-01T00:11:13Z</time>
        <extensions>
          <gpxtpx:TrackPointExtension>
            <gpxtpx:hr>150</gpxtpx:hr>
          </gpxtpx:TrackPointExtension>
        </extensions>
      </trkpt>
      <trkpt lat="22.59324889561602" lon="113.97637587332443">
        <ele>15.6180214677006</ele>
        <time>1970-01-01T00:11:14Z</time>
        <extensions>
          <gpxtpx:TrackPointExtension>
            <gpxtpx:hr>150</gpxtpx:hr>
          </gpxtpx:TrackPointExtension>
        </extensions>
      </trkpt>
      <trkpt lat="22.593244956995044" lon="113.97634326622314">
        <ele>15.592472358606756</ele>
        <time>1970-01-01T00:11:15Z</time>
        <extensions>
          <gpxtpx:TrackPointExtension>
            <gpxtpx:hr>150</gpxtpx:hr>
          </gpxtpx:TrackPointExtension>
        </extensions>
      </trkpt>
      <trkpt lat="22.59324181373188" lon="113.97631036039618">
        <ele>15.569730559363961</ele>
        <time>1970-01-01T00:11:16Z</time>
        <extensions>
          <gpxtpx:TrackPointExtension>
            <gpxtpx:hr>149</gpxtpx:hr>
          </gpxtpx:TrackPointExtension>
        </extensions>
      </trkpt>
      <trkpt lat="22.59323966240584" lon="113.97627738235705">
        <ele>15.549227743409574</ele>
        <time>1970-01-01T00:11:17Z</time>
        <extensions>
          <gpxtpx:TrackPointExtension>
            <gpxtpx:hr>149</gpxtpx:hr>
          </gpxtpx:TrackPointExtension>
        </extensions>
      </trkpt>
      <trkpt lat="22.593238374373364" lon="113.97624465142985">
        <ele>15.531813329085708</ele>
        <time>1970-01-01T00:11:18Z</time>
        <extensions>
          <gpxtpx:TrackPointExtension>
            <gpxtpx:hr>149</gpxtpx:hr>
          </gpxtpx:TrackPointExtension>
        </extensions>
      </trkpt>
      <trkpt lat="22.593237758212318" lon="113.97621217107317">
        <ele>15.516546326689422</ele>
        <time>1970-01-01T00:11:19Z</time>
        <extensions>
          <gpxtpx:TrackPointExtension>
            <gpxtpx:hr>149</gpxtpx:hr>
          </gpxtpx:TrackPointExtension>
        </extensions>
      </trkpt>
      <trkpt lat="22.593237107133074" lon="113.97617975336118">
        <ele>15.502917246893048</ele>
        <time>1970-01-01T00:11:20Z</time>
        <extensions>
          <gpxtpx:TrackPointExtension>
            <gpxtpx:hr>149</gpxtpx:hr>
          </gpxtpx:TrackPointExtension>
        </extensions>
      </trkpt>
      <trkpt lat="22.59323574199787" lon="113.97614744261136">
        <ele>15.492764478549361</ele>
        <time>1970-01-01T00:11:21Z</time>
        <extensions>
          <gpxtpx:TrackPointExtension>
            <gpxtpx:hr>149</gpxtpx:hr>
          </gpxtpx:TrackPointExtension>
        </extensions>
      </trkpt>
      <trkpt lat="22.593233375324917" lon="113.97611529379006">
        <ele>15.484249906614423</ele>
        <time>1970-01-01T00:11:22Z</time>
        <extensions>
          <gpxtpx:TrackPointExtension>
            <gpxtpx:hr>149</gpxtpx:hr>
          </gpxtpx:TrackPointExtension>
        </extensions>
      </trkpt>
      <trkpt lat="22.593231649284625" lon="113.97608334366588">
        <ele>15.477419842034578</ele>
        <time>1970-01-01T00:11:23Z</time>
        <extensions>
          <gpxtpx:TrackPointExtension>
            <gpxtpx:hr>149</gpxtpx:hr>
          </gpxtpx:TrackPointExtension>
        </extensions>
      </trkpt>
      <trkpt lat="22.593231861334147" lon="113.97605121744964">
        <ele>15.473313885740936</ele>
        <time>1970-01-01T00:11:24Z</time>
        <extensions>
          <gpxtpx:TrackPointExtension>
            <gpxtpx:hr>149</gpxtpx:hr>
          </gpxtpx:TrackPointExtension>
        </extensions>
      </trkpt>
      <trkpt lat="22.593233858843377" lon="113.97601883731969">
        <ele>15.469580071046948</ele>
        <time>1970-01-01T00:11:25Z</time>
        <extensions>
          <gpxtpx:TrackPointExtension>
            <gpxtpx:hr>149</gpxtpx:hr>
          </gpxtpx:TrackPointExtension>
        </extensions>
      </trkpt>
      <trkpt lat="22.593237510072274" lon="113.97598636240537">
        <ele>15.46964825130999</ele>
        <time>1970-01-01T00:11:26Z</time>
        <extensions>
          <gpxtpx:TrackPointExtension>
            <gpxtpx:hr>149</gpxtpx:hr>
          </gpxtpx:TrackPointExtension>
        </extensions>
      </trkpt>
      <trkpt lat="22.593242333610462" lon="113.9759540143868">
        <ele>15.47140134871006</ele>
        <time>1970-01-01T00:11:27Z</time>
        <extensions>
          <gpxtpx:TrackPointExtension>
            <gpxtpx:hr>149</gpxtpx:hr>
          </gpxtpx:TrackPointExtension>
        </extensions>
      </trkpt>
      <trkpt lat="22.5932482539947" lon="113.97592220861137">
        <ele>15.474872656166553</ele>
        <time>1970-01-01T00:11:28Z</time>
        <extensions>
          <gpxtpx:TrackPointExtension>
            <gpxtpx:hr>149</gpxtpx:hr>
          </gpxtpx:TrackPointExtension>
        </extensions>
      </trkpt>
      <trkpt lat="22.593255257412554" lon="113.97589110115361">
        <ele>15.479841037653387</ele>
        <time>1970-01-01T00:11:29Z</time>
        <extensions>
          <gpxtpx:TrackPointExtension>
            <gpxtpx:hr>149</gpxtpx:hr>
          </gpxtpx:TrackPointExtension>
        </extensions>
      </trkpt>
      <trkpt lat="22.59326317843959" lon="113.97586048405678">
        <ele>15.484931416809559</ele>
        <time>1970-01-01T00:11:30Z</time>
        <extensions>
          <gpxtpx:TrackPointExtension>
            <gpxtpx:hr>150</gpxtpx:hr>
          </gpxtpx:TrackPointExtension>
        </extensions>
      </trkpt>
      <trkpt lat="22.593271455780485" lon="113.97583006625126">
        <ele>15.48958492372185</ele>
        <time>1970-01-01T00:11:31Z</time>
        <extensions>
          <gpxtpx:TrackPointExtension>
            <gpxtpx:hr>150</gpxtpx:hr>
          </gpxtpx:TrackPointExtension>
        </extensions>
      </trkpt>
      <trkpt lat="22.59327934729903" lon="113.97579939556573">
        <ele>15.492417274974287</ele>
        <time>1970-01-01T00:11:32Z</time>
        <extensions>
          <gpxtpx:TrackPointExtension>
            <gpxtpx:hr>150</gpxtpx:hr>
          </gpxtpx:TrackPointExtension>
        </extensions>
      </trkpt>
      <trkpt lat="22.593286464362087" lon="113.97576843848958">
        <ele>15.494323099032044</ele>
        <time>1970-01-01T00:11:33Z</time>
        <extensions>
          <gpxtpx:TrackPointExtension>
            <gpxtpx:hr>150</gpxtpx:hr>
          </gpxtpx:TrackPointExtension>
        </extensions>
      </trkpt>
      <trkpt lat="22.59329310147228" lon="113.97573731208244">
        <ele>15.495301619172096</ele>
        <time>1970-01-01T00:11:34Z</time>
        <extensions>
          <gpxtpx:TrackPointExtension>
            <gpxtpx:hr>150</gpxtpx:hr>
          </gpxtpx:TrackPointExtension>
        </extensions>
      </trkpt>
      <trkpt lat="22.593299126271198" lon="113.9757061171313">
        <ele>15.494866635650396</ele>
        <time>1970-01-01T00:11:35Z</time>
        <extensions>
          <gpxtpx:TrackPointExtension>
            <gpxtpx:hr>150</gpxtpx:hr>
          </gpxtpx:TrackPointExtension>
        </extensions>
      </trkpt>
      <trkpt lat="22.593304270337597" lon="113.97567486536119">
        <ele>15.491758239455521</ele>
        <time>1970-01-01T00:11:36Z</time>
        <extensions>
          <gpxtpx:TrackPointExtension>
            <gpxtpx:hr>150</gpxtpx:hr>
          </gpxtpx:TrackPointExtension>
        </extensions>
      </trkpt>
      <trkpt lat="22.593308318193138" lon="113.97564353127453">
        <ele>15.487694724462926</ele>
        <time>1970-01-01T00:11:37Z</time>
        <extensions>
          <gpxtpx:TrackPointExtension>
            <gpxtpx:hr>150</gpxtpx:hr>
          </gpxtpx:TrackPointExtension>
        </extensions>
      </trkpt>
      <trkpt lat="22.59331110328124" lon="113.9756120321351">
        <ele>15.481989444233477</ele>
        <time>1970-01-01T00:11:38Z</time>
        <extensions>
          <gpxtpx:TrackPointExtension>
            <gpxtpx:hr>150</gpxtpx:hr>
          </gpxtpx:TrackPointExtension>
        </extensions>
      </trkpt>
      <trkpt lat="22.593312603700586" lon="113.97558038206132">
        <ele>15.474405504763126</ele>
        <time>1970-01-01T00:11:39Z</time>
        <extensions>
          <gpxtpx:TrackPointExtension>
            <gpxtpx:hr>150</gpxtpx:hr>
          </gpxtpx:TrackPointExtension>
        </extensions>
      </trkpt>
      <trkpt lat="22.59331277671427" lon="113.97554879361061">
        <ele>15.465416792780161</ele>
        <time>1970-01-01T00:11:40Z</time>
        <extensions>
          <gpxtpx:TrackPointExtension>
            <gpxtpx:hr>150</gpxtpx:hr>
          </gpxtpx:TrackPointExtension>
        </extensions>
      </trkpt>
      <trkpt lat="22.5933120420438" lon="113.97551741930663">
        <ele>15.455318967811763</ele>
        <time>1970-01-01T00:11:41Z</time>
        <extensions>
          <gpxtpx:TrackPointExtension>
            <gpxtpx:hr>151</gpxtpx:hr>
          </gpxtpx:TrackPointExtension>
        </extensions>
      </trkpt>
      <trkpt lat="22.593310955024695" lon="113.97548608641566">
        <ele>15.441714959219098</ele>
        <time>1970-01-01T00:11:42Z</time>
        <extensions>
          <gpxtpx:TrackPointExtension>
            <gpxtpx:hr>151</gpxtpx:hr>
          </gpxtpx:TrackPointExtension>
        </extensions>
      </trkpt>
      <trkpt lat="22.593309723312334" lon="113.97545479664582">
        <ele>15.42752205207944</ele>
        <time>1970-01-01T00:11:43Z</time>
        <extensions>
          <gpxtpx:TrackPointExtension>
            <gpxtpx:hr>151</gpxtpx:hr>
          </gpxtpx:TrackPointExtension>
        </extensions>
      </trkpt>
      <trkpt lat="22.59330781157371" lon="113.97542365653507">
        <ele>15.412107676267624</ele>
        <time>1970-01-01T00:11:44Z</time>
        <extensions>
          <gpxtpx:TrackPointExtension>
            <gpxtpx:hr>151</gpxtpx:hr>
          </gpxtpx:TrackPointExtension>
        </extensions>
      </trkpt>
      <trkpt lat="22.593305619257272" lon="113.97539245328883">
        <ele>15.396220731548965</ele>
        <time>1970-01-01T00:11:45Z</time>
        <extensions>
          <gpxtpx:TrackPointExtension>
            <gpxtpx:hr>151</gpxtpx:hr>
          </gpxtpx:TrackPointExtension>
        </extensions>
      </trkpt>
      <trkpt lat="22.59330380969925" lon="113.97536124529071">
        <ele>15.380834363400936</ele>
        <time>1970-01-01T00:11:46Z</time>
        <extensions>
          <gpxtpx:TrackPointExtension>
            <gpxtpx:hr>151</gpxtpx:hr>
          </gpxtpx:TrackPointExtension>
        </extensions>
      </trkpt>
      <trkpt lat="22.593302100891034" lon="113.97532994008445">
        <ele>15.367544014938176</ele>
        <time>1970-01-01T00:11:47Z</time>
        <extensions>
          <gpxtpx:TrackPointExtension>
            <gpxtpx:hr>151</gpxtpx:hr>
          </gpxtpx:TrackPointExtension>
        </extensions>
      </trkpt>
      <trkpt lat="22.593300439183718" lon="113.97529878788346">
        <ele>15.356444941833615</ele>
        <time>1970-01-01T00:11:48Z</time>
        <extensions>
          <gpxtpx:TrackPointExtension>
            <gpxtpx:hr>151</gpxtpx:hr>
          </gpxtpx:TrackPointExtension>
        </extensions>
      </trkpt>
      <trkpt lat="22.59329866245213" lon="113.97526791879386">
        <ele>15.349237565882504</ele>
        <time>1970-01-01T00:11:49Z</time>
        <extensions>
          <gpxtpx:TrackPointExtension>
            <gpxtpx:hr>151</gpxtpx:hr>
          </gpxtpx:TrackPointExtension>
        </extensions>
      </trkpt>
      <trkpt lat="22.593296798025325" lon="113.97523750247632">
        <ele>15.344845668412745</ele>
        <time>1970-01-01T00:11:50Z</time>
        <extensions>
          <gpxtpx:TrackPointExtension>
            <gpxtpx:hr>152</gpxtpx:hr>
          </gpxtpx:TrackPointExtension>
        </extensions>
      </trkpt>
      <trkpt lat="22.593294466805546" lon="113.97520725569052">
        <ele>15.343556893989444</ele>
        <time>1970-01-01T00:11:51Z</time>
        <extensions>
          <gpxtpx:TrackPointExtension>
            <gpxtpx:hr>152</gpxtpx:hr>
          </gpxtpx:TrackPointExtension>
        </extensions>
      </trkpt>
      <trkpt lat="22.5932919254174" lon="113.97517694943713">
        <ele>15.347261193208396</ele>
        <time>1970-01-01T00:11:52Z</time>
        <extensions>
          <gpxtpx:TrackPointExtension>
            <gpxtpx:hr>152</gpxtpx:hr>
          </gpxtpx:TrackPointExtension>
        </extensions>
      </trkpt>
      <trkpt lat="22.59328962242983" lon="113.97514628353767">
        <ele>15.353397190570831</ele>
        <time>1970-01-01T00:11:53Z</time>
        <extensions>
          <gpxtpx:TrackPointExtension>
            <gpxtpx:hr>152</gpxtpx:hr>
          </gpxtpx:TrackPointExtension>
        </extensions>
      </trkpt>
      <trkpt lat="22.59328751524744" lon="113.97511517631264">
        <ele>15.363260920159519</ele>
        <time>1970-01-01T00:11:54Z</time>
        <extensions>
          <gpxtpx:TrackPointExtension>
            <gpxtpx:hr>152</gpxtpx:hr>
          </gpxtpx:TrackPointExtension>
        </extensions>
      </trkpt>
      <trkpt lat="22.593285388956268" lon="113.97508412944681">
        <ele>15.374933485873044</ele>
        <time>1970-01-01T00:11:55Z</time>
        <extensions>
          <gpxtpx:TrackPointExtension>
            <gpxtpx:hr>157</gpxtpx:hr>
          </gpxtpx:TrackPointExtension>
        </extensions>
      </trkpt>
      <trkpt lat="22.593283054782383" lon="113.97505329967433">
        <ele>15.387085711583495</ele>
        <time>1970-01-01T00:11:56Z</time>
        <extensions>
          <gpxtpx:TrackPointExtension>
            <gpxtpx:hr>157</gpxtpx:hr>
          </gpxtpx:TrackPointExtension>
        </extensions>
      </trkpt>
      <trkpt lat="22.593282007638088" lon="113.97502238342972">
        <ele>15.40019724238664</ele>
        <time>1970-01-01T00:11:57Z</time>
        <extensions>
          <gpxtpx:TrackPointExtension>
            <gpxtpx:hr>157</gpxtpx:hr>
          </gpxtpx:TrackPointExtension>
        </extensions>
      </trkpt>
      <trkpt lat="22.593282927206467" lon="113.97499130672477">
        <ele>15.413086043670774</ele>
        <time>1970-01-01T00:11:58Z</time>
        <extensions>
          <gpxtpx:TrackPointExtension>
            <gpxtpx:hr>157</gpxtpx:hr>
          </gpxtpx:TrackPointExtension>
        </extensions>
      </trkpt>
      <trkpt lat="22.593284507860428" lon="113.97496010151917">
        <ele>15.424198184162378</ele>
        <time>1970-01-01T00:11:59Z</time>
        <extensions>
          <gpxtpx:TrackPointExtension>
            <gpxtpx:hr>157</gpxtpx:hr>
          </gpxtpx:TrackPointExtension>
        </extensions>
      </trkpt>
      <trkpt lat="22.59328603192732" lon="113.97492893918567">
        <ele>15.433924893848598</ele>
        <time>1970-01-01T00:12:00Z</time>
        <extensions>
          <gpxtpx:TrackPointExtension>
            <gpxtpx:hr>158</gpxtpx:hr>
          </gpxtpx:TrackPointExtension>
        </extensions>
      </trkpt>
      <trkpt lat="22.59328778171433" lon="113.97489789811661">
        <ele>15.44213901180774</ele>
        <time>1970-01-01T00:12:01Z</time>
        <extensions>
          <gpxtpx:TrackPointExtension>
            <gpxtpx:hr>158</gpxtpx:hr>
          </gpxtpx:TrackPointExtension>
        </extensions>
      </trkpt>
      <trkpt lat="22.593289831474102" lon="113.97486693859777">
        <ele>15.44834909774363</ele>
        <time>1970-01-01T00:12:02Z</time>
        <extensions>
          <gpxtpx:TrackPointExtension>
            <gpxtpx:hr>158</gpxtpx:hr>
          </gpxtpx:TrackPointExtension>
        </extensions>
      </trkpt>
      <trkpt lat="22.593291970870084" lon="113.97483616538393">
        <ele>15.454241091385484</ele>
        <time>1970-01-01T00:12:03Z</time>
        <extensions>
          <gpxtpx:TrackPointExtension>
            <gpxtpx:hr>158</gpxtpx:hr>
          </gpxtpx:TrackPointExtension>
        </extensions>
      </trkpt>
      <trkpt lat="22.59329395559577" lon="113.97480559651284">
        <ele>15.458207723684609</ele>
        <time>1970-01-01T00:12:04Z</time>
        <extensions>
          <gpxtpx:TrackPointExtension>
            <gpxtpx:hr>156</gpxtpx:hr>
          </gpxtpx:TrackPointExtension>
        </extensions>
      </trkpt>
      <trkpt lat="22.593296049630627" lon="113.97477517438234">
        <ele>15.46095016784966</ele>
        <time>1970-01-01T00:12:05Z</time>
        <extensions>
          <gpxtpx:TrackPointExtension>
            <gpxtpx:hr>156</gpxtpx:hr>
          </gpxtpx:TrackPointExtension>
        </extensions>
      </trkpt>
      <trkpt lat="22.59329827798245" lon="113.97474470349161">
        <ele>15.463330887258053</ele>
        <time>1970-01-01T00:12:06Z</time>
        <extensions>
          <gpxtpx:TrackPointExtension>
            <gpxtpx:hr>156</gpxtpx:hr>
          </gpxtpx:TrackPointExtension>
        </extensions>
      </trkpt>
      <trkpt lat="22.593301032233274" lon="113.97471428166992">
        <ele>15.463719923049212</ele>
        <time>1970-01-01T00:12:07Z</time>
        <extensions>
          <gpxtpx:TrackPointExtension>
            <gpxtpx:hr>156</gpxtpx:hr>
          </gpxtpx:TrackPointExtension>
        </extensions>
      </trkpt>
      <trkpt lat="22.593304752183546" lon="113.97468408280332">
        <ele>15.463992555625737</ele>
        <time>1970-01-01T00:12:08Z</time>
        <extensions>
          <gpxtpx:TrackPointExtension>
            <gpxtpx:hr>156</gpxtpx:hr>
          </gpxtpx:TrackPointExtension>
        </extensions>
      </trkpt>
      <trkpt lat="22.59330771839543" lon="113.97465383006842">
        <ele>15.464438270777464</ele>
        <time>1970-01-01T00:12:09Z</time>
        <extensions>
          <gpxtpx:TrackPointExtension>
            <gpxtpx:hr>156</gpxtpx:hr>
          </gpxtpx:TrackPointExtension>
        </extensions>
      </trkpt>
      <trkpt lat="22.593309387970827" lon="113.97462345765959">
        <ele>15.46779484860599</ele>
        <time>1970-01-01T00:12:10Z</time>
        <extensions>
          <gpxtpx:TrackPointExtension>
            <gpxtpx:hr>156</gpxtpx:hr>
          </gpxtpx:TrackPointExtension>
        </extensions>
      </trkpt>
      <trkpt lat="22.593310489497224" lon="113.97459293381819">
        <ele>15.473251055926085</ele>
        <time>1970-01-01T00:12:11Z</time>
        <extensions>
          <gpxtpx:TrackPointExtension>
            <gpxtpx:hr>155</gpxtpx:hr>
          </gpxtpx:TrackPointExtension>
        </extensions>
      </trkpt>
      <trkpt lat="22.593311176049795" lon="113.97456218875871">
        <ele>15.479973800480366</ele>
        <time>1970-01-01T00:12:12Z</time>
        <extensions>
          <gpxtpx:TrackPointExtension>
            <gpxtpx:hr>155</gpxtpx:hr>
          </gpxtpx:TrackPointExtension>
        </extensions>
      </trkpt>
      <trkpt lat="22.593311401249053" lon="113.97453137346216">
        <ele>15.487762845121324</ele>
        <time>1970-01-01T00:12:13Z</time>
        <extensions>
          <gpxtpx:TrackPointExtension>
            <gpxtpx:hr>155</gpxtpx:hr>
          </gpxtpx:TrackPointExtension>
        </extensions>
      </trkpt>
      <trkpt lat="22.593311335806284" lon="113.97450049386444">
        <ele>15.497788781300187</ele>
        <time>1970-01-01T00:12:14Z</time>
        <extensions>
          <gpxtpx:TrackPointExtension>
            <gpxtpx:hr>155</gpxtpx:hr>
          </gpxtpx:TrackPointExtension>
        </extensions>
      </trkpt>
      <trkpt lat="22.593311067337506" lon="113.9744696741344">
        <ele>15.510746060870588</ele>
        <time>1970-01-01T00:12:15Z</time>
        <extensions>
          <gpxtpx:TrackPointExtension>
            <gpxtpx:hr>155</gpxtpx:hr>
          </gpxtpx:TrackPointExtension>
        </extensions>
      </trkpt>
      <trkpt lat="22.59331034560182" lon="113.97443899844892">
        <ele>15.524263705126941</ele>
        <time>1970-01-01T00:12:16Z</time>
        <extensions>
          <gpxtpx:TrackPointExtension>
            <gpxtpx:hr>154</gpxtpx:hr>
          </gpxtpx:TrackPointExtension>
        </extensions>
      </trkpt>
      <trkpt lat="22.59330966271777" lon="113.97440839276565">
        <ele>15.539746893569827</ele>
        <time>1970-01-01T00:12:17Z</time>
        <extensions>
          <gpxtpx:TrackPointExtension>
            <gpxtpx:hr>154</gpxtpx:hr>
          </gpxtpx:TrackPointExtension>
        </extensions>
      </trkpt>
      <trkpt lat="22.593309740312208" lon="113.97437763769821">
        <ele>15.557681769132614</ele>
        <time>1970-01-01T00:12:18Z</time>
        <extensions>
          <gpxtpx:TrackPointExtension>
            <gpxtpx:hr>154</gpxtpx:hr>
          </gpxtpx:TrackPointExtension>
        </extensions>
      </trkpt>
      <trkpt lat="22.593310815478826" lon="113.97434679143267">
        <ele>15.576509614475071</ele>
        <time>1970-01-01T00:12:19Z</time>
        <extensions>
          <gpxtpx:TrackPointExtension>
            <gpxtpx:hr>154</gpxtpx:hr>
          </gpxtpx:TrackPointExtension>
        </extensions>
      </trkpt>
      <trkpt lat="22.59331274824303" lon="113.97431586280219">
        <ele>15.597124816849828</ele>
        <time>1970-01-01T00:12:20Z</time>
        <extensions>
          <gpxtpx:TrackPointExtension>
            <gpxtpx:hr>153</gpxtpx:hr>
          </gpxtpx:TrackPointExtension>
        </extensions>
      </trkpt>
      <trkpt lat="22.593315265531736" lon="113.97428499250235">
        <ele>15.62019572313875</ele>
        <time>1970-01-01T00:12:21Z</time>
        <extensions>
          <gpxtpx:TrackPointExtension>
            <gpxtpx:hr>153</gpxtpx:hr>
          </gpxtpx:TrackPointExtension>
        </extensions>
      </trkpt>
      <trkpt lat="22.593318199726795" lon="113.974254358949">
        <ele>15.642529441975057</ele>
        <time>1970-01-01T00:12:22Z</time>
        <extensions>
          <gpxtpx:TrackPointExtension>
            <gpxtpx:hr>153</gpxtpx:hr>
          </gpxtpx:TrackPointExtension>
        </extensions>
      </trkpt>
      <trkpt lat="22.593321484923866" lon="113.97422379869172">
        <ele>15.664606841281056</ele>
        <time>1970-01-01T00:12:23Z</time>
        <extensions>
          <gpxtpx:TrackPointExtension>
            <gpxtpx:hr>153</gpxtpx:hr>
          </gpxtpx:TrackPointExtension>
        </extensions>
      </trkpt>
      <trkpt lat="22.593325314814674" lon="113.97419325407178">
        <ele>15.68509021308273</ele>
        <time>1970-01-01T00:12:24Z</time>
        <extensions>
          <gpxtpx:TrackPointExtension>
            <gpxtpx:hr>153</gpxtpx:hr>
          </gpxtpx:TrackPointExtension>
        </extensions>
      </trkpt>
      <trkpt lat="22.59332999023785" lon="113.9741628280617">
        <ele>15.70737383607775</ele>
        <time>1970-01-01T00:12:25Z</time>
        <extensions>
          <gpxtpx:TrackPointExtension>
            <gpxtpx:hr>151</gpxtpx:hr>
          </gpxtpx:TrackPointExtension>
        </extensions>
      </trkpt>
      <trkpt lat="22.593335629053904" lon="113.97413267974525">
        <ele>15.733074561692774</ele>
        <time>1970-01-01T00:12:26Z</time>
        <extensions>
          <gpxtpx:TrackPointExtension>
            <gpxtpx:hr>151</gpxtpx:hr>
          </gpxtpx:TrackPointExtension>
        </extensions>
      </trkpt>
      <trkpt lat="22.593342041327038" lon="113.97410267906652">
        <ele>15.761356997303665</ele>
        <time>1970-01-01T00:12:27Z</time>
        <extensions>
          <gpxtpx:TrackPointExtension>
            <gpxtpx:hr>151</gpxtpx:hr>
          </gpxtpx:TrackPointExtension>
        </extensions>
      </trkpt>
      <trkpt lat="22.59334889911284" lon="113.97407282649397">
        <ele>15.789540306665003</ele>
        <time>1970-01-01T00:12:28Z</time>
        <extensions>
          <gpxtpx:TrackPointExtension>
            <gpxtpx:hr>151</gpxtpx:hr>
          </gpxtpx:TrackPointExtension>
        </extensions>
      </trkpt>
      <trkpt lat="22.593356215087532" lon="113.97404335973407">
        <ele>15.817895535379648</ele>
        <time>1970-01-01T00:12:29Z</time>
        <extensions>
          <gpxtpx:TrackPointExtension>
            <gpxtpx:hr>151</gpxtpx:hr>
          </gpxtpx:TrackPointExtension>
        </extensions>
      </trkpt>
      <trkpt lat="22.593364034198196" lon="113.97401405434033">
        <ele>15.846560183912516</ele>
        <time>1970-01-01T00:12:30Z</time>
        <extensions>
          <gpxtpx:TrackPointExtension>
            <gpxtpx:hr>151</gpxtpx:hr>
          </gpxtpx:TrackPointExtension>
        </extensions>
      </trkpt>
      <trkpt lat="22.593372475121786" lon="113.97398471394906">
        <ele>15.875198632478714</ele>
        <time>1970-01-01T00:12:31Z</time>
        <extensions>
          <gpxtpx:TrackPointExtension>
            <gpxtpx:hr>151</gpxtpx:hr>
          </gpxtpx:TrackPointExtension>
        </extensions>
      </trkpt>
      <trkpt lat="22.59338144439599" lon="113.97395541809094">
        <ele>15.903355309739709</ele>
        <time>1970-01-01T00:12:32Z</time>
        <extensions>
          <gpxtpx:TrackPointExtension>
            <gpxtpx:hr>151</gpxtpx:hr>
          </gpxtpx:TrackPointExtension>
        </extensions>
      </trkpt>
      <trkpt lat="22.59339099962694" lon="113.97392639917362">
        <ele>15.931936485692859</ele>
        <time>1970-01-01T00:12:33Z</time>
        <extensions>
          <gpxtpx:TrackPointExtension>
            <gpxtpx:hr>151</gpxtpx:hr>
          </gpxtpx:TrackPointExtension>
        </extensions>
      </trkpt>
      <trkpt lat="22.593400913736588" lon="113.9738975842462">
        <ele>15.95933523401618</ele>
        <time>1970-01-01T00:12:34Z</time>
        <extensions>
          <gpxtpx:TrackPointExtension>
            <gpxtpx:hr>153</gpxtpx:hr>
          </gpxtpx:TrackPointExtension>
        </extensions>
      </trkpt>
      <trkpt lat="22.59341158109446" lon="113.97386916197564">
        <ele>15.984195722267032</ele>
        <time>1970-01-01T00:12:35Z</time>
        <extensions>
          <gpxtpx:TrackPointExtension>
            <gpxtpx:hr>153</gpxtpx:hr>
          </gpxtpx:TrackPointExtension>
        </extensions>
      </trkpt>
      <trkpt lat="22.59342257401062" lon="113.97384100939038">
        <ele>16.007347295992076</ele>
        <time>1970-01-01T00:12:36Z</time>
        <extensions>
          <gpxtpx:TrackPointExtension>
            <gpxtpx:hr>153</gpxtpx:hr>
          </gpxtpx:TrackPointExtension>
        </extensions>
      </trkpt>
      <trkpt lat="22.593433084645376" lon="113.97381280601621">
        <ele>16.028030049055815</ele>
        <time>1970-01-01T00:12:37Z</time>
        <extensions>
          <gpxtpx:TrackPointExtension>
            <gpxtpx:hr>153</gpxtpx:hr>
          </gpxtpx:TrackPointExtension>
        </extensions>
      </trkpt>
      <trkpt lat="22.593443562230316" lon="113.97378452631129">
        <ele>16.04604166187346</ele>
        <time>1970-01-01T00:12:38Z</time>
        <extensions>
          <gpxtpx:TrackPointExtension>
            <gpxtpx:hr>153</gpxtpx:hr>
          </gpxtpx:TrackPointExtension>
        </extensions>
      </trkpt>
      <trkpt lat="22.593453946097068" lon="113.97375608197828">
        <ele>16.062534548342228</ele>
        <time>1970-01-01T00:12:39Z</time>
        <extensions>
          <gpxtpx:TrackPointExtension>
            <gpxtpx:hr>153</gpxtpx:hr>
          </gpxtpx:TrackPointExtension>
        </extensions>
      </trkpt>
      <trkpt lat="22.593464441141137" lon="113.97372774759464">
        <ele>16.07409930974245</ele>
        <time>1970-01-01T00:12:40Z</time>
        <extensions>
          <gpxtpx:TrackPointExtension>
            <gpxtpx:hr>154</gpxtpx:hr>
          </gpxtpx:TrackPointExtension>
        </extensions>
      </trkpt>
      <trkpt lat="22.593474817058766" lon="113.97369949877277">
        <ele>16.080624715425074</ele>
        <time>1970-01-01T00:12:41Z</time>
        <extensions>
          <gpxtpx:TrackPointExtension>
            <gpxtpx:hr>154</gpxtpx:hr>
          </gpxtpx:TrackPointExtension>
        </extensions>
      </trkpt>
      <trkpt lat="22.59348482117937" lon="113.97367127769289">
        <ele>16.08350753504783</ele>
        <time>1970-01-01T00:12:42Z</time>
        <extensions>
          <gpxtpx:TrackPointExtension>
            <gpxtpx:hr>154</gpxtpx:hr>
          </gpxtpx:TrackPointExtension>
        </extensions>
      </trkpt>
      <trkpt lat="22.593494568158608" lon="113.9736431001551">
        <ele>16.079926061443985</ele>
        <time>1970-01-01T00:12:43Z</time>
        <extensions>
          <gpxtpx:TrackPointExtension>
            <gpxtpx:hr>154</gpxtpx:hr>
          </gpxtpx:TrackPointExtension>
        </extensions>
      </trkpt>
      <trkpt lat="22.59350392153072" lon="113.97361502083838">
        <ele>16.07015669438988</ele>
        <time>1970-01-01T00:12:44Z</time>
        <extensions>
          <gpxtpx:TrackPointExtension>
            <gpxtpx:hr>154</gpxtpx:hr>
          </gpxtpx:TrackPointExtension>
        </extensions>
      </trkpt>
      <trkpt lat="22.593513357749444" lon="113.97358736469842">
        <ele>16.054047798737884</ele>
        <time>1970-01-01T00:12:45Z</time>
        <extensions>
          <gpxtpx:TrackPointExtension>
            <gpxtpx:hr>154</gpxtpx:hr>
          </gpxtpx:TrackPointExtension>
        </extensions>
      </trkpt>
      <trkpt lat="22.59352265437825" lon="113.97355998472528">
        <ele>16.03081053402275</ele>
        <time>1970-01-01T00:12:46Z</time>
        <extensions>
          <gpxtpx:TrackPointExtension>
            <gpxtpx:hr>154</gpxtpx:hr>
          </gpxtpx:TrackPointExtension>
        </extensions>
      </trkpt>
      <trkpt lat="22.593531873451358" lon="113.97353276978491">
        <ele>16.00122547056526</ele>
        <time>1970-01-01T00:12:47Z</time>
        <extensions>
          <gpxtpx:TrackPointExtension>
            <gpxtpx:hr>154</gpxtpx:hr>
          </gpxtpx:TrackPointExtension>
        </extensions>
      </trkpt>
      <trkpt lat="22.59354140527846" lon="113.9735059168887">
        <ele>15.965687057003379</ele>
        <time>1970-01-01T00:12:48Z</time>
        <extensions>
          <gpxtpx:TrackPointExtension>
            <gpxtpx:hr>153</gpxtpx:hr>
          </gpxtpx:TrackPointExtension>
        </extensions>
      </trkpt>
      <trkpt lat="22.59355104886929" lon="113.97347905492835">
        <ele>15.923845588229597</ele>
        <time>1970-01-01T00:12:49Z</time>
        <extensions>
          <gpxtpx:TrackPointExtension>
            <gpxtpx:hr>153</gpxtpx:hr>
          </gpxtpx:TrackPointExtension>
        </extensions>
      </trkpt>
      <trkpt lat="22.593561157363368" lon="113.97345216827061">
        <ele>15.877260663546622</ele>
        <time>1970-01-01T00:12:50Z</time>
        <extensions>
          <gpxtpx:TrackPointExtension>
            <gpxtpx:hr>153</gpxtpx:hr>
          </gpxtpx:TrackPointExtension>
        </extensions>
      </trkpt>
      <trkpt lat="22.593571337037144" lon="113.97342484166022">
        <ele>15.825756434351206</ele>
        <time>1970-01-01T00:12:51Z</time>
        <extensions>
          <gpxtpx:TrackPointExtension>
            <gpxtpx:hr>153</gpxtpx:hr>
          </gpxtpx:TrackPointExtension>
        </extensions>
      </trkpt>
      <trkpt lat="22.59358086375501" lon="113.97339690582238">
        <ele>15.76907123811543</ele>
        <time>1970-01-01T00:12:52Z</time>
        <extensions>
          <gpxtpx:TrackPointExtension>
            <gpxtpx:hr>153</gpxtpx:hr>
          </gpxtpx:TrackPointExtension>
        </extensions>
      </trkpt>
      <trkpt lat="22.59358998809443" lon="113.97336871750964">
        <ele>15.709394674748182</ele>
        <time>1970-01-01T00:12:53Z</time>
        <extensions>
          <gpxtpx:TrackPointExtension>
            <gpxtpx:hr>153</gpxtpx:hr>
          </gpxtpx:TrackPointExtension>
        </extensions>
      </trkpt>
      <trkpt lat="22.593598952599468" lon="113.97334072692672">
        <ele>15.645094030536711</ele>
        <time>1970-01-01T00:12:54Z</time>
        <extensions>
          <gpxtpx:TrackPointExtension>
            <gpxtpx:hr>153</gpxtpx:hr>
          </gpxtpx:TrackPointExtension>
        </extensions>
      </trkpt>
      <trkpt lat="22.593608014455384" lon="113.97331296572779">
        <ele>15.576386211439967</ele>
        <time>1970-01-01T00:12:55Z</time>
        <extensions>
          <gpxtpx:TrackPointExtension>
            <gpxtpx:hr>153</gpxtpx:hr>
          </gpxtpx:TrackPointExtension>
        </extensions>
      </trkpt>
      <trkpt lat="22.59361757872083" lon="113.97328586124698">
        <ele>15.505762598477304</ele>
        <time>1970-01-01T00:12:56Z</time>
        <extensions>
          <gpxtpx:TrackPointExtension>
            <gpxtpx:hr>153</gpxtpx:hr>
          </gpxtpx:TrackPointExtension>
        </extensions>
      </trkpt>
      <trkpt lat="22.59362767938245" lon="113.97325938789935">
        <ele>15.431643074378371</ele>
        <time>1970-01-01T00:12:57Z</time>
        <extensions>
          <gpxtpx:TrackPointExtension>
            <gpxtpx:hr>153</gpxtpx:hr>
          </gpxtpx:TrackPointExtension>
        </extensions>
      </trkpt>
      <trkpt lat="22.59363833074884" lon="113.97323320966595">
        <ele>15.3543007299304</ele>
        <time>1970-01-01T00:12:58Z</time>
        <extensions>
          <gpxtpx:TrackPointExtension>
            <gpxtpx:hr>153</gpxtpx:hr>
          </gpxtpx:TrackPointExtension>
        </extensions>
      </trkpt>
      <trkpt lat="22.593649697701192" lon="113.97320724366762">
        <ele>15.273977021686733</ele>
        <time>1970-01-01T00:12:59Z</time>
        <extensions>
          <gpxtpx:TrackPointExtension>
            <gpxtpx:hr>153</gpxtpx:hr>
          </gpxtpx:TrackPointExtension>
        </extensions>
      </trkpt>
      <trkpt lat="22.593661596244882" lon="113.97318147362463">
        <ele>15.191800130531192</ele>
        <time>1970-01-01T00:13:00Z</time>
        <extensions>
          <gpxtpx:TrackPointExtension>
            <gpxtpx:hr>152</gpxtpx:hr>
          </gpxtpx:TrackPointExtension>
        </extensions>
      </trkpt>
      <trkpt lat="22.593673703437698" lon="113.97315560874473">
        <ele>15.106840229593217</ele>
        <time>1970-01-01T00:13:01Z</time>
        <extensions>
          <gpxtpx:TrackPointExtension>
            <gpxtpx:hr>152</gpxtpx:hr>
          </gpxtpx:TrackPointExtension>
        </extensions>
      </trkpt>
      <trkpt lat="22.593684943832454" lon="113.97312921102845">
        <ele>15.018572298809886</ele>
        <time>1970-01-01T00:13:02Z</time>
        <extensions>
          <gpxtpx:TrackPointExtension>
            <gpxtpx:hr>152</gpxtpx:hr>
          </gpxtpx:TrackPointExtension>
        </extensions>
      </trkpt>
      <trkpt lat="22.59369551350044" lon="113.97310224315106">
        <ele>14.92880098335445</ele>
        <time>1970-01-01T00:13:03Z</time>
        <extensions>
          <gpxtpx:TrackPointExtension>
            <gpxtpx:hr>152</gpxtpx:hr>
          </gpxtpx:TrackPointExtension>
        </extensions>
      </trkpt>
      <trkpt lat="22.59370628055637" lon="113.97307479544216">
        <ele>14.835823147557676</ele>
        <time>1970-01-01T00:13:04Z</time>
        <extensions>
          <gpxtpx:TrackPointExtension>
            <gpxtpx:hr>151</gpxtpx:hr>
          </gpxtpx:TrackPointExtension>
        </extensions>
      </trkpt>
      <trkpt lat="22.5937168291214" lon="113.97304671579516">
        <ele>14.739767421968281</ele>
        <time>1970-01-01T00:13:05Z</time>
        <extensions>
          <gpxtpx:TrackPointExtension>
            <gpxtpx:hr>151</gpxtpx:hr>
          </gpxtpx:TrackPointExtension>
        </extensions>
      </trkpt>
      <trkpt lat="22.59372694008237" lon="113.97301833740212">
        <ele>14.642352525144815</ele>
        <time>1970-01-01T00:13:06Z</time>
        <extensions>
          <gpxtpx:TrackPointExtension>
            <gpxtpx:hr>151</gpxtpx:hr>
          </gpxtpx:TrackPointExtension>
        </extensions>
      </trkpt>
      <trkpt lat="22.5937360629661" lon="113.97298953878624">
        <ele>14.543517180718482</ele>
        <time>1970-01-01T00:13:07Z</time>
        <extensions>
          <gpxtpx:TrackPointExtension>
            <gpxtpx:hr>151</gpxtpx:hr>
          </gpxtpx:TrackPointExtension>
        </extensions>
      </trkpt>
      <trkpt lat="22.59374480606561" lon="113.97296047885592">
        <ele>14.444883519783616</ele>
        <time>1970-01-01T00:13:08Z</time>
        <extensions>
          <gpxtpx:TrackPointExtension>
            <gpxtpx:hr>151</gpxtpx:hr>
          </gpxtpx:TrackPointExtension>
        </extensions>
      </trkpt>
      <trkpt lat="22.59375395395944" lon="113.9729314947054">
        <ele>14.346815978176892</ele>
        <time>1970-01-01T00:13:09Z</time>
        <extensions>
          <gpxtpx:TrackPointExtension>
            <gpxtpx:hr>150</gpxtpx:hr>
          </gpxtpx:TrackPointExtension>
        </extensions>
      </trkpt>
      <trkpt lat="22.59376306808602" lon="113.97290227877406">
        <ele>14.249605546705425</ele>
        <time>1970-01-01T00:13:10Z</time>
        <extensions>
          <gpxtpx:TrackPointExtension>
            <gpxtpx:hr>150</gpxtpx:hr>
          </gpxtpx:TrackPointExtension>
        </extensions>
      </trkpt>
      <trkpt lat="22.59377262081731" lon="113.97287327968061">
        <ele>14.156448164023459</ele>
        <time>1970-01-01T00:13:11Z</time>
        <extensions>
          <gpxtpx:TrackPointExtension>
            <gpxtpx:hr>150</gpxtpx:hr>
          </gpxtpx:TrackPointExtension>
        </extensions>
      </trkpt>
      <trkpt lat="22.593782824028615" lon="113.9728442212561">
        <ele>14.067435514181852</ele>
        <time>1970-01-01T00:13:12Z</time>
        <extensions>
          <gpxtpx:TrackPointExtension>
            <gpxtpx:hr>150</gpxtpx:hr>
          </gpxtpx:TrackPointExtension>
        </extensions>
      </trkpt>
      <trkpt lat="22.593793617164156" lon="113.97281500718054">
        <ele>13.983112247660756</ele>
        <time>1970-01-01T00:13:13Z</time>
        <extensions>
          <gpxtpx:TrackPointExtension>
            <gpxtpx:hr>147</gpxtpx:hr>
          </gpxtpx:TrackPointExtension>
        </extensions>
      </trkpt>
      <trkpt lat="22.593804823564465" lon="113.97278537618737">
        <ele>13.904711868613958</ele>
        <time>1970-01-01T00:13:14Z</time>
        <extensions>
          <gpxtpx:TrackPointExtension>
            <gpxtpx:hr>147</gpxtpx:hr>
          </gpxtpx:TrackPointExtension>
        </extensions>
      </trkpt>
      <trkpt lat="22.593816220294855" lon="113.9727556785961">
        <ele>13.832663309760392</ele>
        <time>1970-01-01T00:13:15Z</time>
        <extensions>
          <gpxtpx:TrackPointExtension>
            <gpxtpx:hr>147</gpxtpx:hr>
          </gpxtpx:TrackPointExtension>
        </extensions>
      </trkpt>
      <trkpt lat="22.59382820615877" lon="113.9727264328222">
        <ele>13.766268155537546</ele>
        <time>1970-01-01T00:13:16Z</time>
        <extensions>
          <gpxtpx:TrackPointExtension>
            <gpxtpx:hr>147</gpxtpx:hr>
          </gpxtpx:TrackPointExtension>
        </extensions>
      </trkpt>
      <trkpt lat="22.59384041105557" lon="113.97269773379756">
        <ele>13.707782535813749</ele>
        <time>1970-01-01T00:13:17Z</time>
        <extensions>
          <gpxtpx:TrackPointExtension>
            <gpxtpx:hr>147</gpxtpx:hr>
          </gpxtpx:TrackPointExtension>
        </extensions>
      </trkpt>
      <trkpt lat="22.593852849141314" lon="113.97266932996023">
        <ele>13.655991221778095</ele>
        <time>1970-01-01T00:13:18Z</time>
        <extensions>
          <gpxtpx:TrackPointExtension>
            <gpxtpx:hr>150</gpxtpx:hr>
          </gpxtpx:TrackPointExtension>
        </extensions>
      </trkpt>
      <trkpt lat="22.593865663297983" lon="113.97264103464654">
        <ele>13.611598242074251</ele>
        <time>1970-01-01T00:13:19Z</time>
        <extensions>
          <gpxtpx:TrackPointExtension>
            <gpxtpx:hr>150</gpxtpx:hr>
          </gpxtpx:TrackPointExtension>
        </extensions>
      </trkpt>
      <trkpt lat="22.59387802108645" lon="113.97261255172468">
        <ele>13.574826861731708</ele>
        <time>1970-01-01T00:13:20Z</time>
        <extensions>
          <gpxtpx:TrackPointExtension>
            <gpxtpx:hr>150</gpxtpx:hr>
          </gpxtpx:TrackPointExtension>
        </extensions>
      </trkpt>
      <trkpt lat="22.593888927007967" lon="113.97258360450118">
        <ele>13.543594799004495</ele>
        <time>1970-01-01T00:13:21Z</time>
        <extensions>
          <gpxtpx:TrackPointExtension>
            <gpxtpx:hr>150</gpxtpx:hr>
          </gpxtpx:TrackPointExtension>
        </extensions>
      </trkpt>
      <trkpt lat="22.59389809849396" lon="113.97255426052128">
        <ele>13.518042572773993</ele>
        <time>1970-01-01T00:13:22Z</time>
        <extensions>
          <gpxtpx:TrackPointExtension>
            <gpxtpx:hr>150</gpxtpx:hr>
          </gpxtpx:TrackPointExtension>
        </extensions>
      </trkpt>
      <trkpt lat="22.593906968194794" lon="113.97252503118824">
        <ele>13.497994720004499</ele>
        <time>1970-01-01T00:13:23Z</time>
        <extensions>
          <gpxtpx:TrackPointExtension>
            <gpxtpx:hr>150</gpxtpx:hr>
          </gpxtpx:TrackPointExtension>
        </extensions>
      </trkpt>
      <trkpt lat="22.593916241504957" lon="113.97249599532718">
        <ele>13.482858997769654</ele>
        <time>1970-01-01T00:13:24Z</time>
        <extensions>
          <gpxtpx:TrackPointExtension>
            <gpxtpx:hr>152</gpxtpx:hr>
          </gpxtpx:TrackPointExtension>
        </extensions>
      </trkpt>
      <trkpt lat="22.593925267932903" lon="113.97246679435908">
        <ele>13.471512692980468</ele>
        <time>1970-01-01T00:13:25Z</time>
        <extensions>
          <gpxtpx:TrackPointExtension>
            <gpxtpx:hr>152</gpxtpx:hr>
          </gpxtpx:TrackPointExtension>
        </extensions>
      </trkpt>
      <trkpt lat="22.593933834142675" lon="113.97243762902073">
        <ele>13.465201917104423</ele>
        <time>1970-01-01T00:13:26Z</time>
        <extensions>
          <gpxtpx:TrackPointExtension>
            <gpxtpx:hr>152</gpxtpx:hr>
          </gpxtpx:TrackPointExtension>
        </extensions>
      </trkpt>
      <trkpt lat="22.59394171417677" lon="113.97240817000139">
        <ele>13.46224158257246</ele>
        <time>1970-01-01T00:13:27Z</time>
        <extensions>
          <gpxtpx:TrackPointExtension>
            <gpxtpx:hr>152</gpxtpx:hr>
          </gpxtpx:TrackPointExtension>
        </extensions>
      </trkpt>
      <trkpt lat="22.59394925716889" lon="113.97237829611949">
        <ele>13.463291711173952</ele>
        <time>1970-01-01T00:13:28Z</time>
        <extensions>
          <gpxtpx:TrackPointExtension>
            <gpxtpx:hr>152</gpxtpx:hr>
          </gpxtpx:TrackPointExtension>
        </extensions>
      </trkpt>
      <trkpt lat="22.59395716985801" lon="113.97234839976163">
        <ele>13.468844605609775</ele>
        <time>1970-01-01T00:13:29Z</time>
        <extensions>
          <gpxtpx:TrackPointExtension>
            <gpxtpx:hr>152</gpxtpx:hr>
          </gpxtpx:TrackPointExtension>
        </extensions>
      </trkpt>
      <trkpt lat="22.593965925446543" lon="113.97231887949728">
        <ele>13.47572039719671</ele>
        <time>1970-01-01T00:13:30Z</time>
        <extensions>
          <gpxtpx:TrackPointExtension>
            <gpxtpx:hr>152</gpxtpx:hr>
          </gpxtpx:TrackPointExtension>
        </extensions>
      </trkpt>
      <trkpt lat="22.593974559940524" lon="113.97228971136762">
        <ele>13.484705973416567</ele>
        <time>1970-01-01T00:13:31Z</time>
        <extensions>
          <gpxtpx:TrackPointExtension>
            <gpxtpx:hr>152</gpxtpx:hr>
          </gpxtpx:TrackPointExtension>
        </extensions>
      </trkpt>
      <trkpt lat="22.59398227215095" lon="113.97226065009735">
        <ele>13.493648156523705</ele>
        <time>1970-01-01T00:13:32Z</time>
        <extensions>
          <gpxtpx:TrackPointExtension>
            <gpxtpx:hr>152</gpxtpx:hr>
          </gpxtpx:TrackPointExtension>
        </extensions>
      </trkpt>
      <trkpt lat="22.59398952302366" lon="113.97223147691149">
        <ele>13.502134247682989</ele>
        <time>1970-01-01T00:13:33Z</time>
        <extensions>
          <gpxtpx:TrackPointExtension>
            <gpxtpx:hr>152</gpxtpx:hr>
          </gpxtpx:TrackPointExtension>
        </extensions>
      </trkpt>
      <trkpt lat="22.593996127048364" lon="113.97220207048262">
        <ele>13.510635302402079</ele>
        <time>1970-01-01T00:13:34Z</time>
        <extensions>
          <gpxtpx:TrackPointExtension>
            <gpxtpx:hr>152</gpxtpx:hr>
          </gpxtpx:TrackPointExtension>
        </extensions>
      </trkpt>
      <trkpt lat="22.594001940565903" lon="113.9721725881207">
        <ele>13.520019576884806</ele>
        <time>1970-01-01T00:13:35Z</time>
        <extensions>
          <gpxtpx:TrackPointExtension>
            <gpxtpx:hr>150</gpxtpx:hr>
          </gpxtpx:TrackPointExtension>
        </extensions>
      </trkpt>
      <trkpt lat="22.594007232333293" lon="113.9721431173498">
        <ele>13.528667270205915</ele>
        <time>1970-01-01T00:13:36Z</time>
        <extensions>
          <gpxtpx:TrackPointExtension>
            <gpxtpx:hr>150</gpxtpx:hr>
          </gpxtpx:TrackPointExtension>
        </extensions>
      </trkpt>
      <trkpt lat="22.59401219391981" lon="113.97211344024625">
        <ele>13.537102018482983</ele>
        <time>1970-01-01T00:13:37Z</time>
        <extensions>
          <gpxtpx:TrackPointExtension>
            <gpxtpx:hr>150</gpxtpx:hr>
          </gpxtpx:TrackPointExtension>
        </extensions>
      </trkpt>
      <trkpt lat="22.594017100461745" lon="113.97208366209594">
        <ele>13.546145539730787</ele>
        <time>1970-01-01T00:13:38Z</time>
        <extensions>
          <gpxtpx:TrackPointExtension>
            <gpxtpx:hr>150</gpxtpx:hr>
          </gpxtpx:TrackPointExtension>
        </extensions>
      </trkpt>
      <trkpt lat="22.594022249659663" lon="113.97205386708931">
        <ele>13.55437089689076</ele>
        <time>1970-01-01T00:13:39Z</time>
        <extensions>
          <gpxtpx:TrackPointExtension>
            <gpxtpx:hr>150</gpxtpx:hr>
          </gpxtpx:TrackPointExtension>
        </extensions>
      </trkpt>
      <trkpt lat="22.594027683520704" lon="113.97202405104521">
        <ele>13.563373764045537</ele>
        <time>1970-01-01T00:13:40Z</time>
        <extensions>
          <gpxtpx:TrackPointExtension>
            <gpxtpx:hr>150</gpxtpx:hr>
          </gpxtpx:TrackPointExtension>
        </extensions>
      </trkpt>
      <trkpt lat="22.594033289358126" lon="113.97199429382349">
        <ele>13.571797200478613</ele>
        <time>1970-01-01T00:13:41Z</time>
        <extensions>
          <gpxtpx:TrackPointExtension>
            <gpxtpx:hr>150</gpxtpx:hr>
          </gpxtpx:TrackPointExtension>
        </extensions>
      </trkpt>
      <trkpt lat="22.594038790809055" lon="113.97196435942865">
        <ele>13.57981139421463</ele>
        <time>1970-01-01T00:13:42Z</time>
        <extensions>
          <gpxtpx:TrackPointExtension>
            <gpxtpx:hr>150</gpxtpx:hr>
          </gpxtpx:TrackPointExtension>
        </extensions>
      </trkpt>
      <trkpt lat="22.594043948979525" lon="113.9719341239449">
        <ele>13.588992601260543</ele>
        <time>1970-01-01T00:13:43Z</time>
        <extensions>
          <gpxtpx:TrackPointExtension>
            <gpxtpx:hr>150</gpxtpx:hr>
          </gpxtpx:TrackPointExtension>
        </extensions>
      </trkpt>
      <trkpt lat="22.594049094135745" lon="113.97190372346073">
        <ele>13.597302610985935</ele>
        <time>1970-01-01T00:13:44Z</time>
        <extensions>
          <gpxtpx:TrackPointExtension>
            <gpxtpx:hr>150</gpxtpx:hr>
          </gpxtpx:TrackPointExtension>
        </extensions>
      </trkpt>
      <trkpt lat="22.594054809166686" lon="113.97187324144058">
        <ele>13.605928314849734</ele>
        <time>1970-01-01T00:13:45Z</time>
        <extensions>
          <gpxtpx:TrackPointExtension>
            <gpxtpx:hr>150</gpxtpx:hr>
          </gpxtpx:TrackPointExtension>
        </extensions>
      </trkpt>
      <trkpt lat="22.594060890023464" lon="113.97184246699464">
        <ele>13.613398800604045</ele>
        <time>1970-01-01T00:13:46Z</time>
        <extensions>
          <gpxtpx:TrackPointExtension>
            <gpxtpx:hr>150</gpxtpx:hr>
          </gpxtpx:TrackPointExtension>
        </extensions>
      </trkpt>
      <trkpt lat="22.594067658454573" lon="113.97181186122135">
        <ele>13.61790154967457</ele>
        <time>1970-01-01T00:13:47Z</time>
        <extensions>
          <gpxtpx:TrackPointExtension>
            <gpxtpx:hr>150</gpxtpx:hr>
          </gpxtpx:TrackPointExtension>
        </extensions>
      </trkpt>
      <trkpt lat="22.594074981551937" lon="113.97178125729673">
        <ele>13.622788135893643</ele>
        <time>1970-01-01T00:13:48Z</time>
        <extensions>
          <gpxtpx:TrackPointExtension>
            <gpxtpx:hr>150</gpxtpx:hr>
          </gpxtpx:TrackPointExtension>
        </extensions>
      </trkpt>
      <trkpt lat="22.594081604148723" lon="113.97175042281954">
        <ele>13.626421588473022</ele>
        <time>1970-01-01T00:13:49Z</time>
        <extensions>
          <gpxtpx:TrackPointExtension>
            <gpxtpx:hr>150</gpxtpx:hr>
          </gpxtpx:TrackPointExtension>
        </extensions>
      </trkpt>
      <trkpt lat="22.59408722192169" lon="113.97171945645361">
        <ele>13.629266234114766</ele>
        <time>1970-01-01T00:13:50Z</time>
        <extensions>
          <gpxtpx:TrackPointExtension>
            <gpxtpx:hr>151</gpxtpx:hr>
          </gpxtpx:TrackPointExtension>
        </extensions>
      </trkpt>
      <trkpt lat="22.594091923131227" lon="113.97168839377284">
        <ele>13.62963260896504</ele>
        <time>1970-01-01T00:13:51Z</time>
        <extensions>
          <gpxtpx:TrackPointExtension>
            <gpxtpx:hr>151</gpxtpx:hr>
          </gpxtpx:TrackPointExtension>
        </extensions>
      </trkpt>
      <trkpt lat="22.594096234048852" lon="113.9716573162762">
        <ele>13.631152234971523</ele>
        <time>1970-01-01T00:13:52Z</time>
        <extensions>
          <gpxtpx:TrackPointExtension>
            <gpxtpx:hr>151</gpxtpx:hr>
          </gpxtpx:TrackPointExtension>
        </extensions>
      </trkpt>
      <trkpt lat="22.59410051402787" lon="113.97162648902571">
        <ele>13.630100838840008</ele>
        <time>1970-01-01T00:13:53Z</time>
        <extensions>
          <gpxtpx:TrackPointExtension>
            <gpxtpx:hr>151</gpxtpx:hr>
          </gpxtpx:TrackPointExtension>
        </extensions>
      </trkpt>
      <trkpt lat="22.594104799362867" lon="113.97159563347387">
        <ele>13.625751090236008</ele>
        <time>1970-01-01T00:13:54Z</time>
        <extensions>
          <gpxtpx:TrackPointExtension>
            <gpxtpx:hr>151</gpxtpx:hr>
          </gpxtpx:TrackPointExtension>
        </extensions>
      </trkpt>
      <trkpt lat="22.594109281987645" lon="113.97156445754644">
        <ele>13.621033942326903</ele>
        <time>1970-01-01T00:13:55Z</time>
        <extensions>
          <gpxtpx:TrackPointExtension>
            <gpxtpx:hr>150</gpxtpx:hr>
          </gpxtpx:TrackPointExtension>
        </extensions>
      </trkpt>
      <trkpt lat="22.594113964963025" lon="113.9715331477141">
        <ele>13.613382268697023</ele>
        <time>1970-01-01T00:13:56Z</time>
        <extensions>
          <gpxtpx:TrackPointExtension>
            <gpxtpx:hr>150</gpxtpx:hr>
          </gpxtpx:TrackPointExtension>
        </extensions>
      </trkpt>
      <trkpt lat="22.594119047830905" lon="113.97150197435423">
        <ele>13.607062999159098</ele>
        <time>1970-01-01T00:13:57Z</time>
        <extensions>
          <gpxtpx:TrackPointExtension>
            <gpxtpx:hr>150</gpxtpx:hr>
          </gpxtpx:TrackPointExtension>
        </extensions>
      </trkpt>
      <trkpt lat="22.59412429985383" lon="113.97147116843125">
        <ele>13.6061617070809</ele>
        <time>1970-01-01T00:13:58Z</time>
        <extensions>
          <gpxtpx:TrackPointExtension>
            <gpxtpx:hr>150</gpxtpx:hr>
          </gpxtpx:TrackPointExtension>
        </extensions>
      </trkpt>
      <trkpt lat="22.59412906836376" lon="113.97144038793283">
        <ele>13.604063330218196</ele>
        <time>1970-01-01T00:13:59Z</time>
        <extensions>
          <gpxtpx:TrackPointExtension>
            <gpxtpx:hr>150</gpxtpx:hr>
          </gpxtpx:TrackPointExtension>
        </extensions>
      </trkpt>
      <trkpt lat="22.594133207884948" lon="113.97140978475484">
        <ele>13.607851833105087</ele>
        <time>1970-01-01T00:14:00Z</time>
        <extensions>
          <gpxtpx:TrackPointExtension>
            <gpxtpx:hr>150</gpxtpx:hr>
          </gpxtpx:TrackPointExtension>
        </extensions>
      </trkpt>
      <trkpt lat="22.594136652476276" lon="113.97137918384314">
        <ele>13.612716175615788</ele>
        <time>1970-01-01T00:14:01Z</time>
        <extensions>
          <gpxtpx:TrackPointExtension>
            <gpxtpx:hr>152</gpxtpx:hr>
          </gpxtpx:TrackPointExtension>
        </extensions>
      </trkpt>
      <trkpt lat="22.594139880201357" lon="113.971348414724">
        <ele>13.621873190626502</ele>
        <time>1970-01-01T00:14:02Z</time>
        <extensions>
          <gpxtpx:TrackPointExtension>
            <gpxtpx:hr>152</gpxtpx:hr>
          </gpxtpx:TrackPointExtension>
        </extensions>
      </trkpt>
      <trkpt lat="22.594143183189843" lon="113.97131758529707">
        <ele>13.634683899581432</ele>
        <time>1970-01-01T00:14:03Z</time>
        <extensions>
          <gpxtpx:TrackPointExtension>
            <gpxtpx:hr>152</gpxtpx:hr>
          </gpxtpx:TrackPointExtension>
        </extensions>
      </trkpt>
      <trkpt lat="22.594146569025654" lon="113.97128699603077">
        <ele>13.64877493493259</ele>
        <time>1970-01-01T00:14:04Z</time>
        <extensions>
          <gpxtpx:TrackPointExtension>
            <gpxtpx:hr>152</gpxtpx:hr>
          </gpxtpx:TrackPointExtension>
        </extensions>
      </trkpt>
      <trkpt lat="22.59414991020778" lon="113.97125668760468">
        <ele>13.66476536076516</ele>
        <time>1970-01-01T00:14:05Z</time>
        <extensions>
          <gpxtpx:TrackPointExtension>
            <gpxtpx:hr>152</gpxtpx:hr>
          </gpxtpx:TrackPointExtension>
        </extensions>
      </trkpt>
      <trkpt lat="22.594152979400278" lon="113.9712265785008">
        <ele>13.681737923063338</ele>
        <time>1970-01-01T00:14:06Z</time>
        <extensions>
          <gpxtpx:TrackPointExtension>
            <gpxtpx:hr>154</gpxtpx:hr>
          </gpxtpx:TrackPointExtension>
        </extensions>
      </trkpt>
      <trkpt lat="22.594156194489727" lon="113.97119642867894">
        <ele>13.700099316425622</ele>
        <time>1970-01-01T00:14:07Z</time>
        <extensions>
          <gpxtpx:TrackPointExtension>
            <gpxtpx:hr>154</gpxtpx:hr>
          </gpxtpx:TrackPointExtension>
        </extensions>
      </trkpt>
      <trkpt lat="22.59415972252093" lon="113.97116627687551">
        <ele>13.721779302693903</ele>
        <time>1970-01-01T00:14:08Z</time>
        <extensions>
          <gpxtpx:TrackPointExtension>
            <gpxtpx:hr>154</gpxtpx:hr>
          </gpxtpx:TrackPointExtension>
        </extensions>
      </trkpt>
      <trkpt lat="22.59416353670761" lon="113.9711362466055">
        <ele>13.745883199386299</ele>
        <time>1970-01-01T00:14:09Z</time>
        <extensions>
          <gpxtpx:TrackPointExtension>
            <gpxtpx:hr>154</gpxtpx:hr>
          </gpxtpx:TrackPointExtension>
        </extensions>
      </trkpt>
      <trkpt lat="22.594167273563446" lon="113.97110631669221">
        <ele>13.772883517667651</ele>
        <time>1970-01-01T00:14:10Z</time>
        <extensions>
          <gpxtpx:TrackPointExtension>
            <gpxtpx:hr>154</gpxtpx:hr>
          </gpxtpx:TrackPointExtension>
        </extensions>
      </trkpt>
      <trkpt lat="22.594170819500626" lon="113.97107659982424">
        <ele>13.803148729726672</ele>
        <time>1970-01-01T00:14:11Z</time>
        <extensions>
          <gpxtpx:TrackPointExtension>
            <gpxtpx:hr>154</gpxtpx:hr>
          </gpxtpx:TrackPointExtension>
        </extensions>
      </trkpt>
      <trkpt lat="22.59417416191833" lon="113.97104694211336">
        <ele>13.836341422982514</ele>
        <time>1970-01-01T00:14:12Z</time>
        <extensions>
          <gpxtpx:TrackPointExtension>
            <gpxtpx:hr>154</gpxtpx:hr>
          </gpxtpx:TrackPointExtension>
        </extensions>
      </trkpt>
      <trkpt lat="22.594177390559377" lon="113.97101738355455">
        <ele>13.871543829329312</ele>
        <time>1970-01-01T00:14:13Z</time>
        <extensions>
          <gpxtpx:TrackPointExtension>
            <gpxtpx:hr>154</gpxtpx:hr>
          </gpxtpx:TrackPointExtension>
        </extensions>
      </trkpt>
      <trkpt lat="22.594181214090103" lon="113.97098785956604">
        <ele>13.90931420121342</ele>
        <time>1970-01-01T00:14:14Z</time>
        <extensions>
          <gpxtpx:TrackPointExtension>
            <gpxtpx:hr>153</gpxtpx:hr>
          </gpxtpx:TrackPointExtension>
        </extensions>
      </trkpt>
      <trkpt lat="22.594185474000447" lon="113.9709582366591">
        <ele>13.94909920077771</ele>
        <time>1970-01-01T00:14:15Z</time>
        <extensions>
          <gpxtpx:TrackPointExtension>
            <gpxtpx:hr>153</gpxtpx:hr>
          </gpxtpx:TrackPointExtension>
        </extensions>
      </trkpt>
      <trkpt lat="22.594190054980192" lon="113.97092873022505">
        <ele>13.990542648360133</ele>
        <time>1970-01-01T00:14:16Z</time>
        <extensions>
          <gpxtpx:TrackPointExtension>
            <gpxtpx:hr>153</gpxtpx:hr>
          </gpxtpx:TrackPointExtension>
        </extensions>
      </trkpt>
      <trkpt lat="22.59419492731876" lon="113.97089933139179">
        <ele>14.033502439036965</ele>
        <time>1970-01-01T00:14:17Z</time>
        <extensions>
          <gpxtpx:TrackPointExtension>
            <gpxtpx:hr>153</gpxtpx:hr>
          </gpxtpx:TrackPointExtension>
        </extensions>
      </trkpt>
      <trkpt lat="22.594200554123457" lon="113.97087010530097">
        <ele>14.077425641007721</ele>
        <time>1970-01-01T00:14:18Z</time>
        <extensions>
          <gpxtpx:TrackPointExtension>
            <gpxtpx:hr>153</gpxtpx:hr>
          </gpxtpx:TrackPointExtension>
        </extensions>
      </trkpt>
      <trkpt lat="22.594206647133028" lon="113.97084086471094">
        <ele>14.121156885288656</ele>
        <time>1970-01-01T00:14:19Z</time>
        <extensions>
          <gpxtpx:TrackPointExtension>
            <gpxtpx:hr>153</gpxtpx:hr>
          </gpxtpx:TrackPointExtension>
        </extensions>
      </trkpt>
      <trkpt lat="22.594211992636573" lon="113.97081139684637">
        <ele>14.165117168799043</ele>
        <time>1970-01-01T00:14:20Z</time>
        <extensions>
          <gpxtpx:TrackPointExtension>
            <gpxtpx:hr>153</gpxtpx:hr>
          </gpxtpx:TrackPointExtension>
        </extensions>
      </trkpt>
      <trkpt lat="22.594216167086913" lon="113.9707819630616">
        <ele>14.208147383295</ele>
        <time>1970-01-01T00:14:21Z</time>
        <extensions>
          <gpxtpx:TrackPointExtension>
            <gpxtpx:hr>153</gpxtpx:hr>
          </gpxtpx:TrackPointExtension>
        </extensions>
      </trkpt>
      <trkpt lat="22.594218864032467" lon="113.97075274653446">
        <ele>14.250090398825705</ele>
        <time>1970-01-01T00:14:22Z</time>
        <extensions>
          <gpxtpx:TrackPointExtension>
            <gpxtpx:hr>153</gpxtpx:hr>
          </gpxtpx:TrackPointExtension>
        </extensions>
      </trkpt>
      <trkpt lat="22.594219164565963" lon="113.97072367909782">
        <ele>14.291751518845558</ele>
        <time>1970-01-01T00:14:23Z</time>
        <extensions>
          <gpxtpx:TrackPointExtension>
            <gpxtpx:hr>153</gpxtpx:hr>
          </gpxtpx:TrackPointExtension>
        </extensions>
      </trkpt>
      <trkpt lat="22.594216973213456" lon="113.97069473036053">
        <ele>14.33188825007528</ele>
        <time>1970-01-01T00:14:24Z</time>
        <extensions>
          <gpxtpx:TrackPointExtension>
            <gpxtpx:hr>153</gpxtpx:hr>
          </gpxtpx:TrackPointExtension>
        </extensions>
      </trkpt>
      <trkpt lat="22.594213700860944" lon="113.97066566973601">
        <ele>14.372192525304854</ele>
        <time>1970-01-01T00:14:25Z</time>
        <extensions>
          <gpxtpx:TrackPointExtension>
            <gpxtpx:hr>153</gpxtpx:hr>
          </gpxtpx:TrackPointExtension>
        </extensions>
      </trkpt>
      <trkpt lat="22.594210321559935" lon="113.97063688538364">
        <ele>14.411759241484106</ele>
        <time>1970-01-01T00:14:26Z</time>
        <extensions>
          <gpxtpx:TrackPointExtension>
            <gpxtpx:hr>153</gpxtpx:hr>
          </gpxtpx:TrackPointExtension>
        </extensions>
      </trkpt>
      <trkpt lat="22.5942067179788" lon="113.97060842483369">
        <ele>14.449328918941319</ele>
        <time>1970-01-01T00:14:27Z</time>
        <extensions>
          <gpxtpx:TrackPointExtension>
            <gpxtpx:hr>153</gpxtpx:hr>
          </gpxtpx:TrackPointExtension>
        </extensions>
      </trkpt>
      <trkpt lat="22.594202694459433" lon="113.97058032578344">
        <ele>14.485549670644104</ele>
        <time>1970-01-01T00:14:28Z</time>
        <extensions>
          <gpxtpx:TrackPointExtension>
            <gpxtpx:hr>153</gpxtpx:hr>
          </gpxtpx:TrackPointExtension>
        </extensions>
      </trkpt>
      <trkpt lat="22.59419850105672" lon="113.9705526799271">
        <ele>14.519761175848544</ele>
        <time>1970-01-01T00:14:29Z</time>
        <extensions>
          <gpxtpx:TrackPointExtension>
            <gpxtpx:hr>153</gpxtpx:hr>
          </gpxtpx:TrackPointExtension>
        </extensions>
      </trkpt>
      <trkpt lat="22.594193793572504" lon="113.97052529324668">
        <ele>14.551819887943566</ele>
        <time>1970-01-01T00:14:30Z</time>
        <extensions>
          <gpxtpx:TrackPointExtension>
            <gpxtpx:hr>153</gpxtpx:hr>
          </gpxtpx:TrackPointExtension>
        </extensions>
      </trkpt>
      <trkpt lat="22.594188128081978" lon="113.97049809155435">
        <ele>14.581725602969527</ele>
        <time>1970-01-01T00:14:31Z</time>
        <extensions>
          <gpxtpx:TrackPointExtension>
            <gpxtpx:hr>153</gpxtpx:hr>
          </gpxtpx:TrackPointExtension>
        </extensions>
      </trkpt>
      <trkpt lat="22.594183072652786" lon="113.97047070914427">
        <ele>14.607750733383</ele>
        <time>1970-01-01T00:14:32Z</time>
        <extensions>
          <gpxtpx:TrackPointExtension>
            <gpxtpx:hr>153</gpxtpx:hr>
          </gpxtpx:TrackPointExtension>
        </extensions>
      </trkpt>
      <trkpt lat="22.594179960364915" lon="113.97044284006573">
        <ele>14.62910296395421</ele>
        <time>1970-01-01T00:14:33Z</time>
        <extensions>
          <gpxtpx:TrackPointExtension>
            <gpxtpx:hr>153</gpxtpx:hr>
          </gpxtpx:TrackPointExtension>
        </extensions>
      </trkpt>
      <trkpt lat="22.594177576840462" lon="113.9704145515034">
        <ele>14.64501526299864</ele>
        <time>1970-01-01T00:14:34Z</time>
        <extensions>
          <gpxtpx:TrackPointExtension>
            <gpxtpx:hr>153</gpxtpx:hr>
          </gpxtpx:TrackPointExtension>
        </extensions>
      </trkpt>
      <trkpt lat="22.5941748034828" lon="113.97038598646868">
        <ele>14.654660103842616</ele>
        <time>1970-01-01T00:14:35Z</time>
        <extensions>
          <gpxtpx:TrackPointExtension>
            <gpxtpx:hr>152</gpxtpx:hr>
          </gpxtpx:TrackPointExtension>
        </extensions>
      </trkpt>
      <trkpt lat="22.594171291497087" lon="113.97035743662164">
        <ele>14.657624388113618</ele>
        <time>1970-01-01T00:14:36Z</time>
        <extensions>
          <gpxtpx:TrackPointExtension>
            <gpxtpx:hr>152</gpxtpx:hr>
          </gpxtpx:TrackPointExtension>
        </extensions>
      </trkpt>
      <trkpt lat="22.59416788905448" lon="113.97032883373333">
        <ele>14.65412581898272</ele>
        <time>1970-01-01T00:14:37Z</time>
        <extensions>
          <gpxtpx:TrackPointExtension>
            <gpxtpx:hr>152</gpxtpx:hr>
          </gpxtpx:TrackPointExtension>
        </extensions>
      </trkpt>
      <trkpt lat="22.594165283162262" lon="113.97030014736312">
        <ele>14.642831346951425</ele>
        <time>1970-01-01T00:14:38Z</time>
        <extensions>
          <gpxtpx:TrackPointExtension>
            <gpxtpx:hr>152</gpxtpx:hr>
          </gpxtpx:TrackPointExtension>
        </extensions>
      </trkpt>
      <trkpt lat="22.594162867901137" lon="113.97027157312088">
        <ele>14.624337824061513</ele>
        <time>1970-01-01T00:14:39Z</time>
        <extensions>
          <gpxtpx:TrackPointExtension>
            <gpxtpx:hr>152</gpxtpx:hr>
          </gpxtpx:TrackPointExtension>
        </extensions>
      </trkpt>
      <trkpt lat="22.59416062710771" lon="113.9702433108015">
        <ele>14.599215467460454</ele>
        <time>1970-01-01T00:14:40Z</time>
        <extensions>
          <gpxtpx:TrackPointExtension>
            <gpxtpx:hr>152</gpxtpx:hr>
          </gpxtpx:TrackPointExtension>
        </extensions>
      </trkpt>
      <trkpt lat="22.594158189841945" lon="113.97021543845109">
        <ele>14.567031803540885</ele>
        <time>1970-01-01T00:14:41Z</time>
        <extensions>
          <gpxtpx:TrackPointExtension>
            <gpxtpx:hr>151</gpxtpx:hr>
          </gpxtpx:TrackPointExtension>
        </extensions>
      </trkpt>
      <trkpt lat="22.594154947929837" lon="113.97018799383663">
        <ele>14.52964829094708</ele>
        <time>1970-01-01T00:14:42Z</time>
        <extensions>
          <gpxtpx:TrackPointExtension>
            <gpxtpx:hr>151</gpxtpx:hr>
          </gpxtpx:TrackPointExtension>
        </extensions>
      </trkpt>
      <trkpt lat="22.59415073118371" lon="113.97016130610773">
        <ele>14.48854941315949</ele>
        <time>1970-01-01T00:14:43Z</time>
        <extensions>
          <gpxtpx:TrackPointExtension>
            <gpxtpx:hr>151</gpxtpx:hr>
          </gpxtpx:TrackPointExtension>
        </extensions>
      </trkpt>
      <trkpt lat="22.594146533460883" lon="113.97013519524151">
        <ele>14.444757213816047</ele>
        <time>1970-01-01T00:14:44Z</time>
        <extensions>
          <gpxtpx:TrackPointExtension>
            <gpxtpx:hr>151</gpxtpx:hr>
          </gpxtpx:TrackPointExtension>
        </extensions>
      </trkpt>
      <trkpt lat="22.59414253233726" lon="113.97010920380063">
        <ele>14.400348542258143</ele>
        <time>1970-01-01T00:14:45Z</time>
        <extensions>
          <gpxtpx:TrackPointExtension>
            <gpxtpx:hr>151</gpxtpx:hr>
          </gpxtpx:TrackPointExtension>
        </extensions>
      </trkpt>
      <trkpt lat="22.59413818208804" lon="113.97008291090533">
        <ele>14.357319540344179</ele>
        <time>1970-01-01T00:14:46Z</time>
        <extensions>
          <gpxtpx:TrackPointExtension>
            <gpxtpx:hr>151</gpxtpx:hr>
          </gpxtpx:TrackPointExtension>
        </extensions>
      </trkpt>
      <trkpt lat="22.594133978592016" lon="113.97005607407819">
        <ele>14.316294378601015</ele>
        <time>1970-01-01T00:14:47Z</time>
        <extensions>
          <gpxtpx:TrackPointExtension>
            <gpxtpx:hr>152</gpxtpx:hr>
          </gpxtpx:TrackPointExtension>
        </extensions>
      </trkpt>
      <trkpt lat="22.59413021177921" lon="113.97002869402908">
        <ele>14.278561746701598</ele>
        <time>1970-01-01T00:14:48Z</time>
        <extensions>
          <gpxtpx:TrackPointExtension>
            <gpxtpx:hr>152</gpxtpx:hr>
          </gpxtpx:TrackPointExtension>
        </extensions>
      </trkpt>
      <trkpt lat="22.594126730075747" lon="113.97000076491958">
        <ele>14.243340272456408</ele>
        <time>1970-01-01T00:14:49Z</time>
        <extensions>
          <gpxtpx:TrackPointExtension>
            <gpxtpx:hr>152</gpxtpx:hr>
          </gpxtpx:TrackPointExtension>
        </extensions>
      </trkpt>
      <trkpt lat="22.59412316319813" lon="113.96997276404144">
        <ele>14.211080335080624</ele>
        <time>1970-01-01T00:14:50Z</time>
        <extensions>
          <gpxtpx:TrackPointExtension>
            <gpxtpx:hr>152</gpxtpx:hr>
          </gpxtpx:TrackPointExtension>
        </extensions>
      </trkpt>
      <trkpt lat="22.594119979993142" lon="113.96994486462299">
        <ele>14.180623104795814</ele>
        <time>1970-01-01T00:14:51Z</time>
        <extensions>
          <gpxtpx:TrackPointExtension>
            <gpxtpx:hr>152</gpxtpx:hr>
          </gpxtpx:TrackPointExtension>
        </extensions>
      </trkpt>
      <trkpt lat="22.594116552317374" lon="113.96991699203355">
        <ele>14.150844264775515</ele>
        <time>1970-01-01T00:14:52Z</time>
        <extensions>
          <gpxtpx:TrackPointExtension>
            <gpxtpx:hr>152</gpxtpx:hr>
          </gpxtpx:TrackPointExtension>
        </extensions>
      </trkpt>
      <trkpt lat="22.59411188472636" lon="113.96988944914673">
        <ele>14.121104631572962</ele>
        <time>1970-01-01T00:14:53Z</time>
        <extensions>
          <gpxtpx:TrackPointExtension>
            <gpxtpx:hr>152</gpxtpx:hr>
          </gpxtpx:TrackPointExtension>
        </extensions>
      </trkpt>
      <trkpt lat="22.594106405703137" lon="113.96986184214053">
        <ele>14.09073390532285</ele>
        <time>1970-01-01T00:14:54Z</time>
        <extensions>
          <gpxtpx:TrackPointExtension>
            <gpxtpx:hr>152</gpxtpx:hr>
          </gpxtpx:TrackPointExtension>
        </extensions>
      </trkpt>
      <trkpt lat="22.594100253944934" lon="113.96983390543308">
        <ele>14.060455686412752</ele>
        <time>1970-01-01T00:14:55Z</time>
        <extensions>
          <gpxtpx:TrackPointExtension>
            <gpxtpx:hr>152</gpxtpx:hr>
          </gpxtpx:TrackPointExtension>
        </extensions>
      </trkpt>
      <trkpt lat="22.59409357858675" lon="113.96980582397468">
        <ele>14.031225878745317</ele>
        <time>1970-01-01T00:14:56Z</time>
        <extensions>
          <gpxtpx:TrackPointExtension>
            <gpxtpx:hr>152</gpxtpx:hr>
          </gpxtpx:TrackPointExtension>
        </extensions>
      </trkpt>
      <trkpt lat="22.59408656584654" lon="113.96977772362024">
        <ele>14.003364517353475</ele>
        <time>1970-01-01T00:14:57Z</time>
        <extensions>
          <gpxtpx:TrackPointExtension>
            <gpxtpx:hr>152</gpxtpx:hr>
          </gpxtpx:TrackPointExtension>
        </extensions>
      </trkpt>
      <trkpt lat="22.59407945405624" lon="113.96974965601574">
        <ele>13.97872518375516</ele>
        <time>1970-01-01T00:14:58Z</time>
        <extensions>
          <gpxtpx:TrackPointExtension>
            <gpxtpx:hr>152</gpxtpx:hr>
          </gpxtpx:TrackPointExtension>
        </extensions>
      </trkpt>
      <trkpt lat="22.594072124079172" lon="113.96972182763238">
        <ele>13.957184278406203</ele>
        <time>1970-01-01T00:14:59Z</time>
        <extensions>
          <gpxtpx:TrackPointExtension>
            <gpxtpx:hr>152</gpxtpx:hr>
          </gpxtpx:TrackPointExtension>
        </extensions>
      </trkpt>
      <trkpt lat="22.594064266347203" lon="113.96969409425785">
        <ele>13.939457032829523</ele>
        <time>1970-01-01T00:15:00Z</time>
        <extensions>
          <gpxtpx:TrackPointExtension>
            <gpxtpx:hr>152</gpxtpx:hr>
          </gpxtpx:TrackPointExtension>
        </extensions>
      </trkpt>
      <trkpt lat="22.59405595791767" lon="113.9696661423249">
        <ele>13.925948163494468</ele>
        <time>1970-01-01T00:15:01Z</time>
        <extensions>
          <gpxtpx:TrackPointExtension>
            <gpxtpx:hr>151</gpxtpx:hr>
          </gpxtpx:TrackPointExtension>
        </extensions>
      </trkpt>
      <trkpt lat="22.59404696363539" lon="113.96963813324084">
        <ele>13.916420670226216</ele>
        <time>1970-01-01T00:15:02Z</time>
        <extensions>
          <gpxtpx:TrackPointExtension>
            <gpxtpx:hr>151</gpxtpx:hr>
          </gpxtpx:TrackPointExtension>
        </extensions>
      </trkpt>
      <trkpt lat="22.594038063445424" lon="113.96961003783976">
        <ele>13.913762827403843</ele>
        <time>1970-01-01T00:15:03Z</time>
        <extensions>
          <gpxtpx:TrackPointExtension>
            <gpxtpx:hr>151</gpxtpx:hr>
          </gpxtpx:TrackPointExtension>
        </extensions>
      </trkpt>
      <trkpt lat="22.594029904874677" lon="113.96958173415679">
        <ele>13.917210925370455</ele>
        <time>1970-01-01T00:15:04Z</time>
        <extensions>
          <gpxtpx:TrackPointExtension>
            <gpxtpx:hr>151</gpxtpx:hr>
          </gpxtpx:TrackPointExtension>
        </extensions>
      </trkpt>
      <trkpt lat="22.59402182372334" lon="113.96955337213282">
        <ele>13.925184780731797</ele>
        <time>1970-01-01T00:15:05Z</time>
        <extensions>
          <gpxtpx:TrackPointExtension>
            <gpxtpx:hr>150</gpxtpx:hr>
          </gpxtpx:TrackPointExtension>
        </extensions>
      </trkpt>
      <trkpt lat="22.594013316589628" lon="113.96952499103476">
        <ele>13.938375350087881</ele>
        <time>1970-01-01T00:15:06Z</time>
        <extensions>
          <gpxtpx:TrackPointExtension>
            <gpxtpx:hr>150</gpxtpx:hr>
          </gpxtpx:TrackPointExtension>
        </extensions>
      </trkpt>
      <trkpt lat="22.594004700994027" lon="113.96949636704659">
        <ele>13.959001488983631</ele>
        <time>1970-01-01T00:15:07Z</time>
        <extensions>
          <gpxtpx:TrackPointExtension>
            <gpxtpx:hr>150</gpxtpx:hr>
          </gpxtpx:TrackPointExtension>
        </extensions>
      </trkpt>
      <trkpt lat="22.59399650385149" lon="113.96946783565237">
        <ele>13.983326888643205</ele>
        <time>1970-01-01T00:15:08Z</time>
        <extensions>
          <gpxtpx:TrackPointExtension>
            <gpxtpx:hr>150</gpxtpx:hr>
          </gpxtpx:TrackPointExtension>
        </extensions>
      </trkpt>
      <trkpt lat="22.593989005561568" lon="113.96943924592144">
        <ele>14.011942475102842</ele>
        <time>1970-01-01T00:15:09Z</time>
        <extensions>
          <gpxtpx:TrackPointExtension>
            <gpxtpx:hr>151</gpxtpx:hr>
          </gpxtpx:TrackPointExtension>
        </extensions>
      </trkpt>
      <trkpt lat="22.59398245188497" lon="113.96941079119689">
        <ele>14.04568054061383</ele>
        <time>1970-01-01T00:15:10Z</time>
        <extensions>
          <gpxtpx:TrackPointExtension>
            <gpxtpx:hr>151</gpxtpx:hr>
          </gpxtpx:TrackPointExtension>
        </extensions>
      </trkpt>
      <trkpt lat="22.593975724644306" lon="113.96938274886074">
        <ele>14.083299425430596</ele>
        <time>1970-01-01T00:15:11Z</time>
        <extensions>
          <gpxtpx:TrackPointExtension>
            <gpxtpx:hr>151</gpxtpx:hr>
          </gpxtpx:TrackPointExtension>
        </extensions>
      </trkpt>
      <trkpt lat="22.593968667514694" lon="113.96935500390262">
        <ele>14.125642417930067</ele>
        <time>1970-01-01T00:15:12Z</time>
        <extensions>
          <gpxtpx:TrackPointExtension>
            <gpxtpx:hr>151</gpxtpx:hr>
          </gpxtpx:TrackPointExtension>
        </extensions>
      </trkpt>
      <trkpt lat="22.593961021089523" lon="113.96932741663227">
        <ele>14.171716805547476</ele>
        <time>1970-01-01T00:15:13Z</time>
        <extensions>
          <gpxtpx:TrackPointExtension>
            <gpxtpx:hr>151</gpxtpx:hr>
          </gpxtpx:TrackPointExtension>
        </extensions>
      </trkpt>
      <trkpt lat="22.59395318288982" lon="113.96929959817412">
        <ele>14.22183957323432</ele>
        <time>1970-01-01T00:15:14Z</time>
        <extensions>
          <gpxtpx:TrackPointExtension>
            <gpxtpx:hr>151</gpxtpx:hr>
          </gpxtpx:TrackPointExtension>
        </extensions>
      </trkpt>
      <trkpt lat="22.593945690714726" lon="113.96927154489687">
        <ele>14.275499511510134</ele>
        <time>1970-01-01T00:15:15Z</time>
        <extensions>
          <gpxtpx:TrackPointExtension>
            <gpxtpx:hr>151</gpxtpx:hr>
          </gpxtpx:TrackPointExtension>
        </extensions>
      </trkpt>
      <trkpt lat="22.593937320428388" lon="113.96924372651598">
        <ele>14.331035264767706</ele>
        <time>1970-01-01T00:15:16Z</time>
        <extensions>
          <gpxtpx:TrackPointExtension>
            <gpxtpx:hr>151</gpxtpx:hr>
          </gpxtpx:TrackPointExtension>
        </extensions>
      </trkpt>
      <trkpt lat="22.59392788663231" lon="113.96921646250867">
        <ele>14.38907624129206</ele>
        <time>1970-01-01T00:15:17Z</time>
        <extensions>
          <gpxtpx:TrackPointExtension>
            <gpxtpx:hr>151</gpxtpx:hr>
          </gpxtpx:TrackPointExtension>
        </extensions>
      </trkpt>
      <trkpt lat="22.59391776748341" lon="113.96918959946913">
        <ele>14.448312314227223</ele>
        <time>1970-01-01T00:15:18Z</time>
        <extensions>
          <gpxtpx:TrackPointExtension>
            <gpxtpx:hr>151</gpxtpx:hr>
          </gpxtpx:TrackPointExtension>
        </extensions>
      </trkpt>
      <trkpt lat="22.59390749102236" lon="113.9691629150717">
        <ele>14.507092600688338</ele>
        <time>1970-01-01T00:15:19Z</time>
        <extensions>
          <gpxtpx:TrackPointExtension>
            <gpxtpx:hr>151</gpxtpx:hr>
          </gpxtpx:TrackPointExtension>
        </extensions>
      </trkpt>
      <trkpt lat="22.593896848776033" lon="113.96913639916784">
        <ele>14.565822943113744</ele>
        <time>1970-01-01T00:15:20Z</time>
        <extensions>
          <gpxtpx:TrackPointExtension>
            <gpxtpx:hr>151</gpxtpx:hr>
          </gpxtpx:TrackPointExtension>
        </extensions>
      </trkpt>
      <trkpt lat="22.593886279721904" lon="113.96910987739031">
        <ele>14.623179155401886</ele>
        <time>1970-01-01T00:15:21Z</time>
        <extensions>
          <gpxtpx:TrackPointExtension>
            <gpxtpx:hr>151</gpxtpx:hr>
          </gpxtpx:TrackPointExtension>
        </extensions>
      </trkpt>
      <trkpt lat="22.593876079240726" lon="113.96908300768864">
        <ele>14.67830738518387</ele>
        <time>1970-01-01T00:15:22Z</time>
        <extensions>
          <gpxtpx:TrackPointExtension>
            <gpxtpx:hr>151</gpxtpx:hr>
          </gpxtpx:TrackPointExtension>
        </extensions>
      </trkpt>
      <trkpt lat="22.5938658177731" lon="113.96905593943877">
        <ele>14.731104657053947</ele>
        <time>1970-01-01T00:15:23Z</time>
        <extensions>
          <gpxtpx:TrackPointExtension>
            <gpxtpx:hr>151</gpxtpx:hr>
          </gpxtpx:TrackPointExtension>
        </extensions>
      </trkpt>
      <trkpt lat="22.593855663132327" lon="113.96902864832536">
        <ele>14.780075803399086</ele>
        <time>1970-01-01T00:15:24Z</time>
        <extensions>
          <gpxtpx:TrackPointExtension>
            <gpxtpx:hr>150</gpxtpx:hr>
          </gpxtpx:TrackPointExtension>
        </extensions>
      </trkpt>
      <trkpt lat="22.593845658177173" lon="113.96900115261653">
        <ele>14.82457768637687</ele>
        <time>1970-01-01T00:15:25Z</time>
        <extensions>
          <gpxtpx:TrackPointExtension>
            <gpxtpx:hr>150</gpxtpx:hr>
          </gpxtpx:TrackPointExtension>
        </extensions>
      </trkpt>
      <trkpt lat="22.593836159607296" lon="113.9689732167925">
        <ele>14.864085822366178</ele>
        <time>1970-01-01T00:15:26Z</time>
        <extensions>
          <gpxtpx:TrackPointExtension>
            <gpxtpx:hr>150</gpxtpx:hr>
          </gpxtpx:TrackPointExtension>
        </extensions>
      </trkpt>
      <trkpt lat="22.593827291105143" lon="113.96894459590017">
        <ele>14.897531411610544</ele>
        <time>1970-01-01T00:15:27Z</time>
        <extensions>
          <gpxtpx:TrackPointExtension>
            <gpxtpx:hr>150</gpxtpx:hr>
          </gpxtpx:TrackPointExtension>
        </extensions>
      </trkpt>
      <trkpt lat="22.593818820279154" lon="113.96891555370252">
        <ele>14.925977984443307</ele>
        <time>1970-01-01T00:15:28Z</time>
        <extensions>
          <gpxtpx:TrackPointExtension>
            <gpxtpx:hr>150</gpxtpx:hr>
          </gpxtpx:TrackPointExtension>
        </extensions>
      </trkpt>
      <trkpt lat="22.593810075624" lon="113.96888634088182">
        <ele>14.949765518307686</ele>
        <time>1970-01-01T00:15:29Z</time>
        <extensions>
          <gpxtpx:TrackPointExtension>
            <gpxtpx:hr>151</gpxtpx:hr>
          </gpxtpx:TrackPointExtension>
        </extensions>
      </trkpt>
      <trkpt lat="22.593800963229477" lon="113.9688571133367">
        <ele>14.96999150980264</ele>
        <time>1970-01-01T00:15:30Z</time>
        <extensions>
          <gpxtpx:TrackPointExtension>
            <gpxtpx:hr>151</gpxtpx:hr>
          </gpxtpx:TrackPointExtension>
        </extensions>
      </trkpt>
      <trkpt lat="22.593791867978965" lon="113.96882780514927">
        <ele>14.986730895936489</ele>
        <time>1970-01-01T00:15:31Z</time>
        <extensions>
          <gpxtpx:TrackPointExtension>
            <gpxtpx:hr>151</gpxtpx:hr>
          </gpxtpx:TrackPointExtension>
        </extensions>
      </trkpt>
      <trkpt lat="22.593782675830944" lon="113.96879828023492">
        <ele>14.998502311296761</ele>
        <time>1970-01-01T00:15:32Z</time>
        <extensions>
          <gpxtpx:TrackPointExtension>
            <gpxtpx:hr>151</gpxtpx:hr>
          </gpxtpx:TrackPointExtension>
        </extensions>
      </trkpt>
      <trkpt lat="22.59377397224558" lon="113.96876875565997">
        <ele>15.004927010275424</ele>
        <time>1970-01-01T00:15:33Z</time>
        <extensions>
          <gpxtpx:TrackPointExtension>
            <gpxtpx:hr>149</gpxtpx:hr>
          </gpxtpx:TrackPointExtension>
        </extensions>
      </trkpt>
      <trkpt lat="22.593765570027323" lon="113.9687389830584">
        <ele>15.005268252454698</ele>
        <time>1970-01-01T00:15:34Z</time>
        <extensions>
          <gpxtpx:TrackPointExtension>
            <gpxtpx:hr>149</gpxtpx:hr>
          </gpxtpx:TrackPointExtension>
        </extensions>
      </trkpt>
      <trkpt lat="22.593756936083647" lon="113.96870909973602">
        <ele>15.002142601646483</ele>
        <time>1970-01-01T00:15:35Z</time>
        <extensions>
          <gpxtpx:TrackPointExtension>
            <gpxtpx:hr>149</gpxtpx:hr>
          </gpxtpx:TrackPointExtension>
        </extensions>
      </trkpt>
      <trkpt lat="22.593747882941113" lon="113.96867942613565">
        <ele>14.994525199756026</ele>
        <time>1970-01-01T00:15:36Z</time>
        <extensions>
          <gpxtpx:TrackPointExtension>
            <gpxtpx:hr>149</gpxtpx:hr>
          </gpxtpx:TrackPointExtension>
        </extensions>
      </trkpt>
      <trkpt lat="22.593738617546016" lon="113.96864995412965">
        <ele>14.980755373835564</ele>
        <time>1970-01-01T00:15:37Z</time>
        <extensions>
          <gpxtpx:TrackPointExtension>
            <gpxtpx:hr>149</gpxtpx:hr>
          </gpxtpx:TrackPointExtension>
        </extensions>
      </trkpt>
      <trkpt lat="22.593729542738043" lon="113.96862085726765">
        <ele>14.962041112594306</ele>
        <time>1970-01-01T00:15:38Z</time>
        <extensions>
          <gpxtpx:TrackPointExtension>
            <gpxtpx:hr>149</gpxtpx:hr>
          </gpxtpx:TrackPointExtension>
        </extensions>
      </trkpt>
      <trkpt lat="22.59372053867098" lon="113.96859212634807">
        <ele>14.937868344597518</ele>
        <time>1970-01-01T00:15:39Z</time>
        <extensions>
          <gpxtpx:TrackPointExtension>
            <gpxtpx:hr>149</gpxtpx:hr>
          </gpxtpx:TrackPointExtension>
        </extensions>
      </trkpt>
      <trkpt lat="22.593711333553255" lon="113.96856381878831">
        <ele>14.908715853467584</ele>
        <time>1970-01-01T00:15:40Z</time>
        <extensions>
          <gpxtpx:TrackPointExtension>
            <gpxtpx:hr>150</gpxtpx:hr>
          </gpxtpx:TrackPointExtension>
        </extensions>
      </trkpt>
      <trkpt lat="22.59370159216782" lon="113.9685361256584">
        <ele>14.875294495373964</ele>
        <time>1970-01-01T00:15:41Z</time>
        <extensions>
          <gpxtpx:TrackPointExtension>
            <gpxtpx:hr>150</gpxtpx:hr>
          </gpxtpx:TrackPointExtension>
        </extensions>
      </trkpt>
      <trkpt lat="22.593691007485315" lon="113.9685088937864">
        <ele>14.837654924020171</ele>
        <time>1970-01-01T00:15:42Z</time>
        <extensions>
          <gpxtpx:TrackPointExtension>
            <gpxtpx:hr>150</gpxtpx:hr>
          </gpxtpx:TrackPointExtension>
        </extensions>
      </trkpt>
      <trkpt lat="22.59368009236162" lon="113.96848193116152">
        <ele>14.793104512616992</ele>
        <time>1970-01-01T00:15:43Z</time>
        <extensions>
          <gpxtpx:TrackPointExtension>
            <gpxtpx:hr>150</gpxtpx:hr>
          </gpxtpx:TrackPointExtension>
        </extensions>
      </trkpt>
      <trkpt lat="22.593669176842546" lon="113.96845511527479">
        <ele>14.743919497355819</ele>
        <time>1970-01-01T00:15:44Z</time>
        <extensions>
          <gpxtpx:TrackPointExtension>
            <gpxtpx:hr>150</gpxtpx:hr>
          </gpxtpx:TrackPointExtension>
        </extensions>
      </trkpt>
      <trkpt lat="22.59365780121142" lon="113.96842860177321">
        <ele>14.691789817996323</ele>
        <time>1970-01-01T00:15:45Z</time>
        <extensions>
          <gpxtpx:TrackPointExtension>
            <gpxtpx:hr>151</gpxtpx:hr>
          </gpxtpx:TrackPointExtension>
        </extensions>
      </trkpt>
      <trkpt lat="22.593645943293094" lon="113.96840246338147">
        <ele>14.636902536265552</ele>
        <time>1970-01-01T00:15:46Z</time>
        <extensions>
          <gpxtpx:TrackPointExtension>
            <gpxtpx:hr>151</gpxtpx:hr>
          </gpxtpx:TrackPointExtension>
        </extensions>
      </trkpt>
      <trkpt lat="22.593633528304867" lon="113.9683766652877">
        <ele>14.579067304730415</ele>
        <time>1970-01-01T00:15:47Z</time>
        <extensions>
          <gpxtpx:TrackPointExtension>
            <gpxtpx:hr>151</gpxtpx:hr>
          </gpxtpx:TrackPointExtension>
        </extensions>
      </trkpt>
      <trkpt lat="22.59362090284704" lon="113.96835084488177">
        <ele>14.520224221982062</ele>
        <time>1970-01-01T00:15:48Z</time>
        <extensions>
          <gpxtpx:TrackPointExtension>
            <gpxtpx:hr>151</gpxtpx:hr>
          </gpxtpx:TrackPointExtension>
        </extensions>
      </trkpt>
      <trkpt lat="22.593608366296813" lon="113.9683245995671">
        <ele>14.4606743035838</ele>
        <time>1970-01-01T00:15:49Z</time>
        <extensions>
          <gpxtpx:TrackPointExtension>
            <gpxtpx:hr>153</gpxtpx:hr>
          </gpxtpx:TrackPointExtension>
        </extensions>
      </trkpt>
      <trkpt lat="22.593595943126452" lon="113.96829827021848">
        <ele>14.403166243806481</ele>
        <time>1970-01-01T00:15:50Z</time>
        <extensions>
          <gpxtpx:TrackPointExtension>
            <gpxtpx:hr>153</gpxtpx:hr>
          </gpxtpx:TrackPointExtension>
        </extensions>
      </trkpt>
      <trkpt lat="22.59358335787574" lon="113.96827204174873">
        <ele>14.349615823477507</ele>
        <time>1970-01-01T00:15:51Z</time>
        <extensions>
          <gpxtpx:TrackPointExtension>
            <gpxtpx:hr>153</gpxtpx:hr>
          </gpxtpx:TrackPointExtension>
        </extensions>
      </trkpt>
      <trkpt lat="22.59357039110474" lon="113.96824582624163">
        <ele>14.301790481433272</ele>
        <time>1970-01-01T00:15:52Z</time>
        <extensions>
          <gpxtpx:TrackPointExtension>
            <gpxtpx:hr>153</gpxtpx:hr>
          </gpxtpx:TrackPointExtension>
        </extensions>
      </trkpt>
      <trkpt lat="22.593557817422713" lon="113.96821914859015">
        <ele>14.262214588932693</ele>
        <time>1970-01-01T00:15:53Z</time>
        <extensions>
          <gpxtpx:TrackPointExtension>
            <gpxtpx:hr>153</gpxtpx:hr>
          </gpxtpx:TrackPointExtension>
        </extensions>
      </trkpt>
      <trkpt lat="22.593546167807563" lon="113.96819156793192">
        <ele>14.231522278860211</ele>
        <time>1970-01-01T00:15:54Z</time>
        <extensions>
          <gpxtpx:TrackPointExtension>
            <gpxtpx:hr>153</gpxtpx:hr>
          </gpxtpx:TrackPointExtension>
        </extensions>
      </trkpt>
      <trkpt lat="22.593534803756995" lon="113.96816375403553">
        <ele>14.211173010990024</ele>
        <time>1970-01-01T00:15:55Z</time>
        <extensions>
          <gpxtpx:TrackPointExtension>
            <gpxtpx:hr>154</gpxtpx:hr>
          </gpxtpx:TrackPointExtension>
        </extensions>
      </trkpt>
      <trkpt lat="22.59352285227236" lon="113.96813645917292">
        <ele>14.204629933461547</ele>
        <time>1970-01-01T00:15:56Z</time>
        <extensions>
          <gpxtpx:TrackPointExtension>
            <gpxtpx:hr>154</gpxtpx:hr>
          </gpxtpx:TrackPointExtension>
        </extensions>
      </trkpt>
      <trkpt lat="22.59351001235045" lon="113.96810968932877">
        <ele>14.212183811701834</ele>
        <time>1970-01-01T00:15:57Z</time>
        <extensions>
          <gpxtpx:TrackPointExtension>
            <gpxtpx:hr>154</gpxtpx:hr>
          </gpxtpx:TrackPointExtension>
        </extensions>
      </trkpt>
      <trkpt lat="22.59349599831265" lon="113.96808357891229">
        <ele>14.233651868067682</ele>
        <time>1970-01-01T00:15:58Z</time>
        <extensions>
          <gpxtpx:TrackPointExtension>
            <gpxtpx:hr>154</gpxtpx:hr>
          </gpxtpx:TrackPointExtension>
        </extensions>
      </trkpt>
      <trkpt lat="22.593480837628142" lon="113.96805835715732">
        <ele>14.271625186316669</ele>
        <time>1970-01-01T00:15:59Z</time>
        <extensions>
          <gpxtpx:TrackPointExtension>
            <gpxtpx:hr>154</gpxtpx:hr>
          </gpxtpx:TrackPointExtension>
        </extensions>
      </trkpt>
      <trkpt lat="22.593464813331575" lon="113.96803384391133">
        <ele>14.32450233772397</ele>
        <time>1970-01-01T00:16:00Z</time>
        <extensions>
          <gpxtpx:TrackPointExtension>
            <gpxtpx:hr>154</gpxtpx:hr>
          </gpxtpx:TrackPointExtension>
        </extensions>
      </trkpt>
      <trkpt lat="22.59344827394826" lon="113.96800970195417">
        <ele>14.393870606087148</ele>
        <time>1970-01-01T00:16:01Z</time>
        <extensions>
          <gpxtpx:TrackPointExtension>
            <gpxtpx:hr>153</gpxtpx:hr>
          </gpxtpx:TrackPointExtension>
        </extensions>
      </trkpt>
      <trkpt lat="22.59343188867795" lon="113.96798547986428">
        <ele>14.477949349209666</ele>
        <time>1970-01-01T00:16:02Z</time>
        <extensions>
          <gpxtpx:TrackPointExtension>
            <gpxtpx:hr>153</gpxtpx:hr>
          </gpxtpx:TrackPointExtension>
        </extensions>
      </trkpt>
      <trkpt lat="22.593416085771356" lon="113.9679610772913">
        <ele>14.57479290291667</ele>
        <time>1970-01-01T00:16:03Z</time>
        <extensions>
          <gpxtpx:TrackPointExtension>
            <gpxtpx:hr>153</gpxtpx:hr>
          </gpxtpx:TrackPointExtension>
        </extensions>
      </trkpt>
      <trkpt lat="22.59340073326661" lon="113.96793688713262">
        <ele>14.683139170520008</ele>
        <time>1970-01-01T00:16:04Z</time>
        <extensions>
          <gpxtpx:TrackPointExtension>
            <gpxtpx:hr>153</gpxtpx:hr>
          </gpxtpx:TrackPointExtension>
        </extensions>
      </trkpt>
      <trkpt lat="22.593385171183975" lon="113.96791321498007">
        <ele>14.802226183936</ele>
        <time>1970-01-01T00:16:05Z</time>
        <extensions>
          <gpxtpx:TrackPointExtension>
            <gpxtpx:hr>153</gpxtpx:hr>
          </gpxtpx:TrackPointExtension>
        </extensions>
      </trkpt>
      <trkpt lat="22.593369568669445" lon="113.96788966743894">
        <ele>14.930857478640974</ele>
        <time>1970-01-01T00:16:06Z</time>
        <extensions>
          <gpxtpx:TrackPointExtension>
            <gpxtpx:hr>152</gpxtpx:hr>
          </gpxtpx:TrackPointExtension>
        </extensions>
      </trkpt>
      <trkpt lat="22.593354221043022" lon="113.9678658936258">
        <ele>15.065389742143452</ele>
        <time>1970-01-01T00:16:07Z</time>
        <extensions>
          <gpxtpx:TrackPointExtension>
            <gpxtpx:hr>152</gpxtpx:hr>
          </gpxtpx:TrackPointExtension>
        </extensions>
      </trkpt>
      <trkpt lat="22.593338930912658" lon="113.96784208761066">
        <ele>15.204310579225421</ele>
        <time>1970-01-01T00:16:08Z</time>
        <extensions>
          <gpxtpx:TrackPointExtension>
            <gpxtpx:hr>152</gpxtpx:hr>
          </gpxtpx:TrackPointExtension>
        </extensions>
      </trkpt>
      <trkpt lat="22.593323626672003" lon="113.96781843410275">
        <ele>15.34547988884151</ele>
        <time>1970-01-01T00:16:09Z</time>
        <extensions>
          <gpxtpx:TrackPointExtension>
            <gpxtpx:hr>152</gpxtpx:hr>
          </gpxtpx:TrackPointExtension>
        </extensions>
      </trkpt>
      <trkpt lat="22.59330827256067" lon="113.96779500572197">
        <ele>15.486115789040923</ele>
        <time>1970-01-01T00:16:10Z</time>
        <extensions>
          <gpxtpx:TrackPointExtension>
            <gpxtpx:hr>152</gpxtpx:hr>
          </gpxtpx:TrackPointExtension>
        </extensions>
      </trkpt>
      <trkpt lat="22.593293006093454" lon="113.96777168750103">
        <ele>15.62658354640007</ele>
        <time>1970-01-01T00:16:11Z</time>
        <extensions>
          <gpxtpx:TrackPointExtension>
            <gpxtpx:hr>152</gpxtpx:hr>
          </gpxtpx:TrackPointExtension>
        </extensions>
      </trkpt>
      <trkpt lat="22.593277389717954" lon="113.96774861361367">
        <ele>15.762882522307336</ele>
        <time>1970-01-01T00:16:12Z</time>
        <extensions>
          <gpxtpx:TrackPointExtension>
            <gpxtpx:hr>152</gpxtpx:hr>
          </gpxtpx:TrackPointExtension>
        </extensions>
      </trkpt>
      <trkpt lat="22.593261708013657" lon="113.96772536048036">
        <ele>15.895248979330063</ele>
        <time>1970-01-01T00:16:13Z</time>
        <extensions>
          <gpxtpx:TrackPointExtension>
            <gpxtpx:hr>153</gpxtpx:hr>
          </gpxtpx:TrackPointExtension>
        </extensions>
      </trkpt>
      <trkpt lat="22.593246323986005" lon="113.96770160503222">
        <ele>16.023242694325745</ele>
        <time>1970-01-01T00:16:14Z</time>
        <extensions>
          <gpxtpx:TrackPointExtension>
            <gpxtpx:hr>153</gpxtpx:hr>
          </gpxtpx:TrackPointExtension>
        </extensions>
      </trkpt>
      <trkpt lat="22.5932309547631" lon="113.96767772144645">
        <ele>16.144419450312853</ele>
        <time>1970-01-01T00:16:15Z</time>
        <extensions>
          <gpxtpx:TrackPointExtension>
            <gpxtpx:hr>153</gpxtpx:hr>
          </gpxtpx:TrackPointExtension>
        </extensions>
      </trkpt>
      <trkpt lat="22.593215624171943" lon="113.96765406078069">
        <ele>16.259449865669012</ele>
        <time>1970-01-01T00:16:16Z</time>
        <extensions>
          <gpxtpx:TrackPointExtension>
            <gpxtpx:hr>153</gpxtpx:hr>
          </gpxtpx:TrackPointExtension>
        </extensions>
      </trkpt>
      <trkpt lat="22.593200118795973" lon="113.96763089400761">
        <ele>16.366944906301796</ele>
        <time>1970-01-01T00:16:17Z</time>
        <extensions>
          <gpxtpx:TrackPointExtension>
            <gpxtpx:hr>153</gpxtpx:hr>
          </gpxtpx:TrackPointExtension>
        </extensions>
      </trkpt>
      <trkpt lat="22.593185325153165" lon="113.96760751380023">
        <ele>16.465502151288092</ele>
        <time>1970-01-01T00:16:18Z</time>
        <extensions>
          <gpxtpx:TrackPointExtension>
            <gpxtpx:hr>153</gpxtpx:hr>
          </gpxtpx:TrackPointExtension>
        </extensions>
      </trkpt>
      <trkpt lat="22.593171544117062" lon="113.96758344776472">
        <ele>16.555340346880257</ele>
        <time>1970-01-01T00:16:19Z</time>
        <extensions>
          <gpxtpx:TrackPointExtension>
            <gpxtpx:hr>152</gpxtpx:hr>
          </gpxtpx:TrackPointExtension>
        </extensions>
      </trkpt>
      <trkpt lat="22.593157864262604" lon="113.967559458336">
        <ele>16.63557042181492</ele>
        <time>1970-01-01T00:16:20Z</time>
        <extensions>
          <gpxtpx:TrackPointExtension>
            <gpxtpx:hr>152</gpxtpx:hr>
          </gpxtpx:TrackPointExtension>
        </extensions>
      </trkpt>
      <trkpt lat="22.593143816605643" lon="113.96753604183787">
        <ele>16.70372810214758</ele>
        <time>1970-01-01T00:16:21Z</time>
        <extensions>
          <gpxtpx:TrackPointExtension>
            <gpxtpx:hr>152</gpxtpx:hr>
          </gpxtpx:TrackPointExtension>
        </extensions>
      </trkpt>
      <trkpt lat="22.593130025631513" lon="113.9675123437421">
        <ele>16.760889207944274</ele>
        <time>1970-01-01T00:16:22Z</time>
        <extensions>
          <gpxtpx:TrackPointExtension>
            <gpxtpx:hr>152</gpxtpx:hr>
          </gpxtpx:TrackPointExtension>
        </extensions>
      </trkpt>
      <trkpt lat="22.593117045462275" lon="113.96748794081225">
        <ele>16.80502393003553</ele>
        <time>1970-01-01T00:16:23Z</time>
        <extensions>
          <gpxtpx:TrackPointExtension>
            <gpxtpx:hr>152</gpxtpx:hr>
          </gpxtpx:TrackPointExtension>
        </extensions>
      </trkpt>
      <trkpt lat="22.59310437251502" lon="113.96746324764256">
        <ele>16.835829601623118</ele>
        <time>1970-01-01T00:16:24Z</time>
        <extensions>
          <gpxtpx:TrackPointExtension>
            <gpxtpx:hr>152</gpxtpx:hr>
          </gpxtpx:TrackPointExtension>
        </extensions>
      </trkpt>
      <trkpt lat="22.593092078185084" lon="113.96743826282146">
        <ele>16.853714467026293</ele>
        <time>1970-01-01T00:16:25Z</time>
        <extensions>
          <gpxtpx:TrackPointExtension>
            <gpxtpx:hr>152</gpxtpx:hr>
          </gpxtpx:TrackPointExtension>
        </extensions>
      </trkpt>
      <trkpt lat="22.593080204594578" lon="113.96741312802097">
        <ele>16.857070985250175</ele>
        <time>1970-01-01T00:16:26Z</time>
        <extensions>
          <gpxtpx:TrackPointExtension>
            <gpxtpx:hr>152</gpxtpx:hr>
          </gpxtpx:TrackPointExtension>
        </extensions>
      </trkpt>
      <trkpt lat="22.593068005651336" lon="113.9673879157401">
        <ele>16.847124635241926</ele>
        <time>1970-01-01T00:16:27Z</time>
        <extensions>
          <gpxtpx:TrackPointExtension>
            <gpxtpx:hr>152</gpxtpx:hr>
          </gpxtpx:TrackPointExtension>
        </extensions>
      </trkpt>
      <trkpt lat="22.59305506079311" lon="113.96736276746127">
        <ele>16.823987531475723</ele>
        <time>1970-01-01T00:16:28Z</time>
        <extensions>
          <gpxtpx:TrackPointExtension>
            <gpxtpx:hr>151</gpxtpx:hr>
          </gpxtpx:TrackPointExtension>
        </extensions>
      </trkpt>
      <trkpt lat="22.593041962174834" lon="113.96733730352203">
        <ele>16.78730501141399</ele>
        <time>1970-01-01T00:16:29Z</time>
        <extensions>
          <gpxtpx:TrackPointExtension>
            <gpxtpx:hr>151</gpxtpx:hr>
          </gpxtpx:TrackPointExtension>
        </extensions>
      </trkpt>
      <trkpt lat="22.593029609593806" lon="113.9673112270301">
        <ele>16.73912976682186</ele>
        <time>1970-01-01T00:16:30Z</time>
        <extensions>
          <gpxtpx:TrackPointExtension>
            <gpxtpx:hr>151</gpxtpx:hr>
          </gpxtpx:TrackPointExtension>
        </extensions>
      </trkpt>
      <trkpt lat="22.593018161484846" lon="113.96728475114615">
        <ele>16.67902545630932</ele>
        <time>1970-01-01T00:16:31Z</time>
        <extensions>
          <gpxtpx:TrackPointExtension>
            <gpxtpx:hr>151</gpxtpx:hr>
          </gpxtpx:TrackPointExtension>
        </extensions>
      </trkpt>
      <trkpt lat="22.59300706862609" lon="113.96725829206149">
        <ele>16.607985849492252</ele>
        <time>1970-01-01T00:16:32Z</time>
        <extensions>
          <gpxtpx:TrackPointExtension>
            <gpxtpx:hr>151</gpxtpx:hr>
          </gpxtpx:TrackPointExtension>
        </extensions>
      </trkpt>
      <trkpt lat="22.59299575245533" lon="113.96723226699616">
        <ele>16.530658713541925</ele>
        <time>1970-01-01T00:16:33Z</time>
        <extensions>
          <gpxtpx:TrackPointExtension>
            <gpxtpx:hr>151</gpxtpx:hr>
          </gpxtpx:TrackPointExtension>
        </extensions>
      </trkpt>
      <trkpt lat="22.592984191983856" lon="113.9672062843723">
        <ele>16.447425142861903</ele>
        <time>1970-01-01T00:16:34Z</time>
        <extensions>
          <gpxtpx:TrackPointExtension>
            <gpxtpx:hr>153</gpxtpx:hr>
          </gpxtpx:TrackPointExtension>
        </extensions>
      </trkpt>
      <trkpt lat="22.592972220691145" lon="113.96718022113431">
        <ele>16.35776417143643</ele>
        <time>1970-01-01T00:16:35Z</time>
        <extensions>
          <gpxtpx:TrackPointExtension>
            <gpxtpx:hr>153</gpxtpx:hr>
          </gpxtpx:TrackPointExtension>
        </extensions>
      </trkpt>
      <trkpt lat="22.59296022618421" lon="113.96715395864686">
        <ele>16.26739178970456</ele>
        <time>1970-01-01T00:16:36Z</time>
        <extensions>
          <gpxtpx:TrackPointExtension>
            <gpxtpx:hr>153</gpxtpx:hr>
          </gpxtpx:TrackPointExtension>
        </extensions>
      </trkpt>
      <trkpt lat="22.5929490484859" lon="113.96712721334505">
        <ele>16.17723630834371</ele>
        <time>1970-01-01T00:16:37Z</time>
        <extensions>
          <gpxtpx:TrackPointExtension>
            <gpxtpx:hr>153</gpxtpx:hr>
          </gpxtpx:TrackPointExtension>
        </extensions>
      </trkpt>
      <trkpt lat="22.59293842441301" lon="113.96710022293497">
        <ele>16.087418626062572</ele>
        <time>1970-01-01T00:16:38Z</time>
        <extensions>
          <gpxtpx:TrackPointExtension>
            <gpxtpx:hr>153</gpxtpx:hr>
          </gpxtpx:TrackPointExtension>
        </extensions>
      </trkpt>
      <trkpt lat="22.592928057446642" lon="113.96707314892969">
        <ele>16.00023648235947</ele>
        <time>1970-01-01T00:16:39Z</time>
        <extensions>
          <gpxtpx:TrackPointExtension>
            <gpxtpx:hr>153</gpxtpx:hr>
          </gpxtpx:TrackPointExtension>
        </extensions>
      </trkpt>
      <trkpt lat="22.592918022305458" lon="113.96704575218037">
        <ele>15.915175721980631</ele>
        <time>1970-01-01T00:16:40Z</time>
        <extensions>
          <gpxtpx:TrackPointExtension>
            <gpxtpx:hr>153</gpxtpx:hr>
          </gpxtpx:TrackPointExtension>
        </extensions>
      </trkpt>
      <trkpt lat="22.592908374107513" lon="113.96701827340671">
        <ele>15.83245647791773</ele>
        <time>1970-01-01T00:16:41Z</time>
        <extensions>
          <gpxtpx:TrackPointExtension>
            <gpxtpx:hr>151</gpxtpx:hr>
          </gpxtpx:TrackPointExtension>
        </extensions>
      </trkpt>
      <trkpt lat="22.5928991724536" lon="113.96699084866727">
        <ele>15.75312914326787</ele>
        <time>1970-01-01T00:16:42Z</time>
        <extensions>
          <gpxtpx:TrackPointExtension>
            <gpxtpx:hr>151</gpxtpx:hr>
          </gpxtpx:TrackPointExtension>
        </extensions>
      </trkpt>
      <trkpt lat="22.592890698500398" lon="113.96696321461005">
        <ele>15.676524283364415</ele>
        <time>1970-01-01T00:16:43Z</time>
        <extensions>
          <gpxtpx:TrackPointExtension>
            <gpxtpx:hr>151</gpxtpx:hr>
          </gpxtpx:TrackPointExtension>
        </extensions>
      </trkpt>
      <trkpt lat="22.592882722979475" lon="113.96693552356481">
        <ele>15.603050069883466</ele>
        <time>1970-01-01T00:16:44Z</time>
        <extensions>
          <gpxtpx:TrackPointExtension>
            <gpxtpx:hr>151</gpxtpx:hr>
          </gpxtpx:TrackPointExtension>
        </extensions>
      </trkpt>
      <trkpt lat="22.592875589376025" lon="113.96690766931285">
        <ele>15.532259054481983</ele>
        <time>1970-01-01T00:16:45Z</time>
        <extensions>
          <gpxtpx:TrackPointExtension>
            <gpxtpx:hr>151</gpxtpx:hr>
          </gpxtpx:TrackPointExtension>
        </extensions>
      </trkpt>
      <trkpt lat="22.592869489078627" lon="113.96687948037297">
        <ele>15.463857440277934</ele>
        <time>1970-01-01T00:16:46Z</time>
        <extensions>
          <gpxtpx:TrackPointExtension>
            <gpxtpx:hr>151</gpxtpx:hr>
          </gpxtpx:TrackPointExtension>
        </extensions>
      </trkpt>
      <trkpt lat="22.592864178144847" lon="113.96685113535628">
        <ele>15.398581956513226</ele>
        <time>1970-01-01T00:16:47Z</time>
        <extensions>
          <gpxtpx:TrackPointExtension>
            <gpxtpx:hr>151</gpxtpx:hr>
          </gpxtpx:TrackPointExtension>
        </extensions>
      </trkpt>
      <trkpt lat="22.59286005375249" lon="113.96682264250042">
        <ele>15.335985457524657</ele>
        <time>1970-01-01T00:16:48Z</time>
        <extensions>
          <gpxtpx:TrackPointExtension>
            <gpxtpx:hr>151</gpxtpx:hr>
          </gpxtpx:TrackPointExtension>
        </extensions>
      </trkpt>
      <trkpt lat="22.59285587822951" lon="113.96679421914413">
        <ele>15.275187456049025</ele>
        <time>1970-01-01T00:16:49Z</time>
        <extensions>
          <gpxtpx:TrackPointExtension>
            <gpxtpx:hr>151</gpxtpx:hr>
          </gpxtpx:TrackPointExtension>
        </extensions>
      </trkpt>
      <trkpt lat="22.59285031228098" lon="113.96676612590801">
        <ele>15.217242183163762</ele>
        <time>1970-01-01T00:16:50Z</time>
        <extensions>
          <gpxtpx:TrackPointExtension>
            <gpxtpx:hr>150</gpxtpx:hr>
          </gpxtpx:TrackPointExtension>
        </extensions>
      </trkpt>
      <trkpt lat="22.592843522520074" lon="113.9667384506624">
        <ele>15.160453027114272</ele>
        <time>1970-01-01T00:16:51Z</time>
        <extensions>
          <gpxtpx:TrackPointExtension>
            <gpxtpx:hr>150</gpxtpx:hr>
          </gpxtpx:TrackPointExtension>
        </extensions>
      </trkpt>
      <trkpt lat="22.592836196460798" lon="113.96671090996458">
        <ele>15.105377146042883</ele>
        <time>1970-01-01T00:16:52Z</time>
        <extensions>
          <gpxtpx:TrackPointExtension>
            <gpxtpx:hr>150</gpxtpx:hr>
          </gpxtpx:TrackPointExtension>
        </extensions>
      </trkpt>
      <trkpt lat="22.592828641560292" lon="113.96668345521013">
        <ele>15.052072875201702</ele>
        <time>1970-01-01T00:16:53Z</time>
        <extensions>
          <gpxtpx:TrackPointExtension>
            <gpxtpx:hr>150</gpxtpx:hr>
          </gpxtpx:TrackPointExtension>
        </extensions>
      </trkpt>
      <trkpt lat="22.5928214070078" lon="113.96665576580021">
        <ele>14.999844561330974</ele>
        <time>1970-01-01T00:16:54Z</time>
        <extensions>
          <gpxtpx:TrackPointExtension>
            <gpxtpx:hr>151</gpxtpx:hr>
          </gpxtpx:TrackPointExtension>
        </extensions>
      </trkpt>
      <trkpt lat="22.592815117967703" lon="113.96662774725763">
        <ele>14.94661620631814</ele>
        <time>1970-01-01T00:16:55Z</time>
        <extensions>
          <gpxtpx:TrackPointExtension>
            <gpxtpx:hr>151</gpxtpx:hr>
          </gpxtpx:TrackPointExtension>
        </extensions>
      </trkpt>
      <trkpt lat="22.592809719093815" lon="113.96659935383514">
        <ele>14.895378389395773</ele>
        <time>1970-01-01T00:16:56Z</time>
        <extensions>
          <gpxtpx:TrackPointExtension>
            <gpxtpx:hr>151</gpxtpx:hr>
          </gpxtpx:TrackPointExtension>
        </extensions>
      </trkpt>
      <trkpt lat="22.592805456192405" lon="113.96657068901884">
        <ele>14.844033909961581</ele>
        <time>1970-01-01T00:16:57Z</time>
        <extensions>
          <gpxtpx:TrackPointExtension>
            <gpxtpx:hr>151</gpxtpx:hr>
          </gpxtpx:TrackPointExtension>
        </extensions>
      </trkpt>
      <trkpt lat="22.592802331184203" lon="113.96654213218295">
        <ele>14.792405659332871</ele>
        <time>1970-01-01T00:16:58Z</time>
        <extensions>
          <gpxtpx:TrackPointExtension>
            <gpxtpx:hr>151</gpxtpx:hr>
          </gpxtpx:TrackPointExtension>
        </extensions>
      </trkpt>
      <trkpt lat="22.59280058686881" lon="113.96651376527483">
        <ele>14.740160495042801</ele>
        <time>1970-01-01T00:16:59Z</time>
        <extensions>
          <gpxtpx:TrackPointExtension>
            <gpxtpx:hr>151</gpxtpx:hr>
          </gpxtpx:TrackPointExtension>
        </extensions>
      </trkpt>
      <trkpt lat="22.59280019479287" lon="113.96648530243887">
        <ele>14.68587058968842</ele>
        <time>1970-01-01T00:17:00Z</time>
        <extensions>
          <gpxtpx:TrackPointExtension>
            <gpxtpx:hr>151</gpxtpx:hr>
          </gpxtpx:TrackPointExtension>
        </extensions>
      </trkpt>
      <trkpt lat="22.592800507183757" lon="113.96645659519798">
        <ele>14.632136548869312</ele>
        <time>1970-01-01T00:17:01Z</time>
        <extensions>
          <gpxtpx:TrackPointExtension>
            <gpxtpx:hr>151</gpxtpx:hr>
          </gpxtpx:TrackPointExtension>
        </extensions>
      </trkpt>
      <trkpt lat="22.592800867125604" lon="113.96642772273641">
        <ele>14.578382964245975</ele>
        <time>1970-01-01T00:17:02Z</time>
        <extensions>
          <gpxtpx:TrackPointExtension>
            <gpxtpx:hr>151</gpxtpx:hr>
          </gpxtpx:TrackPointExtension>
        </extensions>
      </trkpt>
      <trkpt lat="22.592801116538325" lon="113.96639874281198">
        <ele>14.525143573060632</ele>
        <time>1970-01-01T00:17:03Z</time>
        <extensions>
          <gpxtpx:TrackPointExtension>
            <gpxtpx:hr>151</gpxtpx:hr>
          </gpxtpx:TrackPointExtension>
        </extensions>
      </trkpt>
      <trkpt lat="22.5928016983784" lon="113.96636992133021">
        <ele>14.473342913202941</ele>
        <time>1970-01-01T00:17:04Z</time>
        <extensions>
          <gpxtpx:TrackPointExtension>
            <gpxtpx:hr>151</gpxtpx:hr>
          </gpxtpx:TrackPointExtension>
        </extensions>
      </trkpt>
      <trkpt lat="22.592802380148914" lon="113.96634104495386">
        <ele>14.421680863015354</ele>
        <time>1970-01-01T00:17:05Z</time>
        <extensions>
          <gpxtpx:TrackPointExtension>
            <gpxtpx:hr>151</gpxtpx:hr>
          </gpxtpx:TrackPointExtension>
        </extensions>
      </trkpt>
      <trkpt lat="22.592802804921476" lon="113.96631209520687">
        <ele>14.372122813947499</ele>
        <time>1970-01-01T00:17:06Z</time>
        <extensions>
          <gpxtpx:TrackPointExtension>
            <gpxtpx:hr>151</gpxtpx:hr>
          </gpxtpx:TrackPointExtension>
        </extensions>
      </trkpt>
      <trkpt lat="22.592803099462145" lon="113.96628301225563">
        <ele>14.325117186643183</ele>
        <time>1970-01-01T00:17:07Z</time>
        <extensions>
          <gpxtpx:TrackPointExtension>
            <gpxtpx:hr>151</gpxtpx:hr>
          </gpxtpx:TrackPointExtension>
        </extensions>
      </trkpt>
      <trkpt lat="22.592803009987943" lon="113.96625397955619">
        <ele>14.277143927291036</ele>
        <time>1970-01-01T00:17:08Z</time>
        <extensions>
          <gpxtpx:TrackPointExtension>
            <gpxtpx:hr>151</gpxtpx:hr>
          </gpxtpx:TrackPointExtension>
        </extensions>
      </trkpt>
      <trkpt lat="22.592802524146535" lon="113.96622536474409">
        <ele>14.231897430494428</ele>
        <time>1970-01-01T00:17:09Z</time>
        <extensions>
          <gpxtpx:TrackPointExtension>
            <gpxtpx:hr>149</gpxtpx:hr>
          </gpxtpx:TrackPointExtension>
        </extensions>
      </trkpt>
      <trkpt lat="22.59280186061931" lon="113.96619690310926">
        <ele>14.187285746447742</ele>
        <time>1970-01-01T00:17:10Z</time>
        <extensions>
          <gpxtpx:TrackPointExtension>
            <gpxtpx:hr>149</gpxtpx:hr>
          </gpxtpx:TrackPointExtension>
        </extensions>
      </trkpt>
      <trkpt lat="22.592800875737066" lon="113.96616843362943">
        <ele>14.14504100009799</ele>
        <time>1970-01-01T00:17:11Z</time>
        <extensions>
          <gpxtpx:TrackPointExtension>
            <gpxtpx:hr>149</gpxtpx:hr>
          </gpxtpx:TrackPointExtension>
        </extensions>
      </trkpt>
      <trkpt lat="22.592798930287884" lon="113.96614001957204">
        <ele>14.10552206914872</ele>
        <time>1970-01-01T00:17:12Z</time>
        <extensions>
          <gpxtpx:TrackPointExtension>
            <gpxtpx:hr>149</gpxtpx:hr>
          </gpxtpx:TrackPointExtension>
        </extensions>
      </trkpt>
      <trkpt lat="22.592796694680754" lon="113.96611147858594">
        <ele>14.066988322883844</ele>
        <time>1970-01-01T00:17:13Z</time>
        <extensions>
          <gpxtpx:TrackPointExtension>
            <gpxtpx:hr>149</gpxtpx:hr>
          </gpxtpx:TrackPointExtension>
        </extensions>
      </trkpt>
      <trkpt lat="22.592795461648063" lon="113.96608315048518">
        <ele>14.03013260383159</ele>
        <time>1970-01-01T00:17:14Z</time>
        <extensions>
          <gpxtpx:TrackPointExtension>
            <gpxtpx:hr>149</gpxtpx:hr>
          </gpxtpx:TrackPointExtension>
        </extensions>
      </trkpt>
      <trkpt lat="22.59279431970544" lon="113.9660551521752">
        <ele>13.9934165738523</ele>
        <time>1970-01-01T00:17:15Z</time>
        <extensions>
          <gpxtpx:TrackPointExtension>
            <gpxtpx:hr>150</gpxtpx:hr>
          </gpxtpx:TrackPointExtension>
        </extensions>
      </trkpt>
      <trkpt lat="22.592792205074307" lon="113.96602725376785">
        <ele>13.95718056242913</ele>
        <time>1970-01-01T00:17:16Z</time>
        <extensions>
          <gpxtpx:TrackPointExtension>
            <gpxtpx:hr>150</gpxtpx:hr>
          </gpxtpx:TrackPointExtension>
        </extensions>
      </trkpt>
      <trkpt lat="22.592789424907497" lon="113.96599920263706">
        <ele>13.922214177437127</ele>
        <time>1970-01-01T00:17:17Z</time>
        <extensions>
          <gpxtpx:TrackPointExtension>
            <gpxtpx:hr>150</gpxtpx:hr>
          </gpxtpx:TrackPointExtension>
        </extensions>
      </trkpt>
      <trkpt lat="22.5927870404505" lon="113.96597113716072">
        <ele>13.887797049246728</ele>
        <time>1970-01-01T00:17:18Z</time>
        <extensions>
          <gpxtpx:TrackPointExtension>
            <gpxtpx:hr>150</gpxtpx:hr>
          </gpxtpx:TrackPointExtension>
        </extensions>
      </trkpt>
      <trkpt lat="22.592785597964813" lon="113.96594337048298">
        <ele>13.853494141250849</ele>
        <time>1970-01-01T00:17:19Z</time>
        <extensions>
          <gpxtpx:TrackPointExtension>
            <gpxtpx:hr>150</gpxtpx:hr>
          </gpxtpx:TrackPointExtension>
        </extensions>
      </trkpt>
      <trkpt lat="22.59278522850961" lon="113.96591569424251">
        <ele>13.821255738846958</ele>
        <time>1970-01-01T00:17:20Z</time>
        <extensions>
          <gpxtpx:TrackPointExtension>
            <gpxtpx:hr>151</gpxtpx:hr>
          </gpxtpx:TrackPointExtension>
        </extensions>
      </trkpt>
      <trkpt lat="22.592785497580135" lon="113.96588757257588">
        <ele>13.792054689489305</ele>
        <time>1970-01-01T00:17:21Z</time>
        <extensions>
          <gpxtpx:TrackPointExtension>
            <gpxtpx:hr>151</gpxtpx:hr>
          </gpxtpx:TrackPointExtension>
        </extensions>
      </trkpt>
      <trkpt lat="22.592785575254158" lon="113.96585862883376">
        <ele>13.766106950119138</ele>
        <time>1970-01-01T00:17:22Z</time>
        <extensions>
          <gpxtpx:TrackPointExtension>
            <gpxtpx:hr>151</gpxtpx:hr>
          </gpxtpx:TrackPointExtension>
        </extensions>
      </trkpt>
      <trkpt lat="22.592784698084138" lon="113.96582891740277">
        <ele>13.745507924817502</ele>
        <time>1970-01-01T00:17:23Z</time>
        <extensions>
          <gpxtpx:TrackPointExtension>
            <gpxtpx:hr>152</gpxtpx:hr>
          </gpxtpx:TrackPointExtension>
        </extensions>
      </trkpt>
      <trkpt lat="22.5927828961986" lon="113.9657988818354">
        <ele>13.730887650512159</ele>
        <time>1970-01-01T00:17:24Z</time>
        <extensions>
          <gpxtpx:TrackPointExtension>
            <gpxtpx:hr>152</gpxtpx:hr>
          </gpxtpx:TrackPointExtension>
        </extensions>
      </trkpt>
      <trkpt lat="22.592781526065718" lon="113.96576889226182">
        <ele>13.722662751562893</ele>
        <time>1970-01-01T00:17:25Z</time>
        <extensions>
          <gpxtpx:TrackPointExtension>
            <gpxtpx:hr>152</gpxtpx:hr>
          </gpxtpx:TrackPointExtension>
        </extensions>
      </trkpt>
      <trkpt lat="22.592780873593966" lon="113.96573922416486">
        <ele>13.722454636357725</ele>
        <time>1970-01-01T00:17:26Z</time>
        <extensions>
          <gpxtpx:TrackPointExtension>
            <gpxtpx:hr>152</gpxtpx:hr>
          </gpxtpx:TrackPointExtension>
        </extensions>
      </trkpt>
      <trkpt lat="22.59278036383108" lon="113.96570993839214">
        <ele>13.731283586472273</ele>
        <time>1970-01-01T00:17:27Z</time>
        <extensions>
          <gpxtpx:TrackPointExtension>
            <gpxtpx:hr>152</gpxtpx:hr>
          </gpxtpx:TrackPointExtension>
        </extensions>
      </trkpt>
      <trkpt lat="22.59278000789393" lon="113.96568118738689">
        <ele>13.747481034137309</ele>
        <time>1970-01-01T00:17:28Z</time>
        <extensions>
          <gpxtpx:TrackPointExtension>
            <gpxtpx:hr>152</gpxtpx:hr>
          </gpxtpx:TrackPointExtension>
        </extensions>
      </trkpt>
      <trkpt lat="22.592779577772433" lon="113.9656525291961">
        <ele>13.771199507638812</ele>
        <time>1970-01-01T00:17:29Z</time>
        <extensions>
          <gpxtpx:TrackPointExtension>
            <gpxtpx:hr>149</gpxtpx:hr>
          </gpxtpx:TrackPointExtension>
        </extensions>
      </trkpt>
      <trkpt lat="22.59277917057298" lon="113.96562363045716">
        <ele>13.801084894686937</ele>
        <time>1970-01-01T00:17:30Z</time>
        <extensions>
          <gpxtpx:TrackPointExtension>
            <gpxtpx:hr>149</gpxtpx:hr>
          </gpxtpx:TrackPointExtension>
        </extensions>
      </trkpt>
      <trkpt lat="22.592779074026474" lon="113.96559455721945">
        <ele>13.837050936184824</ele>
        <time>1970-01-01T00:17:31Z</time>
        <extensions>
          <gpxtpx:TrackPointExtension>
            <gpxtpx:hr>149</gpxtpx:hr>
          </gpxtpx:TrackPointExtension>
        </extensions>
      </trkpt>
      <trkpt lat="22.59277952466238" lon="113.96556563440171">
        <ele>13.878187917172909</ele>
        <time>1970-01-01T00:17:32Z</time>
        <extensions>
          <gpxtpx:TrackPointExtension>
            <gpxtpx:hr>149</gpxtpx:hr>
          </gpxtpx:TrackPointExtension>
        </extensions>
      </trkpt>
      <trkpt lat="22.592780985012986" lon="113.96553700848222">
        <ele>13.922306726686656</ele>
        <time>1970-01-01T00:17:33Z</time>
        <extensions>
          <gpxtpx:TrackPointExtension>
            <gpxtpx:hr>149</gpxtpx:hr>
          </gpxtpx:TrackPointExtension>
        </extensions>
      </trkpt>
      <trkpt lat="22.592782587849605" lon="113.96550841997215">
        <ele>13.969202097505331</ele>
        <time>1970-01-01T00:17:34Z</time>
        <extensions>
          <gpxtpx:TrackPointExtension>
            <gpxtpx:hr>149</gpxtpx:hr>
          </gpxtpx:TrackPointExtension>
        </extensions>
      </trkpt>
      <trkpt lat="22.592782903832695" lon="113.96547983649828">
        <ele>14.018444343470037</ele>
        <time>1970-01-01T00:17:35Z</time>
        <extensions>
          <gpxtpx:TrackPointExtension>
            <gpxtpx:hr>149</gpxtpx:hr>
          </gpxtpx:TrackPointExtension>
        </extensions>
      </trkpt>
      <trkpt lat="22.592783508028223" lon="113.96545123124388">
        <ele>14.068477778695524</ele>
        <time>1970-01-01T00:17:36Z</time>
        <extensions>
          <gpxtpx:TrackPointExtension>
            <gpxtpx:hr>149</gpxtpx:hr>
          </gpxtpx:TrackPointExtension>
        </extensions>
      </trkpt>
      <trkpt lat="22.592786037915847" lon="113.9654225961314">
        <ele>14.12049381621182</ele>
        <time>1970-01-01T00:17:37Z</time>
        <extensions>
          <gpxtpx:TrackPointExtension>
            <gpxtpx:hr>149</gpxtpx:hr>
          </gpxtpx:TrackPointExtension>
        </extensions>
      </trkpt>
      <trkpt lat="22.59278847091388" lon="113.96539402314238">
        <ele>14.173051516525447</ele>
        <time>1970-01-01T00:17:38Z</time>
        <extensions>
          <gpxtpx:TrackPointExtension>
            <gpxtpx:hr>149</gpxtpx:hr>
          </gpxtpx:TrackPointExtension>
        </extensions>
      </trkpt>
      <trkpt lat="22.592789673317426" lon="113.96536545742923">
        <ele>14.225094869732857</ele>
        <time>1970-01-01T00:17:39Z</time>
        <extensions>
          <gpxtpx:TrackPointExtension>
            <gpxtpx:hr>149</gpxtpx:hr>
          </gpxtpx:TrackPointExtension>
        </extensions>
      </trkpt>
      <trkpt lat="22.592789968053356" lon="113.96533686857198">
        <ele>14.27674409095198</ele>
        <time>1970-01-01T00:17:40Z</time>
        <extensions>
          <gpxtpx:TrackPointExtension>
            <gpxtpx:hr>149</gpxtpx:hr>
          </gpxtpx:TrackPointExtension>
        </extensions>
      </trkpt>
      <trkpt lat="22.592790558644307" lon="113.96530807865696">
        <ele>14.327210652641952</ele>
        <time>1970-01-01T00:17:41Z</time>
        <extensions>
          <gpxtpx:TrackPointExtension>
            <gpxtpx:hr>149</gpxtpx:hr>
          </gpxtpx:TrackPointExtension>
        </extensions>
      </trkpt>
      <trkpt lat="22.592791903703663" lon="113.96527928672295">
        <ele>14.375966901890934</ele>
        <time>1970-01-01T00:17:42Z</time>
        <extensions>
          <gpxtpx:TrackPointExtension>
            <gpxtpx:hr>149</gpxtpx:hr>
          </gpxtpx:TrackPointExtension>
        </extensions>
      </trkpt>
      <trkpt lat="22.592792971980867" lon="113.96525052056205">
        <ele>14.423615938052535</ele>
        <time>1970-01-01T00:17:43Z</time>
        <extensions>
          <gpxtpx:TrackPointExtension>
            <gpxtpx:hr>149</gpxtpx:hr>
          </gpxtpx:TrackPointExtension>
        </extensions>
      </trkpt>
      <trkpt lat="22.59279348579013" lon="113.96522191723675">
        <ele>14.47009776160121</ele>
        <time>1970-01-01T00:17:44Z</time>
        <extensions>
          <gpxtpx:TrackPointExtension>
            <gpxtpx:hr>149</gpxtpx:hr>
          </gpxtpx:TrackPointExtension>
        </extensions>
      </trkpt>
      <trkpt lat="22.592793491961213" lon="113.96519324775375">
        <ele>14.514120064675808</ele>
        <time>1970-01-01T00:17:45Z</time>
        <extensions>
          <gpxtpx:TrackPointExtension>
            <gpxtpx:hr>149</gpxtpx:hr>
          </gpxtpx:TrackPointExtension>
        </extensions>
      </trkpt>
      <trkpt lat="22.592793066230904" lon="113.96516445931692">
        <ele>14.556129672564566</ele>
        <time>1970-01-01T00:17:46Z</time>
        <extensions>
          <gpxtpx:TrackPointExtension>
            <gpxtpx:hr>149</gpxtpx:hr>
          </gpxtpx:TrackPointExtension>
        </extensions>
      </trkpt>
      <trkpt lat="22.592792120908406" lon="113.96513576704017">
        <ele>14.596780018880963</ele>
        <time>1970-01-01T00:17:47Z</time>
        <extensions>
          <gpxtpx:TrackPointExtension>
            <gpxtpx:hr>149</gpxtpx:hr>
          </gpxtpx:TrackPointExtension>
        </extensions>
      </trkpt>
      <trkpt lat="22.592790980726416" lon="113.96510725625313">
        <ele>14.633444651961327</ele>
        <time>1970-01-01T00:17:48Z</time>
        <extensions>
          <gpxtpx:TrackPointExtension>
            <gpxtpx:hr>149</gpxtpx:hr>
          </gpxtpx:TrackPointExtension>
        </extensions>
      </trkpt>
      <trkpt lat="22.592789751868715" lon="113.96507893101789">
        <ele>14.668285388499498</ele>
        <time>1970-01-01T00:17:49Z</time>
        <extensions>
          <gpxtpx:TrackPointExtension>
            <gpxtpx:hr>149</gpxtpx:hr>
          </gpxtpx:TrackPointExtension>
        </extensions>
      </trkpt>
      <trkpt lat="22.592788738085172" lon="113.96505055911747">
        <ele>14.700650258921087</ele>
        <time>1970-01-01T00:17:50Z</time>
        <extensions>
          <gpxtpx:TrackPointExtension>
            <gpxtpx:hr>151</gpxtpx:hr>
          </gpxtpx:TrackPointExtension>
        </extensions>
      </trkpt>
      <trkpt lat="22.592788009680106" lon="113.9650219920982">
        <ele>14.729695862159133</ele>
        <time>1970-01-01T00:17:51Z</time>
        <extensions>
          <gpxtpx:TrackPointExtension>
            <gpxtpx:hr>151</gpxtpx:hr>
          </gpxtpx:TrackPointExtension>
        </extensions>
      </trkpt>
      <trkpt lat="22.592786887592542" lon="113.96499311217673">
        <ele>14.75663070101291</ele>
        <time>1970-01-01T00:17:52Z</time>
        <extensions>
          <gpxtpx:TrackPointExtension>
            <gpxtpx:hr>151</gpxtpx:hr>
          </gpxtpx:TrackPointExtension>
        </extensions>
      </trkpt>
      <trkpt lat="22.592786332488515" lon="113.96496412867842">
        <ele>14.780046109110117</ele>
        <time>1970-01-01T00:17:53Z</time>
        <extensions>
          <gpxtpx:TrackPointExtension>
            <gpxtpx:hr>151</gpxtpx:hr>
          </gpxtpx:TrackPointExtension>
        </extensions>
      </trkpt>
      <trkpt lat="22.59278715770941" lon="113.9649350066249">
        <ele>14.800466664135456</ele>
        <time>1970-01-01T00:17:54Z</time>
        <extensions>
          <gpxtpx:TrackPointExtension>
            <gpxtpx:hr>151</gpxtpx:hr>
          </gpxtpx:TrackPointExtension>
        </extensions>
      </trkpt>
      <trkpt lat="22.592788847124424" lon="113.96490573904649">
        <ele>14.818585610948503</ele>
        <time>1970-01-01T00:17:55Z</time>
        <extensions>
          <gpxtpx:TrackPointExtension>
            <gpxtpx:hr>151</gpxtpx:hr>
          </gpxtpx:TrackPointExtension>
        </extensions>
      </trkpt>
      <trkpt lat="22.592791367126544" lon="113.9648766171816">
        <ele>14.833016607910395</ele>
        <time>1970-01-01T00:17:56Z</time>
        <extensions>
          <gpxtpx:TrackPointExtension>
            <gpxtpx:hr>151</gpxtpx:hr>
          </gpxtpx:TrackPointExtension>
        </extensions>
      </trkpt>
      <trkpt lat="22.592793087362114" lon="113.96484763538514">
        <ele>14.843253075145185</ele>
        <time>1970-01-01T00:17:57Z</time>
        <extensions>
          <gpxtpx:TrackPointExtension>
            <gpxtpx:hr>151</gpxtpx:hr>
          </gpxtpx:TrackPointExtension>
        </extensions>
      </trkpt>
      <trkpt lat="22.59279248845961" lon="113.96481852792387">
        <ele>14.852475515566766</ele>
        <time>1970-01-01T00:17:58Z</time>
        <extensions>
          <gpxtpx:TrackPointExtension>
            <gpxtpx:hr>151</gpxtpx:hr>
          </gpxtpx:TrackPointExtension>
        </extensions>
      </trkpt>
      <trkpt lat="22.592791074892748" lon="113.96478923588954">
        <ele>14.858284020796418</ele>
        <time>1970-01-01T00:17:59Z</time>
        <extensions>
          <gpxtpx:TrackPointExtension>
            <gpxtpx:hr>151</gpxtpx:hr>
          </gpxtpx:TrackPointExtension>
        </extensions>
      </trkpt>
      <trkpt lat="22.592789330556883" lon="113.96475984612083">
        <ele>14.86256615165621</ele>
        <time>1970-01-01T00:18:00Z</time>
        <extensions>
          <gpxtpx:TrackPointExtension>
            <gpxtpx:hr>151</gpxtpx:hr>
          </gpxtpx:TrackPointExtension>
        </extensions>
      </trkpt>
      <trkpt lat="22.592786934599136" lon="113.96473067730854">
        <ele>14.866417545825243</ele>
        <time>1970-01-01T00:18:01Z</time>
        <extensions>
          <gpxtpx:TrackPointExtension>
            <gpxtpx:hr>151</gpxtpx:hr>
          </gpxtpx:TrackPointExtension>
        </extensions>
      </trkpt>
      <trkpt lat="22.592785216407897" lon="113.96470171085679">
        <ele>14.87003267928958</ele>
        <time>1970-01-01T00:18:02Z</time>
        <extensions>
          <gpxtpx:TrackPointExtension>
            <gpxtpx:hr>151</gpxtpx:hr>
          </gpxtpx:TrackPointExtension>
        </extensions>
      </trkpt>
      <trkpt lat="22.592784259332145" lon="113.96467280860915">
        <ele>14.874745704233646</ele>
        <time>1970-01-01T00:18:03Z</time>
        <extensions>
          <gpxtpx:TrackPointExtension>
            <gpxtpx:hr>151</gpxtpx:hr>
          </gpxtpx:TrackPointExtension>
        </extensions>
      </trkpt>
      <trkpt lat="22.59278307195562" lon="113.96464409155666">
        <ele>14.879447706975043</ele>
        <time>1970-01-01T00:18:04Z</time>
        <extensions>
          <gpxtpx:TrackPointExtension>
            <gpxtpx:hr>151</gpxtpx:hr>
          </gpxtpx:TrackPointExtension>
        </extensions>
      </trkpt>
      <trkpt lat="22.592781605553935" lon="113.96461544929427">
        <ele>14.883950136601925</ele>
        <time>1970-01-01T00:18:05Z</time>
        <extensions>
          <gpxtpx:TrackPointExtension>
            <gpxtpx:hr>150</gpxtpx:hr>
          </gpxtpx:TrackPointExtension>
        </extensions>
      </trkpt>
      <trkpt lat="22.59278018451087" lon="113.9645867951383">
        <ele>14.89007653016597</ele>
        <time>1970-01-01T00:18:06Z</time>
        <extensions>
          <gpxtpx:TrackPointExtension>
            <gpxtpx:hr>150</gpxtpx:hr>
          </gpxtpx:TrackPointExtension>
        </extensions>
      </trkpt>
      <trkpt lat="22.59277911736822" lon="113.9645580661845">
        <ele>14.89652678091079</ele>
        <time>1970-01-01T00:18:07Z</time>
        <extensions>
          <gpxtpx:TrackPointExtension>
            <gpxtpx:hr>150</gpxtpx:hr>
          </gpxtpx:TrackPointExtension>
        </extensions>
      </trkpt>
      <trkpt lat="22.592779347660645" lon="113.96452934500964">
        <ele>14.90336190816015</ele>
        <time>1970-01-01T00:18:08Z</time>
        <extensions>
          <gpxtpx:TrackPointExtension>
            <gpxtpx:hr>150</gpxtpx:hr>
          </gpxtpx:TrackPointExtension>
        </extensions>
      </trkpt>
      <trkpt lat="22.59278004438211" lon="113.96450064906085">
        <ele>14.912591701373458</ele>
        <time>1970-01-01T00:18:09Z</time>
        <extensions>
          <gpxtpx:TrackPointExtension>
            <gpxtpx:hr>150</gpxtpx:hr>
          </gpxtpx:TrackPointExtension>
        </extensions>
      </trkpt>
      <trkpt lat="22.59278050771897" lon="113.9644719006605">
        <ele>14.921794094145298</ele>
        <time>1970-01-01T00:18:10Z</time>
        <extensions>
          <gpxtpx:TrackPointExtension>
            <gpxtpx:hr>150</gpxtpx:hr>
          </gpxtpx:TrackPointExtension>
        </extensions>
      </trkpt>
      <trkpt lat="22.592781796890893" lon="113.96444334186369">
        <ele>14.93235645443201</ele>
        <time>1970-01-01T00:18:11Z</time>
        <extensions>
          <gpxtpx:TrackPointExtension>
            <gpxtpx:hr>150</gpxtpx:hr>
          </gpxtpx:TrackPointExtension>
        </extensions>
      </trkpt>
      <trkpt lat="22.592783529659947" lon="113.96441495955952">
        <ele>14.943663058802485</ele>
        <time>1970-01-01T00:18:12Z</time>
        <extensions>
          <gpxtpx:TrackPointExtension>
            <gpxtpx:hr>150</gpxtpx:hr>
          </gpxtpx:TrackPointExtension>
        </extensions>
      </trkpt>
      <trkpt lat="22.592785271881777" lon="113.9643866276664">
        <ele>14.956629960797727</ele>
        <time>1970-01-01T00:18:13Z</time>
        <extensions>
          <gpxtpx:TrackPointExtension>
            <gpxtpx:hr>150</gpxtpx:hr>
          </gpxtpx:TrackPointExtension>
        </extensions>
      </trkpt>
      <trkpt lat="22.59278578497347" lon="113.96435836833703">
        <ele>14.96952345315367</ele>
        <time>1970-01-01T00:18:14Z</time>
        <extensions>
          <gpxtpx:TrackPointExtension>
            <gpxtpx:hr>150</gpxtpx:hr>
          </gpxtpx:TrackPointExtension>
        </extensions>
      </trkpt>
      <trkpt lat="22.592784221223255" lon="113.96433001010215">
        <ele>14.986163753084838</ele>
        <time>1970-01-01T00:18:15Z</time>
        <extensions>
          <gpxtpx:TrackPointExtension>
            <gpxtpx:hr>150</gpxtpx:hr>
          </gpxtpx:TrackPointExtension>
        </extensions>
      </trkpt>
      <trkpt lat="22.592780743821407" lon="113.96430151893345">
        <ele>15.00419744104147</ele>
        <time>1970-01-01T00:18:16Z</time>
        <extensions>
          <gpxtpx:TrackPointExtension>
            <gpxtpx:hr>150</gpxtpx:hr>
          </gpxtpx:TrackPointExtension>
        </extensions>
      </trkpt>
      <trkpt lat="22.59277682330886" lon="113.9642728440602">
        <ele>15.022731342352927</ele>
        <time>1970-01-01T00:18:17Z</time>
        <extensions>
          <gpxtpx:TrackPointExtension>
            <gpxtpx:hr>150</gpxtpx:hr>
          </gpxtpx:TrackPointExtension>
        </extensions>
      </trkpt>
      <trkpt lat="22.592773994341556" lon="113.96424385551391">
        <ele>15.042451147921383</ele>
        <time>1970-01-01T00:18:18Z</time>
        <extensions>
          <gpxtpx:TrackPointExtension>
            <gpxtpx:hr>150</gpxtpx:hr>
          </gpxtpx:TrackPointExtension>
        </extensions>
      </trkpt>
      <trkpt lat="22.592771925799674" lon="113.96421445888198">
        <ele>15.061311349272728</ele>
        <time>1970-01-01T00:18:19Z</time>
        <extensions>
          <gpxtpx:TrackPointExtension>
            <gpxtpx:hr>150</gpxtpx:hr>
          </gpxtpx:TrackPointExtension>
        </extensions>
      </trkpt>
      <trkpt lat="22.592771113481483" lon="113.9641848728031">
        <ele>15.079873938113451</ele>
        <time>1970-01-01T00:18:20Z</time>
        <extensions>
          <gpxtpx:TrackPointExtension>
            <gpxtpx:hr>149</gpxtpx:hr>
          </gpxtpx:TrackPointExtension>
        </extensions>
      </trkpt>
      <trkpt lat="22.592771846077017" lon="113.96415520593752">
        <ele>15.098971089348197</ele>
        <time>1970-01-01T00:18:21Z</time>
        <extensions>
          <gpxtpx:TrackPointExtension>
            <gpxtpx:hr>149</gpxtpx:hr>
          </gpxtpx:TrackPointExtension>
        </extensions>
      </trkpt>
      <trkpt lat="22.5927735808148" lon="113.96412575517283">
        <ele>15.11667204927653</ele>
        <time>1970-01-01T00:18:22Z</time>
        <extensions>
          <gpxtpx:TrackPointExtension>
            <gpxtpx:hr>149</gpxtpx:hr>
          </gpxtpx:TrackPointExtension>
        </extensions>
      </trkpt>
      <trkpt lat="22.59277555353459" lon="113.96409643452424">
        <ele>15.134786665439606</ele>
        <time>1970-01-01T00:18:23Z</time>
        <extensions>
          <gpxtpx:TrackPointExtension>
            <gpxtpx:hr>149</gpxtpx:hr>
          </gpxtpx:TrackPointExtension>
        </extensions>
      </trkpt>
      <trkpt lat="22.59277718686064" lon="113.96406700178083">
        <ele>15.150485087186098</ele>
        <time>1970-01-01T00:18:24Z</time>
        <extensions>
          <gpxtpx:TrackPointExtension>
            <gpxtpx:hr>150</gpxtpx:hr>
          </gpxtpx:TrackPointExtension>
        </extensions>
      </trkpt>
      <trkpt lat="22.592778513024474" lon="113.96403756630554">
        <ele>15.164589326828718</ele>
        <time>1970-01-01T00:18:25Z</time>
        <extensions>
          <gpxtpx:TrackPointExtension>
            <gpxtpx:hr>150</gpxtpx:hr>
          </gpxtpx:TrackPointExtension>
        </extensions>
      </trkpt>
      <trkpt lat="22.592778829557613" lon="113.96400835278281">
        <ele>15.177258738316596</ele>
        <time>1970-01-01T00:18:26Z</time>
        <extensions>
          <gpxtpx:TrackPointExtension>
            <gpxtpx:hr>150</gpxtpx:hr>
          </gpxtpx:TrackPointExtension>
        </extensions>
      </trkpt>
      <trkpt lat="22.59277804705047" lon="113.96397944927438">
        <ele>15.188607406802475</ele>
        <time>1970-01-01T00:18:27Z</time>
        <extensions>
          <gpxtpx:TrackPointExtension>
            <gpxtpx:hr>150</gpxtpx:hr>
          </gpxtpx:TrackPointExtension>
        </extensions>
      </trkpt>
      <trkpt lat="22.59277658475154" lon="113.96395071302986">
        <ele>15.198012104257941</ele>
        <time>1970-01-01T00:18:28Z</time>
        <extensions>
          <gpxtpx:TrackPointExtension>
            <gpxtpx:hr>150</gpxtpx:hr>
          </gpxtpx:TrackPointExtension>
        </extensions>
      </trkpt>
      <trkpt lat="22.592774749657053" lon="113.96392207772179">
        <ele>15.21050126478076</ele>
        <time>1970-01-01T00:18:29Z</time>
        <extensions>
          <gpxtpx:TrackPointExtension>
            <gpxtpx:hr>150</gpxtpx:hr>
          </gpxtpx:TrackPointExtension>
        </extensions>
      </trkpt>
      <trkpt lat="22.592773083511048" lon="113.9638935901812">
        <ele>15.221990167163312</ele>
        <time>1970-01-01T00:18:30Z</time>
        <extensions>
          <gpxtpx:TrackPointExtension>
            <gpxtpx:hr>150</gpxtpx:hr>
          </gpxtpx:TrackPointExtension>
        </extensions>
      </trkpt>
      <trkpt lat="22.592771303923662" lon="113.96386527420871">
        <ele>15.232560372911394</ele>
        <time>1970-01-01T00:18:31Z</time>
        <extensions>
          <gpxtpx:TrackPointExtension>
            <gpxtpx:hr>150</gpxtpx:hr>
          </gpxtpx:TrackPointExtension>
        </extensions>
      </trkpt>
      <trkpt lat="22.592769511517872" lon="113.9638370680121">
        <ele>15.241980099119246</ele>
        <time>1970-01-01T00:18:32Z</time>
        <extensions>
          <gpxtpx:TrackPointExtension>
            <gpxtpx:hr>150</gpxtpx:hr>
          </gpxtpx:TrackPointExtension>
        </extensions>
      </trkpt>
      <trkpt lat="22.59276752747705" lon="113.96380869222722">
        <ele>15.251023583114147</ele>
        <time>1970-01-01T00:18:33Z</time>
        <extensions>
          <gpxtpx:TrackPointExtension>
            <gpxtpx:hr>150</gpxtpx:hr>
          </gpxtpx:TrackPointExtension>
        </extensions>
      </trkpt>
      <trkpt lat="22.592765300357453" lon="113.96378009412929">
        <ele>15.260494156740606</ele>
        <time>1970-01-01T00:18:34Z</time>
        <extensions>
          <gpxtpx:TrackPointExtension>
            <gpxtpx:hr>150</gpxtpx:hr>
          </gpxtpx:TrackPointExtension>
        </extensions>
      </trkpt>
      <trkpt lat="22.592762561533714" lon="113.96375146216442">
        <ele>15.270420180633664</ele>
        <time>1970-01-01T00:18:35Z</time>
        <extensions>
          <gpxtpx:TrackPointExtension>
            <gpxtpx:hr>151</gpxtpx:hr>
          </gpxtpx:TrackPointExtension>
        </extensions>
      </trkpt>
      <trkpt lat="22.59275886746063" lon="113.9637225893897">
        <ele>15.280809639021754</ele>
        <time>1970-01-01T00:18:36Z</time>
        <extensions>
          <gpxtpx:TrackPointExtension>
            <gpxtpx:hr>151</gpxtpx:hr>
          </gpxtpx:TrackPointExtension>
        </extensions>
      </trkpt>
      <trkpt lat="22.592755967824168" lon="113.96369335795065">
        <ele>15.291048333980143</ele>
        <time>1970-01-01T00:18:37Z</time>
        <extensions>
          <gpxtpx:TrackPointExtension>
            <gpxtpx:hr>151</gpxtpx:hr>
          </gpxtpx:TrackPointExtension>
        </extensions>
      </trkpt>
      <trkpt lat="22.59275434047347" lon="113.96366402570715">
        <ele>15.301624261774123</ele>
        <time>1970-01-01T00:18:38Z</time>
        <extensions>
          <gpxtpx:TrackPointExtension>
            <gpxtpx:hr>151</gpxtpx:hr>
          </gpxtpx:TrackPointExtension>
        </extensions>
      </trkpt>
      <trkpt lat="22.59275349858979" lon="113.96363472340416">
        <ele>15.310663128271699</ele>
        <time>1970-01-01T00:18:39Z</time>
        <extensions>
          <gpxtpx:TrackPointExtension>
            <gpxtpx:hr>151</gpxtpx:hr>
          </gpxtpx:TrackPointExtension>
        </extensions>
      </trkpt>
      <trkpt lat="22.592753447762348" lon="113.96360544962819">
        <ele>15.318898243829608</ele>
        <time>1970-01-01T00:18:40Z</time>
        <extensions>
          <gpxtpx:TrackPointExtension>
            <gpxtpx:hr>151</gpxtpx:hr>
          </gpxtpx:TrackPointExtension>
        </extensions>
      </trkpt>
      <trkpt lat="22.592754264484824" lon="113.96357625559565">
        <ele>15.326502998359501</ele>
        <time>1970-01-01T00:18:41Z</time>
        <extensions>
          <gpxtpx:TrackPointExtension>
            <gpxtpx:hr>151</gpxtpx:hr>
          </gpxtpx:TrackPointExtension>
        </extensions>
      </trkpt>
      <trkpt lat="22.59275608116566" lon="113.9635472207457">
        <ele>15.33231426216662</ele>
        <time>1970-01-01T00:18:42Z</time>
        <extensions>
          <gpxtpx:TrackPointExtension>
            <gpxtpx:hr>151</gpxtpx:hr>
          </gpxtpx:TrackPointExtension>
        </extensions>
      </trkpt>
      <trkpt lat="22.59275835895043" lon="113.96351824264985">
        <ele>15.33705779351294</ele>
        <time>1970-01-01T00:18:43Z</time>
        <extensions>
          <gpxtpx:TrackPointExtension>
            <gpxtpx:hr>151</gpxtpx:hr>
          </gpxtpx:TrackPointExtension>
        </extensions>
      </trkpt>
      <trkpt lat="22.592760526467206" lon="113.96348938713734">
        <ele>15.340180793777108</ele>
        <time>1970-01-01T00:18:44Z</time>
        <extensions>
          <gpxtpx:TrackPointExtension>
            <gpxtpx:hr>151</gpxtpx:hr>
          </gpxtpx:TrackPointExtension>
        </extensions>
      </trkpt>
      <trkpt lat="22.592761995187438" lon="113.96346063684462">
        <ele>15.340787271037698</ele>
        <time>1970-01-01T00:18:45Z</time>
        <extensions>
          <gpxtpx:TrackPointExtension>
            <gpxtpx:hr>152</gpxtpx:hr>
          </gpxtpx:TrackPointExtension>
        </extensions>
      </trkpt>
      <trkpt lat="22.592762608413754" lon="113.96343174768054">
        <ele>15.341003690846264</ele>
        <time>1970-01-01T00:18:46Z</time>
        <extensions>
          <gpxtpx:TrackPointExtension>
            <gpxtpx:hr>152</gpxtpx:hr>
          </gpxtpx:TrackPointExtension>
        </extensions>
      </trkpt>
      <trkpt lat="22.59276252357703" lon="113.96340280817756">
        <ele>15.336643585935235</ele>
        <time>1970-01-01T00:18:47Z</time>
        <extensions>
          <gpxtpx:TrackPointExtension>
            <gpxtpx:hr>152</gpxtpx:hr>
          </gpxtpx:TrackPointExtension>
        </extensions>
      </trkpt>
      <trkpt lat="22.5927616638325" lon="113.96337378027667">
        <ele>15.330589129589498</ele>
        <time>1970-01-01T00:18:48Z</time>
        <extensions>
          <gpxtpx:TrackPointExtension>
            <gpxtpx:hr>152</gpxtpx:hr>
          </gpxtpx:TrackPointExtension>
        </extensions>
      </trkpt>
      <trkpt lat="22.59276015032922" lon="113.96334476552082">
        <ele>15.32104477379471</ele>
        <time>1970-01-01T00:18:49Z</time>
        <extensions>
          <gpxtpx:TrackPointExtension>
            <gpxtpx:hr>152</gpxtpx:hr>
          </gpxtpx:TrackPointExtension>
        </extensions>
      </trkpt>
      <trkpt lat="22.592758289736256" lon="113.96331581139968">
        <ele>15.308420080691576</ele>
        <time>1970-01-01T00:18:50Z</time>
        <extensions>
          <gpxtpx:TrackPointExtension>
            <gpxtpx:hr>153</gpxtpx:hr>
          </gpxtpx:TrackPointExtension>
        </extensions>
      </trkpt>
      <trkpt lat="22.59275658786241" lon="113.96328707702607">
        <ele>15.293768937699497</ele>
        <time>1970-01-01T00:18:51Z</time>
        <extensions>
          <gpxtpx:TrackPointExtension>
            <gpxtpx:hr>153</gpxtpx:hr>
          </gpxtpx:TrackPointExtension>
        </extensions>
      </trkpt>
      <trkpt lat="22.592755064375893" lon="113.9632585781448">
        <ele>15.276828834787011</ele>
        <time>1970-01-01T00:18:52Z</time>
        <extensions>
          <gpxtpx:TrackPointExtension>
            <gpxtpx:hr>153</gpxtpx:hr>
          </gpxtpx:TrackPointExtension>
        </extensions>
      </trkpt>
      <trkpt lat="22.592753917277197" lon="113.96323022620305">
        <ele>15.25435642246157</ele>
        <time>1970-01-01T00:18:53Z</time>
        <extensions>
          <gpxtpx:TrackPointExtension>
            <gpxtpx:hr>153</gpxtpx:hr>
          </gpxtpx:TrackPointExtension>
        </extensions>
      </trkpt>
      <trkpt lat="22.5927533202925" lon="113.96320196217972">
        <ele>15.229125729762018</ele>
        <time>1970-01-01T00:18:54Z</time>
        <extensions>
          <gpxtpx:TrackPointExtension>
            <gpxtpx:hr>153</gpxtpx:hr>
          </gpxtpx:TrackPointExtension>
        </extensions>
      </trkpt>
      <trkpt lat="22.59275280607056" lon="113.96317364868345">
        <ele>15.198912836611271</ele>
        <time>1970-01-01T00:18:55Z</time>
        <extensions>
          <gpxtpx:TrackPointExtension>
            <gpxtpx:hr>155</gpxtpx:hr>
          </gpxtpx:TrackPointExtension>
        </extensions>
      </trkpt>
      <trkpt lat="22.592752368355136" lon="113.96314513523694">
        <ele>15.166381016373634</ele>
        <time>1970-01-01T00:18:56Z</time>
        <extensions>
          <gpxtpx:TrackPointExtension>
            <gpxtpx:hr>155</gpxtpx:hr>
          </gpxtpx:TrackPointExtension>
        </extensions>
      </trkpt>
      <trkpt lat="22.592751844906115" lon="113.96311638069666">
        <ele>15.132138343527913</ele>
        <time>1970-01-01T00:18:57Z</time>
        <extensions>
          <gpxtpx:TrackPointExtension>
            <gpxtpx:hr>155</gpxtpx:hr>
          </gpxtpx:TrackPointExtension>
        </extensions>
      </trkpt>
      <trkpt lat="22.59275142903423" lon="113.96308734138628">
        <ele>15.094810080714524</ele>
        <time>1970-01-01T00:18:58Z</time>
        <extensions>
          <gpxtpx:TrackPointExtension>
            <gpxtpx:hr>155</gpxtpx:hr>
          </gpxtpx:TrackPointExtension>
        </extensions>
      </trkpt>
      <trkpt lat="22.592750723095445" lon="113.96305817804081">
        <ele>15.055213679559529</ele>
        <time>1970-01-01T00:18:59Z</time>
        <extensions>
          <gpxtpx:TrackPointExtension>
            <gpxtpx:hr>155</gpxtpx:hr>
          </gpxtpx:TrackPointExtension>
        </extensions>
      </trkpt>
      <trkpt lat="22.59274991759318" lon="113.96302904061535">
        <ele>15.013381192460656</ele>
        <time>1970-01-01T00:19:00Z</time>
        <extensions>
          <gpxtpx:TrackPointExtension>
            <gpxtpx:hr>155</gpxtpx:hr>
          </gpxtpx:TrackPointExtension>
        </extensions>
      </trkpt>
      <trkpt lat="22.5927495078736" lon="113.96300003395456">
        <ele>14.97025157418102</ele>
        <time>1970-01-01T00:19:01Z</time>
        <extensions>
          <gpxtpx:TrackPointExtension>
            <gpxtpx:hr>155</gpxtpx:hr>
          </gpxtpx:TrackPointExtension>
        </extensions>
      </trkpt>
      <trkpt lat="22.592748316098078" lon="113.96297129395754">
        <ele>14.92710205167532</ele>
        <time>1970-01-01T00:19:02Z</time>
        <extensions>
          <gpxtpx:TrackPointExtension>
            <gpxtpx:hr>155</gpxtpx:hr>
          </gpxtpx:TrackPointExtension>
        </extensions>
      </trkpt>
      <trkpt lat="22.592745938767354" lon="113.96294261688494">
        <ele>14.88525465503335</ele>
        <time>1970-01-01T00:19:03Z</time>
        <extensions>
          <gpxtpx:TrackPointExtension>
            <gpxtpx:hr>155</gpxtpx:hr>
          </gpxtpx:TrackPointExtension>
        </extensions>
      </trkpt>
      <trkpt lat="22.59274368508333" lon="113.9629138265823">
        <ele>14.844059629365802</ele>
        <time>1970-01-01T00:19:04Z</time>
        <extensions>
          <gpxtpx:TrackPointExtension>
            <gpxtpx:hr>155</gpxtpx:hr>
          </gpxtpx:TrackPointExtension>
        </extensions>
      </trkpt>
      <trkpt lat="22.592742268694234" lon="113.96288475842563">
        <ele>14.804464109241962</ele>
        <time>1970-01-01T00:19:05Z</time>
        <extensions>
          <gpxtpx:TrackPointExtension>
            <gpxtpx:hr>155</gpxtpx:hr>
          </gpxtpx:TrackPointExtension>
        </extensions>
      </trkpt>
      <trkpt lat="22.59274171916665" lon="113.96285562717397">
        <ele>14.767947332002223</ele>
        <time>1970-01-01T00:19:06Z</time>
        <extensions>
          <gpxtpx:TrackPointExtension>
            <gpxtpx:hr>155</gpxtpx:hr>
          </gpxtpx:TrackPointExtension>
        </extensions>
      </trkpt>
      <trkpt lat="22.5927419471669" lon="113.96282647387855">
        <ele>14.733120979741216</ele>
        <time>1970-01-01T00:19:07Z</time>
        <extensions>
          <gpxtpx:TrackPointExtension>
            <gpxtpx:hr>155</gpxtpx:hr>
          </gpxtpx:TrackPointExtension>
        </extensions>
      </trkpt>
      <trkpt lat="22.592742439286717" lon="113.96279739339468">
        <ele>14.699921839870512</ele>
        <time>1970-01-01T00:19:08Z</time>
        <extensions>
          <gpxtpx:TrackPointExtension>
            <gpxtpx:hr>155</gpxtpx:hr>
          </gpxtpx:TrackPointExtension>
        </extensions>
      </trkpt>
      <trkpt lat="22.592742919413535" lon="113.96276839346766">
        <ele>14.668906955048442</ele>
        <time>1970-01-01T00:19:09Z</time>
        <extensions>
          <gpxtpx:TrackPointExtension>
            <gpxtpx:hr>155</gpxtpx:hr>
          </gpxtpx:TrackPointExtension>
        </extensions>
      </trkpt>
      <trkpt lat="22.59274344476367" lon="113.96273932306063">
        <ele>14.639281044714153</ele>
        <time>1970-01-01T00:19:10Z</time>
        <extensions>
          <gpxtpx:TrackPointExtension>
            <gpxtpx:hr>155</gpxtpx:hr>
          </gpxtpx:TrackPointExtension>
        </extensions>
      </trkpt>
      <trkpt lat="22.592743910713637" lon="113.962710228622">
        <ele>14.6125880619511</ele>
        <time>1970-01-01T00:19:11Z</time>
        <extensions>
          <gpxtpx:TrackPointExtension>
            <gpxtpx:hr>155</gpxtpx:hr>
          </gpxtpx:TrackPointExtension>
        </extensions>
      </trkpt>
      <trkpt lat="22.592744382192162" lon="113.9626811940037">
        <ele>14.588504546321929</ele>
        <time>1970-01-01T00:19:12Z</time>
        <extensions>
          <gpxtpx:TrackPointExtension>
            <gpxtpx:hr>155</gpxtpx:hr>
          </gpxtpx:TrackPointExtension>
        </extensions>
      </trkpt>
      <trkpt lat="22.592745214366868" lon="113.96265208623103">
        <ele>14.566849722526968</ele>
        <time>1970-01-01T00:19:13Z</time>
        <extensions>
          <gpxtpx:TrackPointExtension>
            <gpxtpx:hr>155</gpxtpx:hr>
          </gpxtpx:TrackPointExtension>
        </extensions>
      </trkpt>
      <trkpt lat="22.592746330342106" lon="113.96262310006892">
        <ele>14.547159818001091</ele>
        <time>1970-01-01T00:19:14Z</time>
        <extensions>
          <gpxtpx:TrackPointExtension>
            <gpxtpx:hr>155</gpxtpx:hr>
          </gpxtpx:TrackPointExtension>
        </extensions>
      </trkpt>
      <trkpt lat="22.59274710687212" lon="113.96259422904541">
        <ele>14.529347501695156</ele>
        <time>1970-01-01T00:19:15Z</time>
        <extensions>
          <gpxtpx:TrackPointExtension>
            <gpxtpx:hr>155</gpxtpx:hr>
          </gpxtpx:TrackPointExtension>
        </extensions>
      </trkpt>
      <trkpt lat="22.592747946283858" lon="113.96256541793817">
        <ele>14.513265389949083</ele>
        <time>1970-01-01T00:19:16Z</time>
        <extensions>
          <gpxtpx:TrackPointExtension>
            <gpxtpx:hr>155</gpxtpx:hr>
          </gpxtpx:TrackPointExtension>
        </extensions>
      </trkpt>
      <trkpt lat="22.59274769206212" lon="113.96253654729517">
        <ele>14.498143158853054</ele>
        <time>1970-01-01T00:19:17Z</time>
        <extensions>
          <gpxtpx:TrackPointExtension>
            <gpxtpx:hr>155</gpxtpx:hr>
          </gpxtpx:TrackPointExtension>
        </extensions>
      </trkpt>
      <trkpt lat="22.592745513859718" lon="113.96250738693436">
        <ele>14.482918996363878</ele>
        <time>1970-01-01T00:19:18Z</time>
        <extensions>
          <gpxtpx:TrackPointExtension>
            <gpxtpx:hr>155</gpxtpx:hr>
          </gpxtpx:TrackPointExtension>
        </extensions>
      </trkpt>
      <trkpt lat="22.592743927934926" lon="113.96247781333918">
        <ele>14.466658751480281</ele>
        <time>1970-01-01T00:19:19Z</time>
        <extensions>
          <gpxtpx:TrackPointExtension>
            <gpxtpx:hr>155</gpxtpx:hr>
          </gpxtpx:TrackPointExtension>
        </extensions>
      </trkpt>
      <trkpt lat="22.592742084687863" lon="113.96244808524689">
        <ele>14.448038055561483</ele>
        <time>1970-01-01T00:19:20Z</time>
        <extensions>
          <gpxtpx:TrackPointExtension>
            <gpxtpx:hr>155</gpxtpx:hr>
          </gpxtpx:TrackPointExtension>
        </extensions>
      </trkpt>
      <trkpt lat="22.592740008912678" lon="113.9624185757822">
        <ele>14.425444793887436</ele>
        <time>1970-01-01T00:19:21Z</time>
        <extensions>
          <gpxtpx:TrackPointExtension>
            <gpxtpx:hr>155</gpxtpx:hr>
          </gpxtpx:TrackPointExtension>
        </extensions>
      </trkpt>
      <trkpt lat="22.592739483746648" lon="113.96238917549834">
        <ele>14.400037962943316</ele>
        <time>1970-01-01T00:19:22Z</time>
        <extensions>
          <gpxtpx:TrackPointExtension>
            <gpxtpx:hr>155</gpxtpx:hr>
          </gpxtpx:TrackPointExtension>
        </extensions>
      </trkpt>
      <trkpt lat="22.592739845049767" lon="113.96235986949408">
        <ele>14.370945766568184</ele>
        <time>1970-01-01T00:19:23Z</time>
        <extensions>
          <gpxtpx:TrackPointExtension>
            <gpxtpx:hr>155</gpxtpx:hr>
          </gpxtpx:TrackPointExtension>
        </extensions>
      </trkpt>
      <trkpt lat="22.59274043939287" lon="113.96233069341463">
        <ele>14.33646406698972</ele>
        <time>1970-01-01T00:19:24Z</time>
        <extensions>
          <gpxtpx:TrackPointExtension>
            <gpxtpx:hr>155</gpxtpx:hr>
          </gpxtpx:TrackPointExtension>
        </extensions>
      </trkpt>
      <trkpt lat="22.59274043989729" lon="113.96230146608451">
        <ele>14.298642643727362</ele>
        <time>1970-01-01T00:19:25Z</time>
        <extensions>
          <gpxtpx:TrackPointExtension>
            <gpxtpx:hr>154</gpxtpx:hr>
          </gpxtpx:TrackPointExtension>
        </extensions>
      </trkpt>
      <trkpt lat="22.592740072569153" lon="113.96227223985571">
        <ele>14.256624303758144</ele>
        <time>1970-01-01T00:19:26Z</time>
        <extensions>
          <gpxtpx:TrackPointExtension>
            <gpxtpx:hr>154</gpxtpx:hr>
          </gpxtpx:TrackPointExtension>
        </extensions>
      </trkpt>
      <trkpt lat="22.592739707893728" lon="113.96224302476337">
        <ele>14.211976055055857</ele>
        <time>1970-01-01T00:19:27Z</time>
        <extensions>
          <gpxtpx:TrackPointExtension>
            <gpxtpx:hr>154</gpxtpx:hr>
          </gpxtpx:TrackPointExtension>
        </extensions>
      </trkpt>
      <trkpt lat="22.592739391026903" lon="113.96221383681757">
        <ele>14.164172150194645</ele>
        <time>1970-01-01T00:19:28Z</time>
        <extensions>
          <gpxtpx:TrackPointExtension>
            <gpxtpx:hr>154</gpxtpx:hr>
          </gpxtpx:TrackPointExtension>
        </extensions>
      </trkpt>
      <trkpt lat="22.592739234961847" lon="113.96218454883235">
        <ele>14.111942335031927</ele>
        <time>1970-01-01T00:19:29Z</time>
        <extensions>
          <gpxtpx:TrackPointExtension>
            <gpxtpx:hr>154</gpxtpx:hr>
          </gpxtpx:TrackPointExtension>
        </extensions>
      </trkpt>
      <trkpt lat="22.592738738807103" lon="113.96215514693117">
        <ele>14.056884551420808</ele>
        <time>1970-01-01T00:19:30Z</time>
        <extensions>
          <gpxtpx:TrackPointExtension>
            <gpxtpx:hr>154</gpxtpx:hr>
          </gpxtpx:TrackPointExtension>
        </extensions>
      </trkpt>
      <trkpt lat="22.592737535095235" lon="113.96212577530375">
        <ele>13.998570939525962</ele>
        <time>1970-01-01T00:19:31Z</time>
        <extensions>
          <gpxtpx:TrackPointExtension>
            <gpxtpx:hr>154</gpxtpx:hr>
          </gpxtpx:TrackPointExtension>
        </extensions>
      </trkpt>
      <trkpt lat="22.59273604749358" lon="113.9620963156116">
        <ele>13.939176515676081</ele>
        <time>1970-01-01T00:19:32Z</time>
        <extensions>
          <gpxtpx:TrackPointExtension>
            <gpxtpx:hr>154</gpxtpx:hr>
          </gpxtpx:TrackPointExtension>
        </extensions>
      </trkpt>
      <trkpt lat="22.592735239458662" lon="113.9620666716452">
        <ele>13.874910097569227</ele>
        <time>1970-01-01T00:19:33Z</time>
        <extensions>
          <gpxtpx:TrackPointExtension>
            <gpxtpx:hr>154</gpxtpx:hr>
          </gpxtpx:TrackPointExtension>
        </extensions>
      </trkpt>
      <trkpt lat="22.592735138923604" lon="113.96203680265772">
        <ele>13.808355911634862</ele>
        <time>1970-01-01T00:19:34Z</time>
        <extensions>
          <gpxtpx:TrackPointExtension>
            <gpxtpx:hr>154</gpxtpx:hr>
          </gpxtpx:TrackPointExtension>
        </extensions>
      </trkpt>
      <trkpt lat="22.59273527411587" lon="113.96200698756252">
        <ele>13.738057881593704</ele>
        <time>1970-01-01T00:19:35Z</time>
        <extensions>
          <gpxtpx:TrackPointExtension>
            <gpxtpx:hr>153</gpxtpx:hr>
          </gpxtpx:TrackPointExtension>
        </extensions>
      </trkpt>
      <trkpt lat="22.59273527724314" lon="113.96197748883388">
        <ele>13.664045517332852</ele>
        <time>1970-01-01T00:19:36Z</time>
        <extensions>
          <gpxtpx:TrackPointExtension>
            <gpxtpx:hr>153</gpxtpx:hr>
          </gpxtpx:TrackPointExtension>
        </extensions>
      </trkpt>
      <trkpt lat="22.59273477945445" lon="113.96194805189968">
        <ele>13.587555940262973</ele>
        <time>1970-01-01T00:19:37Z</time>
        <extensions>
          <gpxtpx:TrackPointExtension>
            <gpxtpx:hr>153</gpxtpx:hr>
          </gpxtpx:TrackPointExtension>
        </extensions>
      </trkpt>
      <trkpt lat="22.592734260774414" lon="113.96191830304994">
        <ele>13.506298942491412</ele>
        <time>1970-01-01T00:19:38Z</time>
        <extensions>
          <gpxtpx:TrackPointExtension>
            <gpxtpx:hr>153</gpxtpx:hr>
          </gpxtpx:TrackPointExtension>
        </extensions>
      </trkpt>
      <trkpt lat="22.592733777349792" lon="113.96188813423622">
        <ele>13.420578920282423</ele>
        <time>1970-01-01T00:19:39Z</time>
        <extensions>
          <gpxtpx:TrackPointExtension>
            <gpxtpx:hr>153</gpxtpx:hr>
          </gpxtpx:TrackPointExtension>
        </extensions>
      </trkpt>
      <trkpt lat="22.5927331260124" lon="113.96185793716494">
        <ele>13.331996308639646</ele>
        <time>1970-01-01T00:19:40Z</time>
        <extensions>
          <gpxtpx:TrackPointExtension>
            <gpxtpx:hr>153</gpxtpx:hr>
          </gpxtpx:TrackPointExtension>
        </extensions>
      </trkpt>
      <trkpt lat="22.59273268926136" lon="113.96182789139799">
        <ele>13.240435521118343</ele>
        <time>1970-01-01T00:19:41Z</time>
        <extensions>
          <gpxtpx:TrackPointExtension>
            <gpxtpx:hr>153</gpxtpx:hr>
          </gpxtpx:TrackPointExtension>
        </extensions>
      </trkpt>
      <trkpt lat="22.592732232407446" lon="113.96179806801041">
        <ele>13.14618822466582</ele>
        <time>1970-01-01T00:19:42Z</time>
        <extensions>
          <gpxtpx:TrackPointExtension>
            <gpxtpx:hr>153</gpxtpx:hr>
          </gpxtpx:TrackPointExtension>
        </extensions>
      </trkpt>
      <trkpt lat="22.592731350375452" lon="113.96176851489166">
        <ele>13.050661129876971</ele>
        <time>1970-01-01T00:19:43Z</time>
        <extensions>
          <gpxtpx:TrackPointExtension>
            <gpxtpx:hr>153</gpxtpx:hr>
          </gpxtpx:TrackPointExtension>
        </extensions>
      </trkpt>
      <trkpt lat="22.592731404248497" lon="113.96173918374971">
        <ele>12.95405626296997</ele>
        <time>1970-01-01T00:19:44Z</time>
        <extensions>
          <gpxtpx:TrackPointExtension>
            <gpxtpx:hr>153</gpxtpx:hr>
          </gpxtpx:TrackPointExtension>
        </extensions>
      </trkpt>
      <trkpt lat="22.592731637463597" lon="113.96170987487616">
        <ele>12.858441386371851</ele>
        <time>1970-01-01T00:19:45Z</time>
        <extensions>
          <gpxtpx:TrackPointExtension>
            <gpxtpx:hr>153</gpxtpx:hr>
          </gpxtpx:TrackPointExtension>
        </extensions>
      </trkpt>
      <trkpt lat="22.592730729077225" lon="113.96168043761567">
        <ele>12.76407412905246</ele>
        <time>1970-01-01T00:19:46Z</time>
        <extensions>
          <gpxtpx:TrackPointExtension>
            <gpxtpx:hr>153</gpxtpx:hr>
          </gpxtpx:TrackPointExtension>
        </extensions>
      </trkpt>
      <trkpt lat="22.59272973030913" lon="113.96165117117067">
        <ele>12.670880558900535</ele>
        <time>1970-01-01T00:19:47Z</time>
        <extensions>
          <gpxtpx:TrackPointExtension>
            <gpxtpx:hr>153</gpxtpx:hr>
          </gpxtpx:TrackPointExtension>
        </extensions>
      </trkpt>
      <trkpt lat="22.592728403192968" lon="113.96162211809688">
        <ele>12.581323833204806</ele>
        <time>1970-01-01T00:19:48Z</time>
        <extensions>
          <gpxtpx:TrackPointExtension>
            <gpxtpx:hr>153</gpxtpx:hr>
          </gpxtpx:TrackPointExtension>
        </extensions>
      </trkpt>
      <trkpt lat="22.592726588970173" lon="113.96159310790412">
        <ele>12.494383725337684</ele>
        <time>1970-01-01T00:19:49Z</time>
        <extensions>
          <gpxtpx:TrackPointExtension>
            <gpxtpx:hr>153</gpxtpx:hr>
          </gpxtpx:TrackPointExtension>
        </extensions>
      </trkpt>
      <trkpt lat="22.592724259113528" lon="113.96156382941574">
        <ele>12.410061192698777</ele>
        <time>1970-01-01T00:19:50Z</time>
        <extensions>
          <gpxtpx:TrackPointExtension>
            <gpxtpx:hr>151</gpxtpx:hr>
          </gpxtpx:TrackPointExtension>
        </extensions>
      </trkpt>
      <trkpt lat="22.592722189140087" lon="113.96153426436105">
        <ele>12.329664763994515</ele>
        <time>1970-01-01T00:19:51Z</time>
        <extensions>
          <gpxtpx:TrackPointExtension>
            <gpxtpx:hr>151</gpxtpx:hr>
          </gpxtpx:TrackPointExtension>
        </extensions>
      </trkpt>
      <trkpt lat="22.59272108535444" lon="113.9615044457809">
        <ele>12.253415090963244</ele>
        <time>1970-01-01T00:19:52Z</time>
        <extensions>
          <gpxtpx:TrackPointExtension>
            <gpxtpx:hr>151</gpxtpx:hr>
          </gpxtpx:TrackPointExtension>
        </extensions>
      </trkpt>
      <trkpt lat="22.592720363130326" lon="113.9614745129942">
        <ele>12.182416277006269</ele>
        <time>1970-01-01T00:19:53Z</time>
        <extensions>
          <gpxtpx:TrackPointExtension>
            <gpxtpx:hr>151</gpxtpx:hr>
          </gpxtpx:TrackPointExtension>
        </extensions>
      </trkpt>
      <trkpt lat="22.592719659035932" lon="113.96144444072249">
        <ele>12.116329702548683</ele>
        <time>1970-01-01T00:19:54Z</time>
        <extensions>
          <gpxtpx:TrackPointExtension>
            <gpxtpx:hr>151</gpxtpx:hr>
          </gpxtpx:TrackPointExtension>
        </extensions>
      </trkpt>
      <trkpt lat="22.592718927331592" lon="113.96141402848932">
        <ele>12.055357934907079</ele>
        <time>1970-01-01T00:19:55Z</time>
        <extensions>
          <gpxtpx:TrackPointExtension>
            <gpxtpx:hr>151</gpxtpx:hr>
          </gpxtpx:TrackPointExtension>
        </extensions>
      </trkpt>
      <trkpt lat="22.592718459851984" lon="113.9613832944076">
        <ele>11.999930238351226</ele>
        <time>1970-01-01T00:19:56Z</time>
        <extensions>
          <gpxtpx:TrackPointExtension>
            <gpxtpx:hr>151</gpxtpx:hr>
          </gpxtpx:TrackPointExtension>
        </extensions>
      </trkpt>
      <trkpt lat="22.592718420504465" lon="113.96135241609015">
        <ele>11.949407960288227</ele>
        <time>1970-01-01T00:19:57Z</time>
        <extensions>
          <gpxtpx:TrackPointExtension>
            <gpxtpx:hr>151</gpxtpx:hr>
          </gpxtpx:TrackPointExtension>
        </extensions>
      </trkpt>
      <trkpt lat="22.592718662452054" lon="113.96132179582709">
        <ele>11.904143568128347</ele>
        <time>1970-01-01T00:19:58Z</time>
        <extensions>
          <gpxtpx:TrackPointExtension>
            <gpxtpx:hr>151</gpxtpx:hr>
          </gpxtpx:TrackPointExtension>
        </extensions>
      </trkpt>
      <trkpt lat="22.592718750242145" lon="113.96129132930766">
        <ele>11.863961223512888</ele>
        <time>1970-01-01T00:19:59Z</time>
        <extensions>
          <gpxtpx:TrackPointExtension>
            <gpxtpx:hr>151</gpxtpx:hr>
          </gpxtpx:TrackPointExtension>
        </extensions>
      </trkpt>
      <trkpt lat="22.59271871745395" lon="113.96126113566889">
        <ele>11.829817642457783</ele>
        <time>1970-01-01T00:20:00Z</time>
        <extensions>
          <gpxtpx:TrackPointExtension>
            <gpxtpx:hr>151</gpxtpx:hr>
          </gpxtpx:TrackPointExtension>
        </extensions>
      </trkpt>
      <trkpt lat="22.5927188383052" lon="113.96123106774239">
        <ele>11.800956370308995</ele>
        <time>1970-01-01T00:20:01Z</time>
        <extensions>
          <gpxtpx:TrackPointExtension>
            <gpxtpx:hr>151</gpxtpx:hr>
          </gpxtpx:TrackPointExtension>
        </extensions>
      </trkpt>
      <trkpt lat="22.5927190351919" lon="113.96120100756029">
        <ele>11.776882155798376</ele>
        <time>1970-01-01T00:20:02Z</time>
        <extensions>
          <gpxtpx:TrackPointExtension>
            <gpxtpx:hr>151</gpxtpx:hr>
          </gpxtpx:TrackPointExtension>
        </extensions>
      </trkpt>
      <trkpt lat="22.592719994791143" lon="113.9611709232324">
        <ele>11.759052520617843</ele>
        <time>1970-01-01T00:20:03Z</time>
        <extensions>
          <gpxtpx:TrackPointExtension>
            <gpxtpx:hr>151</gpxtpx:hr>
          </gpxtpx:TrackPointExtension>
        </extensions>
      </trkpt>
      <trkpt lat="22.592721366653585" lon="113.96114073859297">
        <ele>11.745064007118344</ele>
        <time>1970-01-01T00:20:04Z</time>
        <extensions>
          <gpxtpx:TrackPointExtension>
            <gpxtpx:hr>151</gpxtpx:hr>
          </gpxtpx:TrackPointExtension>
        </extensions>
      </trkpt>
      <trkpt lat="22.592722802603088" lon="113.96111078477541">
        <ele>11.736254160292447</ele>
        <time>1970-01-01T00:20:05Z</time>
        <extensions>
          <gpxtpx:TrackPointExtension>
            <gpxtpx:hr>151</gpxtpx:hr>
          </gpxtpx:TrackPointExtension>
        </extensions>
      </trkpt>
      <trkpt lat="22.59272451537247" lon="113.96108105032393">
        <ele>11.732041974551976</ele>
        <time>1970-01-01T00:20:06Z</time>
        <extensions>
          <gpxtpx:TrackPointExtension>
            <gpxtpx:hr>152</gpxtpx:hr>
          </gpxtpx:TrackPointExtension>
        </extensions>
      </trkpt>
      <trkpt lat="22.592725915338523" lon="113.96105127310189">
        <ele>11.731388160958886</ele>
        <time>1970-01-01T00:20:07Z</time>
        <extensions>
          <gpxtpx:TrackPointExtension>
            <gpxtpx:hr>152</gpxtpx:hr>
          </gpxtpx:TrackPointExtension>
        </extensions>
      </trkpt>
      <trkpt lat="22.592726676638133" lon="113.96102148055112">
        <ele>11.734837460331619</ele>
        <time>1970-01-01T00:20:08Z</time>
        <extensions>
          <gpxtpx:TrackPointExtension>
            <gpxtpx:hr>152</gpxtpx:hr>
          </gpxtpx:TrackPointExtension>
        </extensions>
      </trkpt>
      <trkpt lat="22.592726865727556" lon="113.96099149762006">
        <ele>11.741342719644308</ele>
        <time>1970-01-01T00:20:09Z</time>
        <extensions>
          <gpxtpx:TrackPointExtension>
            <gpxtpx:hr>152</gpxtpx:hr>
          </gpxtpx:TrackPointExtension>
        </extensions>
      </trkpt>
      <trkpt lat="22.59272671373886" lon="113.96096136222103">
        <ele>11.75021757837385</ele>
        <time>1970-01-01T00:20:10Z</time>
        <extensions>
          <gpxtpx:TrackPointExtension>
            <gpxtpx:hr>152</gpxtpx:hr>
          </gpxtpx:TrackPointExtension>
        </extensions>
      </trkpt>
      <trkpt lat="22.592726194715254" lon="113.9609313071215">
        <ele>11.762665674090385</ele>
        <time>1970-01-01T00:20:11Z</time>
        <extensions>
          <gpxtpx:TrackPointExtension>
            <gpxtpx:hr>152</gpxtpx:hr>
          </gpxtpx:TrackPointExtension>
        </extensions>
      </trkpt>
      <trkpt lat="22.592725732217794" lon="113.96090142666262">
        <ele>11.776249575428665</ele>
        <time>1970-01-01T00:20:12Z</time>
        <extensions>
          <gpxtpx:TrackPointExtension>
            <gpxtpx:hr>152</gpxtpx:hr>
          </gpxtpx:TrackPointExtension>
        </extensions>
      </trkpt>
      <trkpt lat="22.592725561415566" lon="113.96087156187598">
        <ele>11.7930373782292</ele>
        <time>1970-01-01T00:20:13Z</time>
        <extensions>
          <gpxtpx:TrackPointExtension>
            <gpxtpx:hr>152</gpxtpx:hr>
          </gpxtpx:TrackPointExtension>
        </extensions>
      </trkpt>
      <trkpt lat="22.592725615294423" lon="113.96084149020481">
        <ele>11.812432358972728</ele>
        <time>1970-01-01T00:20:14Z</time>
        <extensions>
          <gpxtpx:TrackPointExtension>
            <gpxtpx:hr>152</gpxtpx:hr>
          </gpxtpx:TrackPointExtension>
        </extensions>
      </trkpt>
      <trkpt lat="22.592726032809818" lon="113.96081111765662">
        <ele>11.832572611048818</ele>
        <time>1970-01-01T00:20:15Z</time>
        <extensions>
          <gpxtpx:TrackPointExtension>
            <gpxtpx:hr>152</gpxtpx:hr>
          </gpxtpx:TrackPointExtension>
        </extensions>
      </trkpt>
      <trkpt lat="22.592726744461363" lon="113.96078076791522">
        <ele>11.853905498050153</ele>
        <time>1970-01-01T00:20:16Z</time>
        <extensions>
          <gpxtpx:TrackPointExtension>
            <gpxtpx:hr>152</gpxtpx:hr>
          </gpxtpx:TrackPointExtension>
        </extensions>
      </trkpt>
      <trkpt lat="22.592727572734102" lon="113.96075058738283">
        <ele>11.874731123447418</ele>
        <time>1970-01-01T00:20:17Z</time>
        <extensions>
          <gpxtpx:TrackPointExtension>
            <gpxtpx:hr>152</gpxtpx:hr>
          </gpxtpx:TrackPointExtension>
        </extensions>
      </trkpt>
      <trkpt lat="22.59272797087087" lon="113.96072073523277">
        <ele>11.892221412621439</ele>
        <time>1970-01-01T00:20:18Z</time>
        <extensions>
          <gpxtpx:TrackPointExtension>
            <gpxtpx:hr>152</gpxtpx:hr>
          </gpxtpx:TrackPointExtension>
        </extensions>
      </trkpt>
      <trkpt lat="22.592728442781613" lon="113.96069080231476">
        <ele>11.911414125934243</ele>
        <time>1970-01-01T00:20:19Z</time>
        <extensions>
          <gpxtpx:TrackPointExtension>
            <gpxtpx:hr>153</gpxtpx:hr>
          </gpxtpx:TrackPointExtension>
        </extensions>
      </trkpt>
      <trkpt lat="22.592729228572797" lon="113.96066079340305">
        <ele>11.928369709290564</ele>
        <time>1970-01-01T00:20:20Z</time>
        <extensions>
          <gpxtpx:TrackPointExtension>
            <gpxtpx:hr>153</gpxtpx:hr>
          </gpxtpx:TrackPointExtension>
        </extensions>
      </trkpt>
      <trkpt lat="22.592729993751913" lon="113.96063090063987">
        <ele>11.942998862825334</ele>
        <time>1970-01-01T00:20:21Z</time>
        <extensions>
          <gpxtpx:TrackPointExtension>
            <gpxtpx:hr>153</gpxtpx:hr>
          </gpxtpx:TrackPointExtension>
        </extensions>
      </trkpt>
      <trkpt lat="22.592730698066052" lon="113.96060119716277">
        <ele>11.957870771177113</ele>
        <time>1970-01-01T00:20:22Z</time>
        <extensions>
          <gpxtpx:TrackPointExtension>
            <gpxtpx:hr>153</gpxtpx:hr>
          </gpxtpx:TrackPointExtension>
        </extensions>
      </trkpt>
      <trkpt lat="22.59273113391352" lon="113.96057144003953">
        <ele>11.97296238783747</ele>
        <time>1970-01-01T00:20:23Z</time>
        <extensions>
          <gpxtpx:TrackPointExtension>
            <gpxtpx:hr>153</gpxtpx:hr>
          </gpxtpx:TrackPointExtension>
        </extensions>
      </trkpt>
      <trkpt lat="22.59273190081717" lon="113.96054152912514">
        <ele>11.986535955220461</ele>
        <time>1970-01-01T00:20:24Z</time>
        <extensions>
          <gpxtpx:TrackPointExtension>
            <gpxtpx:hr>153</gpxtpx:hr>
          </gpxtpx:TrackPointExtension>
        </extensions>
      </trkpt>
      <trkpt lat="22.592733034338373" lon="113.96051163030236">
        <ele>11.998851554468274</ele>
        <time>1970-01-01T00:20:25Z</time>
        <extensions>
          <gpxtpx:TrackPointExtension>
            <gpxtpx:hr>154</gpxtpx:hr>
          </gpxtpx:TrackPointExtension>
        </extensions>
      </trkpt>
      <trkpt lat="22.592733814417116" lon="113.96048192015351">
        <ele>12.009427607059479</ele>
        <time>1970-01-01T00:20:26Z</time>
        <extensions>
          <gpxtpx:TrackPointExtension>
            <gpxtpx:hr>154</gpxtpx:hr>
          </gpxtpx:TrackPointExtension>
        </extensions>
      </trkpt>
      <trkpt lat="22.592733753954295" lon="113.96045268749897">
        <ele>12.018530016764998</ele>
        <time>1970-01-01T00:20:27Z</time>
        <extensions>
          <gpxtpx:TrackPointExtension>
            <gpxtpx:hr>154</gpxtpx:hr>
          </gpxtpx:TrackPointExtension>
        </extensions>
      </trkpt>
      <trkpt lat="22.592732522723708" lon="113.96042374820347">
        <ele>12.026776613667607</ele>
        <time>1970-01-01T00:20:28Z</time>
        <extensions>
          <gpxtpx:TrackPointExtension>
            <gpxtpx:hr>154</gpxtpx:hr>
          </gpxtpx:TrackPointExtension>
        </extensions>
      </trkpt>
      <trkpt lat="22.592729981864558" lon="113.96039517411897">
        <ele>12.03362365346402</ele>
        <time>1970-01-01T00:20:29Z</time>
        <extensions>
          <gpxtpx:TrackPointExtension>
            <gpxtpx:hr>155</gpxtpx:hr>
          </gpxtpx:TrackPointExtension>
        </extensions>
      </trkpt>
      <trkpt lat="22.59272570261602" lon="113.96036712678007">
        <ele>12.040250156074762</ele>
        <time>1970-01-01T00:20:30Z</time>
        <extensions>
          <gpxtpx:TrackPointExtension>
            <gpxtpx:hr>155</gpxtpx:hr>
          </gpxtpx:TrackPointExtension>
        </extensions>
      </trkpt>
      <trkpt lat="22.592721587102794" lon="113.96033921531755">
        <ele>12.046323168091476</ele>
        <time>1970-01-01T00:20:31Z</time>
        <extensions>
          <gpxtpx:TrackPointExtension>
            <gpxtpx:hr>155</gpxtpx:hr>
          </gpxtpx:TrackPointExtension>
        </extensions>
      </trkpt>
      <trkpt lat="22.592720191326443" lon="113.96031066960991">
        <ele>12.051703037694097</ele>
        <time>1970-01-01T00:20:32Z</time>
        <extensions>
          <gpxtpx:TrackPointExtension>
            <gpxtpx:hr>155</gpxtpx:hr>
          </gpxtpx:TrackPointExtension>
        </extensions>
      </trkpt>
      <trkpt lat="22.592720936910656" lon="113.96028178494711">
        <ele>12.05787129048258</ele>
        <time>1970-01-01T00:20:33Z</time>
        <extensions>
          <gpxtpx:TrackPointExtension>
            <gpxtpx:hr>155</gpxtpx:hr>
          </gpxtpx:TrackPointExtension>
        </extensions>
      </trkpt>
      <trkpt lat="22.592722549666398" lon="113.9602530584752">
        <ele>12.063726857304573</ele>
        <time>1970-01-01T00:20:34Z</time>
        <extensions>
          <gpxtpx:TrackPointExtension>
            <gpxtpx:hr>155</gpxtpx:hr>
          </gpxtpx:TrackPointExtension>
        </extensions>
      </trkpt>
      <trkpt lat="22.5927241314651" lon="113.96022444961127">
        <ele>12.07007820904255</ele>
        <time>1970-01-01T00:20:35Z</time>
        <extensions>
          <gpxtpx:TrackPointExtension>
            <gpxtpx:hr>156</gpxtpx:hr>
          </gpxtpx:TrackPointExtension>
        </extensions>
      </trkpt>
      <trkpt lat="22.592725537314482" lon="113.96019587253056">
        <ele>12.077137289568782</ele>
        <time>1970-01-01T00:20:36Z</time>
        <extensions>
          <gpxtpx:TrackPointExtension>
            <gpxtpx:hr>156</gpxtpx:hr>
          </gpxtpx:TrackPointExtension>
        </extensions>
      </trkpt>
      <trkpt lat="22.592726684575123" lon="113.96016723987229">
        <ele>12.084263666532934</ele>
        <time>1970-01-01T00:20:37Z</time>
        <extensions>
          <gpxtpx:TrackPointExtension>
            <gpxtpx:hr>156</gpxtpx:hr>
          </gpxtpx:TrackPointExtension>
        </extensions>
      </trkpt>
      <trkpt lat="22.592727391256027" lon="113.96013853051711">
        <ele>12.093187783844769</ele>
        <time>1970-01-01T00:20:38Z</time>
        <extensions>
          <gpxtpx:TrackPointExtension>
            <gpxtpx:hr>156</gpxtpx:hr>
          </gpxtpx:TrackPointExtension>
        </extensions>
      </trkpt>
      <trkpt lat="22.592727640634454" lon="113.96010976799795">
        <ele>12.102651935070753</ele>
        <time>1970-01-01T00:20:39Z</time>
        <extensions>
          <gpxtpx:TrackPointExtension>
            <gpxtpx:hr>156</gpxtpx:hr>
          </gpxtpx:TrackPointExtension>
        </extensions>
      </trkpt>
      <trkpt lat="22.592728361325044" lon="113.96008099999665">
        <ele>12.11212898697704</ele>
        <time>1970-01-01T00:20:40Z</time>
        <extensions>
          <gpxtpx:TrackPointExtension>
            <gpxtpx:hr>157</gpxtpx:hr>
          </gpxtpx:TrackPointExtension>
        </extensions>
      </trkpt>
      <trkpt lat="22.592729565947707" lon="113.96005240441562">
        <ele>12.122799340635538</ele>
        <time>1970-01-01T00:20:41Z</time>
        <extensions>
          <gpxtpx:TrackPointExtension>
            <gpxtpx:hr>157</gpxtpx:hr>
          </gpxtpx:TrackPointExtension>
        </extensions>
      </trkpt>
      <trkpt lat="22.592730349385267" lon="113.9600239500545">
        <ele>12.13444612454623</ele>
        <time>1970-01-01T00:20:42Z</time>
        <extensions>
          <gpxtpx:TrackPointExtension>
            <gpxtpx:hr>157</gpxtpx:hr>
          </gpxtpx:TrackPointExtension>
        </extensions>
      </trkpt>
      <trkpt lat="22.592730777885656" lon="113.9599955179964">
        <ele>12.1467469856143</ele>
        <time>1970-01-01T00:20:43Z</time>
        <extensions>
          <gpxtpx:TrackPointExtension>
            <gpxtpx:hr>157</gpxtpx:hr>
          </gpxtpx:TrackPointExtension>
        </extensions>
      </trkpt>
      <trkpt lat="22.592730483847568" lon="113.95996720040468">
        <ele>12.160557365044951</ele>
        <time>1970-01-01T00:20:44Z</time>
        <extensions>
          <gpxtpx:TrackPointExtension>
            <gpxtpx:hr>157</gpxtpx:hr>
          </gpxtpx:TrackPointExtension>
        </extensions>
      </trkpt>
      <trkpt lat="22.59272955505558" lon="113.9599389779271">
        <ele>12.175600090995431</ele>
        <time>1970-01-01T00:20:45Z</time>
        <extensions>
          <gpxtpx:TrackPointExtension>
            <gpxtpx:hr>153</gpxtpx:hr>
          </gpxtpx:TrackPointExtension>
        </extensions>
      </trkpt>
      <trkpt lat="22.592727940248974" lon="113.9599107741946">
        <ele>12.190949384123087</ele>
        <time>1970-01-01T00:20:46Z</time>
        <extensions>
          <gpxtpx:TrackPointExtension>
            <gpxtpx:hr>153</gpxtpx:hr>
          </gpxtpx:TrackPointExtension>
        </extensions>
      </trkpt>
      <trkpt lat="22.5927272100181" lon="113.95988236723151">
        <ele>12.206262590363622</ele>
        <time>1970-01-01T00:20:47Z</time>
        <extensions>
          <gpxtpx:TrackPointExtension>
            <gpxtpx:hr>153</gpxtpx:hr>
          </gpxtpx:TrackPointExtension>
        </extensions>
      </trkpt>
      <trkpt lat="22.592728343002943" lon="113.95985360419837">
        <ele>12.221572427079082</ele>
        <time>1970-01-01T00:20:48Z</time>
        <extensions>
          <gpxtpx:TrackPointExtension>
            <gpxtpx:hr>153</gpxtpx:hr>
          </gpxtpx:TrackPointExtension>
        </extensions>
      </trkpt>
      <trkpt lat="22.592729725415097" lon="113.95982460688178">
        <ele>12.235621106810868</ele>
        <time>1970-01-01T00:20:49Z</time>
        <extensions>
          <gpxtpx:TrackPointExtension>
            <gpxtpx:hr>153</gpxtpx:hr>
          </gpxtpx:TrackPointExtension>
        </extensions>
      </trkpt>
      <trkpt lat="22.592731103218462" lon="113.95979550326572">
        <ele>12.24691293016076</ele>
        <time>1970-01-01T00:20:50Z</time>
        <extensions>
          <gpxtpx:TrackPointExtension>
            <gpxtpx:hr>153</gpxtpx:hr>
          </gpxtpx:TrackPointExtension>
        </extensions>
      </trkpt>
      <trkpt lat="22.592733098998806" lon="113.95976664100124">
        <ele>12.256205530837178</ele>
        <time>1970-01-01T00:20:51Z</time>
        <extensions>
          <gpxtpx:TrackPointExtension>
            <gpxtpx:hr>153</gpxtpx:hr>
          </gpxtpx:TrackPointExtension>
        </extensions>
      </trkpt>
      <trkpt lat="22.592734790415737" lon="113.9597378136203">
        <ele>12.262745199725032</ele>
        <time>1970-01-01T00:20:52Z</time>
        <extensions>
          <gpxtpx:TrackPointExtension>
            <gpxtpx:hr>153</gpxtpx:hr>
          </gpxtpx:TrackPointExtension>
        </extensions>
      </trkpt>
      <trkpt lat="22.59273553497908" lon="113.9597090076389">
        <ele>12.265970343723893</ele>
        <time>1970-01-01T00:20:53Z</time>
        <extensions>
          <gpxtpx:TrackPointExtension>
            <gpxtpx:hr>153</gpxtpx:hr>
          </gpxtpx:TrackPointExtension>
        </extensions>
      </trkpt>
      <trkpt lat="22.59273619918815" lon="113.95967997169932">
        <ele>12.265660935081542</ele>
        <time>1970-01-01T00:20:54Z</time>
        <extensions>
          <gpxtpx:TrackPointExtension>
            <gpxtpx:hr>153</gpxtpx:hr>
          </gpxtpx:TrackPointExtension>
        </extensions>
      </trkpt>
      <trkpt lat="22.592736722522037" lon="113.9596508998814">
        <ele>12.260817486792803</ele>
        <time>1970-01-01T00:20:55Z</time>
        <extensions>
          <gpxtpx:TrackPointExtension>
            <gpxtpx:hr>153</gpxtpx:hr>
          </gpxtpx:TrackPointExtension>
        </extensions>
      </trkpt>
      <trkpt lat="22.59273688642158" lon="113.95962183795811">
        <ele>12.25246433261782</ele>
        <time>1970-01-01T00:20:56Z</time>
        <extensions>
          <gpxtpx:TrackPointExtension>
            <gpxtpx:hr>153</gpxtpx:hr>
          </gpxtpx:TrackPointExtension>
        </extensions>
      </trkpt>
      <trkpt lat="22.59273711136673" lon="113.9595928143628">
        <ele>12.239734367467463</ele>
        <time>1970-01-01T00:20:57Z</time>
        <extensions>
          <gpxtpx:TrackPointExtension>
            <gpxtpx:hr>153</gpxtpx:hr>
          </gpxtpx:TrackPointExtension>
        </extensions>
      </trkpt>
      <trkpt lat="22.59273714726817" lon="113.95956386421508">
        <ele>12.223553612828255</ele>
        <time>1970-01-01T00:20:58Z</time>
        <extensions>
          <gpxtpx:TrackPointExtension>
            <gpxtpx:hr>153</gpxtpx:hr>
          </gpxtpx:TrackPointExtension>
        </extensions>
      </trkpt>
      <trkpt lat="22.5927365509745" lon="113.9595352413169">
        <ele>12.203176023438573</ele>
        <time>1970-01-01T00:20:59Z</time>
        <extensions>
          <gpxtpx:TrackPointExtension>
            <gpxtpx:hr>153</gpxtpx:hr>
          </gpxtpx:TrackPointExtension>
        </extensions>
      </trkpt>
      <trkpt lat="22.59273549875574" lon="113.95950685992554">
        <ele>12.178771712817252</ele>
        <time>1970-01-01T00:21:00Z</time>
        <extensions>
          <gpxtpx:TrackPointExtension>
            <gpxtpx:hr>153</gpxtpx:hr>
          </gpxtpx:TrackPointExtension>
        </extensions>
      </trkpt>
      <trkpt lat="22.59273479467374" lon="113.95947874797808">
        <ele>12.151617051102221</ele>
        <time>1970-01-01T00:21:01Z</time>
        <extensions>
          <gpxtpx:TrackPointExtension>
            <gpxtpx:hr>153</gpxtpx:hr>
          </gpxtpx:TrackPointExtension>
        </extensions>
      </trkpt>
      <trkpt lat="22.592734062115245" lon="113.95945110510813">
        <ele>12.121278228238225</ele>
        <time>1970-01-01T00:21:02Z</time>
        <extensions>
          <gpxtpx:TrackPointExtension>
            <gpxtpx:hr>153</gpxtpx:hr>
          </gpxtpx:TrackPointExtension>
        </extensions>
      </trkpt>
      <trkpt lat="22.592732631329387" lon="113.95942400626728">
        <ele>12.087480569258332</ele>
        <time>1970-01-01T00:21:03Z</time>
        <extensions>
          <gpxtpx:TrackPointExtension>
            <gpxtpx:hr>153</gpxtpx:hr>
          </gpxtpx:TrackPointExtension>
        </extensions>
      </trkpt>
      <trkpt lat="22.592730938239207" lon="113.95939761794507">
        <ele>12.051697785966098</ele>
        <time>1970-01-01T00:21:04Z</time>
        <extensions>
          <gpxtpx:TrackPointExtension>
            <gpxtpx:hr>153</gpxtpx:hr>
          </gpxtpx:TrackPointExtension>
        </extensions>
      </trkpt>
      <trkpt lat="22.592729002794368" lon="113.95937126250773">
        <ele>12.014338050037622</ele>
        <time>1970-01-01T00:21:05Z</time>
        <extensions>
          <gpxtpx:TrackPointExtension>
            <gpxtpx:hr>153</gpxtpx:hr>
          </gpxtpx:TrackPointExtension>
        </extensions>
      </trkpt>
      <trkpt lat="22.59272662443506" lon="113.95934417194566">
        <ele>11.975444551557302</ele>
        <time>1970-01-01T00:21:06Z</time>
        <extensions>
          <gpxtpx:TrackPointExtension>
            <gpxtpx:hr>153</gpxtpx:hr>
          </gpxtpx:TrackPointExtension>
        </extensions>
      </trkpt>
      <trkpt lat="22.592723726537198" lon="113.95931613248206">
        <ele>11.938103607855737</ele>
        <time>1970-01-01T00:21:07Z</time>
        <extensions>
          <gpxtpx:TrackPointExtension>
            <gpxtpx:hr>153</gpxtpx:hr>
          </gpxtpx:TrackPointExtension>
        </extensions>
      </trkpt>
      <trkpt lat="22.592720735687294" lon="113.95928714684366">
        <ele>11.90289561636746</ele>
        <time>1970-01-01T00:21:08Z</time>
        <extensions>
          <gpxtpx:TrackPointExtension>
            <gpxtpx:hr>153</gpxtpx:hr>
          </gpxtpx:TrackPointExtension>
        </extensions>
      </trkpt>
      <trkpt lat="22.592717881970483" lon="113.95925745285129">
        <ele>11.871748522855341</ele>
        <time>1970-01-01T00:21:09Z</time>
        <extensions>
          <gpxtpx:TrackPointExtension>
            <gpxtpx:hr>154</gpxtpx:hr>
          </gpxtpx:TrackPointExtension>
        </extensions>
      </trkpt>
      <trkpt lat="22.59271488846486" lon="113.95922706238859">
        <ele>11.84696974977851</ele>
        <time>1970-01-01T00:21:10Z</time>
        <extensions>
          <gpxtpx:TrackPointExtension>
            <gpxtpx:hr>154</gpxtpx:hr>
          </gpxtpx:TrackPointExtension>
        </extensions>
      </trkpt>
      <trkpt lat="22.592711367854502" lon="113.95919610464352">
        <ele>11.829115987755358</ele>
        <time>1970-01-01T00:21:11Z</time>
        <extensions>
          <gpxtpx:TrackPointExtension>
            <gpxtpx:hr>154</gpxtpx:hr>
          </gpxtpx:TrackPointExtension>
        </extensions>
      </trkpt>
      <trkpt lat="22.59270693548167" lon="113.95916485453495">
        <ele>11.820861730724573</ele>
        <time>1970-01-01T00:21:12Z</time>
        <extensions>
          <gpxtpx:TrackPointExtension>
            <gpxtpx:hr>154</gpxtpx:hr>
          </gpxtpx:TrackPointExtension>
        </extensions>
      </trkpt>
      <trkpt lat="22.592701537273232" lon="113.95913364426244">
        <ele>11.82243614923209</ele>
        <time>1970-01-01T00:21:13Z</time>
        <extensions>
          <gpxtpx:TrackPointExtension>
            <gpxtpx:hr>154</gpxtpx:hr>
          </gpxtpx:TrackPointExtension>
        </extensions>
      </trkpt>
      <trkpt lat="22.592695030826768" lon="113.95910300143424">
        <ele>11.834077784791589</ele>
        <time>1970-01-01T00:21:14Z</time>
        <extensions>
          <gpxtpx:TrackPointExtension>
            <gpxtpx:hr>154</gpxtpx:hr>
          </gpxtpx:TrackPointExtension>
        </extensions>
      </trkpt>
      <trkpt lat="22.592687643223794" lon="113.95907304595627">
        <ele>11.855761052109301</ele>
        <time>1970-01-01T00:21:15Z</time>
        <extensions>
          <gpxtpx:TrackPointExtension>
            <gpxtpx:hr>154</gpxtpx:hr>
          </gpxtpx:TrackPointExtension>
        </extensions>
      </trkpt>
      <trkpt lat="22.592679599276494" lon="113.95904351546314">
        <ele>11.88802582770586</ele>
        <time>1970-01-01T00:21:16Z</time>
        <extensions>
          <gpxtpx:TrackPointExtension>
            <gpxtpx:hr>154</gpxtpx:hr>
          </gpxtpx:TrackPointExtension>
        </extensions>
      </trkpt>
      <trkpt lat="22.5926707830892" lon="113.95901385485523">
        <ele>11.928649763576686</ele>
        <time>1970-01-01T00:21:17Z</time>
        <extensions>
          <gpxtpx:TrackPointExtension>
            <gpxtpx:hr>154</gpxtpx:hr>
          </gpxtpx:TrackPointExtension>
        </extensions>
      </trkpt>
      <trkpt lat="22.5926613789898" lon="113.95898346405491">
        <ele>11.980488575994968</ele>
        <time>1970-01-01T00:21:18Z</time>
        <extensions>
          <gpxtpx:TrackPointExtension>
            <gpxtpx:hr>154</gpxtpx:hr>
          </gpxtpx:TrackPointExtension>
        </extensions>
      </trkpt>
      <trkpt lat="22.592651042862244" lon="113.95895297795126">
        <ele>12.04035568330437</ele>
        <time>1970-01-01T00:21:19Z</time>
        <extensions>
          <gpxtpx:TrackPointExtension>
            <gpxtpx:hr>154</gpxtpx:hr>
          </gpxtpx:TrackPointExtension>
        </extensions>
      </trkpt>
      <trkpt lat="22.592639611670663" lon="113.95892326439632">
        <ele>12.108175860717893</ele>
        <time>1970-01-01T00:21:20Z</time>
        <extensions>
          <gpxtpx:TrackPointExtension>
            <gpxtpx:hr>155</gpxtpx:hr>
          </gpxtpx:TrackPointExtension>
        </extensions>
      </trkpt>
      <trkpt lat="22.59262788254591" lon="113.95889401108649">
        <ele>12.183099935762584</ele>
        <time>1970-01-01T00:21:21Z</time>
        <extensions>
          <gpxtpx:TrackPointExtension>
            <gpxtpx:hr>155</gpxtpx:hr>
          </gpxtpx:TrackPointExtension>
        </extensions>
      </trkpt>
      <trkpt lat="22.592616639935276" lon="113.9588648673707">
        <ele>12.267427265644073</ele>
        <time>1970-01-01T00:21:22Z</time>
        <extensions>
          <gpxtpx:TrackPointExtension>
            <gpxtpx:hr>155</gpxtpx:hr>
          </gpxtpx:TrackPointExtension>
        </extensions>
      </trkpt>
      <trkpt lat="22.592605746249884" lon="113.95883563315685">
        <ele>12.35884823370725</ele>
        <time>1970-01-01T00:21:23Z</time>
        <extensions>
          <gpxtpx:TrackPointExtension>
            <gpxtpx:hr>155</gpxtpx:hr>
          </gpxtpx:TrackPointExtension>
        </extensions>
      </trkpt>
      <trkpt lat="22.59259497127318" lon="113.95880642251872">
        <ele>12.456508733332157</ele>
        <time>1970-01-01T00:21:24Z</time>
        <extensions>
          <gpxtpx:TrackPointExtension>
            <gpxtpx:hr>155</gpxtpx:hr>
          </gpxtpx:TrackPointExtension>
        </extensions>
      </trkpt>
      <trkpt lat="22.59258424790043" lon="113.95877720013338">
        <ele>12.55830756854266</ele>
        <time>1970-01-01T00:21:25Z</time>
        <extensions>
          <gpxtpx:TrackPointExtension>
            <gpxtpx:hr>155</gpxtpx:hr>
          </gpxtpx:TrackPointExtension>
        </extensions>
      </trkpt>
      <trkpt lat="22.592573985818593" lon="113.95874799415995">
        <ele>12.666327618062496</ele>
        <time>1970-01-01T00:21:26Z</time>
        <extensions>
          <gpxtpx:TrackPointExtension>
            <gpxtpx:hr>156</gpxtpx:hr>
          </gpxtpx:TrackPointExtension>
        </extensions>
      </trkpt>
      <trkpt lat="22.592564000516024" lon="113.95871892677322">
        <ele>12.778029474429786</ele>
        <time>1970-01-01T00:21:27Z</time>
        <extensions>
          <gpxtpx:TrackPointExtension>
            <gpxtpx:hr>156</gpxtpx:hr>
          </gpxtpx:TrackPointExtension>
        </extensions>
      </trkpt>
      <trkpt lat="22.592554127517207" lon="113.95869008885533">
        <ele>12.891089804470539</ele>
        <time>1970-01-01T00:21:28Z</time>
        <extensions>
          <gpxtpx:TrackPointExtension>
            <gpxtpx:hr>156</gpxtpx:hr>
          </gpxtpx:TrackPointExtension>
        </extensions>
      </trkpt>
      <trkpt lat="22.592544198265053" lon="113.9586614674202">
        <ele>13.004829382523894</ele>
        <time>1970-01-01T00:21:29Z</time>
        <extensions>
          <gpxtpx:TrackPointExtension>
            <gpxtpx:hr>156</gpxtpx:hr>
          </gpxtpx:TrackPointExtension>
        </extensions>
      </trkpt>
      <trkpt lat="22.592533911156423" lon="113.95863285654629">
        <ele>13.115312502719462</ele>
        <time>1970-01-01T00:21:30Z</time>
        <extensions>
          <gpxtpx:TrackPointExtension>
            <gpxtpx:hr>156</gpxtpx:hr>
          </gpxtpx:TrackPointExtension>
        </extensions>
      </trkpt>
      <trkpt lat="22.592523429940986" lon="113.9586041175692">
        <ele>13.224501634016633</ele>
        <time>1970-01-01T00:21:31Z</time>
        <extensions>
          <gpxtpx:TrackPointExtension>
            <gpxtpx:hr>156</gpxtpx:hr>
          </gpxtpx:TrackPointExtension>
        </extensions>
      </trkpt>
      <trkpt lat="22.592512531987612" lon="113.95857554960195">
        <ele>13.333173858001828</ele>
        <time>1970-01-01T00:21:32Z</time>
        <extensions>
          <gpxtpx:TrackPointExtension>
            <gpxtpx:hr>156</gpxtpx:hr>
          </gpxtpx:TrackPointExtension>
        </extensions>
      </trkpt>
      <trkpt lat="22.592501193044637" lon="113.9585474589569">
        <ele>13.439159393310547</ele>
        <time>1970-01-01T00:21:33Z</time>
        <extensions>
          <gpxtpx:TrackPointExtension>
            <gpxtpx:hr>156</gpxtpx:hr>
          </gpxtpx:TrackPointExtension>
        </extensions>
      </trkpt>
      <trkpt lat="22.592489797760393" lon="113.95852006380393">
        <ele>13.539662395603955</ele>
        <time>1970-01-01T00:21:34Z</time>
        <extensions>
          <gpxtpx:TrackPointExtension>
            <gpxtpx:hr>156</gpxtpx:hr>
          </gpxtpx:TrackPointExtension>
        </extensions>
      </trkpt>
      <trkpt lat="22.59247803018757" lon="113.9584934328447">
        <ele>13.63531911559403</ele>
        <time>1970-01-01T00:21:35Z</time>
        <extensions>
          <gpxtpx:TrackPointExtension>
            <gpxtpx:hr>156</gpxtpx:hr>
          </gpxtpx:TrackPointExtension>
        </extensions>
      </trkpt>
      <trkpt lat="22.59246532737129" lon="113.95846752053224">
        <ele>13.724464727565646</ele>
        <time>1970-01-01T00:21:36Z</time>
        <extensions>
          <gpxtpx:TrackPointExtension>
            <gpxtpx:hr>156</gpxtpx:hr>
          </gpxtpx:TrackPointExtension>
        </extensions>
      </trkpt>
      <trkpt lat="22.59245180299178" lon="113.9584418879681">
        <ele>13.80671242531389</ele>
        <time>1970-01-01T00:21:37Z</time>
        <extensions>
          <gpxtpx:TrackPointExtension>
            <gpxtpx:hr>155</gpxtpx:hr>
          </gpxtpx:TrackPointExtension>
        </extensions>
      </trkpt>
      <trkpt lat="22.59243792740035" lon="113.9584161679695">
        <ele>13.881313893012702</ele>
        <time>1970-01-01T00:21:38Z</time>
        <extensions>
          <gpxtpx:TrackPointExtension>
            <gpxtpx:hr>155</gpxtpx:hr>
          </gpxtpx:TrackPointExtension>
        </extensions>
      </trkpt>
      <trkpt lat="22.592423475468685" lon="113.95839066263572">
        <ele>13.947791228070855</ele>
        <time>1970-01-01T00:21:39Z</time>
        <extensions>
          <gpxtpx:TrackPointExtension>
            <gpxtpx:hr>155</gpxtpx:hr>
          </gpxtpx:TrackPointExtension>
        </extensions>
      </trkpt>
      <trkpt lat="22.592408248594193" lon="113.95836569514928">
        <ele>14.005434175953269</ele>
        <time>1970-01-01T00:21:40Z</time>
        <extensions>
          <gpxtpx:TrackPointExtension>
            <gpxtpx:hr>155</gpxtpx:hr>
          </gpxtpx:TrackPointExtension>
        </extensions>
      </trkpt>
      <trkpt lat="22.592392863896674" lon="113.95834090889453">
        <ele>14.054076796397567</ele>
        <time>1970-01-01T00:21:41Z</time>
        <extensions>
          <gpxtpx:TrackPointExtension>
            <gpxtpx:hr>155</gpxtpx:hr>
          </gpxtpx:TrackPointExtension>
        </extensions>
      </trkpt>
      <trkpt lat="22.59237720838756" lon="113.95831638056504">
        <ele>14.093038922175765</ele>
        <time>1970-01-01T00:21:42Z</time>
        <extensions>
          <gpxtpx:TrackPointExtension>
            <gpxtpx:hr>155</gpxtpx:hr>
          </gpxtpx:TrackPointExtension>
        </extensions>
      </trkpt>
      <trkpt lat="22.592361175603745" lon="113.95829192276273">
        <ele>14.122560017742217</ele>
        <time>1970-01-01T00:21:43Z</time>
        <extensions>
          <gpxtpx:TrackPointExtension>
            <gpxtpx:hr>155</gpxtpx:hr>
          </gpxtpx:TrackPointExtension>
        </extensions>
      </trkpt>
      <trkpt lat="22.592344781578575" lon="113.95826763909857">
        <ele>14.142676764167845</ele>
        <time>1970-01-01T00:21:44Z</time>
        <extensions>
          <gpxtpx:TrackPointExtension>
            <gpxtpx:hr>155</gpxtpx:hr>
          </gpxtpx:TrackPointExtension>
        </extensions>
      </trkpt>
      <trkpt lat="22.59232784280869" lon="113.95824349605417">
        <ele>14.1530293924734</ele>
        <time>1970-01-01T00:21:45Z</time>
        <extensions>
          <gpxtpx:TrackPointExtension>
            <gpxtpx:hr>156</gpxtpx:hr>
          </gpxtpx:TrackPointExtension>
        </extensions>
      </trkpt>
      <trkpt lat="22.592310920829867" lon="113.95821958761366">
        <ele>14.153781994245946</ele>
        <time>1970-01-01T00:21:46Z</time>
        <extensions>
          <gpxtpx:TrackPointExtension>
            <gpxtpx:hr>156</gpxtpx:hr>
          </gpxtpx:TrackPointExtension>
        </extensions>
      </trkpt>
      <trkpt lat="22.592293840589416" lon="113.958196173311">
        <ele>14.144828293472528</ele>
        <time>1970-01-01T00:21:47Z</time>
        <extensions>
          <gpxtpx:TrackPointExtension>
            <gpxtpx:hr>156</gpxtpx:hr>
          </gpxtpx:TrackPointExtension>
        </extensions>
      </trkpt>
      <trkpt lat="22.59227644541496" lon="113.95817321566363">
        <ele>14.126414585858583</ele>
        <time>1970-01-01T00:21:48Z</time>
        <extensions>
          <gpxtpx:TrackPointExtension>
            <gpxtpx:hr>156</gpxtpx:hr>
          </gpxtpx:TrackPointExtension>
        </extensions>
      </trkpt>
      <trkpt lat="22.592258542056012" lon="113.95815085494995">
        <ele>14.098656546324492</ele>
        <time>1970-01-01T00:21:49Z</time>
        <extensions>
          <gpxtpx:TrackPointExtension>
            <gpxtpx:hr>157</gpxtpx:hr>
          </gpxtpx:TrackPointExtension>
        </extensions>
      </trkpt>
      <trkpt lat="22.59223976519632" lon="113.95812931397892">
        <ele>14.062066450715065</ele>
        <time>1970-01-01T00:21:50Z</time>
        <extensions>
          <gpxtpx:TrackPointExtension>
            <gpxtpx:hr>157</gpxtpx:hr>
          </gpxtpx:TrackPointExtension>
        </extensions>
      </trkpt>
      <trkpt lat="22.592220311736888" lon="113.95810871200378">
        <ele>14.01643172185868</ele>
        <time>1970-01-01T00:21:51Z</time>
        <extensions>
          <gpxtpx:TrackPointExtension>
            <gpxtpx:hr>157</gpxtpx:hr>
          </gpxtpx:TrackPointExtension>
        </extensions>
      </trkpt>
      <trkpt lat="22.592200374350885" lon="113.95808853350862">
        <ele>13.963115402497351</ele>
        <time>1970-01-01T00:21:52Z</time>
        <extensions>
          <gpxtpx:TrackPointExtension>
            <gpxtpx:hr>157</gpxtpx:hr>
          </gpxtpx:TrackPointExtension>
        </extensions>
      </trkpt>
      <trkpt lat="22.59218009143433" lon="113.95806846709965">
        <ele>13.902320486493409</ele>
        <time>1970-01-01T00:21:53Z</time>
        <extensions>
          <gpxtpx:TrackPointExtension>
            <gpxtpx:hr>157</gpxtpx:hr>
          </gpxtpx:TrackPointExtension>
        </extensions>
      </trkpt>
      <trkpt lat="22.592159606718848" lon="113.9580486816715">
        <ele>13.836429689079523</ele>
        <time>1970-01-01T00:21:54Z</time>
        <extensions>
          <gpxtpx:TrackPointExtension>
            <gpxtpx:hr>158</gpxtpx:hr>
          </gpxtpx:TrackPointExtension>
        </extensions>
      </trkpt>
      <trkpt lat="22.592138849377886" lon="113.95802916355082">
        <ele>13.765226205810905</ele>
        <time>1970-01-01T00:21:55Z</time>
        <extensions>
          <gpxtpx:TrackPointExtension>
            <gpxtpx:hr>158</gpxtpx:hr>
          </gpxtpx:TrackPointExtension>
        </extensions>
      </trkpt>
      <trkpt lat="22.59211766482669" lon="113.95800995780098">
        <ele>13.690144612453878</ele>
        <time>1970-01-01T00:21:56Z</time>
        <extensions>
          <gpxtpx:TrackPointExtension>
            <gpxtpx:hr>158</gpxtpx:hr>
          </gpxtpx:TrackPointExtension>
        </extensions>
      </trkpt>
      <trkpt lat="22.592096248768677" lon="113.95799094119276">
        <ele>13.613202036358416</ele>
        <time>1970-01-01T00:21:57Z</time>
        <extensions>
          <gpxtpx:TrackPointExtension>
            <gpxtpx:hr>158</gpxtpx:hr>
          </gpxtpx:TrackPointExtension>
        </extensions>
      </trkpt>
      <trkpt lat="22.592074759059827" lon="113.95797212356415">
        <ele>13.53412233479321</ele>
        <time>1970-01-01T00:21:58Z</time>
        <extensions>
          <gpxtpx:TrackPointExtension>
            <gpxtpx:hr>158</gpxtpx:hr>
          </gpxtpx:TrackPointExtension>
        </extensions>
      </trkpt>
      <trkpt lat="22.592053215525517" lon="113.95795344168444">
        <ele>13.454913545399904</ele>
        <time>1970-01-01T00:21:59Z</time>
        <extensions>
          <gpxtpx:TrackPointExtension>
            <gpxtpx:hr>158</gpxtpx:hr>
          </gpxtpx:TrackPointExtension>
        </extensions>
      </trkpt>
      <trkpt lat="22.592031506133488" lon="113.95793498949473">
        <ele>13.37635039538145</ele>
        <time>1970-01-01T00:22:00Z</time>
        <extensions>
          <gpxtpx:TrackPointExtension>
            <gpxtpx:hr>154</gpxtpx:hr>
          </gpxtpx:TrackPointExtension>
        </extensions>
      </trkpt>
      <trkpt lat="22.592009657126255" lon="113.95791676517655">
        <ele>13.298584395088255</ele>
        <time>1970-01-01T00:22:01Z</time>
        <extensions>
          <gpxtpx:TrackPointExtension>
            <gpxtpx:hr>154</gpxtpx:hr>
          </gpxtpx:TrackPointExtension>
        </extensions>
      </trkpt>
      <trkpt lat="22.591987912752128" lon="113.95789893939907">
        <ele>13.224674182012677</ele>
        <time>1970-01-01T00:22:02Z</time>
        <extensions>
          <gpxtpx:TrackPointExtension>
            <gpxtpx:hr>154</gpxtpx:hr>
          </gpxtpx:TrackPointExtension>
        </extensions>
      </trkpt>
      <trkpt lat="22.59196625579421" lon="113.95788117536497">
        <ele>13.15353160072118</ele>
        <time>1970-01-01T00:22:03Z</time>
        <extensions>
          <gpxtpx:TrackPointExtension>
            <gpxtpx:hr>154</gpxtpx:hr>
          </gpxtpx:TrackPointExtension>
        </extensions>
      </trkpt>
      <trkpt lat="22.59194482610857" lon="113.95786321009962">
        <ele>13.086480913683772</ele>
        <time>1970-01-01T00:22:04Z</time>
        <extensions>
          <gpxtpx:TrackPointExtension>
            <gpxtpx:hr>154</gpxtpx:hr>
          </gpxtpx:TrackPointExtension>
        </extensions>
      </trkpt>
      <trkpt lat="22.591923844541405" lon="113.95784478851182">
        <ele>13.023610960692167</ele>
        <time>1970-01-01T00:22:05Z</time>
        <extensions>
          <gpxtpx:TrackPointExtension>
            <gpxtpx:hr>154</gpxtpx:hr>
          </gpxtpx:TrackPointExtension>
        </extensions>
      </trkpt>
      <trkpt lat="22.591903780850437" lon="113.95782562150488">
        <ele>12.96491006296128</ele>
        <time>1970-01-01T00:22:06Z</time>
        <extensions>
          <gpxtpx:TrackPointExtension>
            <gpxtpx:hr>153</gpxtpx:hr>
          </gpxtpx:TrackPointExtension>
        </extensions>
      </trkpt>
      <trkpt lat="22.591884650987886" lon="113.9578054507103">
        <ele>12.911521000787616</ele>
        <time>1970-01-01T00:22:07Z</time>
        <extensions>
          <gpxtpx:TrackPointExtension>
            <gpxtpx:hr>153</gpxtpx:hr>
          </gpxtpx:TrackPointExtension>
        </extensions>
      </trkpt>
      <trkpt lat="22.591866456223" lon="113.9577839757275">
        <ele>12.862669091671705</ele>
        <time>1970-01-01T00:22:08Z</time>
        <extensions>
          <gpxtpx:TrackPointExtension>
            <gpxtpx:hr>153</gpxtpx:hr>
          </gpxtpx:TrackPointExtension>
        </extensions>
      </trkpt>
      <trkpt lat="22.591848381548076" lon="113.95776255783963">
        <ele>12.816974610090256</ele>
        <time>1970-01-01T00:22:09Z</time>
        <extensions>
          <gpxtpx:TrackPointExtension>
            <gpxtpx:hr>153</gpxtpx:hr>
          </gpxtpx:TrackPointExtension>
        </extensions>
      </trkpt>
      <trkpt lat="22.59182979846927" lon="113.95774201776622">
        <ele>12.775496483780444</ele>
        <time>1970-01-01T00:22:10Z</time>
        <extensions>
          <gpxtpx:TrackPointExtension>
            <gpxtpx:hr>153</gpxtpx:hr>
          </gpxtpx:TrackPointExtension>
        </extensions>
      </trkpt>
      <trkpt lat="22.591810934298678" lon="113.95772199046462">
        <ele>12.73735837917775</ele>
        <time>1970-01-01T00:22:11Z</time>
        <extensions>
          <gpxtpx:TrackPointExtension>
            <gpxtpx:hr>151</gpxtpx:hr>
          </gpxtpx:TrackPointExtension>
        </extensions>
      </trkpt>
      <trkpt lat="22.59179227499108" lon="113.95770225902776">
        <ele>12.70169360563159</ele>
        <time>1970-01-01T00:22:12Z</time>
        <extensions>
          <gpxtpx:TrackPointExtension>
            <gpxtpx:hr>151</gpxtpx:hr>
          </gpxtpx:TrackPointExtension>
        </extensions>
      </trkpt>
      <trkpt lat="22.59177389644334" lon="113.95768282936288">
        <ele>12.670032111927867</ele>
        <time>1970-01-01T00:22:13Z</time>
        <extensions>
          <gpxtpx:TrackPointExtension>
            <gpxtpx:hr>151</gpxtpx:hr>
          </gpxtpx:TrackPointExtension>
        </extensions>
      </trkpt>
      <trkpt lat="22.591755118747347" lon="113.95766500788676">
        <ele>12.63949509523809</ele>
        <time>1970-01-01T00:22:14Z</time>
        <extensions>
          <gpxtpx:TrackPointExtension>
            <gpxtpx:hr>151</gpxtpx:hr>
          </gpxtpx:TrackPointExtension>
        </extensions>
      </trkpt>
      <trkpt lat="22.591735969642258" lon="113.95765017895272">
        <ele>12.61171997897327</ele>
        <time>1970-01-01T00:22:15Z</time>
        <extensions>
          <gpxtpx:TrackPointExtension>
            <gpxtpx:hr>151</gpxtpx:hr>
          </gpxtpx:TrackPointExtension>
        </extensions>
      </trkpt>
      <trkpt lat="22.59171752356897" lon="113.95763973715292">
        <ele>12.586823921650648</ele>
        <time>1970-01-01T00:22:16Z</time>
        <extensions>
          <gpxtpx:TrackPointExtension>
            <gpxtpx:hr>152</gpxtpx:hr>
          </gpxtpx:TrackPointExtension>
        </extensions>
      </trkpt>
      <trkpt lat="22.59170090767252" lon="113.95763616543705">
        <ele>12.564808767288923</ele>
        <time>1970-01-01T00:22:17Z</time>
        <extensions>
          <gpxtpx:TrackPointExtension>
            <gpxtpx:hr>152</gpxtpx:hr>
          </gpxtpx:TrackPointExtension>
        </extensions>
      </trkpt>
      <trkpt lat="22.591688389944085" lon="113.95763898394317">
        <ele>12.545471733435988</ele>
        <time>1970-01-01T00:22:18Z</time>
        <extensions>
          <gpxtpx:TrackPointExtension>
            <gpxtpx:hr>152</gpxtpx:hr>
          </gpxtpx:TrackPointExtension>
        </extensions>
      </trkpt>
      <trkpt lat="22.591684288758216" lon="113.95764610800781">
        <ele>12.530098103918135</ele>
        <time>1970-01-01T00:22:19Z</time>
        <extensions>
          <gpxtpx:TrackPointExtension>
            <gpxtpx:hr>152</gpxtpx:hr>
          </gpxtpx:TrackPointExtension>
        </extensions>
      </trkpt>
      <trkpt lat="22.591689506201433" lon="113.95765471987177">
        <ele>12.519528718665242</ele>
        <time>1970-01-01T00:22:20Z</time>
        <extensions>
          <gpxtpx:TrackPointExtension>
            <gpxtpx:hr>152</gpxtpx:hr>
          </gpxtpx:TrackPointExtension>
        </extensions>
      </trkpt>
      <trkpt lat="22.591702372083667" lon="113.95766350535524">
        <ele>12.51385342516005</ele>
        <time>1970-01-01T00:22:21Z</time>
        <extensions>
          <gpxtpx:TrackPointExtension>
            <gpxtpx:hr>149</gpxtpx:hr>
          </gpxtpx:TrackPointExtension>
        </extensions>
      </trkpt>
      <trkpt lat="22.591722306121845" lon="113.9576735041228">
        <ele>12.511798705905676</ele>
        <time>1970-01-01T00:22:22Z</time>
        <extensions>
          <gpxtpx:TrackPointExtension>
            <gpxtpx:hr>149</gpxtpx:hr>
          </gpxtpx:TrackPointExtension>
        </extensions>
      </trkpt>
      <trkpt lat="22.59174670005998" lon="113.95768378688535">
        <ele>12.514593675732613</ele>
        <time>1970-01-01T00:22:23Z</time>
        <extensions>
          <gpxtpx:TrackPointExtension>
            <gpxtpx:hr>149</gpxtpx:hr>
          </gpxtpx:TrackPointExtension>
        </extensions>
      </trkpt>
      <trkpt lat="22.591773009353428" lon="113.95769413618328">
        <ele>12.521537388674915</ele>
        <time>1970-01-01T00:22:24Z</time>
        <extensions>
          <gpxtpx:TrackPointExtension>
            <gpxtpx:hr>149</gpxtpx:hr>
          </gpxtpx:TrackPointExtension>
        </extensions>
      </trkpt>
      <trkpt lat="22.59179981389463" lon="113.95770487032043">
        <ele>12.531721521168947</ele>
        <time>1970-01-01T00:22:25Z</time>
        <extensions>
          <gpxtpx:TrackPointExtension>
            <gpxtpx:hr>149</gpxtpx:hr>
          </gpxtpx:TrackPointExtension>
        </extensions>
      </trkpt>
      <trkpt lat="22.59182634324088" lon="113.95771615067025">
        <ele>12.546009041368961</ele>
        <time>1970-01-01T00:22:26Z</time>
        <extensions>
          <gpxtpx:TrackPointExtension>
            <gpxtpx:hr>149</gpxtpx:hr>
          </gpxtpx:TrackPointExtension>
        </extensions>
      </trkpt>
      <trkpt lat="22.591852379455524" lon="113.95772817574603">
        <ele>12.5623574340716</ele>
        <time>1970-01-01T00:22:27Z</time>
        <extensions>
          <gpxtpx:TrackPointExtension>
            <gpxtpx:hr>149</gpxtpx:hr>
          </gpxtpx:TrackPointExtension>
        </extensions>
      </trkpt>
      <trkpt lat="22.59187786947471" lon="113.95774101056062">
        <ele>12.582033448852599</ele>
        <time>1970-01-01T00:22:28Z</time>
        <extensions>
          <gpxtpx:TrackPointExtension>
            <gpxtpx:hr>149</gpxtpx:hr>
          </gpxtpx:TrackPointExtension>
        </extensions>
      </trkpt>
      <trkpt lat="22.591902368743575" lon="113.9577552396274">
        <ele>12.604467897675931</ele>
        <time>1970-01-01T00:22:29Z</time>
        <extensions>
          <gpxtpx:TrackPointExtension>
            <gpxtpx:hr>149</gpxtpx:hr>
          </gpxtpx:TrackPointExtension>
        </extensions>
      </trkpt>
      <trkpt lat="22.591925823870735" lon="113.95777108759495">
        <ele>12.629106901586056</ele>
        <time>1970-01-01T00:22:30Z</time>
        <extensions>
          <gpxtpx:TrackPointExtension>
            <gpxtpx:hr>149</gpxtpx:hr>
          </gpxtpx:TrackPointExtension>
        </extensions>
      </trkpt>
      <trkpt lat="22.59194874819991" lon="113.9577875018966">
        <ele>12.657288652844727</ele>
        <time>1970-01-01T00:22:31Z</time>
        <extensions>
          <gpxtpx:TrackPointExtension>
            <gpxtpx:hr>150</gpxtpx:hr>
          </gpxtpx:TrackPointExtension>
        </extensions>
      </trkpt>
      <trkpt lat="22.591971366437704" lon="113.95780409756519">
        <ele>12.687655068002641</ele>
        <time>1970-01-01T00:22:32Z</time>
        <extensions>
          <gpxtpx:TrackPointExtension>
            <gpxtpx:hr>150</gpxtpx:hr>
          </gpxtpx:TrackPointExtension>
        </extensions>
      </trkpt>
      <trkpt lat="22.591992985166552" lon="113.95782198019916">
        <ele>12.719944531098008</ele>
        <time>1970-01-01T00:22:33Z</time>
        <extensions>
          <gpxtpx:TrackPointExtension>
            <gpxtpx:hr>150</gpxtpx:hr>
          </gpxtpx:TrackPointExtension>
        </extensions>
      </trkpt>
      <trkpt lat="22.59201291326225" lon="113.95784197614313">
        <ele>12.755012542940676</ele>
        <time>1970-01-01T00:22:34Z</time>
        <extensions>
          <gpxtpx:TrackPointExtension>
            <gpxtpx:hr>150</gpxtpx:hr>
          </gpxtpx:TrackPointExtension>
        </extensions>
      </trkpt>
      <trkpt lat="22.59203172603153" lon="113.95786313972145">
        <ele>12.792978676967323</ele>
        <time>1970-01-01T00:22:35Z</time>
        <extensions>
          <gpxtpx:TrackPointExtension>
            <gpxtpx:hr>150</gpxtpx:hr>
          </gpxtpx:TrackPointExtension>
        </extensions>
      </trkpt>
      <trkpt lat="22.592050192362553" lon="113.95788445406137">
        <ele>12.83136161416769</ele>
        <time>1970-01-01T00:22:36Z</time>
        <extensions>
          <gpxtpx:TrackPointExtension>
            <gpxtpx:hr>150</gpxtpx:hr>
          </gpxtpx:TrackPointExtension>
        </extensions>
      </trkpt>
      <trkpt lat="22.592068604519046" lon="113.9579057200203">
        <ele>12.8715634746477</ele>
        <time>1970-01-01T00:22:37Z</time>
        <extensions>
          <gpxtpx:TrackPointExtension>
            <gpxtpx:hr>151</gpxtpx:hr>
          </gpxtpx:TrackPointExtension>
        </extensions>
      </trkpt>
      <trkpt lat="22.59208706779676" lon="113.95792700442439">
        <ele>12.91032661870122</ele>
        <time>1970-01-01T00:22:38Z</time>
        <extensions>
          <gpxtpx:TrackPointExtension>
            <gpxtpx:hr>151</gpxtpx:hr>
          </gpxtpx:TrackPointExtension>
        </extensions>
      </trkpt>
      <trkpt lat="22.592105612620053" lon="113.95794803929236">
        <ele>12.948451806791127</ele>
        <time>1970-01-01T00:22:39Z</time>
        <extensions>
          <gpxtpx:TrackPointExtension>
            <gpxtpx:hr>151</gpxtpx:hr>
          </gpxtpx:TrackPointExtension>
        </extensions>
      </trkpt>
      <trkpt lat="22.592124423459413" lon="113.95796868921924">
        <ele>12.987305893562734</ele>
        <time>1970-01-01T00:22:40Z</time>
        <extensions>
          <gpxtpx:TrackPointExtension>
            <gpxtpx:hr>151</gpxtpx:hr>
          </gpxtpx:TrackPointExtension>
        </extensions>
      </trkpt>
      <trkpt lat="22.592143372773556" lon="113.95798899352256">
        <ele>13.025153297930956</ele>
        <time>1970-01-01T00:22:41Z</time>
        <extensions>
          <gpxtpx:TrackPointExtension>
            <gpxtpx:hr>151</gpxtpx:hr>
          </gpxtpx:TrackPointExtension>
        </extensions>
      </trkpt>
      <trkpt lat="22.592162561865464" lon="113.95800882486988">
        <ele>13.063763107173145</ele>
        <time>1970-01-01T00:22:42Z</time>
        <extensions>
          <gpxtpx:TrackPointExtension>
            <gpxtpx:hr>151</gpxtpx:hr>
          </gpxtpx:TrackPointExtension>
        </extensions>
      </trkpt>
      <trkpt lat="22.592182127847884" lon="113.95802827631275">
        <ele>13.101334009319544</ele>
        <time>1970-01-01T00:22:43Z</time>
        <extensions>
          <gpxtpx:TrackPointExtension>
            <gpxtpx:hr>151</gpxtpx:hr>
          </gpxtpx:TrackPointExtension>
        </extensions>
      </trkpt>
      <trkpt lat="22.592201497574298" lon="113.95804771872771">
        <ele>13.133980611339211</ele>
        <time>1970-01-01T00:22:44Z</time>
        <extensions>
          <gpxtpx:TrackPointExtension>
            <gpxtpx:hr>151</gpxtpx:hr>
          </gpxtpx:TrackPointExtension>
        </extensions>
      </trkpt>
      <trkpt lat="22.592220455738804" lon="113.95806754168899">
        <ele>13.167457222938538</ele>
        <time>1970-01-01T00:22:45Z</time>
        <extensions>
          <gpxtpx:TrackPointExtension>
            <gpxtpx:hr>151</gpxtpx:hr>
          </gpxtpx:TrackPointExtension>
        </extensions>
      </trkpt>
      <trkpt lat="22.59223941872095" lon="113.95808735741981">
        <ele>13.197123635560274</ele>
        <time>1970-01-01T00:22:46Z</time>
        <extensions>
          <gpxtpx:TrackPointExtension>
            <gpxtpx:hr>151</gpxtpx:hr>
          </gpxtpx:TrackPointExtension>
        </extensions>
      </trkpt>
      <trkpt lat="22.592258139946733" lon="113.9581072537292">
        <ele>13.225290046073496</ele>
        <time>1970-01-01T00:22:47Z</time>
        <extensions>
          <gpxtpx:TrackPointExtension>
            <gpxtpx:hr>151</gpxtpx:hr>
          </gpxtpx:TrackPointExtension>
        </extensions>
      </trkpt>
      <trkpt lat="22.592276304332227" lon="113.95812772875057">
        <ele>13.251423914916813</ele>
        <time>1970-01-01T00:22:48Z</time>
        <extensions>
          <gpxtpx:TrackPointExtension>
            <gpxtpx:hr>151</gpxtpx:hr>
          </gpxtpx:TrackPointExtension>
        </extensions>
      </trkpt>
      <trkpt lat="22.592293704924344" lon="113.95814887923703">
        <ele>13.273320506326854</ele>
        <time>1970-01-01T00:22:49Z</time>
        <extensions>
          <gpxtpx:TrackPointExtension>
            <gpxtpx:hr>151</gpxtpx:hr>
          </gpxtpx:TrackPointExtension>
        </extensions>
      </trkpt>
      <trkpt lat="22.59231021859506" lon="113.95817090492632">
        <ele>13.294498698785901</ele>
        <time>1970-01-01T00:22:50Z</time>
        <extensions>
          <gpxtpx:TrackPointExtension>
            <gpxtpx:hr>153</gpxtpx:hr>
          </gpxtpx:TrackPointExtension>
        </extensions>
      </trkpt>
      <trkpt lat="22.59232626457894" lon="113.95819351357258">
        <ele>13.314963223412633</ele>
        <time>1970-01-01T00:22:51Z</time>
        <extensions>
          <gpxtpx:TrackPointExtension>
            <gpxtpx:hr>153</gpxtpx:hr>
          </gpxtpx:TrackPointExtension>
        </extensions>
      </trkpt>
      <trkpt lat="22.592342062232586" lon="113.95821645555546">
        <ele>13.335795298218727</ele>
        <time>1970-01-01T00:22:52Z</time>
        <extensions>
          <gpxtpx:TrackPointExtension>
            <gpxtpx:hr>153</gpxtpx:hr>
          </gpxtpx:TrackPointExtension>
        </extensions>
      </trkpt>
      <trkpt lat="22.592357764843346" lon="113.95823961378419">
        <ele>13.355786477215588</ele>
        <time>1970-01-01T00:22:53Z</time>
        <extensions>
          <gpxtpx:TrackPointExtension>
            <gpxtpx:hr>153</gpxtpx:hr>
          </gpxtpx:TrackPointExtension>
        </extensions>
      </trkpt>
      <trkpt lat="22.59237315706864" lon="113.95826291798696">
        <ele>13.374741428531706</ele>
        <time>1970-01-01T00:22:54Z</time>
        <extensions>
          <gpxtpx:TrackPointExtension>
            <gpxtpx:hr>153</gpxtpx:hr>
          </gpxtpx:TrackPointExtension>
        </extensions>
      </trkpt>
      <trkpt lat="22.59238815881242" lon="113.9582864764391">
        <ele>13.391432135365903</ele>
        <time>1970-01-01T00:22:55Z</time>
        <extensions>
          <gpxtpx:TrackPointExtension>
            <gpxtpx:hr>154</gpxtpx:hr>
          </gpxtpx:TrackPointExtension>
        </extensions>
      </trkpt>
      <trkpt lat="22.59240273973488" lon="113.95831024730457">
        <ele>13.405053190886974</ele>
        <time>1970-01-01T00:22:56Z</time>
        <extensions>
          <gpxtpx:TrackPointExtension>
            <gpxtpx:hr>154</gpxtpx:hr>
          </gpxtpx:TrackPointExtension>
        </extensions>
      </trkpt>
      <trkpt lat="22.592416983894346" lon="113.958334272508">
        <ele>13.417186418548226</ele>
        <time>1970-01-01T00:22:57Z</time>
        <extensions>
          <gpxtpx:TrackPointExtension>
            <gpxtpx:hr>154</gpxtpx:hr>
          </gpxtpx:TrackPointExtension>
        </extensions>
      </trkpt>
      <trkpt lat="22.592431088313116" lon="113.95835846716896">
        <ele>13.427246197126806</ele>
        <time>1970-01-01T00:22:58Z</time>
        <extensions>
          <gpxtpx:TrackPointExtension>
            <gpxtpx:hr>154</gpxtpx:hr>
          </gpxtpx:TrackPointExtension>
        </extensions>
      </trkpt>
      <trkpt lat="22.59244518446659" lon="113.95838279854536">
        <ele>13.434184769168496</ele>
        <time>1970-01-01T00:22:59Z</time>
        <extensions>
          <gpxtpx:TrackPointExtension>
            <gpxtpx:hr>154</gpxtpx:hr>
          </gpxtpx:TrackPointExtension>
        </extensions>
      </trkpt>
      <trkpt lat="22.592458867972056" lon="113.95840758583205">
        <ele>13.440659619867802</ele>
        <time>1970-01-01T00:23:00Z</time>
        <extensions>
          <gpxtpx:TrackPointExtension>
            <gpxtpx:hr>154</gpxtpx:hr>
          </gpxtpx:TrackPointExtension>
        </extensions>
      </trkpt>
      <trkpt lat="22.592472262168847" lon="113.95843261042661">
        <ele>13.445644280873239</ele>
        <time>1970-01-01T00:23:01Z</time>
        <extensions>
          <gpxtpx:TrackPointExtension>
            <gpxtpx:hr>154</gpxtpx:hr>
          </gpxtpx:TrackPointExtension>
        </extensions>
      </trkpt>
      <trkpt lat="22.59248519273035" lon="113.9584578655533">
        <ele>13.449440428987145</ele>
        <time>1970-01-01T00:23:02Z</time>
        <extensions>
          <gpxtpx:TrackPointExtension>
            <gpxtpx:hr>154</gpxtpx:hr>
          </gpxtpx:TrackPointExtension>
        </extensions>
      </trkpt>
      <trkpt lat="22.592496834144196" lon="113.95848403190176">
        <ele>13.452522817067802</ele>
        <time>1970-01-01T00:23:03Z</time>
        <extensions>
          <gpxtpx:TrackPointExtension>
            <gpxtpx:hr>154</gpxtpx:hr>
          </gpxtpx:TrackPointExtension>
        </extensions>
      </trkpt>
      <trkpt lat="22.592508173250867" lon="113.95851051018289">
        <ele>13.45493702404201</ele>
        <time>1970-01-01T00:23:04Z</time>
        <extensions>
          <gpxtpx:TrackPointExtension>
            <gpxtpx:hr>154</gpxtpx:hr>
          </gpxtpx:TrackPointExtension>
        </extensions>
      </trkpt>
      <trkpt lat="22.59252011208685" lon="113.958536736246">
        <ele>13.456726788543165</ele>
        <time>1970-01-01T00:23:05Z</time>
        <extensions>
          <gpxtpx:TrackPointExtension>
            <gpxtpx:hr>154</gpxtpx:hr>
          </gpxtpx:TrackPointExtension>
        </extensions>
      </trkpt>
      <trkpt lat="22.592532368840924" lon="113.95856261174846">
        <ele>13.457446000538766</ele>
        <time>1970-01-01T00:23:06Z</time>
        <extensions>
          <gpxtpx:TrackPointExtension>
            <gpxtpx:hr>154</gpxtpx:hr>
          </gpxtpx:TrackPointExtension>
        </extensions>
      </trkpt>
      <trkpt lat="22.592544770394326" lon="113.95858828618404">
        <ele>13.4570730375126</ele>
        <time>1970-01-01T00:23:07Z</time>
        <extensions>
          <gpxtpx:TrackPointExtension>
            <gpxtpx:hr>154</gpxtpx:hr>
          </gpxtpx:TrackPointExtension>
        </extensions>
      </trkpt>
      <trkpt lat="22.592556699342964" lon="113.95861409328047">
        <ele>13.454381844960153</ele>
        <time>1970-01-01T00:23:08Z</time>
        <extensions>
          <gpxtpx:TrackPointExtension>
            <gpxtpx:hr>154</gpxtpx:hr>
          </gpxtpx:TrackPointExtension>
        </extensions>
      </trkpt>
      <trkpt lat="22.592567556853215" lon="113.95864033268626">
        <ele>13.448874575085938</ele>
        <time>1970-01-01T00:23:09Z</time>
        <extensions>
          <gpxtpx:TrackPointExtension>
            <gpxtpx:hr>154</gpxtpx:hr>
          </gpxtpx:TrackPointExtension>
        </extensions>
      </trkpt>
      <trkpt lat="22.59257744322265" lon="113.95866706317892">
        <ele>13.440550896339118</ele>
        <time>1970-01-01T00:23:10Z</time>
        <extensions>
          <gpxtpx:TrackPointExtension>
            <gpxtpx:hr>154</gpxtpx:hr>
          </gpxtpx:TrackPointExtension>
        </extensions>
      </trkpt>
      <trkpt lat="22.592586284929176" lon="113.95869411994984">
        <ele>13.428242770954967</ele>
        <time>1970-01-01T00:23:11Z</time>
        <extensions>
          <gpxtpx:TrackPointExtension>
            <gpxtpx:hr>154</gpxtpx:hr>
          </gpxtpx:TrackPointExtension>
        </extensions>
      </trkpt>
      <trkpt lat="22.5925945025686" lon="113.95872124091973">
        <ele>13.411937184631824</ele>
        <time>1970-01-01T00:23:12Z</time>
        <extensions>
          <gpxtpx:TrackPointExtension>
            <gpxtpx:hr>154</gpxtpx:hr>
          </gpxtpx:TrackPointExtension>
        </extensions>
      </trkpt>
      <trkpt lat="22.592602887875103" lon="113.95874821065266">
        <ele>13.39218062441796</ele>
        <time>1970-01-01T00:23:13Z</time>
        <extensions>
          <gpxtpx:TrackPointExtension>
            <gpxtpx:hr>154</gpxtpx:hr>
          </gpxtpx:TrackPointExtension>
        </extensions>
      </trkpt>
      <trkpt lat="22.59261167234308" lon="113.95877498116332">
        <ele>13.368107059039176</ele>
        <time>1970-01-01T00:23:14Z</time>
        <extensions>
          <gpxtpx:TrackPointExtension>
            <gpxtpx:hr>154</gpxtpx:hr>
          </gpxtpx:TrackPointExtension>
        </extensions>
      </trkpt>
      <trkpt lat="22.592620655959934" lon="113.95880179451403">
        <ele>13.341340593993664</ele>
        <time>1970-01-01T00:23:15Z</time>
        <extensions>
          <gpxtpx:TrackPointExtension>
            <gpxtpx:hr>151</gpxtpx:hr>
          </gpxtpx:TrackPointExtension>
        </extensions>
      </trkpt>
      <trkpt lat="22.592629432158613" lon="113.95882878797246">
        <ele>13.309744152240455</ele>
        <time>1970-01-01T00:23:16Z</time>
        <extensions>
          <gpxtpx:TrackPointExtension>
            <gpxtpx:hr>151</gpxtpx:hr>
          </gpxtpx:TrackPointExtension>
        </extensions>
      </trkpt>
      <trkpt lat="22.592637957647472" lon="113.95885578065813">
        <ele>13.276336337439716</ele>
        <time>1970-01-01T00:23:17Z</time>
        <extensions>
          <gpxtpx:TrackPointExtension>
            <gpxtpx:hr>151</gpxtpx:hr>
          </gpxtpx:TrackPointExtension>
        </extensions>
      </trkpt>
      <trkpt lat="22.592645820479294" lon="113.9588828663227">
        <ele>13.24188884254545</ele>
        <time>1970-01-01T00:23:18Z</time>
        <extensions>
          <gpxtpx:TrackPointExtension>
            <gpxtpx:hr>151</gpxtpx:hr>
          </gpxtpx:TrackPointExtension>
        </extensions>
      </trkpt>
      <trkpt lat="22.592653018390234" lon="113.95891014332105">
        <ele>13.204972703941166</ele>
        <time>1970-01-01T00:23:19Z</time>
        <extensions>
          <gpxtpx:TrackPointExtension>
            <gpxtpx:hr>151</gpxtpx:hr>
          </gpxtpx:TrackPointExtension>
        </extensions>
      </trkpt>
      <trkpt lat="22.59265993173545" lon="113.95893740735663">
        <ele>13.167984823696315</ele>
        <time>1970-01-01T00:23:20Z</time>
        <extensions>
          <gpxtpx:TrackPointExtension>
            <gpxtpx:hr>151</gpxtpx:hr>
          </gpxtpx:TrackPointExtension>
        </extensions>
      </trkpt>
      <trkpt lat="22.592666797714593" lon="113.95896441807369">
        <ele>13.12955277133733</ele>
        <time>1970-01-01T00:23:21Z</time>
        <extensions>
          <gpxtpx:TrackPointExtension>
            <gpxtpx:hr>152</gpxtpx:hr>
          </gpxtpx:TrackPointExtension>
        </extensions>
      </trkpt>
      <trkpt lat="22.592674416953162" lon="113.95899098164753">
        <ele>13.089893494732678</ele>
        <time>1970-01-01T00:23:22Z</time>
        <extensions>
          <gpxtpx:TrackPointExtension>
            <gpxtpx:hr>152</gpxtpx:hr>
          </gpxtpx:TrackPointExtension>
        </extensions>
      </trkpt>
      <trkpt lat="22.5926840200689" lon="113.9590166282751">
        <ele>13.049566918052733</ele>
        <time>1970-01-01T00:23:23Z</time>
        <extensions>
          <gpxtpx:TrackPointExtension>
            <gpxtpx:hr>152</gpxtpx:hr>
          </gpxtpx:TrackPointExtension>
        </extensions>
      </trkpt>
      <trkpt lat="22.592693886349466" lon="113.95904240880273">
        <ele>13.008505169302225</ele>
        <time>1970-01-01T00:23:24Z</time>
        <extensions>
          <gpxtpx:TrackPointExtension>
            <gpxtpx:hr>152</gpxtpx:hr>
          </gpxtpx:TrackPointExtension>
        </extensions>
      </trkpt>
      <trkpt lat="22.5927013185399" lon="113.95906929899752">
        <ele>12.965759810060263</ele>
        <time>1970-01-01T00:23:25Z</time>
        <extensions>
          <gpxtpx:TrackPointExtension>
            <gpxtpx:hr>152</gpxtpx:hr>
          </gpxtpx:TrackPointExtension>
        </extensions>
      </trkpt>
      <trkpt lat="22.59270721279108" lon="113.95909655179997">
        <ele>12.92051039263606</ele>
        <time>1970-01-01T00:23:26Z</time>
        <extensions>
          <gpxtpx:TrackPointExtension>
            <gpxtpx:hr>152</gpxtpx:hr>
          </gpxtpx:TrackPointExtension>
        </extensions>
      </trkpt>
      <trkpt lat="22.592712909105305" lon="113.95912351304368">
        <ele>12.872841722331941</ele>
        <time>1970-01-01T00:23:27Z</time>
        <extensions>
          <gpxtpx:TrackPointExtension>
            <gpxtpx:hr>152</gpxtpx:hr>
          </gpxtpx:TrackPointExtension>
        </extensions>
      </trkpt>
      <trkpt lat="22.592718810710892" lon="113.95915014155953">
        <ele>12.820024725049734</ele>
        <time>1970-01-01T00:23:28Z</time>
        <extensions>
          <gpxtpx:TrackPointExtension>
            <gpxtpx:hr>152</gpxtpx:hr>
          </gpxtpx:TrackPointExtension>
        </extensions>
      </trkpt>
      <trkpt lat="22.59272491163883" lon="113.95917683020551">
        <ele>12.763997746631503</ele>
        <time>1970-01-01T00:23:29Z</time>
        <extensions>
          <gpxtpx:TrackPointExtension>
            <gpxtpx:hr>152</gpxtpx:hr>
          </gpxtpx:TrackPointExtension>
        </extensions>
      </trkpt>
      <trkpt lat="22.592731179830725" lon="113.95920392334254">
        <ele>12.704947314225137</ele>
        <time>1970-01-01T00:23:30Z</time>
        <extensions>
          <gpxtpx:TrackPointExtension>
            <gpxtpx:hr>153</gpxtpx:hr>
          </gpxtpx:TrackPointExtension>
        </extensions>
      </trkpt>
      <trkpt lat="22.592736885156512" lon="113.95923143766036">
        <ele>12.641795973293483</ele>
        <time>1970-01-01T00:23:31Z</time>
        <extensions>
          <gpxtpx:TrackPointExtension>
            <gpxtpx:hr>153</gpxtpx:hr>
          </gpxtpx:TrackPointExtension>
        </extensions>
      </trkpt>
      <trkpt lat="22.592741550635957" lon="113.95925924894327">
        <ele>12.57693728711456</ele>
        <time>1970-01-01T00:23:32Z</time>
        <extensions>
          <gpxtpx:TrackPointExtension>
            <gpxtpx:hr>153</gpxtpx:hr>
          </gpxtpx:TrackPointExtension>
        </extensions>
      </trkpt>
      <trkpt lat="22.592745496734914" lon="113.95928710704472">
        <ele>12.509665026329458</ele>
        <time>1970-01-01T00:23:33Z</time>
        <extensions>
          <gpxtpx:TrackPointExtension>
            <gpxtpx:hr>153</gpxtpx:hr>
          </gpxtpx:TrackPointExtension>
        </extensions>
      </trkpt>
      <trkpt lat="22.592748944211817" lon="113.9593151208706">
        <ele>12.439853256568313</ele>
        <time>1970-01-01T00:23:34Z</time>
        <extensions>
          <gpxtpx:TrackPointExtension>
            <gpxtpx:hr>153</gpxtpx:hr>
          </gpxtpx:TrackPointExtension>
        </extensions>
      </trkpt>
      <trkpt lat="22.592751868470945" lon="113.95934345721226">
        <ele>12.369672236964107</ele>
        <time>1970-01-01T00:23:35Z</time>
        <extensions>
          <gpxtpx:TrackPointExtension>
            <gpxtpx:hr>153</gpxtpx:hr>
          </gpxtpx:TrackPointExtension>
        </extensions>
      </trkpt>
      <trkpt lat="22.5927543757866" lon="113.95937212611594">
        <ele>12.299272175878286</ele>
        <time>1970-01-01T00:23:36Z</time>
        <extensions>
          <gpxtpx:TrackPointExtension>
            <gpxtpx:hr>153</gpxtpx:hr>
          </gpxtpx:TrackPointExtension>
        </extensions>
      </trkpt>
      <trkpt lat="22.592756717092957" lon="113.95940105200324">
        <ele>12.230889062397182</ele>
        <time>1970-01-01T00:23:37Z</time>
        <extensions>
          <gpxtpx:TrackPointExtension>
            <gpxtpx:hr>153</gpxtpx:hr>
          </gpxtpx:TrackPointExtension>
        </extensions>
      </trkpt>
      <trkpt lat="22.592758786526222" lon="113.9594299854396">
        <ele>12.16606074012816</ele>
        <time>1970-01-01T00:23:38Z</time>
        <extensions>
          <gpxtpx:TrackPointExtension>
            <gpxtpx:hr>152</gpxtpx:hr>
          </gpxtpx:TrackPointExtension>
        </extensions>
      </trkpt>
      <trkpt lat="22.59276054123394" lon="113.95945868218004">
        <ele>12.104950634762645</ele>
        <time>1970-01-01T00:23:39Z</time>
        <extensions>
          <gpxtpx:TrackPointExtension>
            <gpxtpx:hr>152</gpxtpx:hr>
          </gpxtpx:TrackPointExtension>
        </extensions>
      </trkpt>
      <trkpt lat="22.592761990401684" lon="113.95948690866288">
        <ele>12.05044740345329</ele>
        <time>1970-01-01T00:23:40Z</time>
        <extensions>
          <gpxtpx:TrackPointExtension>
            <gpxtpx:hr>152</gpxtpx:hr>
          </gpxtpx:TrackPointExtension>
        </extensions>
      </trkpt>
      <trkpt lat="22.592763573924774" lon="113.9595150327993">
        <ele>12.00051746610552</ele>
        <time>1970-01-01T00:23:41Z</time>
        <extensions>
          <gpxtpx:TrackPointExtension>
            <gpxtpx:hr>152</gpxtpx:hr>
          </gpxtpx:TrackPointExtension>
        </extensions>
      </trkpt>
      <trkpt lat="22.59276511167355" lon="113.95954344668856">
        <ele>11.957835912704468</ele>
        <time>1970-01-01T00:23:42Z</time>
        <extensions>
          <gpxtpx:TrackPointExtension>
            <gpxtpx:hr>152</gpxtpx:hr>
          </gpxtpx:TrackPointExtension>
        </extensions>
      </trkpt>
      <trkpt lat="22.592765842717355" lon="113.95957237504891">
        <ele>11.921843607909977</ele>
        <time>1970-01-01T00:23:43Z</time>
        <extensions>
          <gpxtpx:TrackPointExtension>
            <gpxtpx:hr>152</gpxtpx:hr>
          </gpxtpx:TrackPointExtension>
        </extensions>
      </trkpt>
      <trkpt lat="22.59276507562709" lon="113.95960164583265">
        <ele>11.891697036102414</ele>
        <time>1970-01-01T00:23:44Z</time>
        <extensions>
          <gpxtpx:TrackPointExtension>
            <gpxtpx:hr>152</gpxtpx:hr>
          </gpxtpx:TrackPointExtension>
        </extensions>
      </trkpt>
      <trkpt lat="22.592763098395018" lon="113.9596310915298">
        <ele>11.86836307309568</ele>
        <time>1970-01-01T00:23:45Z</time>
        <extensions>
          <gpxtpx:TrackPointExtension>
            <gpxtpx:hr>150</gpxtpx:hr>
          </gpxtpx:TrackPointExtension>
        </extensions>
      </trkpt>
      <trkpt lat="22.592760961740833" lon="113.95966059267681">
        <ele>11.851045443676412</ele>
        <time>1970-01-01T00:23:46Z</time>
        <extensions>
          <gpxtpx:TrackPointExtension>
            <gpxtpx:hr>150</gpxtpx:hr>
          </gpxtpx:TrackPointExtension>
        </extensions>
      </trkpt>
      <trkpt lat="22.59275890985202" lon="113.95969020741401">
        <ele>11.839037356898189</ele>
        <time>1970-01-01T00:23:47Z</time>
        <extensions>
          <gpxtpx:TrackPointExtension>
            <gpxtpx:hr>150</gpxtpx:hr>
          </gpxtpx:TrackPointExtension>
        </extensions>
      </trkpt>
      <trkpt lat="22.592756693240837" lon="113.9597201350175">
        <ele>11.833351766690612</ele>
        <time>1970-01-01T00:23:48Z</time>
        <extensions>
          <gpxtpx:TrackPointExtension>
            <gpxtpx:hr>150</gpxtpx:hr>
          </gpxtpx:TrackPointExtension>
        </extensions>
      </trkpt>
      <trkpt lat="22.5927541917471" lon="113.95975041192199">
        <ele>11.83337415754795</ele>
        <time>1970-01-01T00:23:49Z</time>
        <extensions>
          <gpxtpx:TrackPointExtension>
            <gpxtpx:hr>150</gpxtpx:hr>
          </gpxtpx:TrackPointExtension>
        </extensions>
      </trkpt>
      <trkpt lat="22.592751566308415" lon="113.95978078736339">
        <ele>11.840162188746035</ele>
        <time>1970-01-01T00:23:50Z</time>
        <extensions>
          <gpxtpx:TrackPointExtension>
            <gpxtpx:hr>150</gpxtpx:hr>
          </gpxtpx:TrackPointExtension>
        </extensions>
      </trkpt>
      <trkpt lat="22.59274899457424" lon="113.95981132233642">
        <ele>11.85282951593399</ele>
        <time>1970-01-01T00:23:51Z</time>
        <extensions>
          <gpxtpx:TrackPointExtension>
            <gpxtpx:hr>151</gpxtpx:hr>
          </gpxtpx:TrackPointExtension>
        </extensions>
      </trkpt>
      <trkpt lat="22.59274653741453" lon="113.95984233954694">
        <ele>11.87034054659307</ele>
        <time>1970-01-01T00:23:52Z</time>
        <extensions>
          <gpxtpx:TrackPointExtension>
            <gpxtpx:hr>151</gpxtpx:hr>
          </gpxtpx:TrackPointExtension>
        </extensions>
      </trkpt>
      <trkpt lat="22.592743663225995" lon="113.95987368124423">
        <ele>11.89288558717817</ele>
        <time>1970-01-01T00:23:53Z</time>
        <extensions>
          <gpxtpx:TrackPointExtension>
            <gpxtpx:hr>151</gpxtpx:hr>
          </gpxtpx:TrackPointExtension>
        </extensions>
      </trkpt>
      <trkpt lat="22.592740229415632" lon="113.95990525039144">
        <ele>11.919761495664716</ele>
        <time>1970-01-01T00:23:54Z</time>
        <extensions>
          <gpxtpx:TrackPointExtension>
            <gpxtpx:hr>151</gpxtpx:hr>
          </gpxtpx:TrackPointExtension>
        </extensions>
      </trkpt>
      <trkpt lat="22.592736549711162" lon="113.95993696719576">
        <ele>11.949284619651735</ele>
        <time>1970-01-01T00:23:55Z</time>
        <extensions>
          <gpxtpx:TrackPointExtension>
            <gpxtpx:hr>149</gpxtpx:hr>
          </gpxtpx:TrackPointExtension>
        </extensions>
      </trkpt>
      <trkpt lat="22.59273250976075" lon="113.95996866453031">
        <ele>11.98085823096335</ele>
        <time>1970-01-01T00:23:56Z</time>
        <extensions>
          <gpxtpx:TrackPointExtension>
            <gpxtpx:hr>149</gpxtpx:hr>
          </gpxtpx:TrackPointExtension>
        </extensions>
      </trkpt>
      <trkpt lat="22.592728166199695" lon="113.96000052740956">
        <ele>12.015559033490717</ele>
        <time>1970-01-01T00:23:57Z</time>
        <extensions>
          <gpxtpx:TrackPointExtension>
            <gpxtpx:hr>149</gpxtpx:hr>
          </gpxtpx:TrackPointExtension>
        </extensions>
      </trkpt>
      <trkpt lat="22.592723544252113" lon="113.96003257710146">
        <ele>12.051060985773802</ele>
        <time>1970-01-01T00:23:58Z</time>
        <extensions>
          <gpxtpx:TrackPointExtension>
            <gpxtpx:hr>149</gpxtpx:hr>
          </gpxtpx:TrackPointExtension>
        </extensions>
      </trkpt>
      <trkpt lat="22.59271846284481" lon="113.96006465112433">
        <ele>12.088052539154887</ele>
        <time>1970-01-01T00:23:59Z</time>
        <extensions>
          <gpxtpx:TrackPointExtension>
            <gpxtpx:hr>149</gpxtpx:hr>
          </gpxtpx:TrackPointExtension>
        </extensions>
      </trkpt>
      <trkpt lat="22.592712943618338" lon="113.96009653885584">
        <ele>12.125424827449024</ele>
        <time>1970-01-01T00:24:00Z</time>
        <extensions>
          <gpxtpx:TrackPointExtension>
            <gpxtpx:hr>150</gpxtpx:hr>
          </gpxtpx:TrackPointExtension>
        </extensions>
      </trkpt>
      <trkpt lat="22.592707193153974" lon="113.96012790454296">
        <ele>12.16461643576622</ele>
        <time>1970-01-01T00:24:01Z</time>
        <extensions>
          <gpxtpx:TrackPointExtension>
            <gpxtpx:hr>150</gpxtpx:hr>
          </gpxtpx:TrackPointExtension>
        </extensions>
      </trkpt>
      <trkpt lat="22.592701373040384" lon="113.96015895468148">
        <ele>12.2045480273664</ele>
        <time>1970-01-01T00:24:02Z</time>
        <extensions>
          <gpxtpx:TrackPointExtension>
            <gpxtpx:hr>150</gpxtpx:hr>
          </gpxtpx:TrackPointExtension>
        </extensions>
      </trkpt>
      <trkpt lat="22.592695367609416" lon="113.96019001875057">
        <ele>12.244470600038767</ele>
        <time>1970-01-01T00:24:03Z</time>
        <extensions>
          <gpxtpx:TrackPointExtension>
            <gpxtpx:hr>150</gpxtpx:hr>
          </gpxtpx:TrackPointExtension>
        </extensions>
      </trkpt>
      <trkpt lat="22.59269006617016" lon="113.96022113675119">
        <ele>12.285237290896475</ele>
        <time>1970-01-01T00:24:04Z</time>
        <extensions>
          <gpxtpx:TrackPointExtension>
            <gpxtpx:hr>151</gpxtpx:hr>
          </gpxtpx:TrackPointExtension>
        </extensions>
      </trkpt>
      <trkpt lat="22.592686243852018" lon="113.96025213674508">
        <ele>12.326604254543781</ele>
        <time>1970-01-01T00:24:05Z</time>
        <extensions>
          <gpxtpx:TrackPointExtension>
            <gpxtpx:hr>151</gpxtpx:hr>
          </gpxtpx:TrackPointExtension>
        </extensions>
      </trkpt>
      <trkpt lat="22.59268359374766" lon="113.9602829102016">
        <ele>12.369692044332623</ele>
        <time>1970-01-01T00:24:06Z</time>
        <extensions>
          <gpxtpx:TrackPointExtension>
            <gpxtpx:hr>151</gpxtpx:hr>
          </gpxtpx:TrackPointExtension>
        </extensions>
      </trkpt>
      <trkpt lat="22.592681688708666" lon="113.96031343307965">
        <ele>12.41325584705919</ele>
        <time>1970-01-01T00:24:07Z</time>
        <extensions>
          <gpxtpx:TrackPointExtension>
            <gpxtpx:hr>151</gpxtpx:hr>
          </gpxtpx:TrackPointExtension>
        </extensions>
      </trkpt>
      <trkpt lat="22.592680498359396" lon="113.96034370159678">
        <ele>12.457177974283695</ele>
        <time>1970-01-01T00:24:08Z</time>
        <extensions>
          <gpxtpx:TrackPointExtension>
            <gpxtpx:hr>152</gpxtpx:hr>
          </gpxtpx:TrackPointExtension>
        </extensions>
      </trkpt>
      <trkpt lat="22.592680084905194" lon="113.9603737844415">
        <ele>12.502764470875263</ele>
        <time>1970-01-01T00:24:09Z</time>
        <extensions>
          <gpxtpx:TrackPointExtension>
            <gpxtpx:hr>152</gpxtpx:hr>
          </gpxtpx:TrackPointExtension>
        </extensions>
      </trkpt>
      <trkpt lat="22.59268051636099" lon="113.96040386545283">
        <ele>12.549535373225808</ele>
        <time>1970-01-01T00:24:10Z</time>
        <extensions>
          <gpxtpx:TrackPointExtension>
            <gpxtpx:hr>152</gpxtpx:hr>
          </gpxtpx:TrackPointExtension>
        </extensions>
      </trkpt>
      <trkpt lat="22.592681716094148" lon="113.96043388849753">
        <ele>12.597125623375177</ele>
        <time>1970-01-01T00:24:11Z</time>
        <extensions>
          <gpxtpx:TrackPointExtension>
            <gpxtpx:hr>152</gpxtpx:hr>
          </gpxtpx:TrackPointExtension>
        </extensions>
      </trkpt>
      <trkpt lat="22.592683499089716" lon="113.9604638074949">
        <ele>12.646646392531693</ele>
        <time>1970-01-01T00:24:12Z</time>
        <extensions>
          <gpxtpx:TrackPointExtension>
            <gpxtpx:hr>152</gpxtpx:hr>
          </gpxtpx:TrackPointExtension>
        </extensions>
      </trkpt>
      <trkpt lat="22.59268613364466" lon="113.96049362446874">
        <ele>12.695573945529759</ele>
        <time>1970-01-01T00:24:13Z</time>
        <extensions>
          <gpxtpx:TrackPointExtension>
            <gpxtpx:hr>152</gpxtpx:hr>
          </gpxtpx:TrackPointExtension>
        </extensions>
      </trkpt>
      <trkpt lat="22.592688869997406" lon="113.96052345150366">
        <ele>12.744740384630859</ele>
        <time>1970-01-01T00:24:14Z</time>
        <extensions>
          <gpxtpx:TrackPointExtension>
            <gpxtpx:hr>152</gpxtpx:hr>
          </gpxtpx:TrackPointExtension>
        </extensions>
      </trkpt>
      <trkpt lat="22.592691076033248" lon="113.96055326194531">
        <ele>12.79347047675401</ele>
        <time>1970-01-01T00:24:15Z</time>
        <extensions>
          <gpxtpx:TrackPointExtension>
            <gpxtpx:hr>154</gpxtpx:hr>
          </gpxtpx:TrackPointExtension>
        </extensions>
      </trkpt>
      <trkpt lat="22.592692480239798" lon="113.96058313185655">
        <ele>12.840932438150048</ele>
        <time>1970-01-01T00:24:16Z</time>
        <extensions>
          <gpxtpx:TrackPointExtension>
            <gpxtpx:hr>154</gpxtpx:hr>
          </gpxtpx:TrackPointExtension>
        </extensions>
      </trkpt>
      <trkpt lat="22.592693305025808" lon="113.9606129116087">
        <ele>12.888930068351328</ele>
        <time>1970-01-01T00:24:17Z</time>
        <extensions>
          <gpxtpx:TrackPointExtension>
            <gpxtpx:hr>154</gpxtpx:hr>
          </gpxtpx:TrackPointExtension>
        </extensions>
      </trkpt>
      <trkpt lat="22.59269499128573" lon="113.96064250769176">
        <ele>12.934627208858728</ele>
        <time>1970-01-01T00:24:18Z</time>
        <extensions>
          <gpxtpx:TrackPointExtension>
            <gpxtpx:hr>154</gpxtpx:hr>
          </gpxtpx:TrackPointExtension>
        </extensions>
      </trkpt>
      <trkpt lat="22.59269735354604" lon="113.96067188423972">
        <ele>12.977758304215968</ele>
        <time>1970-01-01T00:24:19Z</time>
        <extensions>
          <gpxtpx:TrackPointExtension>
            <gpxtpx:hr>154</gpxtpx:hr>
          </gpxtpx:TrackPointExtension>
        </extensions>
      </trkpt>
      <trkpt lat="22.592700569398822" lon="113.9607009766977">
        <ele>13.019620859064162</ele>
        <time>1970-01-01T00:24:20Z</time>
        <extensions>
          <gpxtpx:TrackPointExtension>
            <gpxtpx:hr>154</gpxtpx:hr>
          </gpxtpx:TrackPointExtension>
        </extensions>
      </trkpt>
      <trkpt lat="22.592704379529277" lon="113.96072993896792">
        <ele>13.059233664534986</ele>
        <time>1970-01-01T00:24:21Z</time>
        <extensions>
          <gpxtpx:TrackPointExtension>
            <gpxtpx:hr>154</gpxtpx:hr>
          </gpxtpx:TrackPointExtension>
        </extensions>
      </trkpt>
      <trkpt lat="22.592708215461894" lon="113.9607588340704">
        <ele>13.096506586298347</ele>
        <time>1970-01-01T00:24:22Z</time>
        <extensions>
          <gpxtpx:TrackPointExtension>
            <gpxtpx:hr>154</gpxtpx:hr>
          </gpxtpx:TrackPointExtension>
        </extensions>
      </trkpt>
      <trkpt lat="22.59271228108388" lon="113.9607876434231">
        <ele>13.131688306108117</ele>
        <time>1970-01-01T00:24:23Z</time>
        <extensions>
          <gpxtpx:TrackPointExtension>
            <gpxtpx:hr>155</gpxtpx:hr>
          </gpxtpx:TrackPointExtension>
        </extensions>
      </trkpt>
      <trkpt lat="22.592716150249345" lon="113.96081639240909">
        <ele>13.164654787629843</ele>
        <time>1970-01-01T00:24:24Z</time>
        <extensions>
          <gpxtpx:TrackPointExtension>
            <gpxtpx:hr>155</gpxtpx:hr>
          </gpxtpx:TrackPointExtension>
        </extensions>
      </trkpt>
      <trkpt lat="22.5927194927061" lon="113.9608451070535">
        <ele>13.195733627304435</ele>
        <time>1970-01-01T00:24:25Z</time>
        <extensions>
          <gpxtpx:TrackPointExtension>
            <gpxtpx:hr>155</gpxtpx:hr>
          </gpxtpx:TrackPointExtension>
        </extensions>
      </trkpt>
      <trkpt lat="22.592721984227012" lon="113.96087375261675">
        <ele>13.22710214741528</ele>
        <time>1970-01-01T00:24:26Z</time>
        <extensions>
          <gpxtpx:TrackPointExtension>
            <gpxtpx:hr>155</gpxtpx:hr>
          </gpxtpx:TrackPointExtension>
        </extensions>
      </trkpt>
      <trkpt lat="22.59272370358811" lon="113.96090265076343">
        <ele>13.256379324011505</ele>
        <time>1970-01-01T00:24:27Z</time>
        <extensions>
          <gpxtpx:TrackPointExtension>
            <gpxtpx:hr>155</gpxtpx:hr>
          </gpxtpx:TrackPointExtension>
        </extensions>
      </trkpt>
      <trkpt lat="22.592724790065684" lon="113.96093180389792">
        <ele>13.286934091709554</ele>
        <time>1970-01-01T00:24:28Z</time>
        <extensions>
          <gpxtpx:TrackPointExtension>
            <gpxtpx:hr>155</gpxtpx:hr>
          </gpxtpx:TrackPointExtension>
        </extensions>
      </trkpt>
      <trkpt lat="22.592725643623673" lon="113.96096095538725">
        <ele>13.317975839599967</ele>
        <time>1970-01-01T00:24:29Z</time>
        <extensions>
          <gpxtpx:TrackPointExtension>
            <gpxtpx:hr>155</gpxtpx:hr>
          </gpxtpx:TrackPointExtension>
        </extensions>
      </trkpt>
      <trkpt lat="22.592726418566517" lon="113.96099009597359">
        <ele>13.350083538331091</ele>
        <time>1970-01-01T00:24:30Z</time>
        <extensions>
          <gpxtpx:TrackPointExtension>
            <gpxtpx:hr>156</gpxtpx:hr>
          </gpxtpx:TrackPointExtension>
        </extensions>
      </trkpt>
      <trkpt lat="22.59272696493735" lon="113.96101905082583">
        <ele>13.384403039701283</ele>
        <time>1970-01-01T00:24:31Z</time>
        <extensions>
          <gpxtpx:TrackPointExtension>
            <gpxtpx:hr>156</gpxtpx:hr>
          </gpxtpx:TrackPointExtension>
        </extensions>
      </trkpt>
      <trkpt lat="22.592727462992546" lon="113.96104768813242">
        <ele>13.420637680217624</ele>
        <time>1970-01-01T00:24:32Z</time>
        <extensions>
          <gpxtpx:TrackPointExtension>
            <gpxtpx:hr>156</gpxtpx:hr>
          </gpxtpx:TrackPointExtension>
        </extensions>
      </trkpt>
      <trkpt lat="22.592727684386208" lon="113.96107610598668">
        <ele>13.459794011898339</ele>
        <time>1970-01-01T00:24:33Z</time>
        <extensions>
          <gpxtpx:TrackPointExtension>
            <gpxtpx:hr>156</gpxtpx:hr>
          </gpxtpx:TrackPointExtension>
        </extensions>
      </trkpt>
      <trkpt lat="22.59272801013774" lon="113.96110446737772">
        <ele>13.501488581299782</ele>
        <time>1970-01-01T00:24:34Z</time>
        <extensions>
          <gpxtpx:TrackPointExtension>
            <gpxtpx:hr>156</gpxtpx:hr>
          </gpxtpx:TrackPointExtension>
        </extensions>
      </trkpt>
      <trkpt lat="22.59272881568331" lon="113.96113281227952">
        <ele>13.54610606096685</ele>
        <time>1970-01-01T00:24:35Z</time>
        <extensions>
          <gpxtpx:TrackPointExtension>
            <gpxtpx:hr>156</gpxtpx:hr>
          </gpxtpx:TrackPointExtension>
        </extensions>
      </trkpt>
      <trkpt lat="22.59273046977785" lon="113.96116116526325">
        <ele>13.594964249059558</ele>
        <time>1970-01-01T00:24:36Z</time>
        <extensions>
          <gpxtpx:TrackPointExtension>
            <gpxtpx:hr>156</gpxtpx:hr>
          </gpxtpx:TrackPointExtension>
        </extensions>
      </trkpt>
      <trkpt lat="22.592732460179423" lon="113.9611894023571">
        <ele>13.645968906581402</ele>
        <time>1970-01-01T00:24:37Z</time>
        <extensions>
          <gpxtpx:TrackPointExtension>
            <gpxtpx:hr>156</gpxtpx:hr>
          </gpxtpx:TrackPointExtension>
        </extensions>
      </trkpt>
      <trkpt lat="22.592734344491664" lon="113.96121745036052">
        <ele>13.699483971111476</ele>
        <time>1970-01-01T00:24:38Z</time>
        <extensions>
          <gpxtpx:TrackPointExtension>
            <gpxtpx:hr>157</gpxtpx:hr>
          </gpxtpx:TrackPointExtension>
        </extensions>
      </trkpt>
      <trkpt lat="22.5927370775855" lon="113.96124533941213">
        <ele>13.754968099296093</ele>
        <time>1970-01-01T00:24:39Z</time>
        <extensions>
          <gpxtpx:TrackPointExtension>
            <gpxtpx:hr>157</gpxtpx:hr>
          </gpxtpx:TrackPointExtension>
        </extensions>
      </trkpt>
      <trkpt lat="22.59274005795627" lon="113.96127301732645">
        <ele>13.812988366000354</ele>
        <time>1970-01-01T00:24:40Z</time>
        <extensions>
          <gpxtpx:TrackPointExtension>
            <gpxtpx:hr>157</gpxtpx:hr>
          </gpxtpx:TrackPointExtension>
        </extensions>
      </trkpt>
      <trkpt lat="22.59274255927621" lon="113.96130076785231">
        <ele>13.874550116248429</ele>
        <time>1970-01-01T00:24:41Z</time>
        <extensions>
          <gpxtpx:TrackPointExtension>
            <gpxtpx:hr>157</gpxtpx:hr>
          </gpxtpx:TrackPointExtension>
        </extensions>
      </trkpt>
      <trkpt lat="22.59274463426556" lon="113.96132840107109">
        <ele>13.936523601412773</ele>
        <time>1970-01-01T00:24:42Z</time>
        <extensions>
          <gpxtpx:TrackPointExtension>
            <gpxtpx:hr>157</gpxtpx:hr>
          </gpxtpx:TrackPointExtension>
        </extensions>
      </trkpt>
      <trkpt lat="22.59274616513204" lon="113.96135599149953">
        <ele>13.999704878777266</ele>
        <time>1970-01-01T00:24:43Z</time>
        <extensions>
          <gpxtpx:TrackPointExtension>
            <gpxtpx:hr>157</gpxtpx:hr>
          </gpxtpx:TrackPointExtension>
        </extensions>
      </trkpt>
      <trkpt lat="22.592747177999943" lon="113.96138369503585">
        <ele>14.062983185984194</ele>
        <time>1970-01-01T00:24:44Z</time>
        <extensions>
          <gpxtpx:TrackPointExtension>
            <gpxtpx:hr>157</gpxtpx:hr>
          </gpxtpx:TrackPointExtension>
        </extensions>
      </trkpt>
      <trkpt lat="22.592747683470808" lon="113.96141156649756">
        <ele>14.12796600162983</ele>
        <time>1970-01-01T00:24:45Z</time>
        <extensions>
          <gpxtpx:TrackPointExtension>
            <gpxtpx:hr>157</gpxtpx:hr>
          </gpxtpx:TrackPointExtension>
        </extensions>
      </trkpt>
      <trkpt lat="22.5927477802685" lon="113.9614394679442">
        <ele>14.195575403049588</ele>
        <time>1970-01-01T00:24:46Z</time>
        <extensions>
          <gpxtpx:TrackPointExtension>
            <gpxtpx:hr>155</gpxtpx:hr>
          </gpxtpx:TrackPointExtension>
        </extensions>
      </trkpt>
      <trkpt lat="22.592747923133647" lon="113.96146729682798">
        <ele>14.265227973461151</ele>
        <time>1970-01-01T00:24:47Z</time>
        <extensions>
          <gpxtpx:TrackPointExtension>
            <gpxtpx:hr>155</gpxtpx:hr>
          </gpxtpx:TrackPointExtension>
        </extensions>
      </trkpt>
      <trkpt lat="22.5927476007243" lon="113.9614950294465">
        <ele>14.33437526319176</ele>
        <time>1970-01-01T00:24:48Z</time>
        <extensions>
          <gpxtpx:TrackPointExtension>
            <gpxtpx:hr>155</gpxtpx:hr>
          </gpxtpx:TrackPointExtension>
        </extensions>
      </trkpt>
      <trkpt lat="22.592746804001738" lon="113.96152263370016">
        <ele>14.401851336471736</ele>
        <time>1970-01-01T00:24:49Z</time>
        <extensions>
          <gpxtpx:TrackPointExtension>
            <gpxtpx:hr>155</gpxtpx:hr>
          </gpxtpx:TrackPointExtension>
        </extensions>
      </trkpt>
      <trkpt lat="22.59274632867922" lon="113.96155011616663">
        <ele>14.469263181090355</ele>
        <time>1970-01-01T00:24:50Z</time>
        <extensions>
          <gpxtpx:TrackPointExtension>
            <gpxtpx:hr>155</gpxtpx:hr>
          </gpxtpx:TrackPointExtension>
        </extensions>
      </trkpt>
      <trkpt lat="22.592746435666932" lon="113.9615775292208">
        <ele>14.53515850752592</ele>
        <time>1970-01-01T00:24:51Z</time>
        <extensions>
          <gpxtpx:TrackPointExtension>
            <gpxtpx:hr>155</gpxtpx:hr>
          </gpxtpx:TrackPointExtension>
        </extensions>
      </trkpt>
      <trkpt lat="22.592747130530178" lon="113.96160492282058">
        <ele>14.599253206513822</ele>
        <time>1970-01-01T00:24:52Z</time>
        <extensions>
          <gpxtpx:TrackPointExtension>
            <gpxtpx:hr>155</gpxtpx:hr>
          </gpxtpx:TrackPointExtension>
        </extensions>
      </trkpt>
      <trkpt lat="22.592748218307875" lon="113.96163226239752">
        <ele>14.66197567153722</ele>
        <time>1970-01-01T00:24:53Z</time>
        <extensions>
          <gpxtpx:TrackPointExtension>
            <gpxtpx:hr>155</gpxtpx:hr>
          </gpxtpx:TrackPointExtension>
        </extensions>
      </trkpt>
      <trkpt lat="22.592749568940054" lon="113.96165958063939">
        <ele>14.72098375391215</ele>
        <time>1970-01-01T00:24:54Z</time>
        <extensions>
          <gpxtpx:TrackPointExtension>
            <gpxtpx:hr>155</gpxtpx:hr>
          </gpxtpx:TrackPointExtension>
        </extensions>
      </trkpt>
      <trkpt lat="22.592750586399042" lon="113.96168687988711">
        <ele>14.777945253998041</ele>
        <time>1970-01-01T00:24:55Z</time>
        <extensions>
          <gpxtpx:TrackPointExtension>
            <gpxtpx:hr>155</gpxtpx:hr>
          </gpxtpx:TrackPointExtension>
        </extensions>
      </trkpt>
      <trkpt lat="22.592751172257678" lon="113.96171411270193">
        <ele>14.831723465584219</ele>
        <time>1970-01-01T00:24:56Z</time>
        <extensions>
          <gpxtpx:TrackPointExtension>
            <gpxtpx:hr>155</gpxtpx:hr>
          </gpxtpx:TrackPointExtension>
        </extensions>
      </trkpt>
      <trkpt lat="22.592751750923725" lon="113.96174153495433">
        <ele>14.883147787302732</ele>
        <time>1970-01-01T00:24:57Z</time>
        <extensions>
          <gpxtpx:TrackPointExtension>
            <gpxtpx:hr>155</gpxtpx:hr>
          </gpxtpx:TrackPointExtension>
        </extensions>
      </trkpt>
      <trkpt lat="22.592752305361422" lon="113.96176916021886">
        <ele>14.931405869312584</ele>
        <time>1970-01-01T00:24:58Z</time>
        <extensions>
          <gpxtpx:TrackPointExtension>
            <gpxtpx:hr>154</gpxtpx:hr>
          </gpxtpx:TrackPointExtension>
        </extensions>
      </trkpt>
      <trkpt lat="22.592752741775275" lon="113.96179702924462">
        <ele>14.976602391339839</ele>
        <time>1970-01-01T00:24:59Z</time>
        <extensions>
          <gpxtpx:TrackPointExtension>
            <gpxtpx:hr>154</gpxtpx:hr>
          </gpxtpx:TrackPointExtension>
        </extensions>
      </trkpt>
      <trkpt lat="22.592753031357763" lon="113.96182513891654">
        <ele>15.019059242680669</ele>
        <time>1970-01-01T00:25:00Z</time>
        <extensions>
          <gpxtpx:TrackPointExtension>
            <gpxtpx:hr>154</gpxtpx:hr>
          </gpxtpx:TrackPointExtension>
        </extensions>
      </trkpt>
      <trkpt lat="22.592753017116433" lon="113.96185354048748">
        <ele>15.058743640780449</ele>
        <time>1970-01-01T00:25:01Z</time>
        <extensions>
          <gpxtpx:TrackPointExtension>
            <gpxtpx:hr>154</gpxtpx:hr>
          </gpxtpx:TrackPointExtension>
        </extensions>
      </trkpt>
      <trkpt lat="22.592753180543767" lon="113.96188214550538">
        <ele>15.094922163523734</ele>
        <time>1970-01-01T00:25:02Z</time>
        <extensions>
          <gpxtpx:TrackPointExtension>
            <gpxtpx:hr>154</gpxtpx:hr>
          </gpxtpx:TrackPointExtension>
        </extensions>
      </trkpt>
      <trkpt lat="22.592754092049855" lon="113.96191085949268">
        <ele>15.12871228531003</ele>
        <time>1970-01-01T00:25:03Z</time>
        <extensions>
          <gpxtpx:TrackPointExtension>
            <gpxtpx:hr>154</gpxtpx:hr>
          </gpxtpx:TrackPointExtension>
        </extensions>
      </trkpt>
      <trkpt lat="22.59275542577837" lon="113.9619395560717">
        <ele>15.159002045169473</ele>
        <time>1970-01-01T00:25:04Z</time>
        <extensions>
          <gpxtpx:TrackPointExtension>
            <gpxtpx:hr>154</gpxtpx:hr>
          </gpxtpx:TrackPointExtension>
        </extensions>
      </trkpt>
      <trkpt lat="22.59275682310215" lon="113.96196835704673">
        <ele>15.186779329553246</ele>
        <time>1970-01-01T00:25:05Z</time>
        <extensions>
          <gpxtpx:TrackPointExtension>
            <gpxtpx:hr>154</gpxtpx:hr>
          </gpxtpx:TrackPointExtension>
        </extensions>
      </trkpt>
      <trkpt lat="22.59275823927146" lon="113.96199733955929">
        <ele>15.212250685319304</ele>
        <time>1970-01-01T00:25:06Z</time>
        <extensions>
          <gpxtpx:TrackPointExtension>
            <gpxtpx:hr>154</gpxtpx:hr>
          </gpxtpx:TrackPointExtension>
        </extensions>
      </trkpt>
      <trkpt lat="22.592759763407027" lon="113.96202638695337">
        <ele>15.235316745005548</ele>
        <time>1970-01-01T00:25:07Z</time>
        <extensions>
          <gpxtpx:TrackPointExtension>
            <gpxtpx:hr>153</gpxtpx:hr>
          </gpxtpx:TrackPointExtension>
        </extensions>
      </trkpt>
      <trkpt lat="22.592761074761086" lon="113.96205534167903">
        <ele>15.256241464987397</ele>
        <time>1970-01-01T00:25:08Z</time>
        <extensions>
          <gpxtpx:TrackPointExtension>
            <gpxtpx:hr>153</gpxtpx:hr>
          </gpxtpx:TrackPointExtension>
        </extensions>
      </trkpt>
      <trkpt lat="22.592762159630478" lon="113.96208431866754">
        <ele>15.27417834661901</ele>
        <time>1970-01-01T00:25:09Z</time>
        <extensions>
          <gpxtpx:TrackPointExtension>
            <gpxtpx:hr>153</gpxtpx:hr>
          </gpxtpx:TrackPointExtension>
        </extensions>
      </trkpt>
      <trkpt lat="22.59276241520486" lon="113.9621133019323">
        <ele>15.291009690612555</ele>
        <time>1970-01-01T00:25:10Z</time>
        <extensions>
          <gpxtpx:TrackPointExtension>
            <gpxtpx:hr>153</gpxtpx:hr>
          </gpxtpx:TrackPointExtension>
        </extensions>
      </trkpt>
      <trkpt lat="22.592761672410816" lon="113.96214238332844">
        <ele>15.30564802698791</ele>
        <time>1970-01-01T00:25:11Z</time>
        <extensions>
          <gpxtpx:TrackPointExtension>
            <gpxtpx:hr>153</gpxtpx:hr>
          </gpxtpx:TrackPointExtension>
        </extensions>
      </trkpt>
      <trkpt lat="22.592761036779656" lon="113.96217146900753">
        <ele>15.318921312689781</ele>
        <time>1970-01-01T00:25:12Z</time>
        <extensions>
          <gpxtpx:TrackPointExtension>
            <gpxtpx:hr>155</gpxtpx:hr>
          </gpxtpx:TrackPointExtension>
        </extensions>
      </trkpt>
      <trkpt lat="22.5927605353192" lon="113.96220052373059">
        <ele>15.330740582197905</ele>
        <time>1970-01-01T00:25:13Z</time>
        <extensions>
          <gpxtpx:TrackPointExtension>
            <gpxtpx:hr>155</gpxtpx:hr>
          </gpxtpx:TrackPointExtension>
        </extensions>
      </trkpt>
      <trkpt lat="22.59275961267697" lon="113.96222953804781">
        <ele>15.342959260568023</ele>
        <time>1970-01-01T00:25:14Z</time>
        <extensions>
          <gpxtpx:TrackPointExtension>
            <gpxtpx:hr>155</gpxtpx:hr>
          </gpxtpx:TrackPointExtension>
        </extensions>
      </trkpt>
      <trkpt lat="22.592758407635284" lon="113.96225862819846">
        <ele>15.354264480993152</ele>
        <time>1970-01-01T00:25:15Z</time>
        <extensions>
          <gpxtpx:TrackPointExtension>
            <gpxtpx:hr>155</gpxtpx:hr>
          </gpxtpx:TrackPointExtension>
        </extensions>
      </trkpt>
      <trkpt lat="22.592757669367582" lon="113.96228775388856">
        <ele>15.365403341129422</ele>
        <time>1970-01-01T00:25:16Z</time>
        <extensions>
          <gpxtpx:TrackPointExtension>
            <gpxtpx:hr>155</gpxtpx:hr>
          </gpxtpx:TrackPointExtension>
        </extensions>
      </trkpt>
      <trkpt lat="22.592757431056803" lon="113.96231673157169">
        <ele>15.377632353454828</ele>
        <time>1970-01-01T00:25:17Z</time>
        <extensions>
          <gpxtpx:TrackPointExtension>
            <gpxtpx:hr>155</gpxtpx:hr>
          </gpxtpx:TrackPointExtension>
        </extensions>
      </trkpt>
      <trkpt lat="22.592757899211314" lon="113.96234566671627">
        <ele>15.389248793013394</ele>
        <time>1970-01-01T00:25:18Z</time>
        <extensions>
          <gpxtpx:TrackPointExtension>
            <gpxtpx:hr>155</gpxtpx:hr>
          </gpxtpx:TrackPointExtension>
        </extensions>
      </trkpt>
      <trkpt lat="22.592758925583535" lon="113.96237452486281">
        <ele>15.40222173370421</ele>
        <time>1970-01-01T00:25:19Z</time>
        <extensions>
          <gpxtpx:TrackPointExtension>
            <gpxtpx:hr>155</gpxtpx:hr>
          </gpxtpx:TrackPointExtension>
        </extensions>
      </trkpt>
      <trkpt lat="22.59276021742696" lon="113.96240318233727">
        <ele>15.414614890702069</ele>
        <time>1970-01-01T00:25:20Z</time>
        <extensions>
          <gpxtpx:TrackPointExtension>
            <gpxtpx:hr>155</gpxtpx:hr>
          </gpxtpx:TrackPointExtension>
        </extensions>
      </trkpt>
      <trkpt lat="22.592761629551287" lon="113.96243179412865">
        <ele>15.429138941690326</ele>
        <time>1970-01-01T00:25:21Z</time>
        <extensions>
          <gpxtpx:TrackPointExtension>
            <gpxtpx:hr>155</gpxtpx:hr>
          </gpxtpx:TrackPointExtension>
        </extensions>
      </trkpt>
      <trkpt lat="22.59276292332537" lon="113.96246040418747">
        <ele>15.435855019837618</ele>
        <time>1970-01-01T00:25:22Z</time>
        <extensions>
          <gpxtpx:TrackPointExtension>
            <gpxtpx:hr>155</gpxtpx:hr>
          </gpxtpx:TrackPointExtension>
        </extensions>
      </trkpt>
      <trkpt lat="22.592764167261585" lon="113.96248920616385">
        <ele>15.44359204173088</ele>
        <time>1970-01-01T00:25:23Z</time>
        <extensions>
          <gpxtpx:TrackPointExtension>
            <gpxtpx:hr>155</gpxtpx:hr>
          </gpxtpx:TrackPointExtension>
        </extensions>
      </trkpt>
      <trkpt lat="22.59276508158374" lon="113.96251816663943">
        <ele>15.453733400441706</ele>
        <time>1970-01-01T00:25:24Z</time>
        <extensions>
          <gpxtpx:TrackPointExtension>
            <gpxtpx:hr>157</gpxtpx:hr>
          </gpxtpx:TrackPointExtension>
        </extensions>
      </trkpt>
      <trkpt lat="22.592765696758455" lon="113.96254723057447">
        <ele>15.465056615881622</ele>
        <time>1970-01-01T00:25:25Z</time>
        <extensions>
          <gpxtpx:TrackPointExtension>
            <gpxtpx:hr>157</gpxtpx:hr>
          </gpxtpx:TrackPointExtension>
        </extensions>
      </trkpt>
      <trkpt lat="22.59276627086271" lon="113.96257640056136">
        <ele>15.475466103293002</ele>
        <time>1970-01-01T00:25:26Z</time>
        <extensions>
          <gpxtpx:TrackPointExtension>
            <gpxtpx:hr>157</gpxtpx:hr>
          </gpxtpx:TrackPointExtension>
        </extensions>
      </trkpt>
      <trkpt lat="22.592766980465157" lon="113.96260554375917">
        <ele>15.485191512852907</ele>
        <time>1970-01-01T00:25:27Z</time>
        <extensions>
          <gpxtpx:TrackPointExtension>
            <gpxtpx:hr>157</gpxtpx:hr>
          </gpxtpx:TrackPointExtension>
        </extensions>
      </trkpt>
      <trkpt lat="22.592767788754717" lon="113.96263461152977">
        <ele>15.493793768808246</ele>
        <time>1970-01-01T00:25:28Z</time>
        <extensions>
          <gpxtpx:TrackPointExtension>
            <gpxtpx:hr>156</gpxtpx:hr>
          </gpxtpx:TrackPointExtension>
        </extensions>
      </trkpt>
      <trkpt lat="22.592768715542974" lon="113.96266357908269">
        <ele>15.499992724508047</ele>
        <time>1970-01-01T00:25:29Z</time>
        <extensions>
          <gpxtpx:TrackPointExtension>
            <gpxtpx:hr>156</gpxtpx:hr>
          </gpxtpx:TrackPointExtension>
        </extensions>
      </trkpt>
      <trkpt lat="22.59276889377272" lon="113.9626923337821">
        <ele>15.504957172088325</ele>
        <time>1970-01-01T00:25:30Z</time>
        <extensions>
          <gpxtpx:TrackPointExtension>
            <gpxtpx:hr>156</gpxtpx:hr>
          </gpxtpx:TrackPointExtension>
        </extensions>
      </trkpt>
      <trkpt lat="22.592768259971255" lon="113.96272108526085">
        <ele>15.507860613055527</ele>
        <time>1970-01-01T00:25:31Z</time>
        <extensions>
          <gpxtpx:TrackPointExtension>
            <gpxtpx:hr>156</gpxtpx:hr>
          </gpxtpx:TrackPointExtension>
        </extensions>
      </trkpt>
      <trkpt lat="22.592767667698276" lon="113.96274981288867">
        <ele>15.509164594113827</ele>
        <time>1970-01-01T00:25:32Z</time>
        <extensions>
          <gpxtpx:TrackPointExtension>
            <gpxtpx:hr>156</gpxtpx:hr>
          </gpxtpx:TrackPointExtension>
        </extensions>
      </trkpt>
      <trkpt lat="22.592766844277595" lon="113.96277838466777">
        <ele>15.50826526992023</ele>
        <time>1970-01-01T00:25:33Z</time>
        <extensions>
          <gpxtpx:TrackPointExtension>
            <gpxtpx:hr>155</gpxtpx:hr>
          </gpxtpx:TrackPointExtension>
        </extensions>
      </trkpt>
      <trkpt lat="22.592765796918684" lon="113.96280701199535">
        <ele>15.50448933802545</ele>
        <time>1970-01-01T00:25:34Z</time>
        <extensions>
          <gpxtpx:TrackPointExtension>
            <gpxtpx:hr>155</gpxtpx:hr>
          </gpxtpx:TrackPointExtension>
        </extensions>
      </trkpt>
      <trkpt lat="22.59276536137606" lon="113.9628355524147">
        <ele>15.499238309450448</ele>
        <time>1970-01-01T00:25:35Z</time>
        <extensions>
          <gpxtpx:TrackPointExtension>
            <gpxtpx:hr>155</gpxtpx:hr>
          </gpxtpx:TrackPointExtension>
        </extensions>
      </trkpt>
      <trkpt lat="22.592765818738005" lon="113.96286378962034">
        <ele>15.49192893318832</ele>
        <time>1970-01-01T00:25:36Z</time>
        <extensions>
          <gpxtpx:TrackPointExtension>
            <gpxtpx:hr>155</gpxtpx:hr>
          </gpxtpx:TrackPointExtension>
        </extensions>
      </trkpt>
      <trkpt lat="22.592766620030467" lon="113.96289191327052">
        <ele>15.483188807964325</ele>
        <time>1970-01-01T00:25:37Z</time>
        <extensions>
          <gpxtpx:TrackPointExtension>
            <gpxtpx:hr>155</gpxtpx:hr>
          </gpxtpx:TrackPointExtension>
        </extensions>
      </trkpt>
      <trkpt lat="22.59276823423582" lon="113.96292023864203">
        <ele>15.470584609545767</ele>
        <time>1970-01-01T00:25:38Z</time>
        <extensions>
          <gpxtpx:TrackPointExtension>
            <gpxtpx:hr>155</gpxtpx:hr>
          </gpxtpx:TrackPointExtension>
        </extensions>
      </trkpt>
      <trkpt lat="22.59277028110982" lon="113.96294867005369">
        <ele>15.45591507665813</ele>
        <time>1970-01-01T00:25:39Z</time>
        <extensions>
          <gpxtpx:TrackPointExtension>
            <gpxtpx:hr>155</gpxtpx:hr>
          </gpxtpx:TrackPointExtension>
        </extensions>
      </trkpt>
      <trkpt lat="22.592772078383945" lon="113.96297729342018">
        <ele>15.437661843374372</ele>
        <time>1970-01-01T00:25:40Z</time>
        <extensions>
          <gpxtpx:TrackPointExtension>
            <gpxtpx:hr>155</gpxtpx:hr>
          </gpxtpx:TrackPointExtension>
        </extensions>
      </trkpt>
      <trkpt lat="22.592773897406754" lon="113.96300594613277">
        <ele>15.41764569748193</ele>
        <time>1970-01-01T00:25:41Z</time>
        <extensions>
          <gpxtpx:TrackPointExtension>
            <gpxtpx:hr>155</gpxtpx:hr>
          </gpxtpx:TrackPointExtension>
        </extensions>
      </trkpt>
      <trkpt lat="22.59277551859098" lon="113.9630345774637">
        <ele>15.39509363938123</ele>
        <time>1970-01-01T00:25:42Z</time>
        <extensions>
          <gpxtpx:TrackPointExtension>
            <gpxtpx:hr>155</gpxtpx:hr>
          </gpxtpx:TrackPointExtension>
        </extensions>
      </trkpt>
      <trkpt lat="22.59277607154796" lon="113.96306305748026">
        <ele>15.370525515638292</ele>
        <time>1970-01-01T00:25:43Z</time>
        <extensions>
          <gpxtpx:TrackPointExtension>
            <gpxtpx:hr>155</gpxtpx:hr>
          </gpxtpx:TrackPointExtension>
        </extensions>
      </trkpt>
      <trkpt lat="22.592775137711268" lon="113.96309148062095">
        <ele>15.34528844524175</ele>
        <time>1970-01-01T00:25:44Z</time>
        <extensions>
          <gpxtpx:TrackPointExtension>
            <gpxtpx:hr>155</gpxtpx:hr>
          </gpxtpx:TrackPointExtension>
        </extensions>
      </trkpt>
      <trkpt lat="22.592773528336114" lon="113.96311951901468">
        <ele>15.318702950142324</ele>
        <time>1970-01-01T00:25:45Z</time>
        <extensions>
          <gpxtpx:TrackPointExtension>
            <gpxtpx:hr>154</gpxtpx:hr>
          </gpxtpx:TrackPointExtension>
        </extensions>
      </trkpt>
      <trkpt lat="22.59277120847065" lon="113.96314729782003">
        <ele>15.291307394392788</ele>
        <time>1970-01-01T00:25:46Z</time>
        <extensions>
          <gpxtpx:TrackPointExtension>
            <gpxtpx:hr>154</gpxtpx:hr>
          </gpxtpx:TrackPointExtension>
        </extensions>
      </trkpt>
      <trkpt lat="22.592768946072916" lon="113.96317556118531">
        <ele>15.264048432931304</ele>
        <time>1970-01-01T00:25:47Z</time>
        <extensions>
          <gpxtpx:TrackPointExtension>
            <gpxtpx:hr>154</gpxtpx:hr>
          </gpxtpx:TrackPointExtension>
        </extensions>
      </trkpt>
      <trkpt lat="22.592767822169247" lon="113.96320419193405">
        <ele>15.236378753557801</ele>
        <time>1970-01-01T00:25:48Z</time>
        <extensions>
          <gpxtpx:TrackPointExtension>
            <gpxtpx:hr>154</gpxtpx:hr>
          </gpxtpx:TrackPointExtension>
        </extensions>
      </trkpt>
      <trkpt lat="22.59276750011214" lon="113.96323280095953">
        <ele>15.210085920989513</ele>
        <time>1970-01-01T00:25:49Z</time>
        <extensions>
          <gpxtpx:TrackPointExtension>
            <gpxtpx:hr>154</gpxtpx:hr>
          </gpxtpx:TrackPointExtension>
        </extensions>
      </trkpt>
      <trkpt lat="22.592767457575896" lon="113.96326150719212">
        <ele>15.18341900780797</ele>
        <time>1970-01-01T00:25:50Z</time>
        <extensions>
          <gpxtpx:TrackPointExtension>
            <gpxtpx:hr>154</gpxtpx:hr>
          </gpxtpx:TrackPointExtension>
        </extensions>
      </trkpt>
      <trkpt lat="22.592767180203584" lon="113.9632904651601">
        <ele>15.156316713429987</ele>
        <time>1970-01-01T00:25:51Z</time>
        <extensions>
          <gpxtpx:TrackPointExtension>
            <gpxtpx:hr>154</gpxtpx:hr>
          </gpxtpx:TrackPointExtension>
        </extensions>
      </trkpt>
      <trkpt lat="22.59276727363515" lon="113.96331962669267">
        <ele>15.128726215101779</ele>
        <time>1970-01-01T00:25:52Z</time>
        <extensions>
          <gpxtpx:TrackPointExtension>
            <gpxtpx:hr>154</gpxtpx:hr>
          </gpxtpx:TrackPointExtension>
        </extensions>
      </trkpt>
      <trkpt lat="22.592767869789224" lon="113.96334874155056">
        <ele>15.101577966473997</ele>
        <time>1970-01-01T00:25:53Z</time>
        <extensions>
          <gpxtpx:TrackPointExtension>
            <gpxtpx:hr>154</gpxtpx:hr>
          </gpxtpx:TrackPointExtension>
        </extensions>
      </trkpt>
      <trkpt lat="22.592768417676883" lon="113.96337797025275">
        <ele>15.075624225661159</ele>
        <time>1970-01-01T00:25:54Z</time>
        <extensions>
          <gpxtpx:TrackPointExtension>
            <gpxtpx:hr>153</gpxtpx:hr>
          </gpxtpx:TrackPointExtension>
        </extensions>
      </trkpt>
      <trkpt lat="22.592769054201742" lon="113.96340729926351">
        <ele>15.049927073530853</ele>
        <time>1970-01-01T00:25:55Z</time>
        <extensions>
          <gpxtpx:TrackPointExtension>
            <gpxtpx:hr>153</gpxtpx:hr>
          </gpxtpx:TrackPointExtension>
        </extensions>
      </trkpt>
      <trkpt lat="22.592769949543886" lon="113.96343660908987">
        <ele>15.024498770944774</ele>
        <time>1970-01-01T00:25:56Z</time>
        <extensions>
          <gpxtpx:TrackPointExtension>
            <gpxtpx:hr>153</gpxtpx:hr>
          </gpxtpx:TrackPointExtension>
        </extensions>
      </trkpt>
      <trkpt lat="22.592770857446975" lon="113.96346586794978">
        <ele>15.000946257263422</ele>
        <time>1970-01-01T00:25:57Z</time>
        <extensions>
          <gpxtpx:TrackPointExtension>
            <gpxtpx:hr>153</gpxtpx:hr>
          </gpxtpx:TrackPointExtension>
        </extensions>
      </trkpt>
      <trkpt lat="22.592771852973833" lon="113.96349518323557">
        <ele>14.978066920302808</ele>
        <time>1970-01-01T00:25:58Z</time>
        <extensions>
          <gpxtpx:TrackPointExtension>
            <gpxtpx:hr>153</gpxtpx:hr>
          </gpxtpx:TrackPointExtension>
        </extensions>
      </trkpt>
      <trkpt lat="22.59277281725426" lon="113.96352462949538">
        <ele>14.956295752897859</ele>
        <time>1970-01-01T00:25:59Z</time>
        <extensions>
          <gpxtpx:TrackPointExtension>
            <gpxtpx:hr>154</gpxtpx:hr>
          </gpxtpx:TrackPointExtension>
        </extensions>
      </trkpt>
      <trkpt lat="22.592773618599733" lon="113.96355408568343">
        <ele>14.937252404168248</ele>
        <time>1970-01-01T00:26:00Z</time>
        <extensions>
          <gpxtpx:TrackPointExtension>
            <gpxtpx:hr>154</gpxtpx:hr>
          </gpxtpx:TrackPointExtension>
        </extensions>
      </trkpt>
      <trkpt lat="22.592774188607265" lon="113.96358355732656">
        <ele>14.919086085632443</ele>
        <time>1970-01-01T00:26:01Z</time>
        <extensions>
          <gpxtpx:TrackPointExtension>
            <gpxtpx:hr>154</gpxtpx:hr>
          </gpxtpx:TrackPointExtension>
        </extensions>
      </trkpt>
      <trkpt lat="22.592774829893777" lon="113.96361299654208">
        <ele>14.903840097598732</ele>
        <time>1970-01-01T00:26:02Z</time>
        <extensions>
          <gpxtpx:TrackPointExtension>
            <gpxtpx:hr>154</gpxtpx:hr>
          </gpxtpx:TrackPointExtension>
        </extensions>
      </trkpt>
      <trkpt lat="22.5927764931876" lon="113.96364227717238">
        <ele>14.890497448854148</ele>
        <time>1970-01-01T00:26:03Z</time>
        <extensions>
          <gpxtpx:TrackPointExtension>
            <gpxtpx:hr>154</gpxtpx:hr>
          </gpxtpx:TrackPointExtension>
        </extensions>
      </trkpt>
      <trkpt lat="22.592779723555203" lon="113.96367124528483">
        <ele>14.878775238059461</ele>
        <time>1970-01-01T00:26:04Z</time>
        <extensions>
          <gpxtpx:TrackPointExtension>
            <gpxtpx:hr>154</gpxtpx:hr>
          </gpxtpx:TrackPointExtension>
        </extensions>
      </trkpt>
      <trkpt lat="22.59278323667326" lon="113.96370019094846">
        <ele>14.870092952623963</ele>
        <time>1970-01-01T00:26:05Z</time>
        <extensions>
          <gpxtpx:TrackPointExtension>
            <gpxtpx:hr>154</gpxtpx:hr>
          </gpxtpx:TrackPointExtension>
        </extensions>
      </trkpt>
      <trkpt lat="22.59278543208613" lon="113.96372923604349">
        <ele>14.86486990749836</ele>
        <time>1970-01-01T00:26:06Z</time>
        <extensions>
          <gpxtpx:TrackPointExtension>
            <gpxtpx:hr>154</gpxtpx:hr>
          </gpxtpx:TrackPointExtension>
        </extensions>
      </trkpt>
      <trkpt lat="22.59278668322149" lon="113.96375828405715">
        <ele>14.86252443306148</ele>
        <time>1970-01-01T00:26:07Z</time>
        <extensions>
          <gpxtpx:TrackPointExtension>
            <gpxtpx:hr>154</gpxtpx:hr>
          </gpxtpx:TrackPointExtension>
        </extensions>
      </trkpt>
      <trkpt lat="22.592787177050965" lon="113.96378725584005">
        <ele>14.863848398439586</ele>
        <time>1970-01-01T00:26:08Z</time>
        <extensions>
          <gpxtpx:TrackPointExtension>
            <gpxtpx:hr>154</gpxtpx:hr>
          </gpxtpx:TrackPointExtension>
        </extensions>
      </trkpt>
      <trkpt lat="22.592787229869547" lon="113.9638160840522">
        <ele>14.867992142215371</ele>
        <time>1970-01-01T00:26:09Z</time>
        <extensions>
          <gpxtpx:TrackPointExtension>
            <gpxtpx:hr>154</gpxtpx:hr>
          </gpxtpx:TrackPointExtension>
        </extensions>
      </trkpt>
      <trkpt lat="22.592786578048532" lon="113.96384463836652">
        <ele>14.87586822733283</ele>
        <time>1970-01-01T00:26:10Z</time>
        <extensions>
          <gpxtpx:TrackPointExtension>
            <gpxtpx:hr>154</gpxtpx:hr>
          </gpxtpx:TrackPointExtension>
        </extensions>
      </trkpt>
      <trkpt lat="22.592784973825676" lon="113.96387260437946">
        <ele>14.890119234099984</ele>
        <time>1970-01-01T00:26:11Z</time>
        <extensions>
          <gpxtpx:TrackPointExtension>
            <gpxtpx:hr>154</gpxtpx:hr>
          </gpxtpx:TrackPointExtension>
        </extensions>
      </trkpt>
      <trkpt lat="22.59278258657341" lon="113.9638993672339">
        <ele>14.907883070409298</ele>
        <time>1970-01-01T00:26:12Z</time>
        <extensions>
          <gpxtpx:TrackPointExtension>
            <gpxtpx:hr>154</gpxtpx:hr>
          </gpxtpx:TrackPointExtension>
        </extensions>
      </trkpt>
      <trkpt lat="22.592781403649983" lon="113.96392602081332">
        <ele>14.93107233196497</ele>
        <time>1970-01-01T00:26:13Z</time>
        <extensions>
          <gpxtpx:TrackPointExtension>
            <gpxtpx:hr>154</gpxtpx:hr>
          </gpxtpx:TrackPointExtension>
        </extensions>
      </trkpt>
      <trkpt lat="22.592781598065113" lon="113.96395382916991">
        <ele>14.961723511107266</ele>
        <time>1970-01-01T00:26:14Z</time>
        <extensions>
          <gpxtpx:TrackPointExtension>
            <gpxtpx:hr>153</gpxtpx:hr>
          </gpxtpx:TrackPointExtension>
        </extensions>
      </trkpt>
      <trkpt lat="22.59278117965821" lon="113.9639822919989">
        <ele>14.998804337345064</ele>
        <time>1970-01-01T00:26:15Z</time>
        <extensions>
          <gpxtpx:TrackPointExtension>
            <gpxtpx:hr>153</gpxtpx:hr>
          </gpxtpx:TrackPointExtension>
        </extensions>
      </trkpt>
      <trkpt lat="22.59277975898653" lon="113.96401110703779">
        <ele>15.0424097860232</ele>
        <time>1970-01-01T00:26:16Z</time>
        <extensions>
          <gpxtpx:TrackPointExtension>
            <gpxtpx:hr>153</gpxtpx:hr>
          </gpxtpx:TrackPointExtension>
        </extensions>
      </trkpt>
      <trkpt lat="22.59277716740987" lon="113.96403990552867">
        <ele>15.089937226846814</ele>
        <time>1970-01-01T00:26:17Z</time>
        <extensions>
          <gpxtpx:TrackPointExtension>
            <gpxtpx:hr>153</gpxtpx:hr>
          </gpxtpx:TrackPointExtension>
        </extensions>
      </trkpt>
      <trkpt lat="22.592774032003597" lon="113.96406854163963">
        <ele>15.142494154162705</ele>
        <time>1970-01-01T00:26:18Z</time>
        <extensions>
          <gpxtpx:TrackPointExtension>
            <gpxtpx:hr>153</gpxtpx:hr>
          </gpxtpx:TrackPointExtension>
        </extensions>
      </trkpt>
      <trkpt lat="22.592770604307756" lon="113.96409712297444">
        <ele>15.19993999414146</ele>
        <time>1970-01-01T00:26:19Z</time>
        <extensions>
          <gpxtpx:TrackPointExtension>
            <gpxtpx:hr>153</gpxtpx:hr>
          </gpxtpx:TrackPointExtension>
        </extensions>
      </trkpt>
      <trkpt lat="22.59276716335826" lon="113.96412586393252">
        <ele>15.261188068427145</ele>
        <time>1970-01-01T00:26:20Z</time>
        <extensions>
          <gpxtpx:TrackPointExtension>
            <gpxtpx:hr>153</gpxtpx:hr>
          </gpxtpx:TrackPointExtension>
        </extensions>
      </trkpt>
      <trkpt lat="22.59276392157952" lon="113.96415481882136">
        <ele>15.326882623136044</ele>
        <time>1970-01-01T00:26:21Z</time>
        <extensions>
          <gpxtpx:TrackPointExtension>
            <gpxtpx:hr>153</gpxtpx:hr>
          </gpxtpx:TrackPointExtension>
        </extensions>
      </trkpt>
      <trkpt lat="22.592760580983605" lon="113.96418397432794">
        <ele>15.396487665362656</ele>
        <time>1970-01-01T00:26:22Z</time>
        <extensions>
          <gpxtpx:TrackPointExtension>
            <gpxtpx:hr>153</gpxtpx:hr>
          </gpxtpx:TrackPointExtension>
        </extensions>
      </trkpt>
      <trkpt lat="22.592756702890625" lon="113.96421333858642">
        <ele>15.470188163220882</ele>
        <time>1970-01-01T00:26:23Z</time>
        <extensions>
          <gpxtpx:TrackPointExtension>
            <gpxtpx:hr>153</gpxtpx:hr>
          </gpxtpx:TrackPointExtension>
        </extensions>
      </trkpt>
      <trkpt lat="22.592752057783176" lon="113.96424270233258">
        <ele>15.547686566598713</ele>
        <time>1970-01-01T00:26:24Z</time>
        <extensions>
          <gpxtpx:TrackPointExtension>
            <gpxtpx:hr>153</gpxtpx:hr>
          </gpxtpx:TrackPointExtension>
        </extensions>
      </trkpt>
      <trkpt lat="22.592747742086942" lon="113.96427203683614">
        <ele>15.62879300583154</ele>
        <time>1970-01-01T00:26:25Z</time>
        <extensions>
          <gpxtpx:TrackPointExtension>
            <gpxtpx:hr>153</gpxtpx:hr>
          </gpxtpx:TrackPointExtension>
        </extensions>
      </trkpt>
      <trkpt lat="22.592745049774177" lon="113.96430124671636">
        <ele>15.712731840088964</ele>
        <time>1970-01-01T00:26:26Z</time>
        <extensions>
          <gpxtpx:TrackPointExtension>
            <gpxtpx:hr>153</gpxtpx:hr>
          </gpxtpx:TrackPointExtension>
        </extensions>
      </trkpt>
      <trkpt lat="22.592744227465953" lon="113.96433034656006">
        <ele>15.798798833973706</ele>
        <time>1970-01-01T00:26:27Z</time>
        <extensions>
          <gpxtpx:TrackPointExtension>
            <gpxtpx:hr>153</gpxtpx:hr>
          </gpxtpx:TrackPointExtension>
        </extensions>
      </trkpt>
      <trkpt lat="22.59274511675812" lon="113.96435941738886">
        <ele>15.88575419317931</ele>
        <time>1970-01-01T00:26:28Z</time>
        <extensions>
          <gpxtpx:TrackPointExtension>
            <gpxtpx:hr>153</gpxtpx:hr>
          </gpxtpx:TrackPointExtension>
        </extensions>
      </trkpt>
      <trkpt lat="22.59274710781918" lon="113.9643885327385">
        <ele>15.971271225251257</ele>
        <time>1970-01-01T00:26:29Z</time>
        <extensions>
          <gpxtpx:TrackPointExtension>
            <gpxtpx:hr>153</gpxtpx:hr>
          </gpxtpx:TrackPointExtension>
        </extensions>
      </trkpt>
      <trkpt lat="22.592749890511282" lon="113.9644175924483">
        <ele>16.056363903917372</ele>
        <time>1970-01-01T00:26:30Z</time>
        <extensions>
          <gpxtpx:TrackPointExtension>
            <gpxtpx:hr>154</gpxtpx:hr>
          </gpxtpx:TrackPointExtension>
        </extensions>
      </trkpt>
      <trkpt lat="22.59275349339695" lon="113.96444657791683">
        <ele>16.139193234965205</ele>
        <time>1970-01-01T00:26:31Z</time>
        <extensions>
          <gpxtpx:TrackPointExtension>
            <gpxtpx:hr>154</gpxtpx:hr>
          </gpxtpx:TrackPointExtension>
        </extensions>
      </trkpt>
      <trkpt lat="22.592757294118172" lon="113.96447544981626">
        <ele>16.21912699379027</ele>
        <time>1970-01-01T00:26:32Z</time>
        <extensions>
          <gpxtpx:TrackPointExtension>
            <gpxtpx:hr>154</gpxtpx:hr>
          </gpxtpx:TrackPointExtension>
        </extensions>
      </trkpt>
      <trkpt lat="22.592759798367133" lon="113.96450413323737">
        <ele>16.29381383024156</ele>
        <time>1970-01-01T00:26:33Z</time>
        <extensions>
          <gpxtpx:TrackPointExtension>
            <gpxtpx:hr>154</gpxtpx:hr>
          </gpxtpx:TrackPointExtension>
        </extensions>
      </trkpt>
      <trkpt lat="22.59276142044928" lon="113.9645328012299">
        <ele>16.36368146724999</ele>
        <time>1970-01-01T00:26:34Z</time>
        <extensions>
          <gpxtpx:TrackPointExtension>
            <gpxtpx:hr>157</gpxtpx:hr>
          </gpxtpx:TrackPointExtension>
        </extensions>
      </trkpt>
      <trkpt lat="22.59276304737194" lon="113.96456178484748">
        <ele>16.431513922289014</ele>
        <time>1970-01-01T00:26:35Z</time>
        <extensions>
          <gpxtpx:TrackPointExtension>
            <gpxtpx:hr>157</gpxtpx:hr>
          </gpxtpx:TrackPointExtension>
        </extensions>
      </trkpt>
      <trkpt lat="22.592764784318337" lon="113.96459120339829">
        <ele>16.495275365188718</ele>
        <time>1970-01-01T00:26:36Z</time>
        <extensions>
          <gpxtpx:TrackPointExtension>
            <gpxtpx:hr>157</gpxtpx:hr>
          </gpxtpx:TrackPointExtension>
        </extensions>
      </trkpt>
      <trkpt lat="22.592766730835123" lon="113.96462079390449">
        <ele>16.55401485785842</ele>
        <time>1970-01-01T00:26:37Z</time>
        <extensions>
          <gpxtpx:TrackPointExtension>
            <gpxtpx:hr>157</gpxtpx:hr>
          </gpxtpx:TrackPointExtension>
        </extensions>
      </trkpt>
      <trkpt lat="22.592768546329" lon="113.96465028048868">
        <ele>16.60851415898651</ele>
        <time>1970-01-01T00:26:38Z</time>
        <extensions>
          <gpxtpx:TrackPointExtension>
            <gpxtpx:hr>157</gpxtpx:hr>
          </gpxtpx:TrackPointExtension>
        </extensions>
      </trkpt>
      <trkpt lat="22.592770230576864" lon="113.96467967015576">
        <ele>16.65816067159176</ele>
        <time>1970-01-01T00:26:39Z</time>
        <extensions>
          <gpxtpx:TrackPointExtension>
            <gpxtpx:hr>157</gpxtpx:hr>
          </gpxtpx:TrackPointExtension>
        </extensions>
      </trkpt>
      <trkpt lat="22.59277169781381" lon="113.964709115235">
        <ele>16.702711168676615</ele>
        <time>1970-01-01T00:26:40Z</time>
        <extensions>
          <gpxtpx:TrackPointExtension>
            <gpxtpx:hr>157</gpxtpx:hr>
          </gpxtpx:TrackPointExtension>
        </extensions>
      </trkpt>
      <trkpt lat="22.592772914435503" lon="113.96473868837094">
        <ele>16.743311715312302</ele>
        <time>1970-01-01T00:26:41Z</time>
        <extensions>
          <gpxtpx:TrackPointExtension>
            <gpxtpx:hr>157</gpxtpx:hr>
          </gpxtpx:TrackPointExtension>
        </extensions>
      </trkpt>
      <trkpt lat="22.59277369160955" lon="113.96476830037054">
        <ele>16.779013408347964</ele>
        <time>1970-01-01T00:26:42Z</time>
        <extensions>
          <gpxtpx:TrackPointExtension>
            <gpxtpx:hr>157</gpxtpx:hr>
          </gpxtpx:TrackPointExtension>
        </extensions>
      </trkpt>
      <trkpt lat="22.592774143167286" lon="113.96479781591984">
        <ele>16.81193609908223</ele>
        <time>1970-01-01T00:26:43Z</time>
        <extensions>
          <gpxtpx:TrackPointExtension>
            <gpxtpx:hr>157</gpxtpx:hr>
          </gpxtpx:TrackPointExtension>
        </extensions>
      </trkpt>
      <trkpt lat="22.592774354915782" lon="113.96482728196811">
        <ele>16.842524307779968</ele>
        <time>1970-01-01T00:26:44Z</time>
        <extensions>
          <gpxtpx:TrackPointExtension>
            <gpxtpx:hr>156</gpxtpx:hr>
          </gpxtpx:TrackPointExtension>
        </extensions>
      </trkpt>
      <trkpt lat="22.592774912522156" lon="113.96485678023302">
        <ele>16.87009208742529</ele>
        <time>1970-01-01T00:26:45Z</time>
        <extensions>
          <gpxtpx:TrackPointExtension>
            <gpxtpx:hr>156</gpxtpx:hr>
          </gpxtpx:TrackPointExtension>
        </extensions>
      </trkpt>
      <trkpt lat="22.59277643267661" lon="113.96488632048806">
        <ele>16.895319735631347</ele>
        <time>1970-01-01T00:26:46Z</time>
        <extensions>
          <gpxtpx:TrackPointExtension>
            <gpxtpx:hr>156</gpxtpx:hr>
          </gpxtpx:TrackPointExtension>
        </extensions>
      </trkpt>
      <trkpt lat="22.592778430279452" lon="113.96491582717773">
        <ele>16.918461123481393</ele>
        <time>1970-01-01T00:26:47Z</time>
        <extensions>
          <gpxtpx:TrackPointExtension>
            <gpxtpx:hr>156</gpxtpx:hr>
          </gpxtpx:TrackPointExtension>
        </extensions>
      </trkpt>
      <trkpt lat="22.59278067456106" lon="113.96494522833041">
        <ele>16.93806400988251</ele>
        <time>1970-01-01T00:26:48Z</time>
        <extensions>
          <gpxtpx:TrackPointExtension>
            <gpxtpx:hr>156</gpxtpx:hr>
          </gpxtpx:TrackPointExtension>
        </extensions>
      </trkpt>
      <trkpt lat="22.59278319521474" lon="113.96497453132218">
        <ele>16.954193509183824</ele>
        <time>1970-01-01T00:26:49Z</time>
        <extensions>
          <gpxtpx:TrackPointExtension>
            <gpxtpx:hr>155</gpxtpx:hr>
          </gpxtpx:TrackPointExtension>
        </extensions>
      </trkpt>
      <trkpt lat="22.592786193781578" lon="113.96500372606573">
        <ele>16.964927435852587</ele>
        <time>1970-01-01T00:26:50Z</time>
        <extensions>
          <gpxtpx:TrackPointExtension>
            <gpxtpx:hr>155</gpxtpx:hr>
          </gpxtpx:TrackPointExtension>
        </extensions>
      </trkpt>
      <trkpt lat="22.592789914300315" lon="113.96503267886634">
        <ele>16.969949061982334</ele>
        <time>1970-01-01T00:26:51Z</time>
        <extensions>
          <gpxtpx:TrackPointExtension>
            <gpxtpx:hr>155</gpxtpx:hr>
          </gpxtpx:TrackPointExtension>
        </extensions>
      </trkpt>
      <trkpt lat="22.592794917953096" lon="113.9650613174496">
        <ele>16.96855715289712</ele>
        <time>1970-01-01T00:26:52Z</time>
        <extensions>
          <gpxtpx:TrackPointExtension>
            <gpxtpx:hr>155</gpxtpx:hr>
          </gpxtpx:TrackPointExtension>
        </extensions>
      </trkpt>
      <trkpt lat="22.592799733547878" lon="113.96509016809783">
        <ele>16.959099886007607</ele>
        <time>1970-01-01T00:26:53Z</time>
        <extensions>
          <gpxtpx:TrackPointExtension>
            <gpxtpx:hr>155</gpxtpx:hr>
          </gpxtpx:TrackPointExtension>
        </extensions>
      </trkpt>
      <trkpt lat="22.592803270679532" lon="113.96511931772397">
        <ele>16.942002847790718</ele>
        <time>1970-01-01T00:26:54Z</time>
        <extensions>
          <gpxtpx:TrackPointExtension>
            <gpxtpx:hr>155</gpxtpx:hr>
          </gpxtpx:TrackPointExtension>
        </extensions>
      </trkpt>
      <trkpt lat="22.59280583386367" lon="113.96514868488389">
        <ele>16.91608300805092</ele>
        <time>1970-01-01T00:26:55Z</time>
        <extensions>
          <gpxtpx:TrackPointExtension>
            <gpxtpx:hr>156</gpxtpx:hr>
          </gpxtpx:TrackPointExtension>
        </extensions>
      </trkpt>
      <trkpt lat="22.59280716152405" lon="113.96517812588854">
        <ele>16.881766056641936</ele>
        <time>1970-01-01T00:26:56Z</time>
        <extensions>
          <gpxtpx:TrackPointExtension>
            <gpxtpx:hr>156</gpxtpx:hr>
          </gpxtpx:TrackPointExtension>
        </extensions>
      </trkpt>
      <trkpt lat="22.592807805972967" lon="113.96520777690377">
        <ele>16.838206831365824</ele>
        <time>1970-01-01T00:26:57Z</time>
        <extensions>
          <gpxtpx:TrackPointExtension>
            <gpxtpx:hr>156</gpxtpx:hr>
          </gpxtpx:TrackPointExtension>
        </extensions>
      </trkpt>
      <trkpt lat="22.59280797730961" lon="113.96523747597178">
        <ele>16.785748596303165</ele>
        <time>1970-01-01T00:26:58Z</time>
        <extensions>
          <gpxtpx:TrackPointExtension>
            <gpxtpx:hr>156</gpxtpx:hr>
          </gpxtpx:TrackPointExtension>
        </extensions>
      </trkpt>
      <trkpt lat="22.59280793835644" lon="113.96526719074866">
        <ele>16.723918731324375</ele>
        <time>1970-01-01T00:26:59Z</time>
        <extensions>
          <gpxtpx:TrackPointExtension>
            <gpxtpx:hr>156</gpxtpx:hr>
          </gpxtpx:TrackPointExtension>
        </extensions>
      </trkpt>
      <trkpt lat="22.592807768769923" lon="113.9652969850111">
        <ele>16.653705480508506</ele>
        <time>1970-01-01T00:27:00Z</time>
        <extensions>
          <gpxtpx:TrackPointExtension>
            <gpxtpx:hr>156</gpxtpx:hr>
          </gpxtpx:TrackPointExtension>
        </extensions>
      </trkpt>
      <trkpt lat="22.59280740548657" lon="113.96532690535906">
        <ele>16.57458921149373</ele>
        <time>1970-01-01T00:27:01Z</time>
        <extensions>
          <gpxtpx:TrackPointExtension>
            <gpxtpx:hr>156</gpxtpx:hr>
          </gpxtpx:TrackPointExtension>
        </extensions>
      </trkpt>
      <trkpt lat="22.59280648934835" lon="113.96535674509869">
        <ele>16.48732310347259</ele>
        <time>1970-01-01T00:27:02Z</time>
        <extensions>
          <gpxtpx:TrackPointExtension>
            <gpxtpx:hr>156</gpxtpx:hr>
          </gpxtpx:TrackPointExtension>
        </extensions>
      </trkpt>
      <trkpt lat="22.592805479336686" lon="113.96538652617053">
        <ele>16.394338335841894</ele>
        <time>1970-01-01T00:27:03Z</time>
        <extensions>
          <gpxtpx:TrackPointExtension>
            <gpxtpx:hr>156</gpxtpx:hr>
          </gpxtpx:TrackPointExtension>
        </extensions>
      </trkpt>
      <trkpt lat="22.592805264992577" lon="113.96541601684552">
        <ele>16.296279600821435</ele>
        <time>1970-01-01T00:27:04Z</time>
        <extensions>
          <gpxtpx:TrackPointExtension>
            <gpxtpx:hr>156</gpxtpx:hr>
          </gpxtpx:TrackPointExtension>
        </extensions>
      </trkpt>
      <trkpt lat="22.59280636441929" lon="113.96544540023103">
        <ele>16.194531991146505</ele>
        <time>1970-01-01T00:27:05Z</time>
        <extensions>
          <gpxtpx:TrackPointExtension>
            <gpxtpx:hr>156</gpxtpx:hr>
          </gpxtpx:TrackPointExtension>
        </extensions>
      </trkpt>
      <trkpt lat="22.592807908321245" lon="113.96547465837853">
        <ele>16.09089444577694</ele>
        <time>1970-01-01T00:27:06Z</time>
        <extensions>
          <gpxtpx:TrackPointExtension>
            <gpxtpx:hr>156</gpxtpx:hr>
          </gpxtpx:TrackPointExtension>
        </extensions>
      </trkpt>
      <trkpt lat="22.59280900545002" lon="113.96550373316431">
        <ele>15.985614364035428</ele>
        <time>1970-01-01T00:27:07Z</time>
        <extensions>
          <gpxtpx:TrackPointExtension>
            <gpxtpx:hr>156</gpxtpx:hr>
          </gpxtpx:TrackPointExtension>
        </extensions>
      </trkpt>
      <trkpt lat="22.59281040256283" lon="113.96553279758484">
        <ele>15.882115870714188</ele>
        <time>1970-01-01T00:27:08Z</time>
        <extensions>
          <gpxtpx:TrackPointExtension>
            <gpxtpx:hr>156</gpxtpx:hr>
          </gpxtpx:TrackPointExtension>
        </extensions>
      </trkpt>
      <trkpt lat="22.5928120990731" lon="113.96556205223894">
        <ele>15.779864852316678</ele>
        <time>1970-01-01T00:27:09Z</time>
        <extensions>
          <gpxtpx:TrackPointExtension>
            <gpxtpx:hr>156</gpxtpx:hr>
          </gpxtpx:TrackPointExtension>
        </extensions>
      </trkpt>
      <trkpt lat="22.592813438543335" lon="113.96559130538378">
        <ele>15.67967688664794</ele>
        <time>1970-01-01T00:27:10Z</time>
        <extensions>
          <gpxtpx:TrackPointExtension>
            <gpxtpx:hr>156</gpxtpx:hr>
          </gpxtpx:TrackPointExtension>
        </extensions>
      </trkpt>
      <trkpt lat="22.59281409762924" lon="113.96562052550945">
        <ele>15.583860604092479</ele>
        <time>1970-01-01T00:27:11Z</time>
        <extensions>
          <gpxtpx:TrackPointExtension>
            <gpxtpx:hr>156</gpxtpx:hr>
          </gpxtpx:TrackPointExtension>
        </extensions>
      </trkpt>
      <trkpt lat="22.592814253458297" lon="113.96564961502081">
        <ele>15.489779237657785</ele>
        <time>1970-01-01T00:27:12Z</time>
        <extensions>
          <gpxtpx:TrackPointExtension>
            <gpxtpx:hr>156</gpxtpx:hr>
          </gpxtpx:TrackPointExtension>
        </extensions>
      </trkpt>
      <trkpt lat="22.59281372489784" lon="113.96567871812518">
        <ele>15.400702690705657</ele>
        <time>1970-01-01T00:27:13Z</time>
        <extensions>
          <gpxtpx:TrackPointExtension>
            <gpxtpx:hr>156</gpxtpx:hr>
          </gpxtpx:TrackPointExtension>
        </extensions>
      </trkpt>
      <trkpt lat="22.59281288802658" lon="113.96570773446201">
        <ele>15.314798370935023</ele>
        <time>1970-01-01T00:27:14Z</time>
        <extensions>
          <gpxtpx:TrackPointExtension>
            <gpxtpx:hr>155</gpxtpx:hr>
          </gpxtpx:TrackPointExtension>
        </extensions>
      </trkpt>
      <trkpt lat="22.592812365251127" lon="113.96573665465138">
        <ele>15.231510345824063</ele>
        <time>1970-01-01T00:27:15Z</time>
        <extensions>
          <gpxtpx:TrackPointExtension>
            <gpxtpx:hr>155</gpxtpx:hr>
          </gpxtpx:TrackPointExtension>
        </extensions>
      </trkpt>
      <trkpt lat="22.592812197611995" lon="113.96576554584516">
        <ele>15.152667200192809</ele>
        <time>1970-01-01T00:27:16Z</time>
        <extensions>
          <gpxtpx:TrackPointExtension>
            <gpxtpx:hr>155</gpxtpx:hr>
          </gpxtpx:TrackPointExtension>
        </extensions>
      </trkpt>
      <trkpt lat="22.592812254490564" lon="113.96579443335428">
        <ele>15.077317489311099</ele>
        <time>1970-01-01T00:27:17Z</time>
        <extensions>
          <gpxtpx:TrackPointExtension>
            <gpxtpx:hr>155</gpxtpx:hr>
          </gpxtpx:TrackPointExtension>
        </extensions>
      </trkpt>
      <trkpt lat="22.592812211463983" lon="113.96582318291111">
        <ele>15.004990121349692</ele>
        <time>1970-01-01T00:27:18Z</time>
        <extensions>
          <gpxtpx:TrackPointExtension>
            <gpxtpx:hr>155</gpxtpx:hr>
          </gpxtpx:TrackPointExtension>
        </extensions>
      </trkpt>
      <trkpt lat="22.5928123275238" lon="113.96585182020797">
        <ele>14.935906083323061</ele>
        <time>1970-01-01T00:27:19Z</time>
        <extensions>
          <gpxtpx:TrackPointExtension>
            <gpxtpx:hr>155</gpxtpx:hr>
          </gpxtpx:TrackPointExtension>
        </extensions>
      </trkpt>
      <trkpt lat="22.592812717765693" lon="113.96588041121645">
        <ele>14.872418195009232</ele>
        <time>1970-01-01T00:27:20Z</time>
        <extensions>
          <gpxtpx:TrackPointExtension>
            <gpxtpx:hr>155</gpxtpx:hr>
          </gpxtpx:TrackPointExtension>
        </extensions>
      </trkpt>
      <trkpt lat="22.592813493700262" lon="113.96590918895282">
        <ele>14.815638097003102</ele>
        <time>1970-01-01T00:27:21Z</time>
        <extensions>
          <gpxtpx:TrackPointExtension>
            <gpxtpx:hr>155</gpxtpx:hr>
          </gpxtpx:TrackPointExtension>
        </extensions>
      </trkpt>
      <trkpt lat="22.592814157762536" lon="113.96593831039108">
        <ele>14.766835313290358</ele>
        <time>1970-01-01T00:27:22Z</time>
        <extensions>
          <gpxtpx:TrackPointExtension>
            <gpxtpx:hr>155</gpxtpx:hr>
          </gpxtpx:TrackPointExtension>
        </extensions>
      </trkpt>
      <trkpt lat="22.592813745327565" lon="113.96596767240393">
        <ele>14.728110562078655</ele>
        <time>1970-01-01T00:27:23Z</time>
        <extensions>
          <gpxtpx:TrackPointExtension>
            <gpxtpx:hr>153</gpxtpx:hr>
          </gpxtpx:TrackPointExtension>
        </extensions>
      </trkpt>
      <trkpt lat="22.592812482414733" lon="113.96599694204453">
        <ele>14.699334069155157</ele>
        <time>1970-01-01T00:27:24Z</time>
        <extensions>
          <gpxtpx:TrackPointExtension>
            <gpxtpx:hr>153</gpxtpx:hr>
          </gpxtpx:TrackPointExtension>
        </extensions>
      </trkpt>
      <trkpt lat="22.592810669373655" lon="113.96602587011131">
        <ele>14.681544410064816</ele>
        <time>1970-01-01T00:27:25Z</time>
        <extensions>
          <gpxtpx:TrackPointExtension>
            <gpxtpx:hr>153</gpxtpx:hr>
          </gpxtpx:TrackPointExtension>
        </extensions>
      </trkpt>
      <trkpt lat="22.592808983000445" lon="113.96605461105501">
        <ele>14.674695257097483</ele>
        <time>1970-01-01T00:27:26Z</time>
        <extensions>
          <gpxtpx:TrackPointExtension>
            <gpxtpx:hr>153</gpxtpx:hr>
          </gpxtpx:TrackPointExtension>
        </extensions>
      </trkpt>
      <trkpt lat="22.592808075205788" lon="113.96608336466133">
        <ele>14.677210870198905</ele>
        <time>1970-01-01T00:27:27Z</time>
        <extensions>
          <gpxtpx:TrackPointExtension>
            <gpxtpx:hr>153</gpxtpx:hr>
          </gpxtpx:TrackPointExtension>
        </extensions>
      </trkpt>
      <trkpt lat="22.592808222701702" lon="113.96611244775482">
        <ele>14.689009089022875</ele>
        <time>1970-01-01T00:27:28Z</time>
        <extensions>
          <gpxtpx:TrackPointExtension>
            <gpxtpx:hr>153</gpxtpx:hr>
          </gpxtpx:TrackPointExtension>
        </extensions>
      </trkpt>
      <trkpt lat="22.592808942016486" lon="113.96614198196436">
        <ele>14.709123153239489</ele>
        <time>1970-01-01T00:27:29Z</time>
        <extensions>
          <gpxtpx:TrackPointExtension>
            <gpxtpx:hr>153</gpxtpx:hr>
          </gpxtpx:TrackPointExtension>
        </extensions>
      </trkpt>
      <trkpt lat="22.592809965392203" lon="113.9661716884492">
        <ele>14.737023099325597</ele>
        <time>1970-01-01T00:27:30Z</time>
        <extensions>
          <gpxtpx:TrackPointExtension>
            <gpxtpx:hr>153</gpxtpx:hr>
          </gpxtpx:TrackPointExtension>
        </extensions>
      </trkpt>
      <trkpt lat="22.592811386269965" lon="113.96620128707576">
        <ele>14.771908317692578</ele>
        <time>1970-01-01T00:27:31Z</time>
        <extensions>
          <gpxtpx:TrackPointExtension>
            <gpxtpx:hr>154</gpxtpx:hr>
          </gpxtpx:TrackPointExtension>
        </extensions>
      </trkpt>
      <trkpt lat="22.592812892818113" lon="113.96623076922802">
        <ele>14.81468257587403</ele>
        <time>1970-01-01T00:27:32Z</time>
        <extensions>
          <gpxtpx:TrackPointExtension>
            <gpxtpx:hr>154</gpxtpx:hr>
          </gpxtpx:TrackPointExtension>
        </extensions>
      </trkpt>
      <trkpt lat="22.5928146572722" lon="113.96626035206216">
        <ele>14.862148117274046</ele>
        <time>1970-01-01T00:27:33Z</time>
        <extensions>
          <gpxtpx:TrackPointExtension>
            <gpxtpx:hr>154</gpxtpx:hr>
          </gpxtpx:TrackPointExtension>
        </extensions>
      </trkpt>
      <trkpt lat="22.59281618486794" lon="113.96629000439503">
        <ele>14.915295056067407</ele>
        <time>1970-01-01T00:27:34Z</time>
        <extensions>
          <gpxtpx:TrackPointExtension>
            <gpxtpx:hr>154</gpxtpx:hr>
          </gpxtpx:TrackPointExtension>
        </extensions>
      </trkpt>
      <trkpt lat="22.592817099227368" lon="113.96631968747833">
        <ele>14.973198463208973</ele>
        <time>1970-01-01T00:27:35Z</time>
        <extensions>
          <gpxtpx:TrackPointExtension>
            <gpxtpx:hr>154</gpxtpx:hr>
          </gpxtpx:TrackPointExtension>
        </extensions>
      </trkpt>
      <trkpt lat="22.592817948950195" lon="113.96634917938044">
        <ele>15.034308234229684</ele>
        <time>1970-01-01T00:27:36Z</time>
        <extensions>
          <gpxtpx:TrackPointExtension>
            <gpxtpx:hr>154</gpxtpx:hr>
          </gpxtpx:TrackPointExtension>
        </extensions>
      </trkpt>
      <trkpt lat="22.592818744518272" lon="113.96637832673603">
        <ele>15.099415737204254</ele>
        <time>1970-01-01T00:27:37Z</time>
        <extensions>
          <gpxtpx:TrackPointExtension>
            <gpxtpx:hr>154</gpxtpx:hr>
          </gpxtpx:TrackPointExtension>
        </extensions>
      </trkpt>
      <trkpt lat="22.5928196081805" lon="113.96640728184667">
        <ele>15.16492075752467</ele>
        <time>1970-01-01T00:27:38Z</time>
        <extensions>
          <gpxtpx:TrackPointExtension>
            <gpxtpx:hr>154</gpxtpx:hr>
          </gpxtpx:TrackPointExtension>
        </extensions>
      </trkpt>
      <trkpt lat="22.592820934881495" lon="113.96643636282688">
        <ele>15.230525640770793</ele>
        <time>1970-01-01T00:27:39Z</time>
        <extensions>
          <gpxtpx:TrackPointExtension>
            <gpxtpx:hr>156</gpxtpx:hr>
          </gpxtpx:TrackPointExtension>
        </extensions>
      </trkpt>
      <trkpt lat="22.59282248794477" lon="113.96646564737175">
        <ele>15.295879057608545</ele>
        <time>1970-01-01T00:27:40Z</time>
        <extensions>
          <gpxtpx:TrackPointExtension>
            <gpxtpx:hr>156</gpxtpx:hr>
          </gpxtpx:TrackPointExtension>
        </extensions>
      </trkpt>
      <trkpt lat="22.59282406394958" lon="113.96649516397471">
        <ele>15.360484089702368</ele>
        <time>1970-01-01T00:27:41Z</time>
        <extensions>
          <gpxtpx:TrackPointExtension>
            <gpxtpx:hr>156</gpxtpx:hr>
          </gpxtpx:TrackPointExtension>
        </extensions>
      </trkpt>
      <trkpt lat="22.592826111064934" lon="113.96652470206143">
        <ele>15.424467607401311</ele>
        <time>1970-01-01T00:27:42Z</time>
        <extensions>
          <gpxtpx:TrackPointExtension>
            <gpxtpx:hr>156</gpxtpx:hr>
          </gpxtpx:TrackPointExtension>
        </extensions>
      </trkpt>
      <trkpt lat="22.59282896825285" lon="113.96655413908182">
        <ele>15.487887275405228</ele>
        <time>1970-01-01T00:27:43Z</time>
        <extensions>
          <gpxtpx:TrackPointExtension>
            <gpxtpx:hr>156</gpxtpx:hr>
          </gpxtpx:TrackPointExtension>
        </extensions>
      </trkpt>
      <trkpt lat="22.592832682642797" lon="113.96658346266132">
        <ele>15.55058429390192</ele>
        <time>1970-01-01T00:27:44Z</time>
        <extensions>
          <gpxtpx:TrackPointExtension>
            <gpxtpx:hr>156</gpxtpx:hr>
          </gpxtpx:TrackPointExtension>
        </extensions>
      </trkpt>
      <trkpt lat="22.592837102409717" lon="113.96661293293087">
        <ele>15.613576797768474</ele>
        <time>1970-01-01T00:27:45Z</time>
        <extensions>
          <gpxtpx:TrackPointExtension>
            <gpxtpx:hr>156</gpxtpx:hr>
          </gpxtpx:TrackPointExtension>
        </extensions>
      </trkpt>
      <trkpt lat="22.59284199965715" lon="113.96664223699848">
        <ele>15.67649924568832</ele>
        <time>1970-01-01T00:27:46Z</time>
        <extensions>
          <gpxtpx:TrackPointExtension>
            <gpxtpx:hr>156</gpxtpx:hr>
          </gpxtpx:TrackPointExtension>
        </extensions>
      </trkpt>
      <trkpt lat="22.59284740073108" lon="113.96667141517572">
        <ele>15.739087902009487</ele>
        <time>1970-01-01T00:27:47Z</time>
        <extensions>
          <gpxtpx:TrackPointExtension>
            <gpxtpx:hr>156</gpxtpx:hr>
          </gpxtpx:TrackPointExtension>
        </extensions>
      </trkpt>
      <trkpt lat="22.59285268301993" lon="113.96670026145493">
        <ele>15.799683696590364</ele>
        <time>1970-01-01T00:27:48Z</time>
        <extensions>
          <gpxtpx:TrackPointExtension>
            <gpxtpx:hr>156</gpxtpx:hr>
          </gpxtpx:TrackPointExtension>
        </extensions>
      </trkpt>
      <trkpt lat="22.5928580193687" lon="113.96672904648463">
        <ele>15.861957225948572</ele>
        <time>1970-01-01T00:27:49Z</time>
        <extensions>
          <gpxtpx:TrackPointExtension>
            <gpxtpx:hr>159</gpxtpx:hr>
          </gpxtpx:TrackPointExtension>
        </extensions>
      </trkpt>
      <trkpt lat="22.59286361691152" lon="113.96675786332523">
        <ele>15.923546048812568</ele>
        <time>1970-01-01T00:27:50Z</time>
        <extensions>
          <gpxtpx:TrackPointExtension>
            <gpxtpx:hr>159</gpxtpx:hr>
          </gpxtpx:TrackPointExtension>
        </extensions>
      </trkpt>
      <trkpt lat="22.592869202502772" lon="113.96678661907772">
        <ele>15.983818957582116</ele>
        <time>1970-01-01T00:27:51Z</time>
        <extensions>
          <gpxtpx:TrackPointExtension>
            <gpxtpx:hr>159</gpxtpx:hr>
          </gpxtpx:TrackPointExtension>
        </extensions>
      </trkpt>
      <trkpt lat="22.592874821471913" lon="113.96681519328128">
        <ele>16.040948028676212</ele>
        <time>1970-01-01T00:27:52Z</time>
        <extensions>
          <gpxtpx:TrackPointExtension>
            <gpxtpx:hr>159</gpxtpx:hr>
          </gpxtpx:TrackPointExtension>
        </extensions>
      </trkpt>
      <trkpt lat="22.592880719462702" lon="113.96684356248349">
        <ele>16.096577489748597</ele>
        <time>1970-01-01T00:27:53Z</time>
        <extensions>
          <gpxtpx:TrackPointExtension>
            <gpxtpx:hr>159</gpxtpx:hr>
          </gpxtpx:TrackPointExtension>
        </extensions>
      </trkpt>
      <trkpt lat="22.592886472025807" lon="113.96687190068789">
        <ele>16.15021124947816</ele>
        <time>1970-01-01T00:27:54Z</time>
        <extensions>
          <gpxtpx:TrackPointExtension>
            <gpxtpx:hr>159</gpxtpx:hr>
          </gpxtpx:TrackPointExtension>
        </extensions>
      </trkpt>
      <trkpt lat="22.592891900402513" lon="113.96690022418588">
        <ele>16.201711141504347</ele>
        <time>1970-01-01T00:27:55Z</time>
        <extensions>
          <gpxtpx:TrackPointExtension>
            <gpxtpx:hr>159</gpxtpx:hr>
          </gpxtpx:TrackPointExtension>
        </extensions>
      </trkpt>
      <trkpt lat="22.59289713737927" lon="113.96692855510403">
        <ele>16.24985920265317</ele>
        <time>1970-01-01T00:27:56Z</time>
        <extensions>
          <gpxtpx:TrackPointExtension>
            <gpxtpx:hr>158</gpxtpx:hr>
          </gpxtpx:TrackPointExtension>
        </extensions>
      </trkpt>
      <trkpt lat="22.592902294339112" lon="113.96695711632557">
        <ele>16.29559826478362</ele>
        <time>1970-01-01T00:27:57Z</time>
        <extensions>
          <gpxtpx:TrackPointExtension>
            <gpxtpx:hr>158</gpxtpx:hr>
          </gpxtpx:TrackPointExtension>
        </extensions>
      </trkpt>
      <trkpt lat="22.59290786862689" lon="113.96698551782599">
        <ele>16.338452209718525</ele>
        <time>1970-01-01T00:27:58Z</time>
        <extensions>
          <gpxtpx:TrackPointExtension>
            <gpxtpx:hr>158</gpxtpx:hr>
          </gpxtpx:TrackPointExtension>
        </extensions>
      </trkpt>
      <trkpt lat="22.59291355399005" lon="113.96701382205434">
        <ele>16.377917332574725</ele>
        <time>1970-01-01T00:27:59Z</time>
        <extensions>
          <gpxtpx:TrackPointExtension>
            <gpxtpx:hr>158</gpxtpx:hr>
          </gpxtpx:TrackPointExtension>
        </extensions>
      </trkpt>
      <trkpt lat="22.592919904748523" lon="113.96704187278027">
        <ele>16.41285334713757</ele>
        <time>1970-01-01T00:28:00Z</time>
        <extensions>
          <gpxtpx:TrackPointExtension>
            <gpxtpx:hr>159</gpxtpx:hr>
          </gpxtpx:TrackPointExtension>
        </extensions>
      </trkpt>
      <trkpt lat="22.592926286739516" lon="113.96706981772373">
        <ele>16.4419565461576</ele>
        <time>1970-01-01T00:28:01Z</time>
        <extensions>
          <gpxtpx:TrackPointExtension>
            <gpxtpx:hr>159</gpxtpx:hr>
          </gpxtpx:TrackPointExtension>
        </extensions>
      </trkpt>
      <trkpt lat="22.59293215798728" lon="113.96709787621373">
        <ele>16.468728091567755</ele>
        <time>1970-01-01T00:28:02Z</time>
        <extensions>
          <gpxtpx:TrackPointExtension>
            <gpxtpx:hr>159</gpxtpx:hr>
          </gpxtpx:TrackPointExtension>
        </extensions>
      </trkpt>
      <trkpt lat="22.592938530675013" lon="113.96712568650848">
        <ele>16.490817837417126</ele>
        <time>1970-01-01T00:28:03Z</time>
        <extensions>
          <gpxtpx:TrackPointExtension>
            <gpxtpx:hr>159</gpxtpx:hr>
          </gpxtpx:TrackPointExtension>
        </extensions>
      </trkpt>
      <trkpt lat="22.592945922753717" lon="113.96715289412468">
        <ele>16.510943999513984</ele>
        <time>1970-01-01T00:28:04Z</time>
        <extensions>
          <gpxtpx:TrackPointExtension>
            <gpxtpx:hr>158</gpxtpx:hr>
          </gpxtpx:TrackPointExtension>
        </extensions>
      </trkpt>
      <trkpt lat="22.592954276268163" lon="113.96717933158538">
        <ele>16.52818761114031</ele>
        <time>1970-01-01T00:28:05Z</time>
        <extensions>
          <gpxtpx:TrackPointExtension>
            <gpxtpx:hr>158</gpxtpx:hr>
          </gpxtpx:TrackPointExtension>
        </extensions>
      </trkpt>
      <trkpt lat="22.592963289651095" lon="113.9672049594554">
        <ele>16.5433815959841</ele>
        <time>1970-01-01T00:28:06Z</time>
        <extensions>
          <gpxtpx:TrackPointExtension>
            <gpxtpx:hr>158</gpxtpx:hr>
          </gpxtpx:TrackPointExtension>
        </extensions>
      </trkpt>
      <trkpt lat="22.59297431050043" lon="113.96722878093134">
        <ele>16.558580013923347</ele>
        <time>1970-01-01T00:28:07Z</time>
        <extensions>
          <gpxtpx:TrackPointExtension>
            <gpxtpx:hr>158</gpxtpx:hr>
          </gpxtpx:TrackPointExtension>
        </extensions>
      </trkpt>
      <trkpt lat="22.59298534458778" lon="113.96725263235423">
        <ele>16.573470761068165</ele>
        <time>1970-01-01T00:28:08Z</time>
        <extensions>
          <gpxtpx:TrackPointExtension>
            <gpxtpx:hr>158</gpxtpx:hr>
          </gpxtpx:TrackPointExtension>
        </extensions>
      </trkpt>
      <trkpt lat="22.592993868914352" lon="113.96727862446414">
        <ele>16.59075865522027</ele>
        <time>1970-01-01T00:28:09Z</time>
        <extensions>
          <gpxtpx:TrackPointExtension>
            <gpxtpx:hr>158</gpxtpx:hr>
          </gpxtpx:TrackPointExtension>
        </extensions>
      </trkpt>
      <trkpt lat="22.593000943139646" lon="113.96730554015272">
        <ele>16.611004918813705</ele>
        <time>1970-01-01T00:28:10Z</time>
        <extensions>
          <gpxtpx:TrackPointExtension>
            <gpxtpx:hr>156</gpxtpx:hr>
          </gpxtpx:TrackPointExtension>
        </extensions>
      </trkpt>
      <trkpt lat="22.593007864069275" lon="113.96733219380774">
        <ele>16.636344314552844</ele>
        <time>1970-01-01T00:28:11Z</time>
        <extensions>
          <gpxtpx:TrackPointExtension>
            <gpxtpx:hr>156</gpxtpx:hr>
          </gpxtpx:TrackPointExtension>
        </extensions>
      </trkpt>
      <trkpt lat="22.5930157165498" lon="113.96735797544571">
        <ele>16.66613845899701</ele>
        <time>1970-01-01T00:28:12Z</time>
        <extensions>
          <gpxtpx:TrackPointExtension>
            <gpxtpx:hr>156</gpxtpx:hr>
          </gpxtpx:TrackPointExtension>
        </extensions>
      </trkpt>
      <trkpt lat="22.593026094883932" lon="113.96738194746402">
        <ele>16.70027129445225</ele>
        <time>1970-01-01T00:28:13Z</time>
        <extensions>
          <gpxtpx:TrackPointExtension>
            <gpxtpx:hr>156</gpxtpx:hr>
          </gpxtpx:TrackPointExtension>
        </extensions>
      </trkpt>
      <trkpt lat="22.59303747309577" lon="113.9674053404885">
        <ele>16.739090517163277</ele>
        <time>1970-01-01T00:28:14Z</time>
        <extensions>
          <gpxtpx:TrackPointExtension>
            <gpxtpx:hr>156</gpxtpx:hr>
          </gpxtpx:TrackPointExtension>
        </extensions>
      </trkpt>
      <trkpt lat="22.593049138519657" lon="113.96742884287634">
        <ele>16.78269735816866</ele>
        <time>1970-01-01T00:28:15Z</time>
        <extensions>
          <gpxtpx:TrackPointExtension>
            <gpxtpx:hr>156</gpxtpx:hr>
          </gpxtpx:TrackPointExtension>
        </extensions>
      </trkpt>
      <trkpt lat="22.593061133468186" lon="113.96745213417604">
        <ele>16.830746735446155</ele>
        <time>1970-01-01T00:28:16Z</time>
        <extensions>
          <gpxtpx:TrackPointExtension>
            <gpxtpx:hr>155</gpxtpx:hr>
          </gpxtpx:TrackPointExtension>
        </extensions>
      </trkpt>
      <trkpt lat="22.593070461224734" lon="113.96747652052917">
        <ele>16.883794196881354</ele>
        <time>1970-01-01T00:28:17Z</time>
        <extensions>
          <gpxtpx:TrackPointExtension>
            <gpxtpx:hr>155</gpxtpx:hr>
          </gpxtpx:TrackPointExtension>
        </extensions>
      </trkpt>
      <trkpt lat="22.59307782919541" lon="113.9675013486222">
        <ele>16.94122399762273</ele>
        <time>1970-01-01T00:28:18Z</time>
        <extensions>
          <gpxtpx:TrackPointExtension>
            <gpxtpx:hr>155</gpxtpx:hr>
          </gpxtpx:TrackPointExtension>
        </extensions>
      </trkpt>
      <trkpt lat="22.593088173751756" lon="113.96752440714587">
        <ele>17.003329652361572</ele>
        <time>1970-01-01T00:28:19Z</time>
        <extensions>
          <gpxtpx:TrackPointExtension>
            <gpxtpx:hr>155</gpxtpx:hr>
          </gpxtpx:TrackPointExtension>
        </extensions>
      </trkpt>
      <trkpt lat="22.593103710661524" lon="113.9675445457685">
        <ele>17.06961132772267</ele>
        <time>1970-01-01T00:28:20Z</time>
        <extensions>
          <gpxtpx:TrackPointExtension>
            <gpxtpx:hr>155</gpxtpx:hr>
          </gpxtpx:TrackPointExtension>
        </extensions>
      </trkpt>
      <trkpt lat="22.593121031448256" lon="113.96756413078194">
        <ele>17.139727140776813</ele>
        <time>1970-01-01T00:28:21Z</time>
        <extensions>
          <gpxtpx:TrackPointExtension>
            <gpxtpx:hr>155</gpxtpx:hr>
          </gpxtpx:TrackPointExtension>
        </extensions>
      </trkpt>
      <trkpt lat="22.59313765625188" lon="113.96758545462252">
        <ele>17.21368220075965</ele>
        <time>1970-01-01T00:28:22Z</time>
        <extensions>
          <gpxtpx:TrackPointExtension>
            <gpxtpx:hr>154</gpxtpx:hr>
          </gpxtpx:TrackPointExtension>
        </extensions>
      </trkpt>
      <trkpt lat="22.593153560140617" lon="113.96760818762013">
        <ele>17.290539655834436</ele>
        <time>1970-01-01T00:28:23Z</time>
        <extensions>
          <gpxtpx:TrackPointExtension>
            <gpxtpx:hr>154</gpxtpx:hr>
          </gpxtpx:TrackPointExtension>
        </extensions>
      </trkpt>
      <trkpt lat="22.59316939096796" lon="113.96763129482072">
        <ele>17.369694700464606</ele>
        <time>1970-01-01T00:28:24Z</time>
        <extensions>
          <gpxtpx:TrackPointExtension>
            <gpxtpx:hr>154</gpxtpx:hr>
          </gpxtpx:TrackPointExtension>
        </extensions>
      </trkpt>
      <trkpt lat="22.59318571658237" lon="113.96765333788231">
        <ele>17.450518012046814</ele>
        <time>1970-01-01T00:28:25Z</time>
        <extensions>
          <gpxtpx:TrackPointExtension>
            <gpxtpx:hr>155</gpxtpx:hr>
          </gpxtpx:TrackPointExtension>
        </extensions>
      </trkpt>
      <trkpt lat="22.59320352003399" lon="113.96767263510775">
        <ele>17.532273163087666</ele>
        <time>1970-01-01T00:28:26Z</time>
        <extensions>
          <gpxtpx:TrackPointExtension>
            <gpxtpx:hr>155</gpxtpx:hr>
          </gpxtpx:TrackPointExtension>
        </extensions>
      </trkpt>
      <trkpt lat="22.59322128336745" lon="113.96769167039186">
        <ele>17.613799675367773</ele>
        <time>1970-01-01T00:28:27Z</time>
        <extensions>
          <gpxtpx:TrackPointExtension>
            <gpxtpx:hr>155</gpxtpx:hr>
          </gpxtpx:TrackPointExtension>
        </extensions>
      </trkpt>
      <trkpt lat="22.593237107319883" lon="113.96771343466955">
        <ele>17.69437512755394</ele>
        <time>1970-01-01T00:28:28Z</time>
        <extensions>
          <gpxtpx:TrackPointExtension>
            <gpxtpx:hr>155</gpxtpx:hr>
          </gpxtpx:TrackPointExtension>
        </extensions>
      </trkpt>
      <trkpt lat="22.593251427085246" lon="113.96773687025407">
        <ele>17.773186136968434</ele>
        <time>1970-01-01T00:28:29Z</time>
        <extensions>
          <gpxtpx:TrackPointExtension>
            <gpxtpx:hr>155</gpxtpx:hr>
          </gpxtpx:TrackPointExtension>
        </extensions>
      </trkpt>
      <trkpt lat="22.593264778922055" lon="113.96776110728783">
        <ele>17.849561700597405</ele>
        <time>1970-01-01T00:28:30Z</time>
        <extensions>
          <gpxtpx:TrackPointExtension>
            <gpxtpx:hr>155</gpxtpx:hr>
          </gpxtpx:TrackPointExtension>
        </extensions>
      </trkpt>
      <trkpt lat="22.593277980670237" lon="113.96778541197088">
        <ele>17.922895532101393</ele>
        <time>1970-01-01T00:28:31Z</time>
        <extensions>
          <gpxtpx:TrackPointExtension>
            <gpxtpx:hr>155</gpxtpx:hr>
          </gpxtpx:TrackPointExtension>
        </extensions>
      </trkpt>
      <trkpt lat="22.593291763794532" lon="113.96780906726148">
        <ele>17.992614494636655</ele>
        <time>1970-01-01T00:28:32Z</time>
        <extensions>
          <gpxtpx:TrackPointExtension>
            <gpxtpx:hr>155</gpxtpx:hr>
          </gpxtpx:TrackPointExtension>
        </extensions>
      </trkpt>
      <trkpt lat="22.59330693959173" lon="113.96783105670566">
        <ele>18.057398200966418</ele>
        <time>1970-01-01T00:28:33Z</time>
        <extensions>
          <gpxtpx:TrackPointExtension>
            <gpxtpx:hr>155</gpxtpx:hr>
          </gpxtpx:TrackPointExtension>
        </extensions>
      </trkpt>
      <trkpt lat="22.593323477827543" lon="113.96785136077219">
        <ele>18.11594387795776</ele>
        <time>1970-01-01T00:28:34Z</time>
        <extensions>
          <gpxtpx:TrackPointExtension>
            <gpxtpx:hr>155</gpxtpx:hr>
          </gpxtpx:TrackPointExtension>
        </extensions>
      </trkpt>
      <trkpt lat="22.59334066406275" lon="113.96787054585936">
        <ele>18.166511575691402</ele>
        <time>1970-01-01T00:28:35Z</time>
        <extensions>
          <gpxtpx:TrackPointExtension>
            <gpxtpx:hr>155</gpxtpx:hr>
          </gpxtpx:TrackPointExtension>
        </extensions>
      </trkpt>
      <trkpt lat="22.593358424633937" lon="113.96788799678976">
        <ele>18.20692622847855</ele>
        <time>1970-01-01T00:28:36Z</time>
        <extensions>
          <gpxtpx:TrackPointExtension>
            <gpxtpx:hr>155</gpxtpx:hr>
          </gpxtpx:TrackPointExtension>
        </extensions>
      </trkpt>
      <trkpt lat="22.593375382356864" lon="113.96790408940402">
        <ele>18.235196378082037</ele>
        <time>1970-01-01T00:28:37Z</time>
        <extensions>
          <gpxtpx:TrackPointExtension>
            <gpxtpx:hr>155</gpxtpx:hr>
          </gpxtpx:TrackPointExtension>
        </extensions>
      </trkpt>
      <trkpt lat="22.593390828842086" lon="113.96791832832291">
        <ele>18.248259147629142</ele>
        <time>1970-01-01T00:28:38Z</time>
        <extensions>
          <gpxtpx:TrackPointExtension>
            <gpxtpx:hr>155</gpxtpx:hr>
          </gpxtpx:TrackPointExtension>
        </extensions>
      </trkpt>
      <trkpt lat="22.59340588140657" lon="113.96792731719803">
        <ele>18.244036361575127</ele>
        <time>1970-01-01T00:28:39Z</time>
        <extensions>
          <gpxtpx:TrackPointExtension>
            <gpxtpx:hr>155</gpxtpx:hr>
          </gpxtpx:TrackPointExtension>
        </extensions>
      </trkpt>
      <trkpt lat="22.593458917869622" lon="113.96801108085641">
        <ele>17.42830704897642</ele>
        <time>1970-01-01T00:28:47Z</time>
      </trkpt>
      <trkpt lat="22.593468010891314" lon="113.96803322882924">
        <ele>17.238945302553475</ele>
        <time>1970-01-01T00:28:48Z</time>
      </trkpt>
      <trkpt lat="22.59347821194475" lon="113.9680575740455">
        <ele>17.037755776196718</ele>
        <time>1970-01-01T00:28:49Z</time>
      </trkpt>
      <trkpt lat="22.593489456942713" lon="113.9680827449241">
        <ele>16.828875868581235</ele>
        <time>1970-01-01T00:28:50Z</time>
      </trkpt>
      <trkpt lat="22.59350182132077" lon="113.96810837789879">
        <ele>16.616172291338444</ele>
        <time>1970-01-01T00:28:51Z</time>
      </trkpt>
      <trkpt lat="22.593515207940264" lon="113.96813426177798">
        <ele>16.403817129321396</ele>
        <time>1970-01-01T00:28:52Z</time>
      </trkpt>
      <trkpt lat="22.593529598106525" lon="113.96815981890263">
        <ele>16.196178322657943</ele>
        <time>1970-01-01T00:28:53Z</time>
      </trkpt>
      <trkpt lat="22.593544434642848" lon="113.96818472374068">
        <ele>15.99635458085686</ele>
        <time>1970-01-01T00:28:54Z</time>
      </trkpt>
      <trkpt lat="22.593559218007478" lon="113.96820932186627">
        <ele>15.807528270408511</ele>
        <time>1970-01-01T00:28:55Z</time>
      </trkpt>
      <trkpt lat="22.59357380083365" lon="113.96823408569671">
        <ele>15.63279246352613</ele>
        <time>1970-01-01T00:28:56Z</time>
      </trkpt>
      <trkpt lat="22.593587753391716" lon="113.96825970254159">
        <ele>15.474602222442627</ele>
        <time>1970-01-01T00:28:57Z</time>
      </trkpt>
      <trkpt lat="22.593600812909326" lon="113.96828656134207">
        <ele>15.335306252352893</ele>
        <time>1970-01-01T00:28:58Z</time>
      </trkpt>
      <trkpt lat="22.59361314444022" lon="113.96831469541858">
        <ele>15.21569967828691</ele>
        <time>1970-01-01T00:28:59Z</time>
      </trkpt>
      <trkpt lat="22.593624888916835" lon="113.96834356208748">
        <ele>15.116730224341154</ele>
        <time>1970-01-01T00:29:00Z</time>
      </trkpt>
      <trkpt lat="22.59363628090418" lon="113.96837250933598">
        <ele>15.035553876310587</ele>
        <time>1970-01-01T00:29:01Z</time>
      </trkpt>
      <trkpt lat="22.593647482425496" lon="113.96840138237162">
        <ele>14.97227593511343</ele>
        <time>1970-01-01T00:29:02Z</time>
      </trkpt>
      <trkpt lat="22.59365894304387" lon="113.96843027312566">
        <ele>14.926612162031233</ele>
        <time>1970-01-01T00:29:03Z</time>
      </trkpt>
      <trkpt lat="22.59367088965939" lon="113.9684589929269">
        <ele>14.897985293529928</ele>
        <time>1970-01-01T00:29:04Z</time>
      </trkpt>
      <trkpt lat="22.593683619020947" lon="113.96848736563399">
        <ele>14.884873506613076</ele>
        <time>1970-01-01T00:29:05Z</time>
      </trkpt>
      <trkpt lat="22.59369720450934" lon="113.96851511126556">
        <ele>14.887446138076484</ele>
        <time>1970-01-01T00:29:06Z</time>
      </trkpt>
      <trkpt lat="22.59371091261172" lon="113.96854223727459">
        <ele>14.904267927631736</ele>
        <time>1970-01-01T00:29:07Z</time>
      </trkpt>
      <trkpt lat="22.593724371887603" lon="113.96856925686009">
        <ele>14.93325527664274</ele>
        <time>1970-01-01T00:29:08Z</time>
      </trkpt>
      <trkpt lat="22.59373785112214" lon="113.96859647174962">
        <ele>14.973914518021047</ele>
        <time>1970-01-01T00:29:09Z</time>
      </trkpt>
      <trkpt lat="22.59375152517096" lon="113.96862383510508">
        <ele>15.02521456219256</ele>
        <time>1970-01-01T00:29:10Z</time>
      </trkpt>
      <trkpt lat="22.59376587707325" lon="113.96865094825488">
        <ele>15.08473748434335</ele>
        <time>1970-01-01T00:29:11Z</time>
      </trkpt>
      <trkpt lat="22.593781211179945" lon="113.96867712478439">
        <ele>15.153375446796417</ele>
        <time>1970-01-01T00:29:12Z</time>
        <extensions>
          <gpxtpx:TrackPointExtension>
            <gpxtpx:hr>152</gpxtpx:hr>
          </gpxtpx:TrackPointExtension>
        </extensions>
      </trkpt>
      <trkpt lat="22.593797752748145" lon="113.96870172790253">
        <ele>15.229315333999693</ele>
        <time>1970-01-01T00:29:13Z</time>
        <extensions>
          <gpxtpx:TrackPointExtension>
            <gpxtpx:hr>152</gpxtpx:hr>
          </gpxtpx:TrackPointExtension>
        </extensions>
      </trkpt>
      <trkpt lat="22.59381582741858" lon="113.96872449406041">
        <ele>15.311460063792765</ele>
        <time>1970-01-01T00:29:14Z</time>
        <extensions>
          <gpxtpx:TrackPointExtension>
            <gpxtpx:hr>152</gpxtpx:hr>
          </gpxtpx:TrackPointExtension>
        </extensions>
      </trkpt>
      <trkpt lat="22.59383329718505" lon="113.96874775622733">
        <ele>15.399281090125442</ele>
        <time>1970-01-01T00:29:15Z</time>
        <extensions>
          <gpxtpx:TrackPointExtension>
            <gpxtpx:hr>152</gpxtpx:hr>
          </gpxtpx:TrackPointExtension>
        </extensions>
      </trkpt>
      <trkpt lat="22.593849349770224" lon="113.96877278275021">
        <ele>15.490519360639155</ele>
        <time>1970-01-01T00:29:16Z</time>
        <extensions>
          <gpxtpx:TrackPointExtension>
            <gpxtpx:hr>152</gpxtpx:hr>
          </gpxtpx:TrackPointExtension>
        </extensions>
      </trkpt>
      <trkpt lat="22.593864721364817" lon="113.96879862714235">
        <ele>15.58480831515044</ele>
        <time>1970-01-01T00:29:17Z</time>
        <extensions>
          <gpxtpx:TrackPointExtension>
            <gpxtpx:hr>152</gpxtpx:hr>
          </gpxtpx:TrackPointExtension>
        </extensions>
      </trkpt>
      <trkpt lat="22.593879130150253" lon="113.96882538687771">
        <ele>15.679449212737381</ele>
        <time>1970-01-01T00:29:18Z</time>
        <extensions>
          <gpxtpx:TrackPointExtension>
            <gpxtpx:hr>152</gpxtpx:hr>
          </gpxtpx:TrackPointExtension>
        </extensions>
      </trkpt>
      <trkpt lat="22.593892540216878" lon="113.96885297548141">
        <ele>15.773030378855765</ele>
        <time>1970-01-01T00:29:19Z</time>
        <extensions>
          <gpxtpx:TrackPointExtension>
            <gpxtpx:hr>152</gpxtpx:hr>
          </gpxtpx:TrackPointExtension>
        </extensions>
      </trkpt>
      <trkpt lat="22.59390611478152" lon="113.96888075316144">
        <ele>15.867694033309817</ele>
        <time>1970-01-01T00:29:20Z</time>
        <extensions>
          <gpxtpx:TrackPointExtension>
            <gpxtpx:hr>152</gpxtpx:hr>
          </gpxtpx:TrackPointExtension>
        </extensions>
      </trkpt>
      <trkpt lat="22.593919472328412" lon="113.96890871475978">
        <ele>15.961461401544511</ele>
        <time>1970-01-01T00:29:21Z</time>
        <extensions>
          <gpxtpx:TrackPointExtension>
            <gpxtpx:hr>152</gpxtpx:hr>
          </gpxtpx:TrackPointExtension>
        </extensions>
      </trkpt>
      <trkpt lat="22.593932412583516" lon="113.96893626443591">
        <ele>16.054599073715508</ele>
        <time>1970-01-01T00:29:22Z</time>
        <extensions>
          <gpxtpx:TrackPointExtension>
            <gpxtpx:hr>152</gpxtpx:hr>
          </gpxtpx:TrackPointExtension>
        </extensions>
      </trkpt>
      <trkpt lat="22.593946726982228" lon="113.96896143357345">
        <ele>16.147165475413203</ele>
        <time>1970-01-01T00:29:23Z</time>
        <extensions>
          <gpxtpx:TrackPointExtension>
            <gpxtpx:hr>152</gpxtpx:hr>
          </gpxtpx:TrackPointExtension>
        </extensions>
      </trkpt>
      <trkpt lat="22.593963048688018" lon="113.96898179459188">
        <ele>16.23687520623207</ele>
        <time>1970-01-01T00:29:24Z</time>
        <extensions>
          <gpxtpx:TrackPointExtension>
            <gpxtpx:hr>152</gpxtpx:hr>
          </gpxtpx:TrackPointExtension>
        </extensions>
      </trkpt>
      <trkpt lat="22.593978948264162" lon="113.9690010543175">
        <ele>16.324507931247354</ele>
        <time>1970-01-01T00:29:25Z</time>
        <extensions>
          <gpxtpx:TrackPointExtension>
            <gpxtpx:hr>152</gpxtpx:hr>
          </gpxtpx:TrackPointExtension>
        </extensions>
      </trkpt>
      <trkpt lat="22.593991239277504" lon="113.96902221839885">
        <ele>16.407457515597343</ele>
        <time>1970-01-01T00:29:26Z</time>
        <extensions>
          <gpxtpx:TrackPointExtension>
            <gpxtpx:hr>152</gpxtpx:hr>
          </gpxtpx:TrackPointExtension>
        </extensions>
      </trkpt>
      <trkpt lat="22.5940005965447" lon="113.96904394642861">
        <ele>16.485364131629467</ele>
        <time>1970-01-01T00:29:27Z</time>
        <extensions>
          <gpxtpx:TrackPointExtension>
            <gpxtpx:hr>152</gpxtpx:hr>
          </gpxtpx:TrackPointExtension>
        </extensions>
      </trkpt>
      <trkpt lat="22.594008099554973" lon="113.96906636947332">
        <ele>16.557157546281815</ele>
        <time>1970-01-01T00:29:28Z</time>
        <extensions>
          <gpxtpx:TrackPointExtension>
            <gpxtpx:hr>152</gpxtpx:hr>
          </gpxtpx:TrackPointExtension>
        </extensions>
      </trkpt>
      <trkpt lat="22.594014521769694" lon="113.96908961235563">
        <ele>16.622049244120717</ele>
        <time>1970-01-01T00:29:29Z</time>
        <extensions>
          <gpxtpx:TrackPointExtension>
            <gpxtpx:hr>152</gpxtpx:hr>
          </gpxtpx:TrackPointExtension>
        </extensions>
      </trkpt>
      <trkpt lat="22.594020272450948" lon="113.96911387519036">
        <ele>16.681031744927168</ele>
        <time>1970-01-01T00:29:30Z</time>
        <extensions>
          <gpxtpx:TrackPointExtension>
            <gpxtpx:hr>148</gpxtpx:hr>
          </gpxtpx:TrackPointExtension>
        </extensions>
      </trkpt>
      <trkpt lat="22.594025500015814" lon="113.96913892271375">
        <ele>16.73249031137675</ele>
        <time>1970-01-01T00:29:31Z</time>
        <extensions>
          <gpxtpx:TrackPointExtension>
            <gpxtpx:hr>148</gpxtpx:hr>
          </gpxtpx:TrackPointExtension>
        </extensions>
      </trkpt>
      <trkpt lat="22.59403067463018" lon="113.96916442630899">
        <ele>16.776458950713277</ele>
        <time>1970-01-01T00:29:32Z</time>
        <extensions>
          <gpxtpx:TrackPointExtension>
            <gpxtpx:hr>148</gpxtpx:hr>
          </gpxtpx:TrackPointExtension>
        </extensions>
      </trkpt>
      <trkpt lat="22.59403604962809" lon="113.96918965030797">
        <ele>16.814270051196218</ele>
        <time>1970-01-01T00:29:33Z</time>
        <extensions>
          <gpxtpx:TrackPointExtension>
            <gpxtpx:hr>148</gpxtpx:hr>
          </gpxtpx:TrackPointExtension>
        </extensions>
      </trkpt>
      <trkpt lat="22.594040731527016" lon="113.96921507516296">
        <ele>16.844586342573166</ele>
        <time>1970-01-01T00:29:34Z</time>
        <extensions>
          <gpxtpx:TrackPointExtension>
            <gpxtpx:hr>148</gpxtpx:hr>
          </gpxtpx:TrackPointExtension>
        </extensions>
      </trkpt>
      <trkpt lat="22.59404440665861" lon="113.96924091395664">
        <ele>16.868473816663027</ele>
        <time>1970-01-01T00:29:35Z</time>
        <extensions>
          <gpxtpx:TrackPointExtension>
            <gpxtpx:hr>148</gpxtpx:hr>
          </gpxtpx:TrackPointExtension>
        </extensions>
      </trkpt>
      <trkpt lat="22.59404778794463" lon="113.96926717643751">
        <ele>16.885989393107593</ele>
        <time>1970-01-01T00:29:36Z</time>
        <extensions>
          <gpxtpx:TrackPointExtension>
            <gpxtpx:hr>148</gpxtpx:hr>
          </gpxtpx:TrackPointExtension>
        </extensions>
      </trkpt>
      <trkpt lat="22.594050559134534" lon="113.9692938830769">
        <ele>16.896448065526783</ele>
        <time>1970-01-01T00:29:37Z</time>
        <extensions>
          <gpxtpx:TrackPointExtension>
            <gpxtpx:hr>148</gpxtpx:hr>
          </gpxtpx:TrackPointExtension>
        </extensions>
      </trkpt>
      <trkpt lat="22.594052239850583" lon="113.96932100993509">
        <ele>16.90076691750437</ele>
        <time>1970-01-01T00:29:38Z</time>
        <extensions>
          <gpxtpx:TrackPointExtension>
            <gpxtpx:hr>148</gpxtpx:hr>
          </gpxtpx:TrackPointExtension>
        </extensions>
      </trkpt>
      <trkpt lat="22.594052291118956" lon="113.96934843095143">
        <ele>16.900263024494052</ele>
        <time>1970-01-01T00:29:39Z</time>
        <extensions>
          <gpxtpx:TrackPointExtension>
            <gpxtpx:hr>148</gpxtpx:hr>
          </gpxtpx:TrackPointExtension>
        </extensions>
      </trkpt>
      <trkpt lat="22.59405166891172" lon="113.96937601780725">
        <ele>16.893835215829313</ele>
        <time>1970-01-01T00:29:40Z</time>
        <extensions>
          <gpxtpx:TrackPointExtension>
            <gpxtpx:hr>148</gpxtpx:hr>
          </gpxtpx:TrackPointExtension>
        </extensions>
      </trkpt>
      <trkpt lat="22.594051948965948" lon="113.96940372232558">
        <ele>16.882998598739505</ele>
        <time>1970-01-01T00:29:41Z</time>
        <extensions>
          <gpxtpx:TrackPointExtension>
            <gpxtpx:hr>148</gpxtpx:hr>
          </gpxtpx:TrackPointExtension>
        </extensions>
      </trkpt>
      <trkpt lat="22.594053292320517" lon="113.96943159901276">
        <ele>16.867863124236465</ele>
        <time>1970-01-01T00:29:42Z</time>
        <extensions>
          <gpxtpx:TrackPointExtension>
            <gpxtpx:hr>148</gpxtpx:hr>
          </gpxtpx:TrackPointExtension>
        </extensions>
      </trkpt>
      <trkpt lat="22.59405510627779" lon="113.9694597640106">
        <ele>16.848102404735982</ele>
        <time>1970-01-01T00:29:43Z</time>
        <extensions>
          <gpxtpx:TrackPointExtension>
            <gpxtpx:hr>148</gpxtpx:hr>
          </gpxtpx:TrackPointExtension>
        </extensions>
      </trkpt>
      <trkpt lat="22.59405729464019" lon="113.96948818558111">
        <ele>16.825036632828414</ele>
        <time>1970-01-01T00:29:44Z</time>
        <extensions>
          <gpxtpx:TrackPointExtension>
            <gpxtpx:hr>150</gpxtpx:hr>
          </gpxtpx:TrackPointExtension>
        </extensions>
      </trkpt>
      <trkpt lat="22.59406011517582" lon="113.9695168723991">
        <ele>16.79878524132073</ele>
        <time>1970-01-01T00:29:45Z</time>
        <extensions>
          <gpxtpx:TrackPointExtension>
            <gpxtpx:hr>150</gpxtpx:hr>
          </gpxtpx:TrackPointExtension>
        </extensions>
      </trkpt>
      <trkpt lat="22.594063719058386" lon="113.96954564519345">
        <ele>16.769962933845818</ele>
        <time>1970-01-01T00:29:46Z</time>
        <extensions>
          <gpxtpx:TrackPointExtension>
            <gpxtpx:hr>150</gpxtpx:hr>
          </gpxtpx:TrackPointExtension>
        </extensions>
      </trkpt>
      <trkpt lat="22.59406810117727" lon="113.9695743485996">
        <ele>16.737266496755183</ele>
        <time>1970-01-01T00:29:47Z</time>
        <extensions>
          <gpxtpx:TrackPointExtension>
            <gpxtpx:hr>150</gpxtpx:hr>
          </gpxtpx:TrackPointExtension>
        </extensions>
      </trkpt>
      <trkpt lat="22.594072861749034" lon="113.96960281464912">
        <ele>16.700824482366443</ele>
        <time>1970-01-01T00:29:48Z</time>
        <extensions>
          <gpxtpx:TrackPointExtension>
            <gpxtpx:hr>150</gpxtpx:hr>
          </gpxtpx:TrackPointExtension>
        </extensions>
      </trkpt>
      <trkpt lat="22.594077954460356" lon="113.96963107543242">
        <ele>16.660998355597258</ele>
        <time>1970-01-01T00:29:49Z</time>
        <extensions>
          <gpxtpx:TrackPointExtension>
            <gpxtpx:hr>151</gpxtpx:hr>
          </gpxtpx:TrackPointExtension>
        </extensions>
      </trkpt>
      <trkpt lat="22.594082762049254" lon="113.96965938031701">
        <ele>16.61800519283861</ele>
        <time>1970-01-01T00:29:50Z</time>
        <extensions>
          <gpxtpx:TrackPointExtension>
            <gpxtpx:hr>151</gpxtpx:hr>
          </gpxtpx:TrackPointExtension>
        </extensions>
      </trkpt>
      <trkpt lat="22.594086307697207" lon="113.96968796743757">
        <ele>16.56995972711593</ele>
        <time>1970-01-01T00:29:51Z</time>
        <extensions>
          <gpxtpx:TrackPointExtension>
            <gpxtpx:hr>151</gpxtpx:hr>
          </gpxtpx:TrackPointExtension>
        </extensions>
      </trkpt>
      <trkpt lat="22.59408879184729" lon="113.96971682149402">
        <ele>16.520743892528117</ele>
        <time>1970-01-01T00:29:52Z</time>
        <extensions>
          <gpxtpx:TrackPointExtension>
            <gpxtpx:hr>151</gpxtpx:hr>
          </gpxtpx:TrackPointExtension>
        </extensions>
      </trkpt>
      <trkpt lat="22.594090914867262" lon="113.96974586071003">
        <ele>16.468760466203094</ele>
        <time>1970-01-01T00:29:53Z</time>
        <extensions>
          <gpxtpx:TrackPointExtension>
            <gpxtpx:hr>152</gpxtpx:hr>
          </gpxtpx:TrackPointExtension>
        </extensions>
      </trkpt>
      <trkpt lat="22.594092742476757" lon="113.96977535174028">
        <ele>16.415299925021827</ele>
        <time>1970-01-01T00:29:54Z</time>
        <extensions>
          <gpxtpx:TrackPointExtension>
            <gpxtpx:hr>152</gpxtpx:hr>
          </gpxtpx:TrackPointExtension>
        </extensions>
      </trkpt>
      <trkpt lat="22.59409407592979" lon="113.96980509821121">
        <ele>16.359181850217283</ele>
        <time>1970-01-01T00:29:55Z</time>
        <extensions>
          <gpxtpx:TrackPointExtension>
            <gpxtpx:hr>152</gpxtpx:hr>
          </gpxtpx:TrackPointExtension>
        </extensions>
      </trkpt>
      <trkpt lat="22.594095514995672" lon="113.96983463535678">
        <ele>16.301232035271823</ele>
        <time>1970-01-01T00:29:56Z</time>
        <extensions>
          <gpxtpx:TrackPointExtension>
            <gpxtpx:hr>152</gpxtpx:hr>
          </gpxtpx:TrackPointExtension>
        </extensions>
      </trkpt>
      <trkpt lat="22.594097304622665" lon="113.96986376196229">
        <ele>16.242531716823578</ele>
        <time>1970-01-01T00:29:57Z</time>
        <extensions>
          <gpxtpx:TrackPointExtension>
            <gpxtpx:hr>152</gpxtpx:hr>
          </gpxtpx:TrackPointExtension>
        </extensions>
      </trkpt>
      <trkpt lat="22.594099641943718" lon="113.96989268936211">
        <ele>16.18263261951506</ele>
        <time>1970-01-01T00:29:58Z</time>
        <extensions>
          <gpxtpx:TrackPointExtension>
            <gpxtpx:hr>152</gpxtpx:hr>
          </gpxtpx:TrackPointExtension>
        </extensions>
      </trkpt>
      <trkpt lat="22.594102675092383" lon="113.96992159132665">
        <ele>16.12144159618765</ele>
        <time>1970-01-01T00:29:59Z</time>
        <extensions>
          <gpxtpx:TrackPointExtension>
            <gpxtpx:hr>152</gpxtpx:hr>
          </gpxtpx:TrackPointExtension>
        </extensions>
      </trkpt>
      <trkpt lat="22.594106572982948" lon="113.96995046452373">
        <ele>16.05957806482911</ele>
        <time>1970-01-01T00:30:00Z</time>
        <extensions>
          <gpxtpx:TrackPointExtension>
            <gpxtpx:hr>152</gpxtpx:hr>
          </gpxtpx:TrackPointExtension>
        </extensions>
      </trkpt>
      <trkpt lat="22.59411072386981" lon="113.96997929335149">
        <ele>15.996929578483105</ele>
        <time>1970-01-01T00:30:01Z</time>
        <extensions>
          <gpxtpx:TrackPointExtension>
            <gpxtpx:hr>152</gpxtpx:hr>
          </gpxtpx:TrackPointExtension>
        </extensions>
      </trkpt>
      <trkpt lat="22.594114092720922" lon="113.97000814375372">
        <ele>15.933669153600931</ele>
        <time>1970-01-01T00:30:02Z</time>
        <extensions>
          <gpxtpx:TrackPointExtension>
            <gpxtpx:hr>152</gpxtpx:hr>
          </gpxtpx:TrackPointExtension>
        </extensions>
      </trkpt>
      <trkpt lat="22.59411694643777" lon="113.97003697135426">
        <ele>15.870703080669045</ele>
        <time>1970-01-01T00:30:03Z</time>
        <extensions>
          <gpxtpx:TrackPointExtension>
            <gpxtpx:hr>152</gpxtpx:hr>
          </gpxtpx:TrackPointExtension>
        </extensions>
      </trkpt>
      <trkpt lat="22.59411960406422" lon="113.97006565046597">
        <ele>15.806590663269162</ele>
        <time>1970-01-01T00:30:04Z</time>
        <extensions>
          <gpxtpx:TrackPointExtension>
            <gpxtpx:hr>152</gpxtpx:hr>
          </gpxtpx:TrackPointExtension>
        </extensions>
      </trkpt>
      <trkpt lat="22.594122353609155" lon="113.97009422207299">
        <ele>15.743962763808668</ele>
        <time>1970-01-01T00:30:05Z</time>
        <extensions>
          <gpxtpx:TrackPointExtension>
            <gpxtpx:hr>152</gpxtpx:hr>
          </gpxtpx:TrackPointExtension>
        </extensions>
      </trkpt>
      <trkpt lat="22.594125402169084" lon="113.97012278398671">
        <ele>15.681021668948233</ele>
        <time>1970-01-01T00:30:06Z</time>
        <extensions>
          <gpxtpx:TrackPointExtension>
            <gpxtpx:hr>152</gpxtpx:hr>
          </gpxtpx:TrackPointExtension>
        </extensions>
      </trkpt>
      <trkpt lat="22.594129105321603" lon="113.97015134042402">
        <ele>15.620193821378052</ele>
        <time>1970-01-01T00:30:07Z</time>
        <extensions>
          <gpxtpx:TrackPointExtension>
            <gpxtpx:hr>152</gpxtpx:hr>
          </gpxtpx:TrackPointExtension>
        </extensions>
      </trkpt>
      <trkpt lat="22.59413372229522" lon="113.97017960630929">
        <ele>15.562649837695062</ele>
        <time>1970-01-01T00:30:08Z</time>
        <extensions>
          <gpxtpx:TrackPointExtension>
            <gpxtpx:hr>152</gpxtpx:hr>
          </gpxtpx:TrackPointExtension>
        </extensions>
      </trkpt>
      <trkpt lat="22.594139705381227" lon="113.97020743534004">
        <ele>15.508759502321482</ele>
        <time>1970-01-01T00:30:09Z</time>
        <extensions>
          <gpxtpx:TrackPointExtension>
            <gpxtpx:hr>152</gpxtpx:hr>
          </gpxtpx:TrackPointExtension>
        </extensions>
      </trkpt>
      <trkpt lat="22.594147046524657" lon="113.97023439097603">
        <ele>15.46065656747669</ele>
        <time>1970-01-01T00:30:10Z</time>
        <extensions>
          <gpxtpx:TrackPointExtension>
            <gpxtpx:hr>152</gpxtpx:hr>
          </gpxtpx:TrackPointExtension>
        </extensions>
      </trkpt>
      <trkpt lat="22.594156286222862" lon="113.97025975303941">
        <ele>15.417826970107853</ele>
        <time>1970-01-01T00:30:11Z</time>
        <extensions>
          <gpxtpx:TrackPointExtension>
            <gpxtpx:hr>152</gpxtpx:hr>
          </gpxtpx:TrackPointExtension>
        </extensions>
      </trkpt>
      <trkpt lat="22.594164937357522" lon="113.97028526197991">
        <ele>15.381230035796762</ele>
        <time>1970-01-01T00:30:12Z</time>
        <extensions>
          <gpxtpx:TrackPointExtension>
            <gpxtpx:hr>152</gpxtpx:hr>
          </gpxtpx:TrackPointExtension>
        </extensions>
      </trkpt>
      <trkpt lat="22.594170177911135" lon="113.97031262519272">
        <ele>15.349718655459583</ele>
        <time>1970-01-01T00:30:13Z</time>
        <extensions>
          <gpxtpx:TrackPointExtension>
            <gpxtpx:hr>152</gpxtpx:hr>
          </gpxtpx:TrackPointExtension>
        </extensions>
      </trkpt>
      <trkpt lat="22.59417334071601" lon="113.97034098646255">
        <ele>15.324010655283928</ele>
        <time>1970-01-01T00:30:14Z</time>
        <extensions>
          <gpxtpx:TrackPointExtension>
            <gpxtpx:hr>152</gpxtpx:hr>
          </gpxtpx:TrackPointExtension>
        </extensions>
      </trkpt>
      <trkpt lat="22.594175150228093" lon="113.97037016966812">
        <ele>15.301818492822349</ele>
        <time>1970-01-01T00:30:15Z</time>
        <extensions>
          <gpxtpx:TrackPointExtension>
            <gpxtpx:hr>152</gpxtpx:hr>
          </gpxtpx:TrackPointExtension>
        </extensions>
      </trkpt>
      <trkpt lat="22.594176041095135" lon="113.9704000228157">
        <ele>15.281537025235593</ele>
        <time>1970-01-01T00:30:16Z</time>
        <extensions>
          <gpxtpx:TrackPointExtension>
            <gpxtpx:hr>152</gpxtpx:hr>
          </gpxtpx:TrackPointExtension>
        </extensions>
      </trkpt>
      <trkpt lat="22.594176314247832" lon="113.97043032940982">
        <ele>15.262495657429099</ele>
        <time>1970-01-01T00:30:17Z</time>
        <extensions>
          <gpxtpx:TrackPointExtension>
            <gpxtpx:hr>152</gpxtpx:hr>
          </gpxtpx:TrackPointExtension>
        </extensions>
      </trkpt>
      <trkpt lat="22.594176176022767" lon="113.9704607779382">
        <ele>15.243135700002313</ele>
        <time>1970-01-01T00:30:18Z</time>
        <extensions>
          <gpxtpx:TrackPointExtension>
            <gpxtpx:hr>152</gpxtpx:hr>
          </gpxtpx:TrackPointExtension>
        </extensions>
      </trkpt>
      <trkpt lat="22.594176147280233" lon="113.97049147152346">
        <ele>15.223708822391927</ele>
        <time>1970-01-01T00:30:19Z</time>
        <extensions>
          <gpxtpx:TrackPointExtension>
            <gpxtpx:hr>152</gpxtpx:hr>
          </gpxtpx:TrackPointExtension>
        </extensions>
      </trkpt>
      <trkpt lat="22.594176504511278" lon="113.9705229015562">
        <ele>15.203905189409852</ele>
        <time>1970-01-01T00:30:20Z</time>
        <extensions>
          <gpxtpx:TrackPointExtension>
            <gpxtpx:hr>152</gpxtpx:hr>
          </gpxtpx:TrackPointExtension>
        </extensions>
      </trkpt>
      <trkpt lat="22.594177086294525" lon="113.97055492787665">
        <ele>15.183491814881563</ele>
        <time>1970-01-01T00:30:21Z</time>
        <extensions>
          <gpxtpx:TrackPointExtension>
            <gpxtpx:hr>153</gpxtpx:hr>
          </gpxtpx:TrackPointExtension>
        </extensions>
      </trkpt>
      <trkpt lat="22.59417782508022" lon="113.97058705877741">
        <ele>15.162943370640278</ele>
        <time>1970-01-01T00:30:22Z</time>
        <extensions>
          <gpxtpx:TrackPointExtension>
            <gpxtpx:hr>153</gpxtpx:hr>
          </gpxtpx:TrackPointExtension>
        </extensions>
      </trkpt>
      <trkpt lat="22.594178949725848" lon="113.9706188865882">
        <ele>15.141783315688372</ele>
        <time>1970-01-01T00:30:23Z</time>
        <extensions>
          <gpxtpx:TrackPointExtension>
            <gpxtpx:hr>153</gpxtpx:hr>
          </gpxtpx:TrackPointExtension>
        </extensions>
      </trkpt>
      <trkpt lat="22.59418013063836" lon="113.97065024510763">
        <ele>15.121184654533863</ele>
        <time>1970-01-01T00:30:24Z</time>
        <extensions>
          <gpxtpx:TrackPointExtension>
            <gpxtpx:hr>153</gpxtpx:hr>
          </gpxtpx:TrackPointExtension>
        </extensions>
      </trkpt>
      <trkpt lat="22.594181738669747" lon="113.97068138679653">
        <ele>15.101298033259809</ele>
        <time>1970-01-01T00:30:25Z</time>
        <extensions>
          <gpxtpx:TrackPointExtension>
            <gpxtpx:hr>152</gpxtpx:hr>
          </gpxtpx:TrackPointExtension>
        </extensions>
      </trkpt>
      <trkpt lat="22.59418313608162" lon="113.97071215631156">
        <ele>15.082887079566717</ele>
        <time>1970-01-01T00:30:26Z</time>
        <extensions>
          <gpxtpx:TrackPointExtension>
            <gpxtpx:hr>152</gpxtpx:hr>
          </gpxtpx:TrackPointExtension>
        </extensions>
      </trkpt>
      <trkpt lat="22.59418325000388" lon="113.97074267879775">
        <ele>15.066894862800837</ele>
        <time>1970-01-01T00:30:27Z</time>
        <extensions>
          <gpxtpx:TrackPointExtension>
            <gpxtpx:hr>152</gpxtpx:hr>
          </gpxtpx:TrackPointExtension>
        </extensions>
      </trkpt>
      <trkpt lat="22.594182335767123" lon="113.97077281928841">
        <ele>15.053535853512585</ele>
        <time>1970-01-01T00:30:28Z</time>
        <extensions>
          <gpxtpx:TrackPointExtension>
            <gpxtpx:hr>152</gpxtpx:hr>
          </gpxtpx:TrackPointExtension>
        </extensions>
      </trkpt>
      <trkpt lat="22.594180936003838" lon="113.97080277621734">
        <ele>15.041993172839284</ele>
        <time>1970-01-01T00:30:29Z</time>
        <extensions>
          <gpxtpx:TrackPointExtension>
            <gpxtpx:hr>152</gpxtpx:hr>
          </gpxtpx:TrackPointExtension>
        </extensions>
      </trkpt>
      <trkpt lat="22.594179669349373" lon="113.97083266440553">
        <ele>15.03171382471919</ele>
        <time>1970-01-01T00:30:30Z</time>
        <extensions>
          <gpxtpx:TrackPointExtension>
            <gpxtpx:hr>153</gpxtpx:hr>
          </gpxtpx:TrackPointExtension>
        </extensions>
      </trkpt>
      <trkpt lat="22.594178264072568" lon="113.97086230922153">
        <ele>15.023377265781164</ele>
        <time>1970-01-01T00:30:31Z</time>
        <extensions>
          <gpxtpx:TrackPointExtension>
            <gpxtpx:hr>153</gpxtpx:hr>
          </gpxtpx:TrackPointExtension>
        </extensions>
      </trkpt>
      <trkpt lat="22.594176576092487" lon="113.97089174661494">
        <ele>15.016481439583004</ele>
        <time>1970-01-01T00:30:32Z</time>
        <extensions>
          <gpxtpx:TrackPointExtension>
            <gpxtpx:hr>153</gpxtpx:hr>
          </gpxtpx:TrackPointExtension>
        </extensions>
      </trkpt>
      <trkpt lat="22.59417552792143" lon="113.97092120140134">
        <ele>15.010582001879811</ele>
        <time>1970-01-01T00:30:33Z</time>
        <extensions>
          <gpxtpx:TrackPointExtension>
            <gpxtpx:hr>153</gpxtpx:hr>
          </gpxtpx:TrackPointExtension>
        </extensions>
      </trkpt>
      <trkpt lat="22.5941750812927" lon="113.97095055975957">
        <ele>15.00592546723783</ele>
        <time>1970-01-01T00:30:34Z</time>
        <extensions>
          <gpxtpx:TrackPointExtension>
            <gpxtpx:hr>153</gpxtpx:hr>
          </gpxtpx:TrackPointExtension>
        </extensions>
      </trkpt>
      <trkpt lat="22.594174308369578" lon="113.97097977486486">
        <ele>15.001648090779781</ele>
        <time>1970-01-01T00:30:35Z</time>
        <extensions>
          <gpxtpx:TrackPointExtension>
            <gpxtpx:hr>153</gpxtpx:hr>
          </gpxtpx:TrackPointExtension>
        </extensions>
      </trkpt>
      <trkpt lat="22.594173463889085" lon="113.9710090512461">
        <ele>14.997678325511515</ele>
        <time>1970-01-01T00:30:36Z</time>
        <extensions>
          <gpxtpx:TrackPointExtension>
            <gpxtpx:hr>153</gpxtpx:hr>
          </gpxtpx:TrackPointExtension>
        </extensions>
      </trkpt>
      <trkpt lat="22.594172750856618" lon="113.97103833918626">
        <ele>14.993196055293083</ele>
        <time>1970-01-01T00:30:37Z</time>
        <extensions>
          <gpxtpx:TrackPointExtension>
            <gpxtpx:hr>153</gpxtpx:hr>
          </gpxtpx:TrackPointExtension>
        </extensions>
      </trkpt>
      <trkpt lat="22.594172087299516" lon="113.97106732230054">
        <ele>14.988326031714678</ele>
        <time>1970-01-01T00:30:38Z</time>
        <extensions>
          <gpxtpx:TrackPointExtension>
            <gpxtpx:hr>153</gpxtpx:hr>
          </gpxtpx:TrackPointExtension>
        </extensions>
      </trkpt>
      <trkpt lat="22.59417125714325" lon="113.97109582332628">
        <ele>14.983318685553968</ele>
        <time>1970-01-01T00:30:39Z</time>
        <extensions>
          <gpxtpx:TrackPointExtension>
            <gpxtpx:hr>153</gpxtpx:hr>
          </gpxtpx:TrackPointExtension>
        </extensions>
      </trkpt>
      <trkpt lat="22.594170148802988" lon="113.97112380549359">
        <ele>14.977786076255143</ele>
        <time>1970-01-01T00:30:40Z</time>
        <extensions>
          <gpxtpx:TrackPointExtension>
            <gpxtpx:hr>153</gpxtpx:hr>
          </gpxtpx:TrackPointExtension>
        </extensions>
      </trkpt>
      <trkpt lat="22.594168822512096" lon="113.97115150712395">
        <ele>14.972186562605202</ele>
        <time>1970-01-01T00:30:41Z</time>
        <extensions>
          <gpxtpx:TrackPointExtension>
            <gpxtpx:hr>153</gpxtpx:hr>
          </gpxtpx:TrackPointExtension>
        </extensions>
      </trkpt>
      <trkpt lat="22.594166982124126" lon="113.97117909696722">
        <ele>14.96550553664565</ele>
        <time>1970-01-01T00:30:42Z</time>
        <extensions>
          <gpxtpx:TrackPointExtension>
            <gpxtpx:hr>153</gpxtpx:hr>
          </gpxtpx:TrackPointExtension>
        </extensions>
      </trkpt>
      <trkpt lat="22.59416475916818" lon="113.97120674716426">
        <ele>14.958991114981472</ele>
        <time>1970-01-01T00:30:43Z</time>
        <extensions>
          <gpxtpx:TrackPointExtension>
            <gpxtpx:hr>153</gpxtpx:hr>
          </gpxtpx:TrackPointExtension>
        </extensions>
      </trkpt>
      <trkpt lat="22.594162941961294" lon="113.97123443145347">
        <ele>14.951530911959708</ele>
        <time>1970-01-01T00:30:44Z</time>
        <extensions>
          <gpxtpx:TrackPointExtension>
            <gpxtpx:hr>153</gpxtpx:hr>
          </gpxtpx:TrackPointExtension>
        </extensions>
      </trkpt>
      <trkpt lat="22.594161872519347" lon="113.97126223244946">
        <ele>14.943557007238269</ele>
        <time>1970-01-01T00:30:45Z</time>
        <extensions>
          <gpxtpx:TrackPointExtension>
            <gpxtpx:hr>152</gpxtpx:hr>
          </gpxtpx:TrackPointExtension>
        </extensions>
      </trkpt>
      <trkpt lat="22.594160995478294" lon="113.97129011443546">
        <ele>14.934702212922275</ele>
        <time>1970-01-01T00:30:46Z</time>
        <extensions>
          <gpxtpx:TrackPointExtension>
            <gpxtpx:hr>152</gpxtpx:hr>
          </gpxtpx:TrackPointExtension>
        </extensions>
      </trkpt>
      <trkpt lat="22.594159983487113" lon="113.97131799544171">
        <ele>14.924594325013459</ele>
        <time>1970-01-01T00:30:47Z</time>
        <extensions>
          <gpxtpx:TrackPointExtension>
            <gpxtpx:hr>152</gpxtpx:hr>
          </gpxtpx:TrackPointExtension>
        </extensions>
      </trkpt>
      <trkpt lat="22.59415838124771" lon="113.97134568984934">
        <ele>14.913359774276614</ele>
        <time>1970-01-01T00:30:48Z</time>
        <extensions>
          <gpxtpx:TrackPointExtension>
            <gpxtpx:hr>152</gpxtpx:hr>
          </gpxtpx:TrackPointExtension>
        </extensions>
      </trkpt>
      <trkpt lat="22.594156244417103" lon="113.97137329187866">
        <ele>14.901732587255538</ele>
        <time>1970-01-01T00:30:49Z</time>
        <extensions>
          <gpxtpx:TrackPointExtension>
            <gpxtpx:hr>152</gpxtpx:hr>
          </gpxtpx:TrackPointExtension>
        </extensions>
      </trkpt>
      <trkpt lat="22.594153974614393" lon="113.9714008192963">
        <ele>14.89046268723905</ele>
        <time>1970-01-01T00:30:50Z</time>
        <extensions>
          <gpxtpx:TrackPointExtension>
            <gpxtpx:hr>152</gpxtpx:hr>
          </gpxtpx:TrackPointExtension>
        </extensions>
      </trkpt>
      <trkpt lat="22.594151498016867" lon="113.97142814221944">
        <ele>14.878838594071567</ele>
        <time>1970-01-01T00:30:51Z</time>
        <extensions>
          <gpxtpx:TrackPointExtension>
            <gpxtpx:hr>152</gpxtpx:hr>
          </gpxtpx:TrackPointExtension>
        </extensions>
      </trkpt>
      <trkpt lat="22.594148140125597" lon="113.97145528644202">
        <ele>14.866067568771541</ele>
        <time>1970-01-01T00:30:52Z</time>
        <extensions>
          <gpxtpx:TrackPointExtension>
            <gpxtpx:hr>152</gpxtpx:hr>
          </gpxtpx:TrackPointExtension>
        </extensions>
      </trkpt>
      <trkpt lat="22.59414403852573" lon="113.97148232438558">
        <ele>14.853852827101946</ele>
        <time>1970-01-01T00:30:53Z</time>
        <extensions>
          <gpxtpx:TrackPointExtension>
            <gpxtpx:hr>152</gpxtpx:hr>
          </gpxtpx:TrackPointExtension>
        </extensions>
      </trkpt>
      <trkpt lat="22.59414019234717" lon="113.97150931247725">
        <ele>14.842503949068487</ele>
        <time>1970-01-01T00:30:54Z</time>
        <extensions>
          <gpxtpx:TrackPointExtension>
            <gpxtpx:hr>152</gpxtpx:hr>
          </gpxtpx:TrackPointExtension>
        </extensions>
      </trkpt>
      <trkpt lat="22.594136684009577" lon="113.97153652776156">
        <ele>14.832441303879023</ele>
        <time>1970-01-01T00:30:55Z</time>
        <extensions>
          <gpxtpx:TrackPointExtension>
            <gpxtpx:hr>152</gpxtpx:hr>
          </gpxtpx:TrackPointExtension>
        </extensions>
      </trkpt>
      <trkpt lat="22.59413366205837" lon="113.97156385036757">
        <ele>14.822819923050702</ele>
        <time>1970-01-01T00:30:56Z</time>
        <extensions>
          <gpxtpx:TrackPointExtension>
            <gpxtpx:hr>152</gpxtpx:hr>
          </gpxtpx:TrackPointExtension>
        </extensions>
      </trkpt>
      <trkpt lat="22.594130839788033" lon="113.97159086681268">
        <ele>14.81395807210356</ele>
        <time>1970-01-01T00:30:57Z</time>
        <extensions>
          <gpxtpx:TrackPointExtension>
            <gpxtpx:hr>152</gpxtpx:hr>
          </gpxtpx:TrackPointExtension>
        </extensions>
      </trkpt>
      <trkpt lat="22.594128329921762" lon="113.97161754548402">
        <ele>14.807880631648004</ele>
        <time>1970-01-01T00:30:58Z</time>
        <extensions>
          <gpxtpx:TrackPointExtension>
            <gpxtpx:hr>152</gpxtpx:hr>
          </gpxtpx:TrackPointExtension>
        </extensions>
      </trkpt>
      <trkpt lat="22.594127178632654" lon="113.97164407583307">
        <ele>14.801179574802518</ele>
        <time>1970-01-01T00:30:59Z</time>
        <extensions>
          <gpxtpx:TrackPointExtension>
            <gpxtpx:hr>152</gpxtpx:hr>
          </gpxtpx:TrackPointExtension>
        </extensions>
      </trkpt>
      <trkpt lat="22.5941260999326" lon="113.97167077193645">
        <ele>14.79553532321006</ele>
        <time>1970-01-01T00:31:00Z</time>
        <extensions>
          <gpxtpx:TrackPointExtension>
            <gpxtpx:hr>152</gpxtpx:hr>
          </gpxtpx:TrackPointExtension>
        </extensions>
      </trkpt>
      <trkpt lat="22.59412363603127" lon="113.97169780965038">
        <ele>14.790972096845508</ele>
        <time>1970-01-01T00:31:01Z</time>
        <extensions>
          <gpxtpx:TrackPointExtension>
            <gpxtpx:hr>152</gpxtpx:hr>
          </gpxtpx:TrackPointExtension>
        </extensions>
      </trkpt>
      <trkpt lat="22.59412039101549" lon="113.97172494251402">
        <ele>14.787716095335782</ele>
        <time>1970-01-01T00:31:02Z</time>
        <extensions>
          <gpxtpx:TrackPointExtension>
            <gpxtpx:hr>152</gpxtpx:hr>
          </gpxtpx:TrackPointExtension>
        </extensions>
      </trkpt>
      <trkpt lat="22.59411666674363" lon="113.97175189885952">
        <ele>14.787032136693597</ele>
        <time>1970-01-01T00:31:03Z</time>
        <extensions>
          <gpxtpx:TrackPointExtension>
            <gpxtpx:hr>152</gpxtpx:hr>
          </gpxtpx:TrackPointExtension>
        </extensions>
      </trkpt>
      <trkpt lat="22.59411247211891" lon="113.97177875209212">
        <ele>14.78615157585591</ele>
        <time>1970-01-01T00:31:04Z</time>
        <extensions>
          <gpxtpx:TrackPointExtension>
            <gpxtpx:hr>152</gpxtpx:hr>
          </gpxtpx:TrackPointExtension>
        </extensions>
      </trkpt>
      <trkpt lat="22.594107860975768" lon="113.97180548313163">
        <ele>14.786148911342025</ele>
        <time>1970-01-01T00:31:05Z</time>
        <extensions>
          <gpxtpx:TrackPointExtension>
            <gpxtpx:hr>152</gpxtpx:hr>
          </gpxtpx:TrackPointExtension>
        </extensions>
      </trkpt>
      <trkpt lat="22.594103180858713" lon="113.97183234634399">
        <ele>14.784793006256223</ele>
        <time>1970-01-01T00:31:06Z</time>
        <extensions>
          <gpxtpx:TrackPointExtension>
            <gpxtpx:hr>151</gpxtpx:hr>
          </gpxtpx:TrackPointExtension>
        </extensions>
      </trkpt>
      <trkpt lat="22.594098794600786" lon="113.97185928526609">
        <ele>14.78322381246835</ele>
        <time>1970-01-01T00:31:07Z</time>
        <extensions>
          <gpxtpx:TrackPointExtension>
            <gpxtpx:hr>151</gpxtpx:hr>
          </gpxtpx:TrackPointExtension>
        </extensions>
      </trkpt>
      <trkpt lat="22.594094416773782" lon="113.97188610087852">
        <ele>14.781429784372449</ele>
        <time>1970-01-01T00:31:08Z</time>
        <extensions>
          <gpxtpx:TrackPointExtension>
            <gpxtpx:hr>151</gpxtpx:hr>
          </gpxtpx:TrackPointExtension>
        </extensions>
      </trkpt>
      <trkpt lat="22.594089401621417" lon="113.97191262567141">
        <ele>14.779216386377811</ele>
        <time>1970-01-01T00:31:09Z</time>
        <extensions>
          <gpxtpx:TrackPointExtension>
            <gpxtpx:hr>151</gpxtpx:hr>
          </gpxtpx:TrackPointExtension>
        </extensions>
      </trkpt>
      <trkpt lat="22.594083722666202" lon="113.97193888993645">
        <ele>14.778404226526618</ele>
        <time>1970-01-01T00:31:10Z</time>
        <extensions>
          <gpxtpx:TrackPointExtension>
            <gpxtpx:hr>151</gpxtpx:hr>
          </gpxtpx:TrackPointExtension>
        </extensions>
      </trkpt>
      <trkpt lat="22.594077936976632" lon="113.97196510120763">
        <ele>14.778134397231042</ele>
        <time>1970-01-01T00:31:11Z</time>
        <extensions>
          <gpxtpx:TrackPointExtension>
            <gpxtpx:hr>151</gpxtpx:hr>
          </gpxtpx:TrackPointExtension>
        </extensions>
      </trkpt>
      <trkpt lat="22.59407235286128" lon="113.97199121485136">
        <ele>14.779938145540655</ele>
        <time>1970-01-01T00:31:12Z</time>
        <extensions>
          <gpxtpx:TrackPointExtension>
            <gpxtpx:hr>151</gpxtpx:hr>
          </gpxtpx:TrackPointExtension>
        </extensions>
      </trkpt>
      <trkpt lat="22.594067180185316" lon="113.97201732478334">
        <ele>14.784206567332149</ele>
        <time>1970-01-01T00:31:13Z</time>
        <extensions>
          <gpxtpx:TrackPointExtension>
            <gpxtpx:hr>151</gpxtpx:hr>
          </gpxtpx:TrackPointExtension>
        </extensions>
      </trkpt>
      <trkpt lat="22.594062404902242" lon="113.97204332968212">
        <ele>14.788280217908323</ele>
        <time>1970-01-01T00:31:14Z</time>
        <extensions>
          <gpxtpx:TrackPointExtension>
            <gpxtpx:hr>150</gpxtpx:hr>
          </gpxtpx:TrackPointExtension>
        </extensions>
      </trkpt>
      <trkpt lat="22.59405800429994" lon="113.97206940335823">
        <ele>14.794464106671512</ele>
        <time>1970-01-01T00:31:15Z</time>
        <extensions>
          <gpxtpx:TrackPointExtension>
            <gpxtpx:hr>150</gpxtpx:hr>
          </gpxtpx:TrackPointExtension>
        </extensions>
      </trkpt>
      <trkpt lat="22.594052942400573" lon="113.97209540030781">
        <ele>14.801871902309358</ele>
        <time>1970-01-01T00:31:16Z</time>
        <extensions>
          <gpxtpx:TrackPointExtension>
            <gpxtpx:hr>150</gpxtpx:hr>
          </gpxtpx:TrackPointExtension>
        </extensions>
      </trkpt>
      <trkpt lat="22.594047432296236" lon="113.97212147055349">
        <ele>14.810536271892488</ele>
        <time>1970-01-01T00:31:17Z</time>
        <extensions>
          <gpxtpx:TrackPointExtension>
            <gpxtpx:hr>150</gpxtpx:hr>
          </gpxtpx:TrackPointExtension>
        </extensions>
      </trkpt>
      <trkpt lat="22.59404233351807" lon="113.97214772605015">
        <ele>14.820439298637211</ele>
        <time>1970-01-01T00:31:18Z</time>
        <extensions>
          <gpxtpx:TrackPointExtension>
            <gpxtpx:hr>150</gpxtpx:hr>
          </gpxtpx:TrackPointExtension>
        </extensions>
      </trkpt>
      <trkpt lat="22.59403678352543" lon="113.97217391204583">
        <ele>14.831702536903322</ele>
        <time>1970-01-01T00:31:19Z</time>
        <extensions>
          <gpxtpx:TrackPointExtension>
            <gpxtpx:hr>150</gpxtpx:hr>
          </gpxtpx:TrackPointExtension>
        </extensions>
      </trkpt>
      <trkpt lat="22.594031176521373" lon="113.97220029384523">
        <ele>14.84457344096154</ele>
        <time>1970-01-01T00:31:20Z</time>
        <extensions>
          <gpxtpx:TrackPointExtension>
            <gpxtpx:hr>150</gpxtpx:hr>
          </gpxtpx:TrackPointExtension>
        </extensions>
      </trkpt>
      <trkpt lat="22.594025437244248" lon="113.97222677772437">
        <ele>14.859700983390212</ele>
        <time>1970-01-01T00:31:21Z</time>
        <extensions>
          <gpxtpx:TrackPointExtension>
            <gpxtpx:hr>150</gpxtpx:hr>
          </gpxtpx:TrackPointExtension>
        </extensions>
      </trkpt>
      <trkpt lat="22.594018682062718" lon="113.97225320517339">
        <ele>14.87638926692307</ele>
        <time>1970-01-01T00:31:22Z</time>
        <extensions>
          <gpxtpx:TrackPointExtension>
            <gpxtpx:hr>150</gpxtpx:hr>
          </gpxtpx:TrackPointExtension>
        </extensions>
      </trkpt>
      <trkpt lat="22.594011304220974" lon="113.97227969248881">
        <ele>14.895557903684676</ele>
        <time>1970-01-01T00:31:23Z</time>
        <extensions>
          <gpxtpx:TrackPointExtension>
            <gpxtpx:hr>150</gpxtpx:hr>
          </gpxtpx:TrackPointExtension>
        </extensions>
      </trkpt>
      <trkpt lat="22.594004293546963" lon="113.97230644624682">
        <ele>14.918257812969387</ele>
        <time>1970-01-01T00:31:24Z</time>
        <extensions>
          <gpxtpx:TrackPointExtension>
            <gpxtpx:hr>151</gpxtpx:hr>
          </gpxtpx:TrackPointExtension>
        </extensions>
      </trkpt>
      <trkpt lat="22.593997714946216" lon="113.97233337208812">
        <ele>14.943921786732972</ele>
        <time>1970-01-01T00:31:25Z</time>
        <extensions>
          <gpxtpx:TrackPointExtension>
            <gpxtpx:hr>151</gpxtpx:hr>
          </gpxtpx:TrackPointExtension>
        </extensions>
      </trkpt>
      <trkpt lat="22.59399102390251" lon="113.97236028418257">
        <ele>14.973898012191057</ele>
        <time>1970-01-01T00:31:26Z</time>
        <extensions>
          <gpxtpx:TrackPointExtension>
            <gpxtpx:hr>151</gpxtpx:hr>
          </gpxtpx:TrackPointExtension>
        </extensions>
      </trkpt>
      <trkpt lat="22.593984090569265" lon="113.97238716996728">
        <ele>15.007125644013286</ele>
        <time>1970-01-01T00:31:27Z</time>
        <extensions>
          <gpxtpx:TrackPointExtension>
            <gpxtpx:hr>151</gpxtpx:hr>
          </gpxtpx:TrackPointExtension>
        </extensions>
      </trkpt>
      <trkpt lat="22.59397672722631" lon="113.97241415991851">
        <ele>15.04411352891475</ele>
        <time>1970-01-01T00:31:28Z</time>
        <extensions>
          <gpxtpx:TrackPointExtension>
            <gpxtpx:hr>151</gpxtpx:hr>
          </gpxtpx:TrackPointExtension>
        </extensions>
      </trkpt>
      <trkpt lat="22.593968653100788" lon="113.97244112976365">
        <ele>15.085090293549001</ele>
        <time>1970-01-01T00:31:29Z</time>
        <extensions>
          <gpxtpx:TrackPointExtension>
            <gpxtpx:hr>150</gpxtpx:hr>
          </gpxtpx:TrackPointExtension>
        </extensions>
      </trkpt>
      <trkpt lat="22.593959045214508" lon="113.97246783323284">
        <ele>15.129056088626385</ele>
        <time>1970-01-01T00:31:30Z</time>
        <extensions>
          <gpxtpx:TrackPointExtension>
            <gpxtpx:hr>150</gpxtpx:hr>
          </gpxtpx:TrackPointExtension>
        </extensions>
      </trkpt>
      <trkpt lat="22.59394751280317" lon="113.97249388355173">
        <ele>15.176026636734605</ele>
        <time>1970-01-01T00:31:31Z</time>
        <extensions>
          <gpxtpx:TrackPointExtension>
            <gpxtpx:hr>150</gpxtpx:hr>
          </gpxtpx:TrackPointExtension>
        </extensions>
      </trkpt>
      <trkpt lat="22.593934921360226" lon="113.97251993063611">
        <ele>15.226731738075614</ele>
        <time>1970-01-01T00:31:32Z</time>
        <extensions>
          <gpxtpx:TrackPointExtension>
            <gpxtpx:hr>150</gpxtpx:hr>
          </gpxtpx:TrackPointExtension>
        </extensions>
      </trkpt>
      <trkpt lat="22.59392179594959" lon="113.97254588980984">
        <ele>15.279951471835375</ele>
        <time>1970-01-01T00:31:33Z</time>
        <extensions>
          <gpxtpx:TrackPointExtension>
            <gpxtpx:hr>150</gpxtpx:hr>
          </gpxtpx:TrackPointExtension>
        </extensions>
      </trkpt>
      <trkpt lat="22.593908665872277" lon="113.97257175246854">
        <ele>15.33462921436876</ele>
        <time>1970-01-01T00:31:34Z</time>
        <extensions>
          <gpxtpx:TrackPointExtension>
            <gpxtpx:hr>150</gpxtpx:hr>
          </gpxtpx:TrackPointExtension>
        </extensions>
      </trkpt>
      <trkpt lat="22.59389632399101" lon="113.97259827052028">
        <ele>15.389250723645091</ele>
        <time>1970-01-01T00:31:35Z</time>
        <extensions>
          <gpxtpx:TrackPointExtension>
            <gpxtpx:hr>150</gpxtpx:hr>
          </gpxtpx:TrackPointExtension>
        </extensions>
      </trkpt>
      <trkpt lat="22.593885160553796" lon="113.97262545267829">
        <ele>15.444396389648318</ele>
        <time>1970-01-01T00:31:36Z</time>
        <extensions>
          <gpxtpx:TrackPointExtension>
            <gpxtpx:hr>150</gpxtpx:hr>
          </gpxtpx:TrackPointExtension>
        </extensions>
      </trkpt>
      <trkpt lat="22.593875191930408" lon="113.97265298305639">
        <ele>15.498789203353226</ele>
        <time>1970-01-01T00:31:37Z</time>
        <extensions>
          <gpxtpx:TrackPointExtension>
            <gpxtpx:hr>150</gpxtpx:hr>
          </gpxtpx:TrackPointExtension>
        </extensions>
      </trkpt>
      <trkpt lat="22.59386534080828" lon="113.97268047272813">
        <ele>15.551203175447881</ele>
        <time>1970-01-01T00:31:38Z</time>
        <extensions>
          <gpxtpx:TrackPointExtension>
            <gpxtpx:hr>150</gpxtpx:hr>
          </gpxtpx:TrackPointExtension>
        </extensions>
      </trkpt>
      <trkpt lat="22.59385482767383" lon="113.97270743072329">
        <ele>15.600622931495309</ele>
        <time>1970-01-01T00:31:39Z</time>
        <extensions>
          <gpxtpx:TrackPointExtension>
            <gpxtpx:hr>150</gpxtpx:hr>
          </gpxtpx:TrackPointExtension>
        </extensions>
      </trkpt>
      <trkpt lat="22.593842860630872" lon="113.97273296661007">
        <ele>15.647228611633182</ele>
        <time>1970-01-01T00:31:40Z</time>
        <extensions>
          <gpxtpx:TrackPointExtension>
            <gpxtpx:hr>150</gpxtpx:hr>
          </gpxtpx:TrackPointExtension>
        </extensions>
      </trkpt>
      <trkpt lat="22.593830618106168" lon="113.9727580748798">
        <ele>15.690688873641193</ele>
        <time>1970-01-01T00:31:41Z</time>
        <extensions>
          <gpxtpx:TrackPointExtension>
            <gpxtpx:hr>151</gpxtpx:hr>
          </gpxtpx:TrackPointExtension>
        </extensions>
      </trkpt>
      <trkpt lat="22.593819982205474" lon="113.97278401552298">
        <ele>15.73092544823885</ele>
        <time>1970-01-01T00:31:42Z</time>
        <extensions>
          <gpxtpx:TrackPointExtension>
            <gpxtpx:hr>151</gpxtpx:hr>
          </gpxtpx:TrackPointExtension>
        </extensions>
      </trkpt>
      <trkpt lat="22.5938105374049" lon="113.9728105361308">
        <ele>15.767785843461752</ele>
        <time>1970-01-01T00:31:43Z</time>
        <extensions>
          <gpxtpx:TrackPointExtension>
            <gpxtpx:hr>151</gpxtpx:hr>
          </gpxtpx:TrackPointExtension>
        </extensions>
      </trkpt>
      <trkpt lat="22.593802005136002" lon="113.97283748868752">
        <ele>15.802838125266135</ele>
        <time>1970-01-01T00:31:44Z</time>
        <extensions>
          <gpxtpx:TrackPointExtension>
            <gpxtpx:hr>151</gpxtpx:hr>
          </gpxtpx:TrackPointExtension>
        </extensions>
      </trkpt>
      <trkpt lat="22.593794145720903" lon="113.97286477141049">
        <ele>15.836355715990067</ele>
        <time>1970-01-01T00:31:45Z</time>
        <extensions>
          <gpxtpx:TrackPointExtension>
            <gpxtpx:hr>151</gpxtpx:hr>
          </gpxtpx:TrackPointExtension>
        </extensions>
      </trkpt>
      <trkpt lat="22.593786801688367" lon="113.9728922866396">
        <ele>15.868245428428054</ele>
        <time>1970-01-01T00:31:46Z</time>
        <extensions>
          <gpxtpx:TrackPointExtension>
            <gpxtpx:hr>151</gpxtpx:hr>
          </gpxtpx:TrackPointExtension>
        </extensions>
      </trkpt>
      <trkpt lat="22.593779496159712" lon="113.97291966171069">
        <ele>15.899912973865867</ele>
        <time>1970-01-01T00:31:47Z</time>
        <extensions>
          <gpxtpx:TrackPointExtension>
            <gpxtpx:hr>151</gpxtpx:hr>
          </gpxtpx:TrackPointExtension>
        </extensions>
      </trkpt>
      <trkpt lat="22.593770952344798" lon="113.97294641864613">
        <ele>15.932900818064809</ele>
        <time>1970-01-01T00:31:48Z</time>
        <extensions>
          <gpxtpx:TrackPointExtension>
            <gpxtpx:hr>151</gpxtpx:hr>
          </gpxtpx:TrackPointExtension>
        </extensions>
      </trkpt>
      <trkpt lat="22.59376261344405" lon="113.97297331638406">
        <ele>15.969058617018163</ele>
        <time>1970-01-01T00:31:49Z</time>
        <extensions>
          <gpxtpx:TrackPointExtension>
            <gpxtpx:hr>151</gpxtpx:hr>
          </gpxtpx:TrackPointExtension>
        </extensions>
      </trkpt>
      <trkpt lat="22.59375509239777" lon="113.97300063588133">
        <ele>16.0074103763327</ele>
        <time>1970-01-01T00:31:50Z</time>
        <extensions>
          <gpxtpx:TrackPointExtension>
            <gpxtpx:hr>152</gpxtpx:hr>
          </gpxtpx:TrackPointExtension>
        </extensions>
      </trkpt>
      <trkpt lat="22.59374659897153" lon="113.97302757498375">
        <ele>16.049334172159433</ele>
        <time>1970-01-01T00:31:51Z</time>
        <extensions>
          <gpxtpx:TrackPointExtension>
            <gpxtpx:hr>152</gpxtpx:hr>
          </gpxtpx:TrackPointExtension>
        </extensions>
      </trkpt>
      <trkpt lat="22.59373758949893" lon="113.97305444359304">
        <ele>16.09410336520523</ele>
        <time>1970-01-01T00:31:52Z</time>
        <extensions>
          <gpxtpx:TrackPointExtension>
            <gpxtpx:hr>152</gpxtpx:hr>
          </gpxtpx:TrackPointExtension>
        </extensions>
      </trkpt>
      <trkpt lat="22.59372866867914" lon="113.97308146627357">
        <ele>16.14332413673401</ele>
        <time>1970-01-01T00:31:53Z</time>
        <extensions>
          <gpxtpx:TrackPointExtension>
            <gpxtpx:hr>152</gpxtpx:hr>
          </gpxtpx:TrackPointExtension>
        </extensions>
      </trkpt>
      <trkpt lat="22.593719891209986" lon="113.97310847329892">
        <ele>16.196445737034082</ele>
        <time>1970-01-01T00:31:54Z</time>
        <extensions>
          <gpxtpx:TrackPointExtension>
            <gpxtpx:hr>152</gpxtpx:hr>
          </gpxtpx:TrackPointExtension>
        </extensions>
      </trkpt>
      <trkpt lat="22.593711121595323" lon="113.97313532329994">
        <ele>16.253292481414974</ele>
        <time>1970-01-01T00:31:55Z</time>
        <extensions>
          <gpxtpx:TrackPointExtension>
            <gpxtpx:hr>152</gpxtpx:hr>
          </gpxtpx:TrackPointExtension>
        </extensions>
      </trkpt>
      <trkpt lat="22.59370209776448" lon="113.97316184490904">
        <ele>16.312919762916863</ele>
        <time>1970-01-01T00:31:56Z</time>
        <extensions>
          <gpxtpx:TrackPointExtension>
            <gpxtpx:hr>152</gpxtpx:hr>
          </gpxtpx:TrackPointExtension>
        </extensions>
      </trkpt>
      <trkpt lat="22.59369284117466" lon="113.97318776466433">
        <ele>16.37544244993478</ele>
        <time>1970-01-01T00:31:57Z</time>
        <extensions>
          <gpxtpx:TrackPointExtension>
            <gpxtpx:hr>152</gpxtpx:hr>
          </gpxtpx:TrackPointExtension>
        </extensions>
      </trkpt>
      <trkpt lat="22.593683641805878" lon="113.97321299362272">
        <ele>16.44169665593654</ele>
        <time>1970-01-01T00:31:58Z</time>
        <extensions>
          <gpxtpx:TrackPointExtension>
            <gpxtpx:hr>152</gpxtpx:hr>
          </gpxtpx:TrackPointExtension>
        </extensions>
      </trkpt>
      <trkpt lat="22.593675077751136" lon="113.97323789183163">
        <ele>16.510644144378603</ele>
        <time>1970-01-01T00:31:59Z</time>
        <extensions>
          <gpxtpx:TrackPointExtension>
            <gpxtpx:hr>152</gpxtpx:hr>
          </gpxtpx:TrackPointExtension>
        </extensions>
      </trkpt>
      <trkpt lat="22.593668281318646" lon="113.97326296748544">
        <ele>16.581511880271137</ele>
        <time>1970-01-01T00:32:00Z</time>
        <extensions>
          <gpxtpx:TrackPointExtension>
            <gpxtpx:hr>152</gpxtpx:hr>
          </gpxtpx:TrackPointExtension>
        </extensions>
      </trkpt>
      <trkpt lat="22.593664429888584" lon="113.9732881144446">
        <ele>16.653484715148807</ele>
        <time>1970-01-01T00:32:01Z</time>
        <extensions>
          <gpxtpx:TrackPointExtension>
            <gpxtpx:hr>152</gpxtpx:hr>
          </gpxtpx:TrackPointExtension>
        </extensions>
      </trkpt>
      <trkpt lat="22.593660040482533" lon="113.97331294148886">
        <ele>16.72559403348714</ele>
        <time>1970-01-01T00:32:02Z</time>
        <extensions>
          <gpxtpx:TrackPointExtension>
            <gpxtpx:hr>152</gpxtpx:hr>
          </gpxtpx:TrackPointExtension>
        </extensions>
      </trkpt>
      <trkpt lat="22.5936529022695" lon="113.97333763506822">
        <ele>16.796893063001335</ele>
        <time>1970-01-01T00:32:03Z</time>
        <extensions>
          <gpxtpx:TrackPointExtension>
            <gpxtpx:hr>152</gpxtpx:hr>
          </gpxtpx:TrackPointExtension>
        </extensions>
      </trkpt>
      <trkpt lat="22.59364398957764" lon="113.97336190800142">
        <ele>16.86646803840995</ele>
        <time>1970-01-01T00:32:04Z</time>
        <extensions>
          <gpxtpx:TrackPointExtension>
            <gpxtpx:hr>152</gpxtpx:hr>
          </gpxtpx:TrackPointExtension>
        </extensions>
      </trkpt>
      <trkpt lat="22.59363380076732" lon="113.97338601896693">
        <ele>16.93376216199249</ele>
        <time>1970-01-01T00:32:05Z</time>
        <extensions>
          <gpxtpx:TrackPointExtension>
            <gpxtpx:hr>152</gpxtpx:hr>
          </gpxtpx:TrackPointExtension>
        </extensions>
      </trkpt>
      <trkpt lat="22.59362352406678" lon="113.97341048971745">
        <ele>16.998310348950326</ele>
        <time>1970-01-01T00:32:06Z</time>
        <extensions>
          <gpxtpx:TrackPointExtension>
            <gpxtpx:hr>152</gpxtpx:hr>
          </gpxtpx:TrackPointExtension>
        </extensions>
      </trkpt>
      <trkpt lat="22.593612990886758" lon="113.9734352024038">
        <ele>17.05982059147209</ele>
        <time>1970-01-01T00:32:07Z</time>
        <extensions>
          <gpxtpx:TrackPointExtension>
            <gpxtpx:hr>152</gpxtpx:hr>
          </gpxtpx:TrackPointExtension>
        </extensions>
      </trkpt>
      <trkpt lat="22.593602066537237" lon="113.9734600385689">
        <ele>17.118085362017155</ele>
        <time>1970-01-01T00:32:08Z</time>
        <extensions>
          <gpxtpx:TrackPointExtension>
            <gpxtpx:hr>153</gpxtpx:hr>
          </gpxtpx:TrackPointExtension>
        </extensions>
      </trkpt>
      <trkpt lat="22.59359114493794" lon="113.97348491972426">
        <ele>17.17298573628068</ele>
        <time>1970-01-01T00:32:09Z</time>
        <extensions>
          <gpxtpx:TrackPointExtension>
            <gpxtpx:hr>153</gpxtpx:hr>
          </gpxtpx:TrackPointExtension>
        </extensions>
      </trkpt>
      <trkpt lat="22.593580735165766" lon="113.97350995070308">
        <ele>17.224422748200595</ele>
        <time>1970-01-01T00:32:10Z</time>
        <extensions>
          <gpxtpx:TrackPointExtension>
            <gpxtpx:hr>153</gpxtpx:hr>
          </gpxtpx:TrackPointExtension>
        </extensions>
      </trkpt>
      <trkpt lat="22.593570639449382" lon="113.97353519860972">
        <ele>17.272460986860096</ele>
        <time>1970-01-01T00:32:11Z</time>
        <extensions>
          <gpxtpx:TrackPointExtension>
            <gpxtpx:hr>153</gpxtpx:hr>
          </gpxtpx:TrackPointExtension>
        </extensions>
      </trkpt>
      <trkpt lat="22.593561072677378" lon="113.97356082757267">
        <ele>17.31707866024226</ele>
        <time>1970-01-01T00:32:12Z</time>
        <extensions>
          <gpxtpx:TrackPointExtension>
            <gpxtpx:hr>153</gpxtpx:hr>
          </gpxtpx:TrackPointExtension>
        </extensions>
      </trkpt>
      <trkpt lat="22.593552267426045" lon="113.97358673531996">
        <ele>17.358486256562173</ele>
        <time>1970-01-01T00:32:13Z</time>
        <extensions>
          <gpxtpx:TrackPointExtension>
            <gpxtpx:hr>153</gpxtpx:hr>
          </gpxtpx:TrackPointExtension>
        </extensions>
      </trkpt>
      <trkpt lat="22.59354459785251" lon="113.97361286342333">
        <ele>17.396879714913666</ele>
        <time>1970-01-01T00:32:14Z</time>
        <extensions>
          <gpxtpx:TrackPointExtension>
            <gpxtpx:hr>153</gpxtpx:hr>
          </gpxtpx:TrackPointExtension>
        </extensions>
      </trkpt>
      <trkpt lat="22.59353772615084" lon="113.97363910133507">
        <ele>17.432552074082196</ele>
        <time>1970-01-01T00:32:15Z</time>
        <extensions>
          <gpxtpx:TrackPointExtension>
            <gpxtpx:hr>152</gpxtpx:hr>
          </gpxtpx:TrackPointExtension>
        </extensions>
      </trkpt>
      <trkpt lat="22.593530646208595" lon="113.97366490798319">
        <ele>17.46570298820734</ele>
        <time>1970-01-01T00:32:16Z</time>
        <extensions>
          <gpxtpx:TrackPointExtension>
            <gpxtpx:hr>152</gpxtpx:hr>
          </gpxtpx:TrackPointExtension>
        </extensions>
      </trkpt>
      <trkpt lat="22.593522946186006" lon="113.97369027312689">
        <ele>17.49680098425597</ele>
        <time>1970-01-01T00:32:17Z</time>
        <extensions>
          <gpxtpx:TrackPointExtension>
            <gpxtpx:hr>152</gpxtpx:hr>
          </gpxtpx:TrackPointExtension>
        </extensions>
      </trkpt>
      <trkpt lat="22.593514478893226" lon="113.9737153187443">
        <ele>17.52626593504101</ele>
        <time>1970-01-01T00:32:18Z</time>
        <extensions>
          <gpxtpx:TrackPointExtension>
            <gpxtpx:hr>152</gpxtpx:hr>
          </gpxtpx:TrackPointExtension>
        </extensions>
      </trkpt>
      <trkpt lat="22.593505604239034" lon="113.9737402996895">
        <ele>17.554579499177635</ele>
        <time>1970-01-01T00:32:19Z</time>
        <extensions>
          <gpxtpx:TrackPointExtension>
            <gpxtpx:hr>152</gpxtpx:hr>
          </gpxtpx:TrackPointExtension>
        </extensions>
      </trkpt>
      <trkpt lat="22.59349720931811" lon="113.97376549314511">
        <ele>17.58212947845459</ele>
        <time>1970-01-01T00:32:20Z</time>
        <extensions>
          <gpxtpx:TrackPointExtension>
            <gpxtpx:hr>152</gpxtpx:hr>
          </gpxtpx:TrackPointExtension>
        </extensions>
      </trkpt>
      <trkpt lat="22.59348978911995" lon="113.97379124603631">
        <ele>17.609254440292716</ele>
        <time>1970-01-01T00:32:21Z</time>
        <extensions>
          <gpxtpx:TrackPointExtension>
            <gpxtpx:hr>153</gpxtpx:hr>
          </gpxtpx:TrackPointExtension>
        </extensions>
      </trkpt>
      <trkpt lat="22.59348226545353" lon="113.97381717671028">
        <ele>17.636071391403675</ele>
        <time>1970-01-01T00:32:22Z</time>
        <extensions>
          <gpxtpx:TrackPointExtension>
            <gpxtpx:hr>153</gpxtpx:hr>
          </gpxtpx:TrackPointExtension>
        </extensions>
      </trkpt>
      <trkpt lat="22.593473281582494" lon="113.97384256743355">
        <ele>17.6624710643664</ele>
        <time>1970-01-01T00:32:23Z</time>
        <extensions>
          <gpxtpx:TrackPointExtension>
            <gpxtpx:hr>153</gpxtpx:hr>
          </gpxtpx:TrackPointExtension>
        </extensions>
      </trkpt>
      <trkpt lat="22.59346225036105" lon="113.97386706182807">
        <ele>17.688192202709615</ele>
        <time>1970-01-01T00:32:24Z</time>
        <extensions>
          <gpxtpx:TrackPointExtension>
            <gpxtpx:hr>153</gpxtpx:hr>
          </gpxtpx:TrackPointExtension>
        </extensions>
      </trkpt>
      <trkpt lat="22.593449339811905" lon="113.97389095812694">
        <ele>17.713003563694656</ele>
        <time>1970-01-01T00:32:25Z</time>
        <extensions>
          <gpxtpx:TrackPointExtension>
            <gpxtpx:hr>153</gpxtpx:hr>
          </gpxtpx:TrackPointExtension>
        </extensions>
      </trkpt>
      <trkpt lat="22.59343578951766" lon="113.97391472593074">
        <ele>17.736634649336338</ele>
        <time>1970-01-01T00:32:26Z</time>
        <extensions>
          <gpxtpx:TrackPointExtension>
            <gpxtpx:hr>153</gpxtpx:hr>
          </gpxtpx:TrackPointExtension>
        </extensions>
      </trkpt>
      <trkpt lat="22.59342321212368" lon="113.97393896574437">
        <ele>17.75883233640343</ele>
        <time>1970-01-01T00:32:27Z</time>
        <extensions>
          <gpxtpx:TrackPointExtension>
            <gpxtpx:hr>153</gpxtpx:hr>
          </gpxtpx:TrackPointExtension>
        </extensions>
      </trkpt>
      <trkpt lat="22.59341224177356" lon="113.9739638386408">
        <ele>17.77941339276731</ele>
        <time>1970-01-01T00:32:28Z</time>
        <extensions>
          <gpxtpx:TrackPointExtension>
            <gpxtpx:hr>154</gpxtpx:hr>
          </gpxtpx:TrackPointExtension>
        </extensions>
      </trkpt>
      <trkpt lat="22.5934025705119" lon="113.97398915992223">
        <ele>17.7984074447304</ele>
        <time>1970-01-01T00:32:29Z</time>
        <extensions>
          <gpxtpx:TrackPointExtension>
            <gpxtpx:hr>154</gpxtpx:hr>
          </gpxtpx:TrackPointExtension>
        </extensions>
      </trkpt>
      <trkpt lat="22.593393839323035" lon="113.97401477989463">
        <ele>17.815945158712566</ele>
        <time>1970-01-01T00:32:30Z</time>
        <extensions>
          <gpxtpx:TrackPointExtension>
            <gpxtpx:hr>154</gpxtpx:hr>
          </gpxtpx:TrackPointExtension>
        </extensions>
      </trkpt>
      <trkpt lat="22.593385449333894" lon="113.97404042520934">
        <ele>17.83223759289831</ele>
        <time>1970-01-01T00:32:31Z</time>
        <extensions>
          <gpxtpx:TrackPointExtension>
            <gpxtpx:hr>154</gpxtpx:hr>
          </gpxtpx:TrackPointExtension>
        </extensions>
      </trkpt>
      <trkpt lat="22.593377126670557" lon="113.97406621496684">
        <ele>17.847539969719946</ele>
        <time>1970-01-01T00:32:32Z</time>
        <extensions>
          <gpxtpx:TrackPointExtension>
            <gpxtpx:hr>154</gpxtpx:hr>
          </gpxtpx:TrackPointExtension>
        </extensions>
      </trkpt>
      <trkpt lat="22.593369119319863" lon="113.97409218550978">
        <ele>17.8620758196339</ele>
        <time>1970-01-01T00:32:33Z</time>
        <extensions>
          <gpxtpx:TrackPointExtension>
            <gpxtpx:hr>154</gpxtpx:hr>
          </gpxtpx:TrackPointExtension>
        </extensions>
      </trkpt>
      <trkpt lat="22.593361421031776" lon="113.97411808740704">
        <ele>17.876033905893564</ele>
        <time>1970-01-01T00:32:34Z</time>
        <extensions>
          <gpxtpx:TrackPointExtension>
            <gpxtpx:hr>154</gpxtpx:hr>
          </gpxtpx:TrackPointExtension>
        </extensions>
      </trkpt>
      <trkpt lat="22.59335386370418" lon="113.9741437048066">
        <ele>17.88948045670986</ele>
        <time>1970-01-01T00:32:35Z</time>
        <extensions>
          <gpxtpx:TrackPointExtension>
            <gpxtpx:hr>155</gpxtpx:hr>
          </gpxtpx:TrackPointExtension>
        </extensions>
      </trkpt>
      <trkpt lat="22.59334663182139" lon="113.97416932904972">
        <ele>17.90240664128214</ele>
        <time>1970-01-01T00:32:36Z</time>
        <extensions>
          <gpxtpx:TrackPointExtension>
            <gpxtpx:hr>155</gpxtpx:hr>
          </gpxtpx:TrackPointExtension>
        </extensions>
      </trkpt>
      <trkpt lat="22.593340042490695" lon="113.9741950921133">
        <ele>17.914731558412313</ele>
        <time>1970-01-01T00:32:37Z</time>
        <extensions>
          <gpxtpx:TrackPointExtension>
            <gpxtpx:hr>155</gpxtpx:hr>
          </gpxtpx:TrackPointExtension>
        </extensions>
      </trkpt>
      <trkpt lat="22.59333431031824" lon="113.97422094009464">
        <ele>17.92626062221825</ele>
        <time>1970-01-01T00:32:38Z</time>
        <extensions>
          <gpxtpx:TrackPointExtension>
            <gpxtpx:hr>155</gpxtpx:hr>
          </gpxtpx:TrackPointExtension>
        </extensions>
      </trkpt>
      <trkpt lat="22.593328458124873" lon="113.9742466209719">
        <ele>17.93665284756571</ele>
        <time>1970-01-01T00:32:39Z</time>
        <extensions>
          <gpxtpx:TrackPointExtension>
            <gpxtpx:hr>155</gpxtpx:hr>
          </gpxtpx:TrackPointExtension>
        </extensions>
      </trkpt>
      <trkpt lat="22.593322790285153" lon="113.97427235365583">
        <ele>17.945639527402818</ele>
        <time>1970-01-01T00:32:40Z</time>
        <extensions>
          <gpxtpx:TrackPointExtension>
            <gpxtpx:hr>155</gpxtpx:hr>
          </gpxtpx:TrackPointExtension>
        </extensions>
      </trkpt>
      <trkpt lat="22.593317598495446" lon="113.97429817449958">
        <ele>17.953048346564174</ele>
        <time>1970-01-01T00:32:41Z</time>
        <extensions>
          <gpxtpx:TrackPointExtension>
            <gpxtpx:hr>155</gpxtpx:hr>
          </gpxtpx:TrackPointExtension>
        </extensions>
      </trkpt>
      <trkpt lat="22.593311847489254" lon="113.97432373686745">
        <ele>17.95889453124255</ele>
        <time>1970-01-01T00:32:42Z</time>
        <extensions>
          <gpxtpx:TrackPointExtension>
            <gpxtpx:hr>155</gpxtpx:hr>
          </gpxtpx:TrackPointExtension>
        </extensions>
      </trkpt>
      <trkpt lat="22.59330573530843" lon="113.97434921312694">
        <ele>17.963340445421636</ele>
        <time>1970-01-01T00:32:43Z</time>
        <extensions>
          <gpxtpx:TrackPointExtension>
            <gpxtpx:hr>155</gpxtpx:hr>
          </gpxtpx:TrackPointExtension>
        </extensions>
      </trkpt>
      <trkpt lat="22.59329967703264" lon="113.97437458904199">
        <ele>17.966557210311294</ele>
        <time>1970-01-01T00:32:44Z</time>
        <extensions>
          <gpxtpx:TrackPointExtension>
            <gpxtpx:hr>155</gpxtpx:hr>
          </gpxtpx:TrackPointExtension>
        </extensions>
      </trkpt>
      <trkpt lat="22.593294231476587" lon="113.97439995534333">
        <ele>17.968772505410016</ele>
        <time>1970-01-01T00:32:45Z</time>
        <extensions>
          <gpxtpx:TrackPointExtension>
            <gpxtpx:hr>155</gpxtpx:hr>
          </gpxtpx:TrackPointExtension>
        </extensions>
      </trkpt>
      <trkpt lat="22.593289520824353" lon="113.97442506397843">
        <ele>17.97025152761489</ele>
        <time>1970-01-01T00:32:46Z</time>
        <extensions>
          <gpxtpx:TrackPointExtension>
            <gpxtpx:hr>155</gpxtpx:hr>
          </gpxtpx:TrackPointExtension>
        </extensions>
      </trkpt>
      <trkpt lat="22.59328469322129" lon="113.97444971029218">
        <ele>17.971286387182772</ele>
        <time>1970-01-01T00:32:47Z</time>
        <extensions>
          <gpxtpx:TrackPointExtension>
            <gpxtpx:hr>155</gpxtpx:hr>
          </gpxtpx:TrackPointExtension>
        </extensions>
      </trkpt>
    </trkseg>
  </trk>
</gpx>