<?xml version="1.0" encoding="UTF-8"?>
<gpx xmlns="http://www.topografix.com/GPX/1/1" xmlns:gpxtpx="http://www.garmin.com/xmlschemas/TrackPointExtension/v1" xmlns:xsi="http://www.w3.org/2001/XMLSchema-instance" xsi:schemaLocation="http://www.topografix.com/GPX/1/1 http://www.topografix.com/GPX/1/1/gpx.xsd" version="1.1" creator="gpx.py -- https://github.com/tkrajina/gpxpy">
  <trk>
    <name>gpx from keep</name>
    <type>Run</type>
    <trkseg>
      <trkpt lat="22.75750876715304" lon="113.73319413061213">
        <ele>2.2432928746566176</ele>
        <time>7640-11-08T08:05:44.100006Z</time>
      </trkpt>
      <trkpt lat="22.75749622901398" lon="113.73320305368854">
        <ele>2.2579892314970493</ele>
        <time>1970-01-01T00:00:01Z</time>
      </trkpt>
      <trkpt lat="22.75748234525339" lon="113.73320964901896">
        <ele>2.271311734803021</ele>
        <time>1970-01-01T00:00:02Z</time>
      </trkpt>
      <trkpt lat="22.757467741918795" lon="113.73321377090423">
        <ele>2.2825049431994557</ele>
        <time>1970-01-01T00:00:03Z</time>
      </trkpt>
      <trkpt lat="22.757451736470603" lon="113.73321760440804">
        <ele>2.28847417794168</ele>
        <time>1970-01-01T00:00:04Z</time>
      </trkpt>
      <trkpt lat="22.75743176185807" lon="113.73322256666495">
        <ele>2.288766018114984</ele>
        <time>1970-01-01T00:00:05Z</time>
      </trkpt>
      <trkpt lat="22.757409662484037" lon="113.73322829586986">
        <ele>2.283899676054716</ele>
        <time>1970-01-01T00:00:06Z</time>
        <extensions>
          <gpxtpx:TrackPointExtension>
            <gpxtpx:hr>142</gpxtpx:hr>
          </gpxtpx:TrackPointExtension>
        </extensions>
      </trkpt>
      <trkpt lat="22.757389785582692" lon="113.7332342729834">
        <ele>2.275208200328052</ele>
        <time>1970-01-01T00:00:07Z</time>
        <extensions>
          <gpxtpx:TrackPointExtension>
            <gpxtpx:hr>142</gpxtpx:hr>
          </gpxtpx:TrackPointExtension>
        </extensions>
      </trkpt>
      <trkpt lat="22.75737216524441" lon="113.73324157442693">
        <ele>2.26409631408751</ele>
        <time>1970-01-01T00:00:08Z</time>
        <extensions>
          <gpxtpx:TrackPointExtension>
            <gpxtpx:hr>142</gpxtpx:hr>
          </gpxtpx:TrackPointExtension>
        </extensions>
      </trkpt>
      <trkpt lat="22.757353280741988" lon="113.73325664352133">
        <ele>2.252409321255982</ele>
        <time>1970-01-01T00:00:09Z</time>
        <extensions>
          <gpxtpx:TrackPointExtension>
            <gpxtpx:hr>142</gpxtpx:hr>
          </gpxtpx:TrackPointExtension>
        </extensions>
      </trkpt>
      <trkpt lat="22.7573327340509" lon="113.73328052964128">
        <ele>2.24148912448436</ele>
        <time>1970-01-01T00:00:10Z</time>
        <extensions>
          <gpxtpx:TrackPointExtension>
            <gpxtpx:hr>142</gpxtpx:hr>
          </gpxtpx:TrackPointExtension>
        </extensions>
      </trkpt>
      <trkpt lat="22.75731173715262" lon="113.73330755870326">
        <ele>2.230944777838886</ele>
        <time>1970-01-01T00:00:11Z</time>
        <extensions>
          <gpxtpx:TrackPointExtension>
            <gpxtpx:hr>142</gpxtpx:hr>
          </gpxtpx:TrackPointExtension>
        </extensions>
      </trkpt>
      <trkpt lat="22.757288207841928" lon="113.73333767345285">
        <ele>2.218348218128085</ele>
        <time>1970-01-01T00:00:12Z</time>
        <extensions>
          <gpxtpx:TrackPointExtension>
            <gpxtpx:hr>142</gpxtpx:hr>
          </gpxtpx:TrackPointExtension>
        </extensions>
      </trkpt>
      <trkpt lat="22.757265588547895" lon="113.73336488236629">
        <ele>2.2043372318148613</ele>
        <time>1970-01-01T00:00:13Z</time>
        <extensions>
          <gpxtpx:TrackPointExtension>
            <gpxtpx:hr>142</gpxtpx:hr>
          </gpxtpx:TrackPointExtension>
        </extensions>
      </trkpt>
      <trkpt lat="22.757242390128287" lon="113.73339081197068">
        <ele>2.187481874600053</ele>
        <time>1970-01-01T00:00:14Z</time>
        <extensions>
          <gpxtpx:TrackPointExtension>
            <gpxtpx:hr>142</gpxtpx:hr>
          </gpxtpx:TrackPointExtension>
        </extensions>
      </trkpt>
      <trkpt lat="22.757218532048377" lon="113.73341535624752">
        <ele>2.1673881970345974</ele>
        <time>1970-01-01T00:00:15Z</time>
        <extensions>
          <gpxtpx:TrackPointExtension>
            <gpxtpx:hr>142</gpxtpx:hr>
          </gpxtpx:TrackPointExtension>
        </extensions>
      </trkpt>
      <trkpt lat="22.757194600150598" lon="113.73343780648375">
        <ele>2.1437022425234318</ele>
        <time>1970-01-01T00:00:16Z</time>
        <extensions>
          <gpxtpx:TrackPointExtension>
            <gpxtpx:hr>142</gpxtpx:hr>
          </gpxtpx:TrackPointExtension>
        </extensions>
      </trkpt>
      <trkpt lat="22.75717103462054" lon="113.73345845059278">
        <ele>2.1165936114266515</ele>
        <time>1970-01-01T00:00:17Z</time>
        <extensions>
          <gpxtpx:TrackPointExtension>
            <gpxtpx:hr>142</gpxtpx:hr>
          </gpxtpx:TrackPointExtension>
        </extensions>
      </trkpt>
      <trkpt lat="22.757147908399787" lon="113.73347827967471">
        <ele>2.0861854534596205</ele>
        <time>1970-01-01T00:00:18Z</time>
        <extensions>
          <gpxtpx:TrackPointExtension>
            <gpxtpx:hr>142</gpxtpx:hr>
          </gpxtpx:TrackPointExtension>
        </extensions>
      </trkpt>
      <trkpt lat="22.7571259276043" lon="113.7334979421288">
        <ele>2.0529558695852757</ele>
        <time>1970-01-01T00:00:19Z</time>
        <extensions>
          <gpxtpx:TrackPointExtension>
            <gpxtpx:hr>142</gpxtpx:hr>
          </gpxtpx:TrackPointExtension>
        </extensions>
      </trkpt>
      <trkpt lat="22.757105465381184" lon="113.73351849819859">
        <ele>2.017515975050628</ele>
        <time>1970-01-01T00:00:20Z</time>
        <extensions>
          <gpxtpx:TrackPointExtension>
            <gpxtpx:hr>142</gpxtpx:hr>
          </gpxtpx:TrackPointExtension>
        </extensions>
      </trkpt>
      <trkpt lat="22.757085972382797" lon="113.73353944459222">
        <ele>1.9803884103894234</ele>
        <time>1970-01-01T00:00:21Z</time>
        <extensions>
          <gpxtpx:TrackPointExtension>
            <gpxtpx:hr>142</gpxtpx:hr>
          </gpxtpx:TrackPointExtension>
        </extensions>
      </trkpt>
      <trkpt lat="22.757067423783983" lon="113.73356048638402">
        <ele>1.9426013110205531</ele>
        <time>1970-01-01T00:00:22Z</time>
        <extensions>
          <gpxtpx:TrackPointExtension>
            <gpxtpx:hr>142</gpxtpx:hr>
          </gpxtpx:TrackPointExtension>
        </extensions>
      </trkpt>
      <trkpt lat="22.757050308172182" lon="113.73358206475203">
        <ele>1.9059230061247945</ele>
        <time>1970-01-01T00:00:23Z</time>
        <extensions>
          <gpxtpx:TrackPointExtension>
            <gpxtpx:hr>147</gpxtpx:hr>
          </gpxtpx:TrackPointExtension>
        </extensions>
      </trkpt>
      <trkpt lat="22.757038111393364" lon="113.73360704841446">
        <ele>1.8854907527565956</ele>
        <time>1970-01-01T00:00:24Z</time>
        <extensions>
          <gpxtpx:TrackPointExtension>
            <gpxtpx:hr>147</gpxtpx:hr>
          </gpxtpx:TrackPointExtension>
        </extensions>
      </trkpt>
      <trkpt lat="22.757028802957933" lon="113.73363336319994">
        <ele>1.8956117117777467</ele>
        <time>1970-01-01T00:00:25Z</time>
        <extensions>
          <gpxtpx:TrackPointExtension>
            <gpxtpx:hr>147</gpxtpx:hr>
          </gpxtpx:TrackPointExtension>
        </extensions>
      </trkpt>
      <trkpt lat="22.757020470871005" lon="113.73365963808847">
        <ele>1.9357121642678976</ele>
        <time>1970-01-01T00:00:26Z</time>
        <extensions>
          <gpxtpx:TrackPointExtension>
            <gpxtpx:hr>147</gpxtpx:hr>
          </gpxtpx:TrackPointExtension>
        </extensions>
      </trkpt>
      <trkpt lat="22.75701235467003" lon="113.73368528278532">
        <ele>2.0039809346199036</ele>
        <time>1970-01-01T00:00:27Z</time>
        <extensions>
          <gpxtpx:TrackPointExtension>
            <gpxtpx:hr>147</gpxtpx:hr>
          </gpxtpx:TrackPointExtension>
        </extensions>
      </trkpt>
      <trkpt lat="22.757002796701514" lon="113.73370994085249">
        <ele>2.103696865029633</ele>
        <time>1970-01-01T00:00:28Z</time>
        <extensions>
          <gpxtpx:TrackPointExtension>
            <gpxtpx:hr>147</gpxtpx:hr>
          </gpxtpx:TrackPointExtension>
        </extensions>
      </trkpt>
      <trkpt lat="22.756991849258515" lon="113.73373379081467">
        <ele>2.236180138774216</ele>
        <time>1970-01-01T00:00:29Z</time>
        <extensions>
          <gpxtpx:TrackPointExtension>
            <gpxtpx:hr>147</gpxtpx:hr>
          </gpxtpx:TrackPointExtension>
        </extensions>
      </trkpt>
      <trkpt lat="22.756980283135633" lon="113.73375729808896">
        <ele>2.402681453153491</ele>
        <time>1970-01-01T00:00:30Z</time>
        <extensions>
          <gpxtpx:TrackPointExtension>
            <gpxtpx:hr>147</gpxtpx:hr>
          </gpxtpx:TrackPointExtension>
        </extensions>
      </trkpt>
      <trkpt lat="22.756968593812307" lon="113.73378099608443">
        <ele>2.60489746555686</ele>
        <time>1970-01-01T00:00:31Z</time>
        <extensions>
          <gpxtpx:TrackPointExtension>
            <gpxtpx:hr>147</gpxtpx:hr>
          </gpxtpx:TrackPointExtension>
        </extensions>
      </trkpt>
      <trkpt lat="22.75695763810834" lon="113.73380536234153">
        <ele>2.838123065419495</ele>
        <time>1970-01-01T00:00:32Z</time>
        <extensions>
          <gpxtpx:TrackPointExtension>
            <gpxtpx:hr>147</gpxtpx:hr>
          </gpxtpx:TrackPointExtension>
        </extensions>
      </trkpt>
      <trkpt lat="22.756948636851348" lon="113.73383080182303">
        <ele>3.0833512572571635</ele>
        <time>1970-01-01T00:00:33Z</time>
        <extensions>
          <gpxtpx:TrackPointExtension>
            <gpxtpx:hr>147</gpxtpx:hr>
          </gpxtpx:TrackPointExtension>
        </extensions>
      </trkpt>
      <trkpt lat="22.756944336136392" lon="113.73385716754396">
        <ele>3.339552310295403</ele>
        <time>1970-01-01T00:00:34Z</time>
      </trkpt>
      <trkpt lat="22.756944823230995" lon="113.73388443116956">
        <ele>3.5722916461527348</ele>
        <time>1970-01-01T00:00:35Z</time>
      </trkpt>
      <trkpt lat="22.756946648429835" lon="113.7339124179872">
        <ele>3.7751669576391578</ele>
        <time>1970-01-01T00:00:36Z</time>
      </trkpt>
      <trkpt lat="22.756947113763328" lon="113.73394044008866">
        <ele>3.93854845687747</ele>
        <time>1970-01-01T00:00:37Z</time>
      </trkpt>
      <trkpt lat="22.756944953220316" lon="113.73396835638326">
        <ele>4.0703569101169705</ele>
        <time>1970-01-01T00:00:38Z</time>
      </trkpt>
      <trkpt lat="22.756940543430886" lon="113.73399584390664">
        <ele>4.1873593190684915</ele>
        <time>1970-01-01T00:00:39Z</time>
      </trkpt>
      <trkpt lat="22.756934427560253" lon="113.73402269058577">
        <ele>4.306641714647412</ele>
        <time>1970-01-01T00:00:40Z</time>
      </trkpt>
      <trkpt lat="22.75692723580776" lon="113.73404927836545">
        <ele>4.429931380786002</ele>
        <time>1970-01-01T00:00:41Z</time>
      </trkpt>
      <trkpt lat="22.75691902200507" lon="113.73407591419692">
        <ele>4.545592682436109</ele>
        <time>1970-01-01T00:00:42Z</time>
      </trkpt>
      <trkpt lat="22.75690928061237" lon="113.73410200916499">
        <ele>4.667309678159654</ele>
        <time>1970-01-01T00:00:43Z</time>
      </trkpt>
      <trkpt lat="22.75689786271085" lon="113.73412718716276">
        <ele>4.772437944076955</ele>
        <time>1970-01-01T00:00:44Z</time>
      </trkpt>
      <trkpt lat="22.756884998681834" lon="113.73415193610855">
        <ele>4.887636148370802</ele>
        <time>1970-01-01T00:00:45Z</time>
      </trkpt>
      <trkpt lat="22.756871626562578" lon="113.73417634600258">
        <ele>5.035149893723428</ele>
        <time>1970-01-01T00:00:46Z</time>
      </trkpt>
      <trkpt lat="22.756858694181417" lon="113.73420056351975">
        <ele>5.168314319103956</ele>
        <time>1970-01-01T00:00:47Z</time>
      </trkpt>
      <trkpt lat="22.75684637678594" lon="113.73422473034292">
        <ele>5.324958843179047</ele>
        <time>1970-01-01T00:00:48Z</time>
      </trkpt>
      <trkpt lat="22.75683432732845" lon="113.73424804352912">
        <ele>5.4784807581454515</ele>
        <time>1970-01-01T00:00:49Z</time>
      </trkpt>
      <trkpt lat="22.756822078037658" lon="113.73427010707715">
        <ele>5.639727208763361</ele>
        <time>1970-01-01T00:00:50Z</time>
      </trkpt>
      <trkpt lat="22.756809428370893" lon="113.73429089951496">
        <ele>5.795315785333514</ele>
        <time>1970-01-01T00:00:51Z</time>
      </trkpt>
      <trkpt lat="22.75679609806459" lon="113.73431086141656">
        <ele>5.935212231241167</ele>
        <time>1970-01-01T00:00:52Z</time>
      </trkpt>
      <trkpt lat="22.75678215435207" lon="113.734331141393">
        <ele>6.053009387105703</ele>
        <time>1970-01-01T00:00:53Z</time>
      </trkpt>
      <trkpt lat="22.75676861285058" lon="113.73435210468115">
        <ele>6.157353343442082</ele>
        <time>1970-01-01T00:00:54Z</time>
      </trkpt>
      <trkpt lat="22.756756160411594" lon="113.73437364852845">
        <ele>6.249405022710562</ele>
        <time>1970-01-01T00:00:55Z</time>
      </trkpt>
      <trkpt lat="22.756745459780454" lon="113.73439490053053">
        <ele>6.317138779908419</ele>
        <time>1970-01-01T00:00:56Z</time>
      </trkpt>
      <trkpt lat="22.756736266607675" lon="113.73441484053798">
        <ele>6.371288134716451</ele>
        <time>1970-01-01T00:00:57Z</time>
      </trkpt>
      <trkpt lat="22.756727782793316" lon="113.73443464683157">
        <ele>6.41477040015161</ele>
        <time>1970-01-01T00:00:58Z</time>
      </trkpt>
      <trkpt lat="22.756719330296676" lon="113.73445574613949">
        <ele>6.460413688793778</ele>
        <time>1970-01-01T00:00:59Z</time>
      </trkpt>
      <trkpt lat="22.756710475703002" lon="113.73447822205567">
        <ele>6.485277054831386</ele>
        <time>1970-01-01T00:01:00Z</time>
      </trkpt>
      <trkpt lat="22.756700739039516" lon="113.73450033039863">
        <ele>6.514539263211191</ele>
        <time>1970-01-01T00:01:01Z</time>
      </trkpt>
      <trkpt lat="22.75668962982902" lon="113.73452010718263">
        <ele>6.521808885037899</ele>
        <time>1970-01-01T00:01:02Z</time>
      </trkpt>
      <trkpt lat="22.756676333404847" lon="113.73453739525078">
        <ele>6.516713936813176</ele>
        <time>1970-01-01T00:01:03Z</time>
      </trkpt>
      <trkpt lat="22.756661200386894" lon="113.73455299493448">
        <ele>6.505211689509451</ele>
        <time>1970-01-01T00:01:04Z</time>
      </trkpt>
      <trkpt lat="22.75664484816655" lon="113.73456760760479">
        <ele>6.462778193876147</ele>
        <time>1970-01-01T00:01:05Z</time>
      </trkpt>
      <trkpt lat="22.75662761777484" lon="113.73458245809982">
        <ele>6.403204341419041</ele>
        <time>1970-01-01T00:01:06Z</time>
      </trkpt>
      <trkpt lat="22.756609877979493" lon="113.7345981657724">
        <ele>6.330178369767964</ele>
        <time>1970-01-01T00:01:07Z</time>
      </trkpt>
      <trkpt lat="22.756592335430245" lon="113.73461534634221">
        <ele>6.28592958021909</ele>
        <time>1970-01-01T00:01:08Z</time>
      </trkpt>
      <trkpt lat="22.756575290356793" lon="113.73463398164232">
        <ele>6.23729057982564</ele>
        <time>1970-01-01T00:01:09Z</time>
      </trkpt>
      <trkpt lat="22.75655892975027" lon="113.73465314762252">
        <ele>6.181905843317509</ele>
        <time>1970-01-01T00:01:10Z</time>
      </trkpt>
      <trkpt lat="22.75654350063988" lon="113.73467180539872">
        <ele>6.112515054643154</ele>
        <time>1970-01-01T00:01:11Z</time>
      </trkpt>
      <trkpt lat="22.756529301389563" lon="113.73468945564049">
        <ele>6.024909734725952</ele>
        <time>1970-01-01T00:01:12Z</time>
      </trkpt>
      <trkpt lat="22.756516102119363" lon="113.73470482322284">
        <ele>5.9197487737983465</ele>
        <time>1970-01-01T00:01:13Z</time>
      </trkpt>
      <trkpt lat="22.75650416219726" lon="113.7347162840816">
        <ele>5.821310835890472</ele>
        <time>1970-01-01T00:01:14Z</time>
      </trkpt>
      <trkpt lat="22.756494452923736" lon="113.73472319296881">
        <ele>5.720471892505884</ele>
        <time>1970-01-01T00:01:15Z</time>
      </trkpt>
      <trkpt lat="22.756484020095797" lon="113.73473161831835">
        <ele>5.604020965285599</ele>
        <time>1970-01-01T00:01:16Z</time>
      </trkpt>
      <trkpt lat="22.756468875737077" lon="113.73474780398534">
        <ele>5.500468195416033</ele>
        <time>1970-01-01T00:01:17Z</time>
      </trkpt>
      <trkpt lat="22.756449847333492" lon="113.73476945392042">
        <ele>5.390663488768041</ele>
        <time>1970-01-01T00:01:18Z</time>
      </trkpt>
      <trkpt lat="22.75642976626831" lon="113.73479150581404">
        <ele>5.285559017211199</ele>
        <time>1970-01-01T00:01:19Z</time>
      </trkpt>
      <trkpt lat="22.756410393779614" lon="113.73481193729819">
        <ele>5.201903720386326</ele>
        <time>1970-01-01T00:01:20Z</time>
      </trkpt>
      <trkpt lat="22.756391947045817" lon="113.73483082567205">
        <ele>5.125966874882579</ele>
        <time>1970-01-01T00:01:21Z</time>
      </trkpt>
      <trkpt lat="22.75637364397717" lon="113.73484876909664">
        <ele>5.057314422912896</ele>
        <time>1970-01-01T00:01:22Z</time>
      </trkpt>
      <trkpt lat="22.756354931378635" lon="113.73486735119218">
        <ele>5.014499822631478</ele>
        <time>1970-01-01T00:01:23Z</time>
      </trkpt>
      <trkpt lat="22.756336243790624" lon="113.73488769499566">
        <ele>4.973686698824167</ele>
        <time>1970-01-01T00:01:24Z</time>
      </trkpt>
      <trkpt lat="22.7563182599236" lon="113.7349096272127">
        <ele>4.937352569773793</ele>
        <time>1970-01-01T00:01:25Z</time>
      </trkpt>
      <trkpt lat="22.75630181832534" lon="113.73493226277137">
        <ele>4.9216315764933825</ele>
        <time>1970-01-01T00:01:26Z</time>
      </trkpt>
      <trkpt lat="22.756287558056727" lon="113.73495499518873">
        <ele>4.909011922776699</ele>
        <time>1970-01-01T00:01:27Z</time>
      </trkpt>
      <trkpt lat="22.756275996685872" lon="113.73497747070839">
        <ele>4.900760591030121</ele>
        <time>1970-01-01T00:01:28Z</time>
      </trkpt>
      <trkpt lat="22.75626818049815" lon="113.73499941923362">
        <ele>4.944849785417318</ele>
        <time>1970-01-01T00:01:29Z</time>
      </trkpt>
      <trkpt lat="22.75626613642855" lon="113.73502043331717">
        <ele>4.985997688956559</ele>
        <time>1970-01-01T00:01:30Z</time>
      </trkpt>
      <trkpt lat="22.756272694388407" lon="113.73504017709129">
        <ele>5.019439673982561</ele>
        <time>1970-01-01T00:01:31Z</time>
      </trkpt>
      <trkpt lat="22.756288361951896" lon="113.73505771361992">
        <ele>5.063079568557441</ele>
        <time>1970-01-01T00:01:32Z</time>
      </trkpt>
      <trkpt lat="22.756308978610253" lon="113.73507283718213">
        <ele>5.100764234550297</ele>
        <time>1970-01-01T00:01:33Z</time>
      </trkpt>
      <trkpt lat="22.756329452294082" lon="113.73508633690268">
        <ele>5.142901698127389</ele>
        <time>1970-01-01T00:01:34Z</time>
      </trkpt>
      <trkpt lat="22.756348397590568" lon="113.73509890145698">
        <ele>5.183532581664622</ele>
        <time>1970-01-01T00:01:35Z</time>
      </trkpt>
      <trkpt lat="22.756366625135" lon="113.73511118552466">
        <ele>5.225329769775271</ele>
        <time>1970-01-01T00:01:36Z</time>
      </trkpt>
      <trkpt lat="22.75638505635915" lon="113.73512348615102">
        <ele>5.271203149110079</ele>
        <time>1970-01-01T00:01:37Z</time>
      </trkpt>
      <trkpt lat="22.756403820770352" lon="113.7351358124879">
        <ele>5.326921655796468</ele>
        <time>1970-01-01T00:01:38Z</time>
      </trkpt>
      <trkpt lat="22.75642259784852" lon="113.73514739080231">
        <ele>5.3861067136749625</ele>
        <time>1970-01-01T00:01:39Z</time>
      </trkpt>
      <trkpt lat="22.756441572309598" lon="113.73515870558937">
        <ele>5.445756810717285</ele>
        <time>1970-01-01T00:01:40Z</time>
      </trkpt>
      <trkpt lat="22.7564613360006" lon="113.73517112959742">
        <ele>5.514189009554684</ele>
        <time>1970-01-01T00:01:41Z</time>
      </trkpt>
      <trkpt lat="22.756481480293967" lon="113.7351847635484">
        <ele>5.58416308555752</ele>
        <time>1970-01-01T00:01:42Z</time>
      </trkpt>
      <trkpt lat="22.756501489505105" lon="113.73519927789856">
        <ele>5.65194461774081</ele>
        <time>1970-01-01T00:01:43Z</time>
      </trkpt>
      <trkpt lat="22.75652121743736" lon="113.73521389500861">
        <ele>5.721789751201868</ele>
        <time>1970-01-01T00:01:44Z</time>
      </trkpt>
      <trkpt lat="22.756540742108353" lon="113.7352287171646">
        <ele>5.7940185917541385</ele>
        <time>1970-01-01T00:01:45Z</time>
      </trkpt>
      <trkpt lat="22.756560485954907" lon="113.7352441603161">
        <ele>5.866346689872444</ele>
        <time>1970-01-01T00:01:46Z</time>
      </trkpt>
      <trkpt lat="22.756580060166545" lon="113.73525952898646">
        <ele>5.935639962553978</ele>
        <time>1970-01-01T00:01:47Z</time>
      </trkpt>
      <trkpt lat="22.756599485516084" lon="113.73527458357485">
        <ele>5.993758410215378</ele>
        <time>1970-01-01T00:01:48Z</time>
      </trkpt>
      <trkpt lat="22.75661878141957" lon="113.73528988507744">
        <ele>6.0423212526366115</ele>
        <time>1970-01-01T00:01:49Z</time>
      </trkpt>
      <trkpt lat="22.756637869004845" lon="113.7353055600037">
        <ele>6.073093569837511</ele>
        <time>1970-01-01T00:01:50Z</time>
      </trkpt>
      <trkpt lat="22.75665643976334" lon="113.73532141704328">
        <ele>6.081576516851783</ele>
        <time>1970-01-01T00:01:51Z</time>
      </trkpt>
      <trkpt lat="22.756674192288777" lon="113.73533755023418">
        <ele>6.06728872936219</ele>
        <time>1970-01-01T00:01:52Z</time>
      </trkpt>
      <trkpt lat="22.756692485955885" lon="113.73535367212592">
        <ele>6.036064772866666</ele>
        <time>1970-01-01T00:01:53Z</time>
      </trkpt>
      <trkpt lat="22.75671180629891" lon="113.7353696264825">
        <ele>5.984942955896258</ele>
        <time>1970-01-01T00:01:54Z</time>
      </trkpt>
      <trkpt lat="22.75673143438851" lon="113.73538569764888">
        <ele>5.919556920416653</ele>
        <time>1970-01-01T00:01:55Z</time>
      </trkpt>
      <trkpt lat="22.7567511420347" lon="113.73540189481864">
        <ele>5.849130725488067</ele>
        <time>1970-01-01T00:01:56Z</time>
      </trkpt>
      <trkpt lat="22.756770618260873" lon="113.73541792382984">
        <ele>5.767861256375909</ele>
        <time>1970-01-01T00:01:57Z</time>
      </trkpt>
      <trkpt lat="22.756789881059014" lon="113.73543373574479">
        <ele>5.681427862495184</ele>
        <time>1970-01-01T00:01:58Z</time>
      </trkpt>
      <trkpt lat="22.756809586305035" lon="113.73544973323567">
        <ele>5.588799352757633</ele>
        <time>1970-01-01T00:01:59Z</time>
      </trkpt>
      <trkpt lat="22.75683046759317" lon="113.7354662563897">
        <ele>5.496579388156533</ele>
        <time>1970-01-01T00:02:00Z</time>
      </trkpt>
      <trkpt lat="22.756851404575823" lon="113.73548300038192">
        <ele>5.41885291878134</ele>
        <time>1970-01-01T00:02:01Z</time>
      </trkpt>
      <trkpt lat="22.756871591976992" lon="113.73549938649438">
        <ele>5.348978230729699</ele>
        <time>1970-01-01T00:02:02Z</time>
      </trkpt>
      <trkpt lat="22.75689121497086" lon="113.7355153163554">
        <ele>5.298526409082115</ele>
        <time>1970-01-01T00:02:03Z</time>
      </trkpt>
      <trkpt lat="22.756910308161753" lon="113.73553083018834">
        <ele>5.261597411707044</ele>
        <time>1970-01-01T00:02:04Z</time>
      </trkpt>
      <trkpt lat="22.756929249927186" lon="113.7355466945155">
        <ele>5.248910220339894</ele>
        <time>1970-01-01T00:02:05Z</time>
      </trkpt>
      <trkpt lat="22.75694780648381" lon="113.73556408341005">
        <ele>5.259950282983482</ele>
        <time>1970-01-01T00:02:06Z</time>
      </trkpt>
      <trkpt lat="22.756965697435724" lon="113.73558310556253">
        <ele>5.288763988763094</ele>
        <time>1970-01-01T00:02:07Z</time>
      </trkpt>
      <trkpt lat="22.756982175496884" lon="113.73560328710875">
        <ele>5.340391591191292</ele>
        <time>1970-01-01T00:02:08Z</time>
      </trkpt>
      <trkpt lat="22.756996874319228" lon="113.7356244002706">
        <ele>5.420917760580778</ele>
        <time>1970-01-01T00:02:09Z</time>
      </trkpt>
      <trkpt lat="22.75700949706674" lon="113.73564640452005">
        <ele>5.534800322726369</ele>
        <time>1970-01-01T00:02:10Z</time>
      </trkpt>
      <trkpt lat="22.75701950909061" lon="113.73566960391933">
        <ele>5.673965563997626</ele>
        <time>1970-01-01T00:02:11Z</time>
      </trkpt>
      <trkpt lat="22.757026275980277" lon="113.73569393929293">
        <ele>5.831821293570101</ele>
        <time>1970-01-01T00:02:12Z</time>
      </trkpt>
      <trkpt lat="22.757029499825666" lon="113.73571926476554">
        <ele>6.002104959450662</ele>
        <time>1970-01-01T00:02:13Z</time>
      </trkpt>
      <trkpt lat="22.75702795956342" lon="113.73574493630733">
        <ele>6.167937582358718</ele>
        <time>1970-01-01T00:02:14Z</time>
      </trkpt>
      <trkpt lat="22.757020806177184" lon="113.73577035540623">
        <ele>6.32349915523082</ele>
        <time>1970-01-01T00:02:15Z</time>
      </trkpt>
      <trkpt lat="22.75700990484495" lon="113.73579539793016">
        <ele>6.454519490711391</ele>
        <time>1970-01-01T00:02:16Z</time>
      </trkpt>
      <trkpt lat="22.756997144740062" lon="113.7358198006868">
        <ele>6.559348206035793</ele>
        <time>1970-01-01T00:02:17Z</time>
      </trkpt>
      <trkpt lat="22.75698330385748" lon="113.73584262164049">
        <ele>6.641020585782826</ele>
        <time>1970-01-01T00:02:18Z</time>
      </trkpt>
      <trkpt lat="22.756968845894242" lon="113.73586370189258">
        <ele>6.698611738160253</ele>
        <time>1970-01-01T00:02:19Z</time>
      </trkpt>
      <trkpt lat="22.756954560683447" lon="113.73588455210914">
        <ele>6.729013315401971</ele>
        <time>1970-01-01T00:02:20Z</time>
      </trkpt>
      <trkpt lat="22.756940867006765" lon="113.73590660271013">
        <ele>6.739962226711214</ele>
        <time>1970-01-01T00:02:21Z</time>
      </trkpt>
      <trkpt lat="22.75692705809367" lon="113.73592938060018">
        <ele>6.730563628487289</ele>
        <time>1970-01-01T00:02:22Z</time>
      </trkpt>
      <trkpt lat="22.756912523177697" lon="113.73595095217286">
        <ele>6.7132300501689315</ele>
        <time>1970-01-01T00:02:23Z</time>
      </trkpt>
      <trkpt lat="22.756897571603872" lon="113.73597120359818">
        <ele>6.691656241193414</ele>
        <time>1970-01-01T00:02:24Z</time>
      </trkpt>
      <trkpt lat="22.756882689569622" lon="113.73599096886447">
        <ele>6.6661508390679955</ele>
        <time>1970-01-01T00:02:25Z</time>
      </trkpt>
      <trkpt lat="22.756867888685704" lon="113.73601064642818">
        <ele>6.642192712053657</ele>
        <time>1970-01-01T00:02:26Z</time>
      </trkpt>
      <trkpt lat="22.75685286949144" lon="113.73602968511317">
        <ele>6.618588852696121</ele>
        <time>1970-01-01T00:02:27Z</time>
      </trkpt>
      <trkpt lat="22.756837053179325" lon="113.7360479445842">
        <ele>6.598626029677689</ele>
        <time>1970-01-01T00:02:28Z</time>
      </trkpt>
      <trkpt lat="22.756820827608344" lon="113.73606572425884">
        <ele>6.585095576941967</ele>
        <time>1970-01-01T00:02:29Z</time>
      </trkpt>
      <trkpt lat="22.756804781065448" lon="113.736083544784">
        <ele>6.58059408236295</ele>
        <time>1970-01-01T00:02:30Z</time>
      </trkpt>
      <trkpt lat="22.756789298942298" lon="113.73610126505487">
        <ele>6.585554265417159</ele>
        <time>1970-01-01T00:02:31Z</time>
      </trkpt>
      <trkpt lat="22.75677405687676" lon="113.73611911090536">
        <ele>6.6081794602796435</ele>
        <time>1970-01-01T00:02:32Z</time>
      </trkpt>
      <trkpt lat="22.756758690014973" lon="113.73613726672444">
        <ele>6.645900899544358</ele>
        <time>1970-01-01T00:02:33Z</time>
      </trkpt>
      <trkpt lat="22.756743118220214" lon="113.73615526827756">
        <ele>6.692210929468274</ele>
        <time>1970-01-01T00:02:34Z</time>
      </trkpt>
      <trkpt lat="22.756727701215276" lon="113.73617265201825">
        <ele>6.742746455594897</ele>
        <time>1970-01-01T00:02:35Z</time>
      </trkpt>
      <trkpt lat="22.75671268111108" lon="113.73618989857633">
        <ele>6.786135796457529</ele>
        <time>1970-01-01T00:02:36Z</time>
      </trkpt>
      <trkpt lat="22.756698082922593" lon="113.73620739292288">
        <ele>6.8246914045885205</ele>
        <time>1970-01-01T00:02:37Z</time>
      </trkpt>
      <trkpt lat="22.75668373910967" lon="113.73622498132822">
        <ele>6.85488789062947</ele>
        <time>1970-01-01T00:02:38Z</time>
      </trkpt>
      <trkpt lat="22.756669427199324" lon="113.73624233548132">
        <ele>6.87607476580888</ele>
        <time>1970-01-01T00:02:39Z</time>
      </trkpt>
      <trkpt lat="22.756654467344998" lon="113.73625953214932">
        <ele>6.891360820271075</ele>
        <time>1970-01-01T00:02:40Z</time>
      </trkpt>
      <trkpt lat="22.756638487091397" lon="113.73627678659439">
        <ele>6.905314835719764</ele>
        <time>1970-01-01T00:02:41Z</time>
      </trkpt>
      <trkpt lat="22.75662187386676" lon="113.73629432435482">
        <ele>6.919256740249693</ele>
        <time>1970-01-01T00:02:42Z</time>
      </trkpt>
      <trkpt lat="22.75660528365633" lon="113.73631189476349">
        <ele>6.929829402826726</ele>
        <time>1970-01-01T00:02:43Z</time>
      </trkpt>
      <trkpt lat="22.75658920560542" lon="113.73632942010502">
        <ele>6.933243187144399</ele>
        <time>1970-01-01T00:02:44Z</time>
      </trkpt>
      <trkpt lat="22.756573795955752" lon="113.73634672476472">
        <ele>6.929295694455504</ele>
        <time>1970-01-01T00:02:45Z</time>
      </trkpt>
      <trkpt lat="22.756558049115775" lon="113.73636369474724">
        <ele>6.916433895006776</ele>
        <time>1970-01-01T00:02:46Z</time>
      </trkpt>
      <trkpt lat="22.756541273074475" lon="113.73638036002433">
        <ele>6.8951354175806046</ele>
        <time>1970-01-01T00:02:47Z</time>
      </trkpt>
      <trkpt lat="22.756523807035148" lon="113.73639682949027">
        <ele>6.869301872327924</ele>
        <time>1970-01-01T00:02:48Z</time>
      </trkpt>
      <trkpt lat="22.75650594022147" lon="113.73641345601597">
        <ele>6.846947251819074</ele>
        <time>1970-01-01T00:02:49Z</time>
      </trkpt>
      <trkpt lat="22.756488037359833" lon="113.73643041340486">
        <ele>6.836293745785952</ele>
        <time>1970-01-01T00:02:50Z</time>
      </trkpt>
      <trkpt lat="22.75647023844531" lon="113.73644742997874">
        <ele>6.830365496687591</ele>
        <time>1970-01-01T00:02:51Z</time>
      </trkpt>
      <trkpt lat="22.756452515111306" lon="113.73646402675595">
        <ele>6.828507261350751</ele>
        <time>1970-01-01T00:02:52Z</time>
      </trkpt>
      <trkpt lat="22.75643510150168" lon="113.73648068921872">
        <ele>6.823822234757245</ele>
        <time>1970-01-01T00:02:53Z</time>
      </trkpt>
      <trkpt lat="22.756418171425324" lon="113.73649769124712">
        <ele>6.810588204301894</ele>
        <time>1970-01-01T00:02:54Z</time>
      </trkpt>
      <trkpt lat="22.7564015029873" lon="113.73651500665014">
        <ele>6.788913691416383</ele>
        <time>1970-01-01T00:02:55Z</time>
      </trkpt>
      <trkpt lat="22.75638493233421" lon="113.73653210355656">
        <ele>6.742540103383362</ele>
        <time>1970-01-01T00:02:56Z</time>
      </trkpt>
      <trkpt lat="22.75636819160514" lon="113.7365486693611">
        <ele>6.695174635387957</ele>
        <time>1970-01-01T00:02:57Z</time>
      </trkpt>
      <trkpt lat="22.756351450405134" lon="113.73656470053635">
        <ele>6.634958908893168</ele>
        <time>1970-01-01T00:02:58Z</time>
      </trkpt>
      <trkpt lat="22.75633453972927" lon="113.736580614606">
        <ele>6.566836088895798</ele>
        <time>1970-01-01T00:02:59Z</time>
      </trkpt>
      <trkpt lat="22.756317184453795" lon="113.7365963076577">
        <ele>6.485848520882428</ele>
        <time>1970-01-01T00:03:00Z</time>
      </trkpt>
      <trkpt lat="22.75629935038263" lon="113.73661146477954">
        <ele>6.397254996933043</ele>
        <time>1970-01-01T00:03:01Z</time>
      </trkpt>
      <trkpt lat="22.756281279228393" lon="113.73662554197793">
        <ele>6.308053142391145</ele>
        <time>1970-01-01T00:03:02Z</time>
      </trkpt>
      <trkpt lat="22.756262423966444" lon="113.73663826264807">
        <ele>6.22563692741096</ele>
        <time>1970-01-01T00:03:03Z</time>
      </trkpt>
      <trkpt lat="22.75624182368945" lon="113.73664883061925">
        <ele>6.149226849898696</ele>
        <time>1970-01-01T00:03:04Z</time>
      </trkpt>
      <trkpt lat="22.756219149544847" lon="113.7366548219516">
        <ele>6.089416807517409</ele>
        <time>1970-01-01T00:03:05Z</time>
      </trkpt>
      <trkpt lat="22.756195474949052" lon="113.73665383548504">
        <ele>6.05705173779279</ele>
        <time>1970-01-01T00:03:06Z</time>
      </trkpt>
      <trkpt lat="22.756172454278474" lon="113.73664488627686">
        <ele>6.060839794576168</ele>
        <time>1970-01-01T00:03:07Z</time>
      </trkpt>
      <trkpt lat="22.756150589453885" lon="113.73662997154977">
        <ele>6.09711732249707</ele>
        <time>1970-01-01T00:03:08Z</time>
      </trkpt>
      <trkpt lat="22.756129510454837" lon="113.73661249322575">
        <ele>6.159737613983452</ele>
        <time>1970-01-01T00:03:09Z</time>
      </trkpt>
      <trkpt lat="22.7561087995878" lon="113.73659500435168">
        <ele>6.242173321545124</ele>
        <time>1970-01-01T00:03:10Z</time>
      </trkpt>
      <trkpt lat="22.756087755939944" lon="113.73657846029205">
        <ele>6.33472107257694</ele>
        <time>1970-01-01T00:03:11Z</time>
      </trkpt>
      <trkpt lat="22.7560655836234" lon="113.73656258265191">
        <ele>6.427681636065245</ele>
        <time>1970-01-01T00:03:12Z</time>
      </trkpt>
      <trkpt lat="22.75604280520181" lon="113.73654686547167">
        <ele>6.508468407206237</ele>
        <time>1970-01-01T00:03:13Z</time>
      </trkpt>
      <trkpt lat="22.75602023582132" lon="113.73653064174296">
        <ele>6.563863524235785</ele>
        <time>1970-01-01T00:03:14Z</time>
      </trkpt>
      <trkpt lat="22.755998468649995" lon="113.73651430929513">
        <ele>6.5893038753420115</ele>
        <time>1970-01-01T00:03:15Z</time>
      </trkpt>
      <trkpt lat="22.755977713294108" lon="113.73649888216642">
        <ele>6.576653248630464</ele>
        <time>1970-01-01T00:03:16Z</time>
      </trkpt>
      <trkpt lat="22.755957954575734" lon="113.73648436684506">
        <ele>6.5273086139932275</ele>
        <time>1970-01-01T00:03:17Z</time>
      </trkpt>
      <trkpt lat="22.75593914593723" lon="113.7364703618151">
        <ele>6.438310641795397</ele>
        <time>1970-01-01T00:03:18Z</time>
      </trkpt>
      <trkpt lat="22.755920033175595" lon="113.73645626443663">
        <ele>6.317012309096754</ele>
        <time>1970-01-01T00:03:19Z</time>
      </trkpt>
      <trkpt lat="22.755899705558363" lon="113.73644204140521">
        <ele>6.179191732779145</ele>
        <time>1970-01-01T00:03:20Z</time>
      </trkpt>
      <trkpt lat="22.755878190199756" lon="113.73642804533573">
        <ele>6.028968569822609</ele>
        <time>1970-01-01T00:03:21Z</time>
      </trkpt>
      <trkpt lat="22.755855851882156" lon="113.73641479053433">
        <ele>5.8732866030186415</ele>
        <time>1970-01-01T00:03:22Z</time>
      </trkpt>
      <trkpt lat="22.75583364986138" lon="113.73640314122719">
        <ele>5.7174399346113205</ele>
        <time>1970-01-01T00:03:23Z</time>
        <extensions>
          <gpxtpx:TrackPointExtension>
            <gpxtpx:hr>152</gpxtpx:hr>
          </gpxtpx:TrackPointExtension>
        </extensions>
      </trkpt>
      <trkpt lat="22.755811764717116" lon="113.73639281924582">
        <ele>5.5657527996227145</ele>
        <time>1970-01-01T00:03:24Z</time>
        <extensions>
          <gpxtpx:TrackPointExtension>
            <gpxtpx:hr>152</gpxtpx:hr>
          </gpxtpx:TrackPointExtension>
        </extensions>
      </trkpt>
      <trkpt lat="22.755789817933127" lon="113.73638274472955">
        <ele>5.4228273537009954</ele>
        <time>1970-01-01T00:03:25Z</time>
        <extensions>
          <gpxtpx:TrackPointExtension>
            <gpxtpx:hr>152</gpxtpx:hr>
          </gpxtpx:TrackPointExtension>
        </extensions>
      </trkpt>
      <trkpt lat="22.755767393059013" lon="113.73637216901611">
        <ele>5.291911567561328</ele>
        <time>1970-01-01T00:03:26Z</time>
        <extensions>
          <gpxtpx:TrackPointExtension>
            <gpxtpx:hr>152</gpxtpx:hr>
          </gpxtpx:TrackPointExtension>
        </extensions>
      </trkpt>
      <trkpt lat="22.7557456750314" lon="113.73636109649324">
        <ele>5.175840218551457</ele>
        <time>1970-01-01T00:03:27Z</time>
        <extensions>
          <gpxtpx:TrackPointExtension>
            <gpxtpx:hr>152</gpxtpx:hr>
          </gpxtpx:TrackPointExtension>
        </extensions>
      </trkpt>
      <trkpt lat="22.755725394067024" lon="113.73634934651976">
        <ele>5.072406361810863</ele>
        <time>1970-01-01T00:03:28Z</time>
        <extensions>
          <gpxtpx:TrackPointExtension>
            <gpxtpx:hr>152</gpxtpx:hr>
          </gpxtpx:TrackPointExtension>
        </extensions>
      </trkpt>
      <trkpt lat="22.755705931403778" lon="113.73633711003029">
        <ele>4.986082094721496</ele>
        <time>1970-01-01T00:03:29Z</time>
        <extensions>
          <gpxtpx:TrackPointExtension>
            <gpxtpx:hr>152</gpxtpx:hr>
          </gpxtpx:TrackPointExtension>
        </extensions>
      </trkpt>
      <trkpt lat="22.755686377251294" lon="113.7363246465596">
        <ele>4.915571986697614</ele>
        <time>1970-01-01T00:03:30Z</time>
        <extensions>
          <gpxtpx:TrackPointExtension>
            <gpxtpx:hr>152</gpxtpx:hr>
          </gpxtpx:TrackPointExtension>
        </extensions>
      </trkpt>
      <trkpt lat="22.755666050238556" lon="113.73631181579728">
        <ele>4.855359029024839</ele>
        <time>1970-01-01T00:03:31Z</time>
        <extensions>
          <gpxtpx:TrackPointExtension>
            <gpxtpx:hr>152</gpxtpx:hr>
          </gpxtpx:TrackPointExtension>
        </extensions>
      </trkpt>
      <trkpt lat="22.755644899670482" lon="113.73629894899926">
        <ele>4.801037827506661</ele>
        <time>1970-01-01T00:03:32Z</time>
        <extensions>
          <gpxtpx:TrackPointExtension>
            <gpxtpx:hr>152</gpxtpx:hr>
          </gpxtpx:TrackPointExtension>
        </extensions>
      </trkpt>
      <trkpt lat="22.755623492738255" lon="113.7362859696277">
        <ele>4.751387627795339</ele>
        <time>1970-01-01T00:03:33Z</time>
        <extensions>
          <gpxtpx:TrackPointExtension>
            <gpxtpx:hr>152</gpxtpx:hr>
          </gpxtpx:TrackPointExtension>
        </extensions>
      </trkpt>
      <trkpt lat="22.75560261218352" lon="113.73627244958627">
        <ele>4.707632640376687</ele>
        <time>1970-01-01T00:03:34Z</time>
        <extensions>
          <gpxtpx:TrackPointExtension>
            <gpxtpx:hr>152</gpxtpx:hr>
          </gpxtpx:TrackPointExtension>
        </extensions>
      </trkpt>
      <trkpt lat="22.755582112772068" lon="113.73625808048503">
        <ele>4.6659052120521665</ele>
        <time>1970-01-01T00:03:35Z</time>
        <extensions>
          <gpxtpx:TrackPointExtension>
            <gpxtpx:hr>152</gpxtpx:hr>
          </gpxtpx:TrackPointExtension>
        </extensions>
      </trkpt>
      <trkpt lat="22.755561892648274" lon="113.73624303093057">
        <ele>4.6206432012841105</ele>
        <time>1970-01-01T00:03:36Z</time>
        <extensions>
          <gpxtpx:TrackPointExtension>
            <gpxtpx:hr>152</gpxtpx:hr>
          </gpxtpx:TrackPointExtension>
        </extensions>
      </trkpt>
      <trkpt lat="22.75554158603586" lon="113.73622746070419">
        <ele>4.571823674254119</ele>
        <time>1970-01-01T00:03:37Z</time>
        <extensions>
          <gpxtpx:TrackPointExtension>
            <gpxtpx:hr>152</gpxtpx:hr>
          </gpxtpx:TrackPointExtension>
        </extensions>
      </trkpt>
      <trkpt lat="22.755521655180964" lon="113.73621179584194">
        <ele>4.522391149774194</ele>
        <time>1970-01-01T00:03:38Z</time>
        <extensions>
          <gpxtpx:TrackPointExtension>
            <gpxtpx:hr>152</gpxtpx:hr>
          </gpxtpx:TrackPointExtension>
        </extensions>
      </trkpt>
      <trkpt lat="22.755502074692124" lon="113.73619590690869">
        <ele>4.468444534577429</ele>
        <time>1970-01-01T00:03:39Z</time>
        <extensions>
          <gpxtpx:TrackPointExtension>
            <gpxtpx:hr>152</gpxtpx:hr>
          </gpxtpx:TrackPointExtension>
        </extensions>
      </trkpt>
      <trkpt lat="22.755482592774374" lon="113.73617922613724">
        <ele>4.41613760497421</ele>
        <time>1970-01-01T00:03:40Z</time>
        <extensions>
          <gpxtpx:TrackPointExtension>
            <gpxtpx:hr>152</gpxtpx:hr>
          </gpxtpx:TrackPointExtension>
        </extensions>
      </trkpt>
      <trkpt lat="22.755463399537657" lon="113.7361620850209">
        <ele>4.364477570168674</ele>
        <time>1970-01-01T00:03:41Z</time>
        <extensions>
          <gpxtpx:TrackPointExtension>
            <gpxtpx:hr>152</gpxtpx:hr>
          </gpxtpx:TrackPointExtension>
        </extensions>
      </trkpt>
      <trkpt lat="22.755444515175896" lon="113.73614571485227">
        <ele>4.321038485504687</ele>
        <time>1970-01-01T00:03:42Z</time>
        <extensions>
          <gpxtpx:TrackPointExtension>
            <gpxtpx:hr>152</gpxtpx:hr>
          </gpxtpx:TrackPointExtension>
        </extensions>
      </trkpt>
      <trkpt lat="22.755425439585675" lon="113.73613078811209">
        <ele>4.301445791497827</ele>
        <time>1970-01-01T00:03:43Z</time>
      </trkpt>
      <trkpt lat="22.755405670532873" lon="113.73611687672867">
        <ele>4.297293826006353</ele>
        <time>1970-01-01T00:03:44Z</time>
      </trkpt>
      <trkpt lat="22.755385040178215" lon="113.73610310534977">
        <ele>4.306695779785514</ele>
        <time>1970-01-01T00:03:45Z</time>
      </trkpt>
      <trkpt lat="22.755363994416346" lon="113.73608878643935">
        <ele>4.334811123088002</ele>
        <time>1970-01-01T00:03:46Z</time>
      </trkpt>
      <trkpt lat="22.755343265540677" lon="113.73607361559989">
        <ele>4.379833035171032</ele>
        <time>1970-01-01T00:03:47Z</time>
      </trkpt>
      <trkpt lat="22.755322832108792" lon="113.73605784174275">
        <ele>4.445365791209042</ele>
        <time>1970-01-01T00:03:48Z</time>
      </trkpt>
      <trkpt lat="22.75530260985529" lon="113.73604245815098">
        <ele>4.53022401034832</ele>
        <time>1970-01-01T00:03:49Z</time>
      </trkpt>
      <trkpt lat="22.755281887897347" lon="113.73602775995812">
        <ele>4.62959299236536</ele>
        <time>1970-01-01T00:03:50Z</time>
      </trkpt>
      <trkpt lat="22.755260873798147" lon="113.73601350356466">
        <ele>4.74908641166985</ele>
        <time>1970-01-01T00:03:51Z</time>
      </trkpt>
      <trkpt lat="22.75523988909008" lon="113.73599908148381">
        <ele>4.8928538877516985</ele>
        <time>1970-01-01T00:03:52Z</time>
      </trkpt>
      <trkpt lat="22.75521926445733" lon="113.73598452418682">
        <ele>5.049725257791579</ele>
        <time>1970-01-01T00:03:53Z</time>
      </trkpt>
      <trkpt lat="22.75519955083617" lon="113.73597011111926">
        <ele>5.217869373038411</ele>
        <time>1970-01-01T00:03:54Z</time>
      </trkpt>
      <trkpt lat="22.755180608878987" lon="113.73595554149205">
        <ele>5.390100750140846</ele>
        <time>1970-01-01T00:03:55Z</time>
      </trkpt>
      <trkpt lat="22.75516187801606" lon="113.73594055187934">
        <ele>5.557867015711963</ele>
        <time>1970-01-01T00:03:56Z</time>
      </trkpt>
      <trkpt lat="22.75514236729163" lon="113.735924997404">
        <ele>5.715224373154342</ele>
        <time>1970-01-01T00:03:57Z</time>
      </trkpt>
      <trkpt lat="22.755121993923975" lon="113.73590905683699">
        <ele>5.851092712953687</ele>
        <time>1970-01-01T00:03:58Z</time>
      </trkpt>
      <trkpt lat="22.755101409973328" lon="113.73589293880103">
        <ele>5.961429288610816</ele>
        <time>1970-01-01T00:03:59Z</time>
      </trkpt>
      <trkpt lat="22.75508114754075" lon="113.73587705667512">
        <ele>6.035161468200386</ele>
        <time>1970-01-01T00:04:00Z</time>
      </trkpt>
      <trkpt lat="22.75506152822565" lon="113.73586165594196">
        <ele>6.069267122074962</ele>
        <time>1970-01-01T00:04:01Z</time>
      </trkpt>
      <trkpt lat="22.755042476177724" lon="113.7358465619049">
        <ele>6.065237649716437</ele>
        <time>1970-01-01T00:04:02Z</time>
      </trkpt>
      <trkpt lat="22.755023465346543" lon="113.73583137656323">
        <ele>6.0249640652909875</ele>
        <time>1970-01-01T00:04:03Z</time>
      </trkpt>
      <trkpt lat="22.755003782441737" lon="113.73581575651203">
        <ele>5.9553364953026175</ele>
        <time>1970-01-01T00:04:04Z</time>
      </trkpt>
      <trkpt lat="22.75498365425925" lon="113.7358005976869">
        <ele>5.863318835385144</ele>
        <time>1970-01-01T00:04:05Z</time>
      </trkpt>
      <trkpt lat="22.754963491708086" lon="113.73578666008781">
        <ele>5.75740363728255</ele>
        <time>1970-01-01T00:04:06Z</time>
      </trkpt>
      <trkpt lat="22.754943632313303" lon="113.73577340922549">
        <ele>5.641087650321424</ele>
        <time>1970-01-01T00:04:07Z</time>
      </trkpt>
      <trkpt lat="22.75492408500956" lon="113.73575961011035">
        <ele>5.529824367724359</ele>
        <time>1970-01-01T00:04:08Z</time>
      </trkpt>
      <trkpt lat="22.754904540149916" lon="113.73574506860044">
        <ele>5.428588149137795</ele>
        <time>1970-01-01T00:04:09Z</time>
      </trkpt>
      <trkpt lat="22.754884774164765" lon="113.73573059313142">
        <ele>5.334754505194724</ele>
        <time>1970-01-01T00:04:10Z</time>
      </trkpt>
      <trkpt lat="22.754864550408154" lon="113.73571656759037">
        <ele>5.258707234635949</ele>
        <time>1970-01-01T00:04:11Z</time>
      </trkpt>
      <trkpt lat="22.754844134647414" lon="113.7357031050204">
        <ele>5.19098577555269</ele>
        <time>1970-01-01T00:04:12Z</time>
      </trkpt>
      <trkpt lat="22.754822986277386" lon="113.73568959672122">
        <ele>5.125985666178167</ele>
        <time>1970-01-01T00:04:13Z</time>
      </trkpt>
      <trkpt lat="22.75480142628815" lon="113.73567635805132">
        <ele>5.05052699521184</ele>
        <time>1970-01-01T00:04:14Z</time>
      </trkpt>
      <trkpt lat="22.754779970555642" lon="113.73566325972654">
        <ele>4.958857805468142</ele>
        <time>1970-01-01T00:04:15Z</time>
      </trkpt>
      <trkpt lat="22.754759132934954" lon="113.73564984095724">
        <ele>4.85160263068974</ele>
        <time>1970-01-01T00:04:16Z</time>
      </trkpt>
      <trkpt lat="22.754739312168965" lon="113.73563674659991">
        <ele>4.715420527383685</ele>
        <time>1970-01-01T00:04:17Z</time>
      </trkpt>
      <trkpt lat="22.75471972256113" lon="113.73562357701009">
        <ele>4.5652243830263615</ele>
        <time>1970-01-01T00:04:18Z</time>
      </trkpt>
      <trkpt lat="22.754700337411954" lon="113.73560938369923">
        <ele>4.395031603053212</ele>
        <time>1970-01-01T00:04:19Z</time>
      </trkpt>
      <trkpt lat="22.75468110755561" lon="113.73559399391178">
        <ele>4.213031155988574</ele>
        <time>1970-01-01T00:04:20Z</time>
      </trkpt>
      <trkpt lat="22.75466200723002" lon="113.73557809529383">
        <ele>4.02090064343065</ele>
        <time>1970-01-01T00:04:21Z</time>
      </trkpt>
      <trkpt lat="22.754643063529787" lon="113.73556192562245">
        <ele>3.8163305586203933</ele>
        <time>1970-01-01T00:04:22Z</time>
      </trkpt>
      <trkpt lat="22.754624693430593" lon="113.73554546349857">
        <ele>3.6147482274100184</ele>
        <time>1970-01-01T00:04:23Z</time>
      </trkpt>
      <trkpt lat="22.754606956977995" lon="113.73552847701023">
        <ele>3.4223478054627776</ele>
        <time>1970-01-01T00:04:24Z</time>
      </trkpt>
      <trkpt lat="22.754589668148157" lon="113.73551126710524">
        <ele>3.250651211477816</ele>
        <time>1970-01-01T00:04:25Z</time>
      </trkpt>
      <trkpt lat="22.75457220204456" lon="113.7354937888573">
        <ele>3.107668020762503</ele>
        <time>1970-01-01T00:04:26Z</time>
      </trkpt>
      <trkpt lat="22.75455438432728" lon="113.73547612004893">
        <ele>2.993592821061611</ele>
        <time>1970-01-01T00:04:27Z</time>
      </trkpt>
      <trkpt lat="22.754536184790783" lon="113.73545770997379">
        <ele>2.912098180502653</ele>
        <time>1970-01-01T00:04:28Z</time>
      </trkpt>
      <trkpt lat="22.754518009119565" lon="113.73543814477684">
        <ele>2.860882882028818</ele>
        <time>1970-01-01T00:04:29Z</time>
      </trkpt>
      <trkpt lat="22.75450045785144" lon="113.73541806228926">
        <ele>2.846717804670334</ele>
        <time>1970-01-01T00:04:30Z</time>
      </trkpt>
      <trkpt lat="22.754483099285757" lon="113.7353979301927">
        <ele>2.8697078013792634</ele>
        <time>1970-01-01T00:04:31Z</time>
      </trkpt>
      <trkpt lat="22.75446579166767" lon="113.73537806883621">
        <ele>2.9223273023962975</ele>
        <time>1970-01-01T00:04:32Z</time>
      </trkpt>
      <trkpt lat="22.75444871074548" lon="113.7353585625119">
        <ele>3.0023759910836816</ele>
        <time>1970-01-01T00:04:33Z</time>
      </trkpt>
      <trkpt lat="22.75443117160042" lon="113.73533976013246">
        <ele>3.0999080827459693</ele>
        <time>1970-01-01T00:04:34Z</time>
      </trkpt>
      <trkpt lat="22.754412297150775" lon="113.73532144190541">
        <ele>3.2035332648083568</ele>
        <time>1970-01-01T00:04:35Z</time>
      </trkpt>
      <trkpt lat="22.75439213133697" lon="113.73530332975213">
        <ele>3.3087670635432005</ele>
        <time>1970-01-01T00:04:36Z</time>
      </trkpt>
      <trkpt lat="22.754371498243284" lon="113.73528541647661">
        <ele>3.40085085388273</ele>
        <time>1970-01-01T00:04:37Z</time>
      </trkpt>
      <trkpt lat="22.754351201448113" lon="113.735267405174">
        <ele>3.4718802329152822</ele>
        <time>1970-01-01T00:04:38Z</time>
      </trkpt>
      <trkpt lat="22.754330821757378" lon="113.7352487659565">
        <ele>3.513468007557094</ele>
        <time>1970-01-01T00:04:39Z</time>
      </trkpt>
      <trkpt lat="22.75431066317814" lon="113.73522939926575">
        <ele>3.516920479014516</ele>
        <time>1970-01-01T00:04:40Z</time>
      </trkpt>
      <trkpt lat="22.75429196310039" lon="113.73521025295052">
        <ele>3.4784520165994763</ele>
        <time>1970-01-01T00:04:41Z</time>
      </trkpt>
      <trkpt lat="22.754275425384257" lon="113.73519286757671">
        <ele>3.398112657479942</ele>
        <time>1970-01-01T00:04:42Z</time>
      </trkpt>
      <trkpt lat="22.754260339265713" lon="113.7351776090615">
        <ele>3.28193505294621</ele>
        <time>1970-01-01T00:04:43Z</time>
      </trkpt>
      <trkpt lat="22.75424567315012" lon="113.73516334511378">
        <ele>3.1442866772413254</ele>
        <time>1970-01-01T00:04:44Z</time>
      </trkpt>
      <trkpt lat="22.754230543819922" lon="113.73514810021496">
        <ele>3.0032593877986073</ele>
        <time>1970-01-01T00:04:45Z</time>
      </trkpt>
      <trkpt lat="22.754214437137545" lon="113.73513057844426">
        <ele>2.87488666921854</ele>
        <time>1970-01-01T00:04:46Z</time>
      </trkpt>
      <trkpt lat="22.75419779590055" lon="113.73511033147471">
        <ele>2.766916968859732</ele>
        <time>1970-01-01T00:04:47Z</time>
      </trkpt>
      <trkpt lat="22.754181673846084" lon="113.7350877307054">
        <ele>2.6825541388243437</ele>
        <time>1970-01-01T00:04:48Z</time>
      </trkpt>
      <trkpt lat="22.754166671877417" lon="113.73506383093724">
        <ele>2.6300142453983426</ele>
        <time>1970-01-01T00:04:49Z</time>
      </trkpt>
      <trkpt lat="22.754152266426534" lon="113.73503906504119">
        <ele>2.6018700217828155</ele>
        <time>1970-01-01T00:04:50Z</time>
      </trkpt>
      <trkpt lat="22.75413764137475" lon="113.73501330766442">
        <ele>2.5956198712810874</ele>
        <time>1970-01-01T00:04:51Z</time>
      </trkpt>
      <trkpt lat="22.754122370048744" lon="113.7349877996883">
        <ele>2.5976993944495916</ele>
        <time>1970-01-01T00:04:52Z</time>
      </trkpt>
      <trkpt lat="22.75410608324063" lon="113.73496458316099">
        <ele>2.5941287903115153</ele>
        <time>1970-01-01T00:04:53Z</time>
      </trkpt>
      <trkpt lat="22.75408844362234" lon="113.73494427517097">
        <ele>2.577451979741454</ele>
        <time>1970-01-01T00:04:54Z</time>
      </trkpt>
      <trkpt lat="22.754069126153922" lon="113.73492567986182">
        <ele>2.5393905574455857</ele>
        <time>1970-01-01T00:04:55Z</time>
      </trkpt>
      <trkpt lat="22.754048022934853" lon="113.73490748301845">
        <ele>2.4754788652062416</ele>
        <time>1970-01-01T00:04:56Z</time>
      </trkpt>
      <trkpt lat="22.754026267258823" lon="113.7348891423528">
        <ele>2.3869210332632065</ele>
        <time>1970-01-01T00:04:57Z</time>
      </trkpt>
      <trkpt lat="22.75400490110829" lon="113.73487043705832">
        <ele>2.2779114078730345</ele>
        <time>1970-01-01T00:04:58Z</time>
      </trkpt>
      <trkpt lat="22.75398367529146" lon="113.73485094508835">
        <ele>2.1578516624867916</ele>
        <time>1970-01-01T00:04:59Z</time>
      </trkpt>
      <trkpt lat="22.75396297627506" lon="113.73483031017254">
        <ele>2.039861143566668</ele>
        <time>1970-01-01T00:05:00Z</time>
      </trkpt>
      <trkpt lat="22.753942756170254" lon="113.73480867677878">
        <ele>1.9297951143234968</ele>
        <time>1970-01-01T00:05:01Z</time>
      </trkpt>
      <trkpt lat="22.753922159408422" lon="113.73478737197647">
        <ele>1.839014288969338</ele>
        <time>1970-01-01T00:05:02Z</time>
      </trkpt>
      <trkpt lat="22.753900495285293" lon="113.73476710014988">
        <ele>1.7778207762166858</ele>
        <time>1970-01-01T00:05:03Z</time>
      </trkpt>
      <trkpt lat="22.753877896665806" lon="113.73474752464443">
        <ele>1.7565771657973528</ele>
        <time>1970-01-01T00:05:04Z</time>
      </trkpt>
      <trkpt lat="22.75385617323389" lon="113.73472838711305">
        <ele>1.7867281483486295</ele>
        <time>1970-01-01T00:05:05Z</time>
      </trkpt>
      <trkpt lat="22.753836825002786" lon="113.73471045295706">
        <ele>1.861590034328401</ele>
        <time>1970-01-01T00:05:06Z</time>
      </trkpt>
      <trkpt lat="22.75381914376479" lon="113.73469403174934">
        <ele>1.9741313830018044</ele>
        <time>1970-01-01T00:05:07Z</time>
      </trkpt>
      <trkpt lat="22.753802405976444" lon="113.73467946853432">
        <ele>2.129137613810599</ele>
        <time>1970-01-01T00:05:08Z</time>
      </trkpt>
      <trkpt lat="22.753785750185273" lon="113.73466671052486">
        <ele>2.3104959866032004</ele>
        <time>1970-01-01T00:05:09Z</time>
      </trkpt>
      <trkpt lat="22.75376793263513" lon="113.73465577110039">
        <ele>2.5177574967965484</ele>
        <time>1970-01-01T00:05:10Z</time>
      </trkpt>
      <trkpt lat="22.753748718462287" lon="113.7346476387203">
        <ele>2.736547908745706</ele>
        <time>1970-01-01T00:05:11Z</time>
      </trkpt>
      <trkpt lat="22.753728166231788" lon="113.73464278806219">
        <ele>2.9750726567581296</ele>
        <time>1970-01-01T00:05:12Z</time>
      </trkpt>
      <trkpt lat="22.753706465218947" lon="113.73464142657241">
        <ele>3.2241075914353132</ele>
        <time>1970-01-01T00:05:13Z</time>
      </trkpt>
      <trkpt lat="22.753684013058947" lon="113.73464350913763">
        <ele>3.4820129554718733</ele>
        <time>1970-01-01T00:05:14Z</time>
      </trkpt>
      <trkpt lat="22.75366131451008" lon="113.73464803936199">
        <ele>3.733361060731113</ele>
        <time>1970-01-01T00:05:15Z</time>
      </trkpt>
      <trkpt lat="22.753638596910033" lon="113.73465332110861">
        <ele>3.979213603772223</ele>
        <time>1970-01-01T00:05:16Z</time>
      </trkpt>
      <trkpt lat="22.75361685802389" lon="113.73465799156266">
        <ele>4.211813806556165</ele>
        <time>1970-01-01T00:05:17Z</time>
      </trkpt>
      <trkpt lat="22.753595948455406" lon="113.73466106757489">
        <ele>4.422514051198959</ele>
        <time>1970-01-01T00:05:18Z</time>
      </trkpt>
      <trkpt lat="22.75357579431945" lon="113.73466212463079">
        <ele>4.60790188703686</ele>
        <time>1970-01-01T00:05:19Z</time>
      </trkpt>
      <trkpt lat="22.753556887888617" lon="113.73466122981243">
        <ele>4.7703455640003085</ele>
        <time>1970-01-01T00:05:20Z</time>
      </trkpt>
      <trkpt lat="22.75353965917274" lon="113.73465836351956">
        <ele>4.905137326568365</ele>
        <time>1970-01-01T00:05:21Z</time>
      </trkpt>
      <trkpt lat="22.75352407169091" lon="113.73465384562998">
        <ele>5.015324524603784</ele>
        <time>1970-01-01T00:05:22Z</time>
      </trkpt>
      <trkpt lat="22.75350652105624" lon="113.73464822292472">
        <ele>5.110076317563653</ele>
        <time>1970-01-01T00:05:23Z</time>
      </trkpt>
      <trkpt lat="22.753484960054617" lon="113.734642468642">
        <ele>5.1942671639844775</ele>
        <time>1970-01-01T00:05:24Z</time>
      </trkpt>
      <trkpt lat="22.753461515231265" lon="113.73463882502278">
        <ele>5.271566328592598</ele>
        <time>1970-01-01T00:05:25Z</time>
      </trkpt>
      <trkpt lat="22.75343899799774" lon="113.73463954889377">
        <ele>5.342947628349066</ele>
        <time>1970-01-01T00:05:26Z</time>
      </trkpt>
      <trkpt lat="22.753418181679134" lon="113.7346454521092">
        <ele>5.409210190176964</ele>
        <time>1970-01-01T00:05:27Z</time>
      </trkpt>
      <trkpt lat="22.753398098720954" lon="113.73465544714986">
        <ele>5.467157895676792</ele>
        <time>1970-01-01T00:05:28Z</time>
      </trkpt>
      <trkpt lat="22.753377886372" lon="113.73466652733103">
        <ele>5.517317466437817</ele>
        <time>1970-01-01T00:05:29Z</time>
      </trkpt>
      <trkpt lat="22.75335701608399" lon="113.7346738182953">
        <ele>5.560251120477915</ele>
        <time>1970-01-01T00:05:30Z</time>
      </trkpt>
      <trkpt lat="22.753334814935016" lon="113.73467336597963">
        <ele>5.601020167581737</ele>
        <time>1970-01-01T00:05:31Z</time>
      </trkpt>
      <trkpt lat="22.75331253512984" lon="113.73466441384794">
        <ele>5.649146905168891</ele>
        <time>1970-01-01T00:05:32Z</time>
      </trkpt>
      <trkpt lat="22.753291551848022" lon="113.73464992071543">
        <ele>5.7054976131767035</ele>
        <time>1970-01-01T00:05:33Z</time>
      </trkpt>
      <trkpt lat="22.7532707797566" lon="113.73463377633936">
        <ele>5.768323915079236</ele>
        <time>1970-01-01T00:05:34Z</time>
      </trkpt>
      <trkpt lat="22.753250045588782" lon="113.73461815905509">
        <ele>5.832903910428286</ele>
        <time>1970-01-01T00:05:35Z</time>
      </trkpt>
      <trkpt lat="22.753229598312487" lon="113.73460375408433">
        <ele>5.894661508500576</ele>
        <time>1970-01-01T00:05:36Z</time>
      </trkpt>
      <trkpt lat="22.753209708978062" lon="113.73459024059906">
        <ele>5.954281703568995</ele>
        <time>1970-01-01T00:05:37Z</time>
      </trkpt>
      <trkpt lat="22.753190003762562" lon="113.73457656984542">
        <ele>6.0135513599962</ele>
        <time>1970-01-01T00:05:38Z</time>
      </trkpt>
      <trkpt lat="22.75316976633923" lon="113.73456211480959">
        <ele>6.074887057766318</ele>
        <time>1970-01-01T00:05:39Z</time>
      </trkpt>
      <trkpt lat="22.753149216360487" lon="113.73454750204554">
        <ele>6.1404494838789105</ele>
        <time>1970-01-01T00:05:40Z</time>
      </trkpt>
      <trkpt lat="22.753128812028166" lon="113.734533713546">
        <ele>6.209156083874404</ele>
        <time>1970-01-01T00:05:41Z</time>
      </trkpt>
      <trkpt lat="22.753109115916672" lon="113.73452038687594">
        <ele>6.2774706752970815</ele>
        <time>1970-01-01T00:05:42Z</time>
      </trkpt>
      <trkpt lat="22.75308988658113" lon="113.73450617723459">
        <ele>6.340886958874762</ele>
        <time>1970-01-01T00:05:43Z</time>
      </trkpt>
      <trkpt lat="22.753070826764088" lon="113.73449114329242">
        <ele>6.3958444921299815</ele>
        <time>1970-01-01T00:05:44Z</time>
      </trkpt>
      <trkpt lat="22.753051618324925" lon="113.73447518462758">
        <ele>6.444314026273787</ele>
        <time>1970-01-01T00:05:45Z</time>
      </trkpt>
      <trkpt lat="22.753032550193854" lon="113.73445853114687">
        <ele>6.485906846821308</ele>
        <time>1970-01-01T00:05:46Z</time>
      </trkpt>
      <trkpt lat="22.753013338911213" lon="113.7344418860388">
        <ele>6.5193564761430025</ele>
        <time>1970-01-01T00:05:47Z</time>
      </trkpt>
      <trkpt lat="22.752993871417814" lon="113.7344256671358">
        <ele>6.54321988299489</ele>
        <time>1970-01-01T00:05:48Z</time>
      </trkpt>
      <trkpt lat="22.752974447337582" lon="113.73440968590971">
        <ele>6.55738135240972</ele>
        <time>1970-01-01T00:05:49Z</time>
      </trkpt>
      <trkpt lat="22.752955192624952" lon="113.73439388168552">
        <ele>6.568160601891577</ele>
        <time>1970-01-01T00:05:50Z</time>
      </trkpt>
      <trkpt lat="22.752935946080406" lon="113.73437850307481">
        <ele>6.5844904175028205</ele>
        <time>1970-01-01T00:05:51Z</time>
      </trkpt>
      <trkpt lat="22.752916068284375" lon="113.73436379651416">
        <ele>6.60797184240073</ele>
        <time>1970-01-01T00:05:52Z</time>
      </trkpt>
      <trkpt lat="22.75289615924134" lon="113.73434994467104">
        <ele>6.63800160959363</ele>
        <time>1970-01-01T00:05:53Z</time>
      </trkpt>
      <trkpt lat="22.75287609059053" lon="113.73433690708782">
        <ele>6.672845426946878</ele>
        <time>1970-01-01T00:05:54Z</time>
      </trkpt>
      <trkpt lat="22.752855504732494" lon="113.73432492528445">
        <ele>6.704894410446286</ele>
        <time>1970-01-01T00:05:55Z</time>
      </trkpt>
      <trkpt lat="22.75283506442586" lon="113.73431256753395">
        <ele>6.7249438455328345</ele>
        <time>1970-01-01T00:05:56Z</time>
      </trkpt>
      <trkpt lat="22.752815746344922" lon="113.73429846982035">
        <ele>6.724955330602825</ele>
        <time>1970-01-01T00:05:57Z</time>
      </trkpt>
      <trkpt lat="22.75279749387642" lon="113.73428318387764">
        <ele>6.700726584531367</ele>
        <time>1970-01-01T00:05:58Z</time>
      </trkpt>
      <trkpt lat="22.752779427469324" lon="113.73426830007284">
        <ele>6.654054197482765</ele>
        <time>1970-01-01T00:05:59Z</time>
      </trkpt>
      <trkpt lat="22.752760965929184" lon="113.73425483530845">
        <ele>6.5858801528811455</ele>
        <time>1970-01-01T00:06:00Z</time>
      </trkpt>
      <trkpt lat="22.752742017160482" lon="113.73424210230944">
        <ele>6.496361061930656</ele>
        <time>1970-01-01T00:06:01Z</time>
      </trkpt>
      <trkpt lat="22.752723137501047" lon="113.73422873367304">
        <ele>6.389570026658475</ele>
        <time>1970-01-01T00:06:02Z</time>
      </trkpt>
      <trkpt lat="22.752704392754733" lon="113.73421426306173">
        <ele>6.270179596729577</ele>
        <time>1970-01-01T00:06:03Z</time>
      </trkpt>
      <trkpt lat="22.75268584446616" lon="113.7341994215197">
        <ele>6.1425368851050735</ele>
        <time>1970-01-01T00:06:04Z</time>
      </trkpt>
      <trkpt lat="22.752667217386826" lon="113.7341843591854">
        <ele>6.006238755770028</ele>
        <time>1970-01-01T00:06:05Z</time>
      </trkpt>
      <trkpt lat="22.752648203692928" lon="113.73416915281828">
        <ele>5.861864655278623</ele>
        <time>1970-01-01T00:06:06Z</time>
      </trkpt>
      <trkpt lat="22.752628663261174" lon="113.73415402275945">
        <ele>5.710513548925519</ele>
        <time>1970-01-01T00:06:07Z</time>
      </trkpt>
      <trkpt lat="22.752608462886958" lon="113.73413881070375">
        <ele>5.552832955494523</ele>
        <time>1970-01-01T00:06:08Z</time>
      </trkpt>
      <trkpt lat="22.752588161873433" lon="113.73412336887287">
        <ele>5.391080057248473</ele>
        <time>1970-01-01T00:06:09Z</time>
      </trkpt>
      <trkpt lat="22.752568286714265" lon="113.73410763887158">
        <ele>5.226615718565881</ele>
        <time>1970-01-01T00:06:10Z</time>
      </trkpt>
      <trkpt lat="22.752549269463085" lon="113.7340917653001">
        <ele>5.063468771986663</ele>
        <time>1970-01-01T00:06:11Z</time>
      </trkpt>
      <trkpt lat="22.752530656247195" lon="113.73407572999199">
        <ele>4.905480710789561</ele>
        <time>1970-01-01T00:06:12Z</time>
      </trkpt>
      <trkpt lat="22.75251176504411" lon="113.73405928412666">
        <ele>4.752313771285117</ele>
        <time>1970-01-01T00:06:13Z</time>
      </trkpt>
      <trkpt lat="22.75249177739684" lon="113.73404251632067">
        <ele>4.607269274070859</ele>
        <time>1970-01-01T00:06:14Z</time>
      </trkpt>
      <trkpt lat="22.75247059735162" lon="113.73402583086974">
        <ele>4.470561569556594</ele>
        <time>1970-01-01T00:06:15Z</time>
      </trkpt>
      <trkpt lat="22.752449274976538" lon="113.7340098155914">
        <ele>4.344557328149676</ele>
        <time>1970-01-01T00:06:16Z</time>
      </trkpt>
      <trkpt lat="22.752428823886927" lon="113.73399496359491">
        <ele>4.236241405829787</ele>
        <time>1970-01-01T00:06:17Z</time>
      </trkpt>
      <trkpt lat="22.752409163776026" lon="113.73398022296313">
        <ele>4.155714794062078</ele>
        <time>1970-01-01T00:06:18Z</time>
      </trkpt>
      <trkpt lat="22.752389292888406" lon="113.7339648149466">
        <ele>4.112173526547849</ele>
        <time>1970-01-01T00:06:19Z</time>
      </trkpt>
      <trkpt lat="22.752368974824837" lon="113.73394918655744">
        <ele>4.1167047852650285</ele>
        <time>1970-01-01T00:06:20Z</time>
      </trkpt>
      <trkpt lat="22.75234811544261" lon="113.7339336188639">
        <ele>4.170743062160909</ele>
        <time>1970-01-01T00:06:21Z</time>
      </trkpt>
      <trkpt lat="22.752326835258522" lon="113.7339186593613">
        <ele>4.268144627101719</ele>
        <time>1970-01-01T00:06:22Z</time>
      </trkpt>
      <trkpt lat="22.752305391294477" lon="113.7339045339548">
        <ele>4.398606416769326</ele>
        <time>1970-01-01T00:06:23Z</time>
      </trkpt>
      <trkpt lat="22.75228390301068" lon="113.73389095242457">
        <ele>4.546549306251109</ele>
        <time>1970-01-01T00:06:24Z</time>
      </trkpt>
      <trkpt lat="22.752262486580953" lon="113.73387702970862">
        <ele>4.699232278391719</ele>
        <time>1970-01-01T00:06:25Z</time>
      </trkpt>
      <trkpt lat="22.752241789699955" lon="113.73386239467142">
        <ele>4.8441006653010845</ele>
        <time>1970-01-01T00:06:26Z</time>
      </trkpt>
      <trkpt lat="22.752221261685865" lon="113.73384762037114">
        <ele>4.97621691878885</ele>
        <time>1970-01-01T00:06:27Z</time>
      </trkpt>
      <trkpt lat="22.752200165346327" lon="113.73383321402129">
        <ele>5.0898162592202425</ele>
        <time>1970-01-01T00:06:28Z</time>
      </trkpt>
      <trkpt lat="22.75217870012536" lon="113.73381887763722">
        <ele>5.175909203477204</ele>
        <time>1970-01-01T00:06:29Z</time>
      </trkpt>
      <trkpt lat="22.752157209653213" lon="113.73380396068866">
        <ele>5.233379307202995</ele>
        <time>1970-01-01T00:06:30Z</time>
      </trkpt>
      <trkpt lat="22.752136069125374" lon="113.73378831363146">
        <ele>5.2581101497635245</ele>
        <time>1970-01-01T00:06:31Z</time>
      </trkpt>
      <trkpt lat="22.752115529877486" lon="113.7337720299047">
        <ele>5.2541221138089895</ele>
        <time>1970-01-01T00:06:32Z</time>
      </trkpt>
      <trkpt lat="22.752095781357692" lon="113.73375554394372">
        <ele>5.227428873069584</ele>
        <time>1970-01-01T00:06:33Z</time>
      </trkpt>
      <trkpt lat="22.75207638770533" lon="113.7337395340105">
        <ele>5.181759383529425</ele>
        <time>1970-01-01T00:06:34Z</time>
      </trkpt>
      <trkpt lat="22.752056794277905" lon="113.73372409968285">
        <ele>5.1226321049034595</ele>
        <time>1970-01-01T00:06:35Z</time>
      </trkpt>
      <trkpt lat="22.75203614945918" lon="113.73370811107696">
        <ele>5.055762669071555</ele>
        <time>1970-01-01T00:06:36Z</time>
      </trkpt>
      <trkpt lat="22.752014761091967" lon="113.7336910840239">
        <ele>4.986893993802369</ele>
        <time>1970-01-01T00:06:37Z</time>
      </trkpt>
      <trkpt lat="22.75199369019936" lon="113.73367365680626">
        <ele>4.923652267083526</ele>
        <time>1970-01-01T00:06:38Z</time>
      </trkpt>
      <trkpt lat="22.751973685538005" lon="113.73365698441432">
        <ele>4.873472677543759</ele>
        <time>1970-01-01T00:06:39Z</time>
      </trkpt>
      <trkpt lat="22.75195448270761" lon="113.7336415904199">
        <ele>4.842616488225758</ele>
        <time>1970-01-01T00:06:40Z</time>
      </trkpt>
      <trkpt lat="22.751935343154045" lon="113.73362723637058">
        <ele>4.840130655094981</ele>
        <time>1970-01-01T00:06:41Z</time>
      </trkpt>
      <trkpt lat="22.75191606942889" lon="113.73361372442358">
        <ele>4.869828809052706</ele>
        <time>1970-01-01T00:06:42Z</time>
      </trkpt>
      <trkpt lat="22.75189630186089" lon="113.73360000806515">
        <ele>4.928025797009468</ele>
        <time>1970-01-01T00:06:43Z</time>
      </trkpt>
      <trkpt lat="22.75187634783102" lon="113.73358526609968">
        <ele>5.0096224416047335</ele>
        <time>1970-01-01T00:06:44Z</time>
      </trkpt>
      <trkpt lat="22.751856127642796" lon="113.73356935701963">
        <ele>5.111716751940548</ele>
        <time>1970-01-01T00:06:45Z</time>
      </trkpt>
      <trkpt lat="22.751835687012203" lon="113.73355297151527">
        <ele>5.23217857349664</ele>
        <time>1970-01-01T00:06:46Z</time>
      </trkpt>
      <trkpt lat="22.751815095203025" lon="113.73353711680193">
        <ele>5.366661655716598</ele>
        <time>1970-01-01T00:06:47Z</time>
      </trkpt>
      <trkpt lat="22.75179459646143" lon="113.7335223552221">
        <ele>5.5082598039880395</ele>
        <time>1970-01-01T00:06:48Z</time>
      </trkpt>
      <trkpt lat="22.75177424127027" lon="113.73350811498753">
        <ele>5.648128950037062</ele>
        <time>1970-01-01T00:06:49Z</time>
      </trkpt>
      <trkpt lat="22.751753535921726" lon="113.73349335627437">
        <ele>5.7847996121272445</ele>
        <time>1970-01-01T00:06:50Z</time>
      </trkpt>
      <trkpt lat="22.7517326089289" lon="113.73347765205311">
        <ele>5.915012490935624</ele>
        <time>1970-01-01T00:06:51Z</time>
      </trkpt>
      <trkpt lat="22.751711793595504" lon="113.73346103628958">
        <ele>6.033803820610046</ele>
        <time>1970-01-01T00:06:52Z</time>
      </trkpt>
      <trkpt lat="22.751691125051344" lon="113.73344394961345">
        <ele>6.140238891355693</ele>
        <time>1970-01-01T00:06:53Z</time>
      </trkpt>
      <trkpt lat="22.751670683639073" lon="113.73342689909275">
        <ele>6.234288123436272</ele>
        <time>1970-01-01T00:06:54Z</time>
      </trkpt>
      <trkpt lat="22.75165094942068" lon="113.73341051206381">
        <ele>6.312300122343004</ele>
        <time>1970-01-01T00:06:55Z</time>
      </trkpt>
      <trkpt lat="22.751631676107795" lon="113.73339511508561">
        <ele>6.375891226343811</ele>
        <time>1970-01-01T00:06:56Z</time>
      </trkpt>
      <trkpt lat="22.7516118064277" lon="113.73338005304252">
        <ele>6.41635179053992</ele>
        <time>1970-01-01T00:06:57Z</time>
      </trkpt>
      <trkpt lat="22.751591065092136" lon="113.73336456293957">
        <ele>6.432180036790669</ele>
        <time>1970-01-01T00:06:58Z</time>
      </trkpt>
      <trkpt lat="22.751569559042746" lon="113.7333485154184">
        <ele>6.427137934602797</ele>
        <time>1970-01-01T00:06:59Z</time>
      </trkpt>
      <trkpt lat="22.751547751861604" lon="113.7333330282427">
        <ele>6.401962135918438</ele>
        <time>1970-01-01T00:07:00Z</time>
      </trkpt>
      <trkpt lat="22.751526411497846" lon="113.73331881401435">
        <ele>6.361172481440008</ele>
        <time>1970-01-01T00:07:01Z</time>
      </trkpt>
      <trkpt lat="22.75150583103917" lon="113.73330508291924">
        <ele>6.307160119526088</ele>
        <time>1970-01-01T00:07:02Z</time>
      </trkpt>
      <trkpt lat="22.751485972719323" lon="113.73329093559899">
        <ele>6.245584768243134</ele>
        <time>1970-01-01T00:07:03Z</time>
      </trkpt>
      <trkpt lat="22.751466171329746" lon="113.73327582110174">
        <ele>6.1851283414289355</ele>
        <time>1970-01-01T00:07:04Z</time>
      </trkpt>
      <trkpt lat="22.751446567688323" lon="113.73326020867326">
        <ele>6.128846709616482</ele>
        <time>1970-01-01T00:07:05Z</time>
      </trkpt>
      <trkpt lat="22.75142714588879" lon="113.73324462729651">
        <ele>6.081880989484489</ele>
        <time>1970-01-01T00:07:06Z</time>
      </trkpt>
      <trkpt lat="22.751407554510624" lon="113.73322913650037">
        <ele>6.047657819464803</ele>
        <time>1970-01-01T00:07:07Z</time>
        <extensions>
          <gpxtpx:TrackPointExtension>
            <gpxtpx:hr>133</gpxtpx:hr>
          </gpxtpx:TrackPointExtension>
        </extensions>
      </trkpt>
      <trkpt lat="22.751387981395197" lon="113.73321376575181">
        <ele>6.027612661011517</ele>
        <time>1970-01-01T00:07:08Z</time>
        <extensions>
          <gpxtpx:TrackPointExtension>
            <gpxtpx:hr>133</gpxtpx:hr>
          </gpxtpx:TrackPointExtension>
        </extensions>
      </trkpt>
      <trkpt lat="22.75136809165529" lon="113.73319844225185">
        <ele>6.023220099508762</ele>
        <time>1970-01-01T00:07:09Z</time>
        <extensions>
          <gpxtpx:TrackPointExtension>
            <gpxtpx:hr>133</gpxtpx:hr>
          </gpxtpx:TrackPointExtension>
        </extensions>
      </trkpt>
      <trkpt lat="22.751347700890946" lon="113.73318336436022">
        <ele>6.033327640965581</ele>
        <time>1970-01-01T00:07:10Z</time>
        <extensions>
          <gpxtpx:TrackPointExtension>
            <gpxtpx:hr>133</gpxtpx:hr>
          </gpxtpx:TrackPointExtension>
        </extensions>
      </trkpt>
      <trkpt lat="22.751326687551902" lon="113.73316845948308">
        <ele>6.051895192824304</ele>
        <time>1970-01-01T00:07:11Z</time>
        <extensions>
          <gpxtpx:TrackPointExtension>
            <gpxtpx:hr>133</gpxtpx:hr>
          </gpxtpx:TrackPointExtension>
        </extensions>
      </trkpt>
      <trkpt lat="22.75130578202526" lon="113.7331535011347">
        <ele>6.0725854691118</ele>
        <time>1970-01-01T00:07:12Z</time>
        <extensions>
          <gpxtpx:TrackPointExtension>
            <gpxtpx:hr>133</gpxtpx:hr>
          </gpxtpx:TrackPointExtension>
        </extensions>
      </trkpt>
      <trkpt lat="22.751285255123776" lon="113.73313838951861">
        <ele>6.091154146939516</ele>
        <time>1970-01-01T00:07:13Z</time>
        <extensions>
          <gpxtpx:TrackPointExtension>
            <gpxtpx:hr>133</gpxtpx:hr>
          </gpxtpx:TrackPointExtension>
        </extensions>
      </trkpt>
      <trkpt lat="22.751264676979602" lon="113.7331228527702">
        <ele>6.101722646504641</ele>
        <time>1970-01-01T00:07:14Z</time>
        <extensions>
          <gpxtpx:TrackPointExtension>
            <gpxtpx:hr>133</gpxtpx:hr>
          </gpxtpx:TrackPointExtension>
        </extensions>
      </trkpt>
      <trkpt lat="22.751243851440442" lon="113.73310653857328">
        <ele>6.104805118404329</ele>
        <time>1970-01-01T00:07:15Z</time>
        <extensions>
          <gpxtpx:TrackPointExtension>
            <gpxtpx:hr>133</gpxtpx:hr>
          </gpxtpx:TrackPointExtension>
        </extensions>
      </trkpt>
      <trkpt lat="22.751222915346442" lon="113.73308992684392">
        <ele>6.100526791065931</ele>
        <time>1970-01-01T00:07:16Z</time>
        <extensions>
          <gpxtpx:TrackPointExtension>
            <gpxtpx:hr>133</gpxtpx:hr>
          </gpxtpx:TrackPointExtension>
        </extensions>
      </trkpt>
      <trkpt lat="22.751202143212637" lon="113.73307371224277">
        <ele>6.091435958631337</ele>
        <time>1970-01-01T00:07:17Z</time>
        <extensions>
          <gpxtpx:TrackPointExtension>
            <gpxtpx:hr>133</gpxtpx:hr>
          </gpxtpx:TrackPointExtension>
        </extensions>
      </trkpt>
      <trkpt lat="22.75118136465488" lon="113.73305768940887">
        <ele>6.0860520619899035</ele>
        <time>1970-01-01T00:07:18Z</time>
        <extensions>
          <gpxtpx:TrackPointExtension>
            <gpxtpx:hr>133</gpxtpx:hr>
          </gpxtpx:TrackPointExtension>
        </extensions>
      </trkpt>
      <trkpt lat="22.751160631664842" lon="113.73304173303222">
        <ele>6.080087500624359</ele>
        <time>1970-01-01T00:07:19Z</time>
        <extensions>
          <gpxtpx:TrackPointExtension>
            <gpxtpx:hr>133</gpxtpx:hr>
          </gpxtpx:TrackPointExtension>
        </extensions>
      </trkpt>
      <trkpt lat="22.75113971209748" lon="113.73302598874768">
        <ele>6.073834099806845</ele>
        <time>1970-01-01T00:07:20Z</time>
        <extensions>
          <gpxtpx:TrackPointExtension>
            <gpxtpx:hr>133</gpxtpx:hr>
          </gpxtpx:TrackPointExtension>
        </extensions>
      </trkpt>
      <trkpt lat="22.7511190845739" lon="113.73301079838767">
        <ele>6.067521206103265</ele>
        <time>1970-01-01T00:07:21Z</time>
        <extensions>
          <gpxtpx:TrackPointExtension>
            <gpxtpx:hr>133</gpxtpx:hr>
          </gpxtpx:TrackPointExtension>
        </extensions>
      </trkpt>
      <trkpt lat="22.75109892878555" lon="113.73299606292674">
        <ele>6.0637575360015035</ele>
        <time>1970-01-01T00:07:22Z</time>
        <extensions>
          <gpxtpx:TrackPointExtension>
            <gpxtpx:hr>133</gpxtpx:hr>
          </gpxtpx:TrackPointExtension>
        </extensions>
      </trkpt>
      <trkpt lat="22.751078808510254" lon="113.73298145653303">
        <ele>6.07355772703886</ele>
        <time>1970-01-01T00:07:23Z</time>
        <extensions>
          <gpxtpx:TrackPointExtension>
            <gpxtpx:hr>133</gpxtpx:hr>
          </gpxtpx:TrackPointExtension>
        </extensions>
      </trkpt>
      <trkpt lat="22.751058505032304" lon="113.73296730789949">
        <ele>6.100767411291599</ele>
        <time>1970-01-01T00:07:24Z</time>
        <extensions>
          <gpxtpx:TrackPointExtension>
            <gpxtpx:hr>133</gpxtpx:hr>
          </gpxtpx:TrackPointExtension>
        </extensions>
      </trkpt>
      <trkpt lat="22.751037858944056" lon="113.73295396796578">
        <ele>6.147486487403512</ele>
        <time>1970-01-01T00:07:25Z</time>
        <extensions>
          <gpxtpx:TrackPointExtension>
            <gpxtpx:hr>133</gpxtpx:hr>
          </gpxtpx:TrackPointExtension>
        </extensions>
      </trkpt>
      <trkpt lat="22.751017004027567" lon="113.73294125219265">
        <ele>6.213790535926819</ele>
        <time>1970-01-01T00:07:26Z</time>
        <extensions>
          <gpxtpx:TrackPointExtension>
            <gpxtpx:hr>133</gpxtpx:hr>
          </gpxtpx:TrackPointExtension>
        </extensions>
      </trkpt>
      <trkpt lat="22.75099607861962" lon="113.73292816117272">
        <ele>6.289886798709631</ele>
        <time>1970-01-01T00:07:27Z</time>
        <extensions>
          <gpxtpx:TrackPointExtension>
            <gpxtpx:hr>133</gpxtpx:hr>
          </gpxtpx:TrackPointExtension>
        </extensions>
      </trkpt>
      <trkpt lat="22.7509751992628" lon="113.73291415838841">
        <ele>6.366987269371748</ele>
        <time>1970-01-01T00:07:28Z</time>
        <extensions>
          <gpxtpx:TrackPointExtension>
            <gpxtpx:hr>133</gpxtpx:hr>
          </gpxtpx:TrackPointExtension>
        </extensions>
      </trkpt>
      <trkpt lat="22.750953825592106" lon="113.73289972158645">
        <ele>6.434220891445875</ele>
        <time>1970-01-01T00:07:29Z</time>
        <extensions>
          <gpxtpx:TrackPointExtension>
            <gpxtpx:hr>133</gpxtpx:hr>
          </gpxtpx:TrackPointExtension>
        </extensions>
      </trkpt>
      <trkpt lat="22.7509321161367" lon="113.73288533488326">
        <ele>6.483741119503975</ele>
        <time>1970-01-01T00:07:30Z</time>
        <extensions>
          <gpxtpx:TrackPointExtension>
            <gpxtpx:hr>133</gpxtpx:hr>
          </gpxtpx:TrackPointExtension>
        </extensions>
      </trkpt>
      <trkpt lat="22.750910397181734" lon="113.7328708539626">
        <ele>6.514529221691191</ele>
        <time>1970-01-01T00:07:31Z</time>
        <extensions>
          <gpxtpx:TrackPointExtension>
            <gpxtpx:hr>134</gpxtpx:hr>
          </gpxtpx:TrackPointExtension>
        </extensions>
      </trkpt>
      <trkpt lat="22.75088916211516" lon="113.73285577524152">
        <ele>6.523878425359726</ele>
        <time>1970-01-01T00:07:32Z</time>
        <extensions>
          <gpxtpx:TrackPointExtension>
            <gpxtpx:hr>134</gpxtpx:hr>
          </gpxtpx:TrackPointExtension>
        </extensions>
      </trkpt>
      <trkpt lat="22.750868828612205" lon="113.73284028646233">
        <ele>6.513606528751552</ele>
        <time>1970-01-01T00:07:33Z</time>
        <extensions>
          <gpxtpx:TrackPointExtension>
            <gpxtpx:hr>134</gpxtpx:hr>
          </gpxtpx:TrackPointExtension>
        </extensions>
      </trkpt>
      <trkpt lat="22.750849582815054" lon="113.73282489094798">
        <ele>6.486999547109008</ele>
        <time>1970-01-01T00:07:34Z</time>
        <extensions>
          <gpxtpx:TrackPointExtension>
            <gpxtpx:hr>134</gpxtpx:hr>
          </gpxtpx:TrackPointExtension>
        </extensions>
      </trkpt>
      <trkpt lat="22.750831292765984" lon="113.73280969295605">
        <ele>6.448962708003819</ele>
        <time>1970-01-01T00:07:35Z</time>
        <extensions>
          <gpxtpx:TrackPointExtension>
            <gpxtpx:hr>134</gpxtpx:hr>
          </gpxtpx:TrackPointExtension>
        </extensions>
      </trkpt>
      <trkpt lat="22.75081321042565" lon="113.73279476372745">
        <ele>6.407678982242942</ele>
        <time>1970-01-01T00:07:36Z</time>
        <extensions>
          <gpxtpx:TrackPointExtension>
            <gpxtpx:hr>134</gpxtpx:hr>
          </gpxtpx:TrackPointExtension>
        </extensions>
      </trkpt>
      <trkpt lat="22.750795074991128" lon="113.73278026711623">
        <ele>6.369211181998253</ele>
        <time>1970-01-01T00:07:37Z</time>
        <extensions>
          <gpxtpx:TrackPointExtension>
            <gpxtpx:hr>134</gpxtpx:hr>
          </gpxtpx:TrackPointExtension>
        </extensions>
      </trkpt>
      <trkpt lat="22.75077662412661" lon="113.73276648018508">
        <ele>6.340516975149512</ele>
        <time>1970-01-01T00:07:38Z</time>
        <extensions>
          <gpxtpx:TrackPointExtension>
            <gpxtpx:hr>132</gpxtpx:hr>
          </gpxtpx:TrackPointExtension>
        </extensions>
      </trkpt>
      <trkpt lat="22.750757834945997" lon="113.73275314202704">
        <ele>6.328797031193972</ele>
        <time>1970-01-01T00:07:39Z</time>
        <extensions>
          <gpxtpx:TrackPointExtension>
            <gpxtpx:hr>132</gpxtpx:hr>
          </gpxtpx:TrackPointExtension>
        </extensions>
      </trkpt>
      <trkpt lat="22.750738618867146" lon="113.73273921316755">
        <ele>6.335774581879377</ele>
        <time>1970-01-01T00:07:40Z</time>
        <extensions>
          <gpxtpx:TrackPointExtension>
            <gpxtpx:hr>132</gpxtpx:hr>
          </gpxtpx:TrackPointExtension>
        </extensions>
      </trkpt>
      <trkpt lat="22.750719642363354" lon="113.73272453187457">
        <ele>6.366458726115525</ele>
        <time>1970-01-01T00:07:41Z</time>
        <extensions>
          <gpxtpx:TrackPointExtension>
            <gpxtpx:hr>132</gpxtpx:hr>
          </gpxtpx:TrackPointExtension>
        </extensions>
      </trkpt>
      <trkpt lat="22.750700738364838" lon="113.73270927887752">
        <ele>6.4203373827040195</ele>
        <time>1970-01-01T00:07:42Z</time>
        <extensions>
          <gpxtpx:TrackPointExtension>
            <gpxtpx:hr>132</gpxtpx:hr>
          </gpxtpx:TrackPointExtension>
        </extensions>
      </trkpt>
      <trkpt lat="22.750681593849105" lon="113.73269381008927">
        <ele>6.490858942270279</ele>
        <time>1970-01-01T00:07:43Z</time>
        <extensions>
          <gpxtpx:TrackPointExtension>
            <gpxtpx:hr>133</gpxtpx:hr>
          </gpxtpx:TrackPointExtension>
        </extensions>
      </trkpt>
      <trkpt lat="22.75066219217477" lon="113.73267852532125">
        <ele>6.5796959744766355</ele>
        <time>1970-01-01T00:07:44Z</time>
        <extensions>
          <gpxtpx:TrackPointExtension>
            <gpxtpx:hr>133</gpxtpx:hr>
          </gpxtpx:TrackPointExtension>
        </extensions>
      </trkpt>
      <trkpt lat="22.75064238128" lon="113.73266380733044">
        <ele>6.6832418059930205</ele>
        <time>1970-01-01T00:07:45Z</time>
        <extensions>
          <gpxtpx:TrackPointExtension>
            <gpxtpx:hr>133</gpxtpx:hr>
          </gpxtpx:TrackPointExtension>
        </extensions>
      </trkpt>
      <trkpt lat="22.750622539627834" lon="113.73264959847933">
        <ele>6.794604483991861</ele>
        <time>1970-01-01T00:07:46Z</time>
        <extensions>
          <gpxtpx:TrackPointExtension>
            <gpxtpx:hr>133</gpxtpx:hr>
          </gpxtpx:TrackPointExtension>
        </extensions>
      </trkpt>
      <trkpt lat="22.75060320237427" lon="113.73263511433652">
        <ele>6.906025307253003</ele>
        <time>1970-01-01T00:07:47Z</time>
        <extensions>
          <gpxtpx:TrackPointExtension>
            <gpxtpx:hr>133</gpxtpx:hr>
          </gpxtpx:TrackPointExtension>
        </extensions>
      </trkpt>
      <trkpt lat="22.75058447932223" lon="113.73261977161377">
        <ele>7.004233778454363</ele>
        <time>1970-01-01T00:07:48Z</time>
        <extensions>
          <gpxtpx:TrackPointExtension>
            <gpxtpx:hr>133</gpxtpx:hr>
          </gpxtpx:TrackPointExtension>
        </extensions>
      </trkpt>
      <trkpt lat="22.750565914924803" lon="113.73260384175144">
        <ele>7.0792179917916656</ele>
        <time>1970-01-01T00:07:49Z</time>
        <extensions>
          <gpxtpx:TrackPointExtension>
            <gpxtpx:hr>133</gpxtpx:hr>
          </gpxtpx:TrackPointExtension>
        </extensions>
      </trkpt>
      <trkpt lat="22.750546920251896" lon="113.73258815779946">
        <ele>7.123208161443472</ele>
        <time>1970-01-01T00:07:50Z</time>
        <extensions>
          <gpxtpx:TrackPointExtension>
            <gpxtpx:hr>133</gpxtpx:hr>
          </gpxtpx:TrackPointExtension>
        </extensions>
      </trkpt>
      <trkpt lat="22.750526971864318" lon="113.73257298294887">
        <ele>7.125005882233381</ele>
        <time>1970-01-01T00:07:51Z</time>
        <extensions>
          <gpxtpx:TrackPointExtension>
            <gpxtpx:hr>133</gpxtpx:hr>
          </gpxtpx:TrackPointExtension>
        </extensions>
      </trkpt>
      <trkpt lat="22.750506411451767" lon="113.73255806372791">
        <ele>7.079590312205255</ele>
        <time>1970-01-01T00:07:52Z</time>
        <extensions>
          <gpxtpx:TrackPointExtension>
            <gpxtpx:hr>133</gpxtpx:hr>
          </gpxtpx:TrackPointExtension>
        </extensions>
      </trkpt>
      <trkpt lat="22.75048570933463" lon="113.73254304179447">
        <ele>6.985370288603008</ele>
        <time>1970-01-01T00:07:53Z</time>
      </trkpt>
      <trkpt lat="22.750465537906358" lon="113.73252768253877">
        <ele>6.846490264870226</ele>
        <time>1970-01-01T00:07:54Z</time>
      </trkpt>
      <trkpt lat="22.75044560793301" lon="113.7325114321144">
        <ele>6.668957368470728</ele>
        <time>1970-01-01T00:07:55Z</time>
      </trkpt>
      <trkpt lat="22.75042486910141" lon="113.73249424870197">
        <ele>6.462312120012939</ele>
        <time>1970-01-01T00:07:56Z</time>
      </trkpt>
      <trkpt lat="22.7504030304037" lon="113.73247711383088">
        <ele>6.239981084130704</ele>
        <time>1970-01-01T00:07:57Z</time>
      </trkpt>
      <trkpt lat="22.750380424086977" lon="113.73246121062618">
        <ele>6.0174973998218775</ele>
        <time>1970-01-01T00:07:58Z</time>
      </trkpt>
      <trkpt lat="22.750357426266916" lon="113.73244770209904">
        <ele>5.8093156246468425</ele>
        <time>1970-01-01T00:07:59Z</time>
      </trkpt>
      <trkpt lat="22.750333773077315" lon="113.73243745170181">
        <ele>5.6276278141886</ele>
        <time>1970-01-01T00:08:00Z</time>
      </trkpt>
      <trkpt lat="22.750310334929143" lon="113.732431659421">
        <ele>5.479684652760625</ele>
        <time>1970-01-01T00:08:01Z</time>
      </trkpt>
      <trkpt lat="22.75028773567285" lon="113.73243158008773">
        <ele>5.369423931464553</ele>
        <time>1970-01-01T00:08:02Z</time>
      </trkpt>
      <trkpt lat="22.75026674786175" lon="113.73243830686549">
        <ele>5.295561068691313</ele>
        <time>1970-01-01T00:08:03Z</time>
      </trkpt>
      <trkpt lat="22.750249026261688" lon="113.73245227433937">
        <ele>5.253790871240199</ele>
        <time>1970-01-01T00:08:04Z</time>
      </trkpt>
      <trkpt lat="22.75023616365871" lon="113.73247192381291">
        <ele>5.241488737054169</ele>
        <time>1970-01-01T00:08:05Z</time>
      </trkpt>
      <trkpt lat="22.750229045379424" lon="113.73249509795674">
        <ele>5.2560721803456545</ele>
        <time>1970-01-01T00:08:06Z</time>
      </trkpt>
      <trkpt lat="22.75022770682833" lon="113.73251992239203">
        <ele>5.2928845314309</ele>
        <time>1970-01-01T00:08:07Z</time>
      </trkpt>
      <trkpt lat="22.75023186689838" lon="113.73254514191993">
        <ele>5.3504373244941235</ele>
        <time>1970-01-01T00:08:08Z</time>
      </trkpt>
      <trkpt lat="22.750240060505263" lon="113.73256987222526">
        <ele>5.427601356990635</ele>
        <time>1970-01-01T00:08:09Z</time>
      </trkpt>
      <trkpt lat="22.75024994934119" lon="113.7325934440337">
        <ele>5.519087691791356</ele>
        <time>1970-01-01T00:08:10Z</time>
      </trkpt>
      <trkpt lat="22.750259842276613" lon="113.7326165739183">
        <ele>5.618854509666562</ele>
        <time>1970-01-01T00:08:11Z</time>
      </trkpt>
      <trkpt lat="22.750269230579157" lon="113.7326397991651">
        <ele>5.721048011444509</ele>
        <time>1970-01-01T00:08:12Z</time>
      </trkpt>
      <trkpt lat="22.75027779567599" lon="113.73266345213153">
        <ele>5.818270783871412</ele>
        <time>1970-01-01T00:08:13Z</time>
      </trkpt>
      <trkpt lat="22.75028524197971" lon="113.73268715578659">
        <ele>5.908370044082403</ele>
        <time>1970-01-01T00:08:14Z</time>
      </trkpt>
      <trkpt lat="22.75029181205116" lon="113.73271067565759">
        <ele>5.990313226357102</ele>
        <time>1970-01-01T00:08:15Z</time>
      </trkpt>
      <trkpt lat="22.75029795150015" lon="113.732734581732">
        <ele>6.063094489276409</ele>
        <time>1970-01-01T00:08:16Z</time>
      </trkpt>
      <trkpt lat="22.75030413675312" lon="113.73275937537198">
        <ele>6.128605183213949</ele>
        <time>1970-01-01T00:08:17Z</time>
      </trkpt>
      <trkpt lat="22.75031100690039" lon="113.73278464824357">
        <ele>6.189692030660808</ele>
        <time>1970-01-01T00:08:18Z</time>
      </trkpt>
      <trkpt lat="22.750319017997267" lon="113.73280972041677">
        <ele>6.249207252636552</ele>
        <time>1970-01-01T00:08:19Z</time>
      </trkpt>
      <trkpt lat="22.750328367033447" lon="113.73283479730995">
        <ele>6.307544594630599</ele>
        <time>1970-01-01T00:08:20Z</time>
      </trkpt>
      <trkpt lat="22.7503381154705" lon="113.7328596428814">
        <ele>6.3660126915201545</ele>
        <time>1970-01-01T00:08:21Z</time>
      </trkpt>
      <trkpt lat="22.75034745146979" lon="113.73288447019416">
        <ele>6.424367945641279</ele>
        <time>1970-01-01T00:08:22Z</time>
      </trkpt>
      <trkpt lat="22.75035630559291" lon="113.73290934820041">
        <ele>6.481294563040137</ele>
        <time>1970-01-01T00:08:23Z</time>
      </trkpt>
      <trkpt lat="22.75036505727752" lon="113.73293453277483">
        <ele>6.534726380370557</ele>
        <time>1970-01-01T00:08:24Z</time>
      </trkpt>
      <trkpt lat="22.750373610512938" lon="113.73295999471783">
        <ele>6.582254243083298</ele>
        <time>1970-01-01T00:08:25Z</time>
      </trkpt>
      <trkpt lat="22.75038186534434" lon="113.73298571749046">
        <ele>6.622991451062262</ele>
        <time>1970-01-01T00:08:26Z</time>
      </trkpt>
      <trkpt lat="22.750390223936616" lon="113.7330115529562">
        <ele>6.655710157938302</ele>
        <time>1970-01-01T00:08:27Z</time>
        <extensions>
          <gpxtpx:TrackPointExtension>
            <gpxtpx:hr>133</gpxtpx:hr>
          </gpxtpx:TrackPointExtension>
        </extensions>
      </trkpt>
      <trkpt lat="22.750398643717705" lon="113.73303759901374">
        <ele>6.677323693409562</ele>
        <time>1970-01-01T00:08:28Z</time>
        <extensions>
          <gpxtpx:TrackPointExtension>
            <gpxtpx:hr>133</gpxtpx:hr>
          </gpxtpx:TrackPointExtension>
        </extensions>
      </trkpt>
      <trkpt lat="22.750407140723134" lon="113.73306407522094">
        <ele>6.68670032825321</ele>
        <time>1970-01-01T00:08:29Z</time>
        <extensions>
          <gpxtpx:TrackPointExtension>
            <gpxtpx:hr>133</gpxtpx:hr>
          </gpxtpx:TrackPointExtension>
        </extensions>
      </trkpt>
      <trkpt lat="22.750415625238684" lon="113.73309048589557">
        <ele>6.683222002349794</ele>
        <time>1970-01-01T00:08:30Z</time>
        <extensions>
          <gpxtpx:TrackPointExtension>
            <gpxtpx:hr>133</gpxtpx:hr>
          </gpxtpx:TrackPointExtension>
        </extensions>
      </trkpt>
      <trkpt lat="22.750423953853748" lon="113.733116613809">
        <ele>6.668164941482246</ele>
        <time>1970-01-01T00:08:31Z</time>
        <extensions>
          <gpxtpx:TrackPointExtension>
            <gpxtpx:hr>133</gpxtpx:hr>
          </gpxtpx:TrackPointExtension>
        </extensions>
      </trkpt>
      <trkpt lat="22.750432170112827" lon="113.7331418819055">
        <ele>6.643555548042059</ele>
        <time>1970-01-01T00:08:32Z</time>
        <extensions>
          <gpxtpx:TrackPointExtension>
            <gpxtpx:hr>133</gpxtpx:hr>
          </gpxtpx:TrackPointExtension>
        </extensions>
      </trkpt>
      <trkpt lat="22.75044029900911" lon="113.73316647647276">
        <ele>6.611875858157873</ele>
        <time>1970-01-01T00:08:33Z</time>
        <extensions>
          <gpxtpx:TrackPointExtension>
            <gpxtpx:hr>133</gpxtpx:hr>
          </gpxtpx:TrackPointExtension>
        </extensions>
      </trkpt>
      <trkpt lat="22.750448265400358" lon="113.73319062104717">
        <ele>6.576180203817785</ele>
        <time>1970-01-01T00:08:34Z</time>
        <extensions>
          <gpxtpx:TrackPointExtension>
            <gpxtpx:hr>133</gpxtpx:hr>
          </gpxtpx:TrackPointExtension>
        </extensions>
      </trkpt>
      <trkpt lat="22.750456417058736" lon="113.73321485899056">
        <ele>6.5404150960966945</ele>
        <time>1970-01-01T00:08:35Z</time>
        <extensions>
          <gpxtpx:TrackPointExtension>
            <gpxtpx:hr>133</gpxtpx:hr>
          </gpxtpx:TrackPointExtension>
        </extensions>
      </trkpt>
      <trkpt lat="22.750464620851837" lon="113.73323931932126">
        <ele>6.5069641172885895</ele>
        <time>1970-01-01T00:08:36Z</time>
        <extensions>
          <gpxtpx:TrackPointExtension>
            <gpxtpx:hr>133</gpxtpx:hr>
          </gpxtpx:TrackPointExtension>
        </extensions>
      </trkpt>
      <trkpt lat="22.75047224882052" lon="113.73326419045196">
        <ele>6.476413859985769</ele>
        <time>1970-01-01T00:08:37Z</time>
        <extensions>
          <gpxtpx:TrackPointExtension>
            <gpxtpx:hr>133</gpxtpx:hr>
          </gpxtpx:TrackPointExtension>
        </extensions>
      </trkpt>
      <trkpt lat="22.750478359766653" lon="113.73328998461811">
        <ele>6.449834771454334</ele>
        <time>1970-01-01T00:08:38Z</time>
        <extensions>
          <gpxtpx:TrackPointExtension>
            <gpxtpx:hr>133</gpxtpx:hr>
          </gpxtpx:TrackPointExtension>
        </extensions>
      </trkpt>
      <trkpt lat="22.75048185059129" lon="113.73331656000478">
        <ele>6.428143637254834</ele>
        <time>1970-01-01T00:08:39Z</time>
        <extensions>
          <gpxtpx:TrackPointExtension>
            <gpxtpx:hr>133</gpxtpx:hr>
          </gpxtpx:TrackPointExtension>
        </extensions>
      </trkpt>
      <trkpt lat="22.75048451120541" lon="113.73334268657722">
        <ele>6.411136000417173</ele>
        <time>1970-01-01T00:08:40Z</time>
        <extensions>
          <gpxtpx:TrackPointExtension>
            <gpxtpx:hr>133</gpxtpx:hr>
          </gpxtpx:TrackPointExtension>
        </extensions>
      </trkpt>
      <trkpt lat="22.750489479016018" lon="113.73336760164368">
        <ele>6.3940320471301675</ele>
        <time>1970-01-01T00:08:41Z</time>
        <extensions>
          <gpxtpx:TrackPointExtension>
            <gpxtpx:hr>133</gpxtpx:hr>
          </gpxtpx:TrackPointExtension>
        </extensions>
      </trkpt>
      <trkpt lat="22.750496894337893" lon="113.7333922598322">
        <ele>6.371075537055731</ele>
        <time>1970-01-01T00:08:42Z</time>
        <extensions>
          <gpxtpx:TrackPointExtension>
            <gpxtpx:hr>133</gpxtpx:hr>
          </gpxtpx:TrackPointExtension>
        </extensions>
      </trkpt>
      <trkpt lat="22.75050491022384" lon="113.73341729671618">
        <ele>6.339902622625232</ele>
        <time>1970-01-01T00:08:43Z</time>
        <extensions>
          <gpxtpx:TrackPointExtension>
            <gpxtpx:hr>133</gpxtpx:hr>
          </gpxtpx:TrackPointExtension>
        </extensions>
      </trkpt>
      <trkpt lat="22.750512268293242" lon="113.73344213948461">
        <ele>6.300396551378071</ele>
        <time>1970-01-01T00:08:44Z</time>
        <extensions>
          <gpxtpx:TrackPointExtension>
            <gpxtpx:hr>133</gpxtpx:hr>
          </gpxtpx:TrackPointExtension>
        </extensions>
      </trkpt>
      <trkpt lat="22.750519073198433" lon="113.73346639596173">
        <ele>6.2546316543594</ele>
        <time>1970-01-01T00:08:45Z</time>
        <extensions>
          <gpxtpx:TrackPointExtension>
            <gpxtpx:hr>133</gpxtpx:hr>
          </gpxtpx:TrackPointExtension>
        </extensions>
      </trkpt>
      <trkpt lat="22.750525763856448" lon="113.73349072271081">
        <ele>6.203440508805215</ele>
        <time>1970-01-01T00:08:46Z</time>
        <extensions>
          <gpxtpx:TrackPointExtension>
            <gpxtpx:hr>133</gpxtpx:hr>
          </gpxtpx:TrackPointExtension>
        </extensions>
      </trkpt>
      <trkpt lat="22.75053223448021" lon="113.73351520096342">
        <ele>6.150972574017942</ele>
        <time>1970-01-01T00:08:47Z</time>
        <extensions>
          <gpxtpx:TrackPointExtension>
            <gpxtpx:hr>133</gpxtpx:hr>
          </gpxtpx:TrackPointExtension>
        </extensions>
      </trkpt>
      <trkpt lat="22.750538545239554" lon="113.73353987620052">
        <ele>6.100749217905104</ele>
        <time>1970-01-01T00:08:48Z</time>
        <extensions>
          <gpxtpx:TrackPointExtension>
            <gpxtpx:hr>131</gpxtpx:hr>
          </gpxtpx:TrackPointExtension>
        </extensions>
      </trkpt>
      <trkpt lat="22.75054493245661" lon="113.73356452863305">
        <ele>6.057874697260559</ele>
        <time>1970-01-01T00:08:49Z</time>
        <extensions>
          <gpxtpx:TrackPointExtension>
            <gpxtpx:hr>131</gpxtpx:hr>
          </gpxtpx:TrackPointExtension>
        </extensions>
      </trkpt>
      <trkpt lat="22.75055182160779" lon="113.73358921747447">
        <ele>6.025689252652228</ele>
        <time>1970-01-01T00:08:50Z</time>
        <extensions>
          <gpxtpx:TrackPointExtension>
            <gpxtpx:hr>131</gpxtpx:hr>
          </gpxtpx:TrackPointExtension>
        </extensions>
      </trkpt>
      <trkpt lat="22.750559658684715" lon="113.73361425061121">
        <ele>6.005161732435226</ele>
        <time>1970-01-01T00:08:51Z</time>
        <extensions>
          <gpxtpx:TrackPointExtension>
            <gpxtpx:hr>131</gpxtpx:hr>
          </gpxtpx:TrackPointExtension>
        </extensions>
      </trkpt>
      <trkpt lat="22.75056850130666" lon="113.733639673471">
        <ele>5.996492677368224</ele>
        <time>1970-01-01T00:08:52Z</time>
        <extensions>
          <gpxtpx:TrackPointExtension>
            <gpxtpx:hr>131</gpxtpx:hr>
          </gpxtpx:TrackPointExtension>
        </extensions>
      </trkpt>
      <trkpt lat="22.750577830787964" lon="113.73366494585704">
        <ele>5.999785169027746</ele>
        <time>1970-01-01T00:08:53Z</time>
        <extensions>
          <gpxtpx:TrackPointExtension>
            <gpxtpx:hr>131</gpxtpx:hr>
          </gpxtpx:TrackPointExtension>
        </extensions>
      </trkpt>
      <trkpt lat="22.750587537602634" lon="113.7336895436017">
        <ele>6.011789974756539</ele>
        <time>1970-01-01T00:08:54Z</time>
        <extensions>
          <gpxtpx:TrackPointExtension>
            <gpxtpx:hr>131</gpxtpx:hr>
          </gpxtpx:TrackPointExtension>
        </extensions>
      </trkpt>
      <trkpt lat="22.750598142224813" lon="113.73371349699435">
        <ele>6.028459558263421</ele>
        <time>1970-01-01T00:08:55Z</time>
        <extensions>
          <gpxtpx:TrackPointExtension>
            <gpxtpx:hr>131</gpxtpx:hr>
          </gpxtpx:TrackPointExtension>
        </extensions>
      </trkpt>
      <trkpt lat="22.750609848901284" lon="113.73373717510536">
        <ele>6.045064339414239</ele>
        <time>1970-01-01T00:08:56Z</time>
        <extensions>
          <gpxtpx:TrackPointExtension>
            <gpxtpx:hr>131</gpxtpx:hr>
          </gpxtpx:TrackPointExtension>
        </extensions>
      </trkpt>
      <trkpt lat="22.750622411565978" lon="113.73376117993827">
        <ele>6.058701983653009</ele>
        <time>1970-01-01T00:08:57Z</time>
        <extensions>
          <gpxtpx:TrackPointExtension>
            <gpxtpx:hr>131</gpxtpx:hr>
          </gpxtpx:TrackPointExtension>
        </extensions>
      </trkpt>
      <trkpt lat="22.750634845614236" lon="113.73378518119185">
        <ele>6.067980961874127</ele>
        <time>1970-01-01T00:08:58Z</time>
        <extensions>
          <gpxtpx:TrackPointExtension>
            <gpxtpx:hr>131</gpxtpx:hr>
          </gpxtpx:TrackPointExtension>
        </extensions>
      </trkpt>
      <trkpt lat="22.75064662211366" lon="113.73380900173836">
        <ele>6.069628797471523</ele>
        <time>1970-01-01T00:08:59Z</time>
        <extensions>
          <gpxtpx:TrackPointExtension>
            <gpxtpx:hr>131</gpxtpx:hr>
          </gpxtpx:TrackPointExtension>
        </extensions>
      </trkpt>
      <trkpt lat="22.75065790051866" lon="113.7338324550188">
        <ele>6.060063921846449</ele>
        <time>1970-01-01T00:09:00Z</time>
        <extensions>
          <gpxtpx:TrackPointExtension>
            <gpxtpx:hr>131</gpxtpx:hr>
          </gpxtpx:TrackPointExtension>
        </extensions>
      </trkpt>
      <trkpt lat="22.75066916866563" lon="113.7338553852123">
        <ele>6.0362632451578975</ele>
        <time>1970-01-01T00:09:01Z</time>
        <extensions>
          <gpxtpx:TrackPointExtension>
            <gpxtpx:hr>131</gpxtpx:hr>
          </gpxtpx:TrackPointExtension>
        </extensions>
      </trkpt>
      <trkpt lat="22.75068067655291" lon="113.73387765112273">
        <ele>5.999837100505829</ele>
        <time>1970-01-01T00:09:02Z</time>
        <extensions>
          <gpxtpx:TrackPointExtension>
            <gpxtpx:hr>131</gpxtpx:hr>
          </gpxtpx:TrackPointExtension>
        </extensions>
      </trkpt>
      <trkpt lat="22.750692757616218" lon="113.73389934394983">
        <ele>5.952866294421256</ele>
        <time>1970-01-01T00:09:03Z</time>
        <extensions>
          <gpxtpx:TrackPointExtension>
            <gpxtpx:hr>131</gpxtpx:hr>
          </gpxtpx:TrackPointExtension>
        </extensions>
      </trkpt>
      <trkpt lat="22.75070580897528" lon="113.733920520489">
        <ele>5.901333224028349</ele>
        <time>1970-01-01T00:09:04Z</time>
        <extensions>
          <gpxtpx:TrackPointExtension>
            <gpxtpx:hr>131</gpxtpx:hr>
          </gpxtpx:TrackPointExtension>
        </extensions>
      </trkpt>
      <trkpt lat="22.750720036116522" lon="113.73394078657168">
        <ele>5.85120131727308</ele>
        <time>1970-01-01T00:09:05Z</time>
        <extensions>
          <gpxtpx:TrackPointExtension>
            <gpxtpx:hr>131</gpxtpx:hr>
          </gpxtpx:TrackPointExtension>
        </extensions>
      </trkpt>
      <trkpt lat="22.750735195608378" lon="113.73395976740572">
        <ele>5.808060808107257</ele>
        <time>1970-01-01T00:09:06Z</time>
        <extensions>
          <gpxtpx:TrackPointExtension>
            <gpxtpx:hr>131</gpxtpx:hr>
          </gpxtpx:TrackPointExtension>
        </extensions>
      </trkpt>
      <trkpt lat="22.75075076205968" lon="113.73397761648506">
        <ele>5.777045492082834</ele>
        <time>1970-01-01T00:09:07Z</time>
        <extensions>
          <gpxtpx:TrackPointExtension>
            <gpxtpx:hr>131</gpxtpx:hr>
          </gpxtpx:TrackPointExtension>
        </extensions>
      </trkpt>
      <trkpt lat="22.750767104891235" lon="113.73399525470765">
        <ele>5.7580684861168265</ele>
        <time>1970-01-01T00:09:08Z</time>
        <extensions>
          <gpxtpx:TrackPointExtension>
            <gpxtpx:hr>131</gpxtpx:hr>
          </gpxtpx:TrackPointExtension>
        </extensions>
      </trkpt>
      <trkpt lat="22.750784497814163" lon="113.73401316385565">
        <ele>5.75039157550782</ele>
        <time>1970-01-01T00:09:09Z</time>
        <extensions>
          <gpxtpx:TrackPointExtension>
            <gpxtpx:hr>131</gpxtpx:hr>
          </gpxtpx:TrackPointExtension>
        </extensions>
      </trkpt>
      <trkpt lat="22.75080242079343" lon="113.73403191505852">
        <ele>5.75326060783118</ele>
        <time>1970-01-01T00:09:10Z</time>
        <extensions>
          <gpxtpx:TrackPointExtension>
            <gpxtpx:hr>132</gpxtpx:hr>
          </gpxtpx:TrackPointExtension>
        </extensions>
      </trkpt>
      <trkpt lat="22.750819982816786" lon="113.73405113670302">
        <ele>5.762340188957751</ele>
        <time>1970-01-01T00:09:11Z</time>
        <extensions>
          <gpxtpx:TrackPointExtension>
            <gpxtpx:hr>132</gpxtpx:hr>
          </gpxtpx:TrackPointExtension>
        </extensions>
      </trkpt>
      <trkpt lat="22.75083706044329" lon="113.73406969291817">
        <ele>5.774576261639595</ele>
        <time>1970-01-01T00:09:12Z</time>
        <extensions>
          <gpxtpx:TrackPointExtension>
            <gpxtpx:hr>132</gpxtpx:hr>
          </gpxtpx:TrackPointExtension>
        </extensions>
      </trkpt>
      <trkpt lat="22.750853931335016" lon="113.73408731107993">
        <ele>5.783884481526911</ele>
        <time>1970-01-01T00:09:13Z</time>
        <extensions>
          <gpxtpx:TrackPointExtension>
            <gpxtpx:hr>132</gpxtpx:hr>
          </gpxtpx:TrackPointExtension>
        </extensions>
      </trkpt>
      <trkpt lat="22.750872045909254" lon="113.73410458539098">
        <ele>5.787270583212376</ele>
        <time>1970-01-01T00:09:14Z</time>
        <extensions>
          <gpxtpx:TrackPointExtension>
            <gpxtpx:hr>132</gpxtpx:hr>
          </gpxtpx:TrackPointExtension>
        </extensions>
      </trkpt>
      <trkpt lat="22.750892428765926" lon="113.73412133697917">
        <ele>5.7820598958060145</ele>
        <time>1970-01-01T00:09:15Z</time>
        <extensions>
          <gpxtpx:TrackPointExtension>
            <gpxtpx:hr>132</gpxtpx:hr>
          </gpxtpx:TrackPointExtension>
        </extensions>
      </trkpt>
      <trkpt lat="22.750913731218585" lon="113.73413649436951">
        <ele>5.764853782020509</ele>
        <time>1970-01-01T00:09:16Z</time>
        <extensions>
          <gpxtpx:TrackPointExtension>
            <gpxtpx:hr>132</gpxtpx:hr>
          </gpxtpx:TrackPointExtension>
        </extensions>
      </trkpt>
      <trkpt lat="22.750935036526037" lon="113.73415003700093">
        <ele>5.733514351770282</ele>
        <time>1970-01-01T00:09:17Z</time>
        <extensions>
          <gpxtpx:TrackPointExtension>
            <gpxtpx:hr>132</gpxtpx:hr>
          </gpxtpx:TrackPointExtension>
        </extensions>
      </trkpt>
      <trkpt lat="22.7509556899919" lon="113.73416265837902">
        <ele>5.687428207136691</ele>
        <time>1970-01-01T00:09:18Z</time>
        <extensions>
          <gpxtpx:TrackPointExtension>
            <gpxtpx:hr>132</gpxtpx:hr>
          </gpxtpx:TrackPointExtension>
        </extensions>
      </trkpt>
      <trkpt lat="22.750975831557273" lon="113.73417506843515">
        <ele>5.627355030737817</ele>
        <time>1970-01-01T00:09:19Z</time>
        <extensions>
          <gpxtpx:TrackPointExtension>
            <gpxtpx:hr>132</gpxtpx:hr>
          </gpxtpx:TrackPointExtension>
        </extensions>
      </trkpt>
      <trkpt lat="22.750996251959542" lon="113.73418747174384">
        <ele>5.553668688051403</ele>
        <time>1970-01-01T00:09:20Z</time>
        <extensions>
          <gpxtpx:TrackPointExtension>
            <gpxtpx:hr>132</gpxtpx:hr>
          </gpxtpx:TrackPointExtension>
        </extensions>
      </trkpt>
      <trkpt lat="22.75101687247321" lon="113.73420004200199">
        <ele>5.465682988986373</ele>
        <time>1970-01-01T00:09:21Z</time>
        <extensions>
          <gpxtpx:TrackPointExtension>
            <gpxtpx:hr>132</gpxtpx:hr>
          </gpxtpx:TrackPointExtension>
        </extensions>
      </trkpt>
      <trkpt lat="22.75103730338236" lon="113.73421221382455">
        <ele>5.363134114071727</ele>
        <time>1970-01-01T00:09:22Z</time>
        <extensions>
          <gpxtpx:TrackPointExtension>
            <gpxtpx:hr>133</gpxtpx:hr>
          </gpxtpx:TrackPointExtension>
        </extensions>
      </trkpt>
      <trkpt lat="22.75105721503988" lon="113.73422312992919">
        <ele>5.248057481832802</ele>
        <time>1970-01-01T00:09:23Z</time>
        <extensions>
          <gpxtpx:TrackPointExtension>
            <gpxtpx:hr>133</gpxtpx:hr>
          </gpxtpx:TrackPointExtension>
        </extensions>
      </trkpt>
      <trkpt lat="22.75107746120761" lon="113.73423278374638">
        <ele>5.122885352000594</ele>
        <time>1970-01-01T00:09:24Z</time>
        <extensions>
          <gpxtpx:TrackPointExtension>
            <gpxtpx:hr>133</gpxtpx:hr>
          </gpxtpx:TrackPointExtension>
        </extensions>
      </trkpt>
      <trkpt lat="22.75109877646952" lon="113.73424073592398">
        <ele>4.987201321870089</ele>
        <time>1970-01-01T00:09:25Z</time>
        <extensions>
          <gpxtpx:TrackPointExtension>
            <gpxtpx:hr>133</gpxtpx:hr>
          </gpxtpx:TrackPointExtension>
        </extensions>
      </trkpt>
      <trkpt lat="22.75112151167601" lon="113.734246962928">
        <ele>4.84101124946028</ele>
        <time>1970-01-01T00:09:26Z</time>
        <extensions>
          <gpxtpx:TrackPointExtension>
            <gpxtpx:hr>133</gpxtpx:hr>
          </gpxtpx:TrackPointExtension>
        </extensions>
      </trkpt>
      <trkpt lat="22.751145205427797" lon="113.73425241075547">
        <ele>4.683760687708855</ele>
        <time>1970-01-01T00:09:27Z</time>
        <extensions>
          <gpxtpx:TrackPointExtension>
            <gpxtpx:hr>133</gpxtpx:hr>
          </gpxtpx:TrackPointExtension>
        </extensions>
      </trkpt>
      <trkpt lat="22.75116933910718" lon="113.73425732931999">
        <ele>4.518560582771897</ele>
        <time>1970-01-01T00:09:28Z</time>
        <extensions>
          <gpxtpx:TrackPointExtension>
            <gpxtpx:hr>133</gpxtpx:hr>
          </gpxtpx:TrackPointExtension>
        </extensions>
      </trkpt>
      <trkpt lat="22.75119315468979" lon="113.73426123307058">
        <ele>4.348196631297469</ele>
        <time>1970-01-01T00:09:29Z</time>
        <extensions>
          <gpxtpx:TrackPointExtension>
            <gpxtpx:hr>133</gpxtpx:hr>
          </gpxtpx:TrackPointExtension>
        </extensions>
      </trkpt>
      <trkpt lat="22.751216250618693" lon="113.73426431782967">
        <ele>4.174358137883246</ele>
        <time>1970-01-01T00:09:30Z</time>
        <extensions>
          <gpxtpx:TrackPointExtension>
            <gpxtpx:hr>133</gpxtpx:hr>
          </gpxtpx:TrackPointExtension>
        </extensions>
      </trkpt>
      <trkpt lat="22.751239127006144" lon="113.73426706474758">
        <ele>4.002019968815148</ele>
        <time>1970-01-01T00:09:31Z</time>
        <extensions>
          <gpxtpx:TrackPointExtension>
            <gpxtpx:hr>133</gpxtpx:hr>
          </gpxtpx:TrackPointExtension>
        </extensions>
      </trkpt>
      <trkpt lat="22.751261985692626" lon="113.73426980130095">
        <ele>3.8342631896957755</ele>
        <time>1970-01-01T00:09:32Z</time>
        <extensions>
          <gpxtpx:TrackPointExtension>
            <gpxtpx:hr>133</gpxtpx:hr>
          </gpxtpx:TrackPointExtension>
        </extensions>
      </trkpt>
      <trkpt lat="22.751285053472376" lon="113.73427252201502">
        <ele>3.6734483325853944</ele>
        <time>1970-01-01T00:09:33Z</time>
        <extensions>
          <gpxtpx:TrackPointExtension>
            <gpxtpx:hr>134</gpxtpx:hr>
          </gpxtpx:TrackPointExtension>
        </extensions>
      </trkpt>
      <trkpt lat="22.751308320524277" lon="113.73427503139752">
        <ele>3.5211188877001405</ele>
        <time>1970-01-01T00:09:34Z</time>
        <extensions>
          <gpxtpx:TrackPointExtension>
            <gpxtpx:hr>134</gpxtpx:hr>
          </gpxtpx:TrackPointExtension>
        </extensions>
      </trkpt>
      <trkpt lat="22.75133191681733" lon="113.7342773126796">
        <ele>3.377542743459344</ele>
        <time>1970-01-01T00:09:35Z</time>
        <extensions>
          <gpxtpx:TrackPointExtension>
            <gpxtpx:hr>134</gpxtpx:hr>
          </gpxtpx:TrackPointExtension>
        </extensions>
      </trkpt>
      <trkpt lat="22.751355389821917" lon="113.734279383118">
        <ele>3.2460071137174964</ele>
        <time>1970-01-01T00:09:36Z</time>
        <extensions>
          <gpxtpx:TrackPointExtension>
            <gpxtpx:hr>134</gpxtpx:hr>
          </gpxtpx:TrackPointExtension>
        </extensions>
      </trkpt>
      <trkpt lat="22.751378863226936" lon="113.73428130731479">
        <ele>3.130272312089801</ele>
        <time>1970-01-01T00:09:37Z</time>
        <extensions>
          <gpxtpx:TrackPointExtension>
            <gpxtpx:hr>134</gpxtpx:hr>
          </gpxtpx:TrackPointExtension>
        </extensions>
      </trkpt>
      <trkpt lat="22.751402358448935" lon="113.7342831417061">
        <ele>3.031422385945916</ele>
        <time>1970-01-01T00:09:38Z</time>
        <extensions>
          <gpxtpx:TrackPointExtension>
            <gpxtpx:hr>135</gpxtpx:hr>
          </gpxtpx:TrackPointExtension>
        </extensions>
      </trkpt>
      <trkpt lat="22.751426002546268" lon="113.73428474521378">
        <ele>2.9474802259355783</ele>
        <time>1970-01-01T00:09:39Z</time>
        <extensions>
          <gpxtpx:TrackPointExtension>
            <gpxtpx:hr>135</gpxtpx:hr>
          </gpxtpx:TrackPointExtension>
        </extensions>
      </trkpt>
      <trkpt lat="22.75144989015746" lon="113.73428583304154">
        <ele>2.8766962084919214</ele>
        <time>1970-01-01T00:09:40Z</time>
        <extensions>
          <gpxtpx:TrackPointExtension>
            <gpxtpx:hr>135</gpxtpx:hr>
          </gpxtpx:TrackPointExtension>
        </extensions>
      </trkpt>
      <trkpt lat="22.751474050218814" lon="113.73428678006907">
        <ele>2.8191435923799872</ele>
        <time>1970-01-01T00:09:41Z</time>
        <extensions>
          <gpxtpx:TrackPointExtension>
            <gpxtpx:hr>135</gpxtpx:hr>
          </gpxtpx:TrackPointExtension>
        </extensions>
      </trkpt>
      <trkpt lat="22.75149846575932" lon="113.73428804456844">
        <ele>2.7765026492998004</ele>
        <time>1970-01-01T00:09:42Z</time>
        <extensions>
          <gpxtpx:TrackPointExtension>
            <gpxtpx:hr>135</gpxtpx:hr>
          </gpxtpx:TrackPointExtension>
        </extensions>
      </trkpt>
      <trkpt lat="22.75152320102759" lon="113.73428966523821">
        <ele>2.748550372198224</ele>
        <time>1970-01-01T00:09:43Z</time>
        <extensions>
          <gpxtpx:TrackPointExtension>
            <gpxtpx:hr>134</gpxtpx:hr>
          </gpxtpx:TrackPointExtension>
        </extensions>
      </trkpt>
      <trkpt lat="22.751547955493418" lon="113.73429154159918">
        <ele>2.7384324595332146</ele>
        <time>1970-01-01T00:09:44Z</time>
        <extensions>
          <gpxtpx:TrackPointExtension>
            <gpxtpx:hr>134</gpxtpx:hr>
          </gpxtpx:TrackPointExtension>
        </extensions>
      </trkpt>
      <trkpt lat="22.751572443643987" lon="113.73429328779402">
        <ele>2.7487630788236856</ele>
        <time>1970-01-01T00:09:45Z</time>
        <extensions>
          <gpxtpx:TrackPointExtension>
            <gpxtpx:hr>134</gpxtpx:hr>
          </gpxtpx:TrackPointExtension>
        </extensions>
      </trkpt>
      <trkpt lat="22.751596867743363" lon="113.73429471204184">
        <ele>2.7827167650684714</ele>
        <time>1970-01-01T00:09:46Z</time>
        <extensions>
          <gpxtpx:TrackPointExtension>
            <gpxtpx:hr>134</gpxtpx:hr>
          </gpxtpx:TrackPointExtension>
        </extensions>
      </trkpt>
      <trkpt lat="22.751621514422986" lon="113.73429651359172">
        <ele>2.8403147431090474</ele>
        <time>1970-01-01T00:09:47Z</time>
        <extensions>
          <gpxtpx:TrackPointExtension>
            <gpxtpx:hr>134</gpxtpx:hr>
          </gpxtpx:TrackPointExtension>
        </extensions>
      </trkpt>
      <trkpt lat="22.751646656420057" lon="113.73429902432436">
        <ele>2.9201816460117698</ele>
        <time>1970-01-01T00:09:48Z</time>
        <extensions>
          <gpxtpx:TrackPointExtension>
            <gpxtpx:hr>134</gpxtpx:hr>
          </gpxtpx:TrackPointExtension>
        </extensions>
      </trkpt>
      <trkpt lat="22.751671618253418" lon="113.73430151846921">
        <ele>3.021590226329863</ele>
        <time>1970-01-01T00:09:49Z</time>
        <extensions>
          <gpxtpx:TrackPointExtension>
            <gpxtpx:hr>134</gpxtpx:hr>
          </gpxtpx:TrackPointExtension>
        </extensions>
      </trkpt>
      <trkpt lat="22.751696413014734" lon="113.7343041892633">
        <ele>3.143911223858595</ele>
        <time>1970-01-01T00:09:50Z</time>
        <extensions>
          <gpxtpx:TrackPointExtension>
            <gpxtpx:hr>134</gpxtpx:hr>
          </gpxtpx:TrackPointExtension>
        </extensions>
      </trkpt>
      <trkpt lat="22.751721378205076" lon="113.73430716835291">
        <ele>3.2842331482097507</ele>
        <time>1970-01-01T00:09:51Z</time>
        <extensions>
          <gpxtpx:TrackPointExtension>
            <gpxtpx:hr>134</gpxtpx:hr>
          </gpxtpx:TrackPointExtension>
        </extensions>
      </trkpt>
      <trkpt lat="22.751746411371954" lon="113.73431002882846">
        <ele>3.4355408139526844</ele>
        <time>1970-01-01T00:09:52Z</time>
        <extensions>
          <gpxtpx:TrackPointExtension>
            <gpxtpx:hr>134</gpxtpx:hr>
          </gpxtpx:TrackPointExtension>
        </extensions>
      </trkpt>
      <trkpt lat="22.75177137167986" lon="113.73431289195099">
        <ele>3.5866591930389404</ele>
        <time>1970-01-01T00:09:53Z</time>
        <extensions>
          <gpxtpx:TrackPointExtension>
            <gpxtpx:hr>134</gpxtpx:hr>
          </gpxtpx:TrackPointExtension>
        </extensions>
      </trkpt>
      <trkpt lat="22.75179667914342" lon="113.7343157161132">
        <ele>3.728109808638692</ele>
        <time>1970-01-01T00:09:54Z</time>
        <extensions>
          <gpxtpx:TrackPointExtension>
            <gpxtpx:hr>134</gpxtpx:hr>
          </gpxtpx:TrackPointExtension>
        </extensions>
      </trkpt>
      <trkpt lat="22.75182220195401" lon="113.73431826923388">
        <ele>3.8523009391501546</ele>
        <time>1970-01-01T00:09:55Z</time>
        <extensions>
          <gpxtpx:TrackPointExtension>
            <gpxtpx:hr>134</gpxtpx:hr>
          </gpxtpx:TrackPointExtension>
        </extensions>
      </trkpt>
      <trkpt lat="22.751847014452846" lon="113.73432068147471">
        <ele>3.952089434489608</ele>
        <time>1970-01-01T00:09:56Z</time>
        <extensions>
          <gpxtpx:TrackPointExtension>
            <gpxtpx:hr>134</gpxtpx:hr>
          </gpxtpx:TrackPointExtension>
        </extensions>
      </trkpt>
      <trkpt lat="22.751871169547908" lon="113.7343231606374">
        <ele>4.0260778004303575</ele>
        <time>1970-01-01T00:09:57Z</time>
        <extensions>
          <gpxtpx:TrackPointExtension>
            <gpxtpx:hr>134</gpxtpx:hr>
          </gpxtpx:TrackPointExtension>
        </extensions>
      </trkpt>
      <trkpt lat="22.75189493524459" lon="113.73432560501301">
        <ele>4.0741262482479215</ele>
        <time>1970-01-01T00:09:58Z</time>
        <extensions>
          <gpxtpx:TrackPointExtension>
            <gpxtpx:hr>134</gpxtpx:hr>
          </gpxtpx:TrackPointExtension>
        </extensions>
      </trkpt>
      <trkpt lat="22.75191885268897" lon="113.73432787150077">
        <ele>4.096921354532242</ele>
        <time>1970-01-01T00:09:59Z</time>
        <extensions>
          <gpxtpx:TrackPointExtension>
            <gpxtpx:hr>134</gpxtpx:hr>
          </gpxtpx:TrackPointExtension>
        </extensions>
      </trkpt>
      <trkpt lat="22.75194325453792" lon="113.73433007120974">
        <ele>4.095886764116585</ele>
        <time>1970-01-01T00:10:00Z</time>
        <extensions>
          <gpxtpx:TrackPointExtension>
            <gpxtpx:hr>134</gpxtpx:hr>
          </gpxtpx:TrackPointExtension>
        </extensions>
      </trkpt>
      <trkpt lat="22.751967909132965" lon="113.73433186496516">
        <ele>4.074728870764375</ele>
        <time>1970-01-01T00:10:01Z</time>
        <extensions>
          <gpxtpx:TrackPointExtension>
            <gpxtpx:hr>134</gpxtpx:hr>
          </gpxtpx:TrackPointExtension>
        </extensions>
      </trkpt>
      <trkpt lat="22.751992063960124" lon="113.7343330105505">
        <ele>4.04013544972986</ele>
        <time>1970-01-01T00:10:02Z</time>
        <extensions>
          <gpxtpx:TrackPointExtension>
            <gpxtpx:hr>134</gpxtpx:hr>
          </gpxtpx:TrackPointExtension>
        </extensions>
      </trkpt>
      <trkpt lat="22.752016164860336" lon="113.73433421633949">
        <ele>4.001054468564689</ele>
        <time>1970-01-01T00:10:03Z</time>
        <extensions>
          <gpxtpx:TrackPointExtension>
            <gpxtpx:hr>134</gpxtpx:hr>
          </gpxtpx:TrackPointExtension>
        </extensions>
      </trkpt>
      <trkpt lat="22.752040694864196" lon="113.7343361798158">
        <ele>3.965568504296243</ele>
        <time>1970-01-01T00:10:04Z</time>
        <extensions>
          <gpxtpx:TrackPointExtension>
            <gpxtpx:hr>135</gpxtpx:hr>
          </gpxtpx:TrackPointExtension>
        </extensions>
      </trkpt>
      <trkpt lat="22.75206549954081" lon="113.73433911891182">
        <ele>3.9397322703152895</ele>
        <time>1970-01-01T00:10:05Z</time>
        <extensions>
          <gpxtpx:TrackPointExtension>
            <gpxtpx:hr>135</gpxtpx:hr>
          </gpxtpx:TrackPointExtension>
        </extensions>
      </trkpt>
      <trkpt lat="22.752090521580513" lon="113.73434311084515">
        <ele>3.924500910565257</ele>
        <time>1970-01-01T00:10:06Z</time>
        <extensions>
          <gpxtpx:TrackPointExtension>
            <gpxtpx:hr>135</gpxtpx:hr>
          </gpxtpx:TrackPointExtension>
        </extensions>
      </trkpt>
      <trkpt lat="22.752115466381" lon="113.73434829316636">
        <ele>3.9193431613966823</ele>
        <time>1970-01-01T00:10:07Z</time>
        <extensions>
          <gpxtpx:TrackPointExtension>
            <gpxtpx:hr>135</gpxtpx:hr>
          </gpxtpx:TrackPointExtension>
        </extensions>
      </trkpt>
      <trkpt lat="22.75214023825315" lon="113.73435534061895">
        <ele>3.9197879265993834</ele>
        <time>1970-01-01T00:10:08Z</time>
        <extensions>
          <gpxtpx:TrackPointExtension>
            <gpxtpx:hr>135</gpxtpx:hr>
          </gpxtpx:TrackPointExtension>
        </extensions>
      </trkpt>
      <trkpt lat="22.75216473597501" lon="113.73436448370693">
        <ele>3.9226344767957926</ele>
        <time>1970-01-01T00:10:09Z</time>
        <extensions>
          <gpxtpx:TrackPointExtension>
            <gpxtpx:hr>134</gpxtpx:hr>
          </gpxtpx:TrackPointExtension>
        </extensions>
      </trkpt>
      <trkpt lat="22.752189340272594" lon="113.73437493160353">
        <ele>3.925443233922124</ele>
        <time>1970-01-01T00:10:10Z</time>
        <extensions>
          <gpxtpx:TrackPointExtension>
            <gpxtpx:hr>134</gpxtpx:hr>
          </gpxtpx:TrackPointExtension>
        </extensions>
      </trkpt>
      <trkpt lat="22.75221355581808" lon="113.7343865899891">
        <ele>3.9261581115424633</ele>
        <time>1970-01-01T00:10:11Z</time>
        <extensions>
          <gpxtpx:TrackPointExtension>
            <gpxtpx:hr>134</gpxtpx:hr>
          </gpxtpx:TrackPointExtension>
        </extensions>
      </trkpt>
      <trkpt lat="22.752237262846442" lon="113.73439983610704">
        <ele>3.9247579388320446</ele>
        <time>1970-01-01T00:10:12Z</time>
        <extensions>
          <gpxtpx:TrackPointExtension>
            <gpxtpx:hr>134</gpxtpx:hr>
          </gpxtpx:TrackPointExtension>
        </extensions>
      </trkpt>
      <trkpt lat="22.75226001961292" lon="113.73441400542326">
        <ele>3.9218930061906576</ele>
        <time>1970-01-01T00:10:13Z</time>
        <extensions>
          <gpxtpx:TrackPointExtension>
            <gpxtpx:hr>134</gpxtpx:hr>
          </gpxtpx:TrackPointExtension>
        </extensions>
      </trkpt>
      <trkpt lat="22.752281967306974" lon="113.73442851463442">
        <ele>3.9197844145819545</ele>
        <time>1970-01-01T00:10:14Z</time>
        <extensions>
          <gpxtpx:TrackPointExtension>
            <gpxtpx:hr>134</gpxtpx:hr>
          </gpxtpx:TrackPointExtension>
        </extensions>
      </trkpt>
      <trkpt lat="22.75230344589326" lon="113.73444319542936">
        <ele>3.9212424885481596</ele>
        <time>1970-01-01T00:10:15Z</time>
        <extensions>
          <gpxtpx:TrackPointExtension>
            <gpxtpx:hr>134</gpxtpx:hr>
          </gpxtpx:TrackPointExtension>
        </extensions>
      </trkpt>
      <trkpt lat="22.752324446727183" lon="113.73445830006676">
        <ele>3.93004366196692</ele>
        <time>1970-01-01T00:10:16Z</time>
        <extensions>
          <gpxtpx:TrackPointExtension>
            <gpxtpx:hr>134</gpxtpx:hr>
          </gpxtpx:TrackPointExtension>
        </extensions>
      </trkpt>
      <trkpt lat="22.752344637781142" lon="113.73447441913149">
        <ele>3.949596860446036</ele>
        <time>1970-01-01T00:10:17Z</time>
        <extensions>
          <gpxtpx:TrackPointExtension>
            <gpxtpx:hr>134</gpxtpx:hr>
          </gpxtpx:TrackPointExtension>
        </extensions>
      </trkpt>
      <trkpt lat="22.75236337136783" lon="113.73449160007793">
        <ele>3.9823673320934176</ele>
        <time>1970-01-01T00:10:18Z</time>
        <extensions>
          <gpxtpx:TrackPointExtension>
            <gpxtpx:hr>134</gpxtpx:hr>
          </gpxtpx:TrackPointExtension>
        </extensions>
      </trkpt>
      <trkpt lat="22.752381180570445" lon="113.73450974563303">
        <ele>4.029923936352134</ele>
        <time>1970-01-01T00:10:19Z</time>
        <extensions>
          <gpxtpx:TrackPointExtension>
            <gpxtpx:hr>134</gpxtpx:hr>
          </gpxtpx:TrackPointExtension>
        </extensions>
      </trkpt>
      <trkpt lat="22.752398503184743" lon="113.73452878053712">
        <ele>4.093945394270122</ele>
        <time>1970-01-01T00:10:20Z</time>
        <extensions>
          <gpxtpx:TrackPointExtension>
            <gpxtpx:hr>134</gpxtpx:hr>
          </gpxtpx:TrackPointExtension>
        </extensions>
      </trkpt>
      <trkpt lat="22.752415257883833" lon="113.73454895642408">
        <ele>4.173768676817417</ele>
        <time>1970-01-01T00:10:21Z</time>
        <extensions>
          <gpxtpx:TrackPointExtension>
            <gpxtpx:hr>134</gpxtpx:hr>
          </gpxtpx:TrackPointExtension>
        </extensions>
      </trkpt>
      <trkpt lat="22.752430927524426" lon="113.73456972946046">
        <ele>4.2653923407197</ele>
        <time>1970-01-01T00:10:22Z</time>
        <extensions>
          <gpxtpx:TrackPointExtension>
            <gpxtpx:hr>135</gpxtpx:hr>
          </gpxtpx:TrackPointExtension>
        </extensions>
      </trkpt>
      <trkpt lat="22.752445333410808" lon="113.73459063649082">
        <ele>4.362708763219416</ele>
        <time>1970-01-01T00:10:23Z</time>
        <extensions>
          <gpxtpx:TrackPointExtension>
            <gpxtpx:hr>135</gpxtpx:hr>
          </gpxtpx:TrackPointExtension>
        </extensions>
      </trkpt>
      <trkpt lat="22.752458409338704" lon="113.73461201271908">
        <ele>4.4591348990798</ele>
        <time>1970-01-01T00:10:24Z</time>
        <extensions>
          <gpxtpx:TrackPointExtension>
            <gpxtpx:hr>135</gpxtpx:hr>
          </gpxtpx:TrackPointExtension>
        </extensions>
      </trkpt>
      <trkpt lat="22.752470731942157" lon="113.73463477998826">
        <ele>4.55012206081301</ele>
        <time>1970-01-01T00:10:25Z</time>
        <extensions>
          <gpxtpx:TrackPointExtension>
            <gpxtpx:hr>135</gpxtpx:hr>
          </gpxtpx:TrackPointExtension>
        </extensions>
      </trkpt>
      <trkpt lat="22.752482841780832" lon="113.73465906800189">
        <ele>4.631356127560139</ele>
        <time>1970-01-01T00:10:26Z</time>
        <extensions>
          <gpxtpx:TrackPointExtension>
            <gpxtpx:hr>135</gpxtpx:hr>
          </gpxtpx:TrackPointExtension>
        </extensions>
      </trkpt>
      <trkpt lat="22.752494653747096" lon="113.73468405187533">
        <ele>4.702335195615888</ele>
        <time>1970-01-01T00:10:27Z</time>
        <extensions>
          <gpxtpx:TrackPointExtension>
            <gpxtpx:hr>135</gpxtpx:hr>
          </gpxtpx:TrackPointExtension>
        </extensions>
      </trkpt>
      <trkpt lat="22.752505789867843" lon="113.73470847821994">
        <ele>4.763050941750407</ele>
        <time>1970-01-01T00:10:28Z</time>
        <extensions>
          <gpxtpx:TrackPointExtension>
            <gpxtpx:hr>134</gpxtpx:hr>
          </gpxtpx:TrackPointExtension>
        </extensions>
      </trkpt>
      <trkpt lat="22.7525165568542" lon="113.73473233891569">
        <ele>4.812392007559538</ele>
        <time>1970-01-01T00:10:29Z</time>
        <extensions>
          <gpxtpx:TrackPointExtension>
            <gpxtpx:hr>134</gpxtpx:hr>
          </gpxtpx:TrackPointExtension>
        </extensions>
      </trkpt>
      <trkpt lat="22.752527314278638" lon="113.73475611348101">
        <ele>4.849692691117525</ele>
        <time>1970-01-01T00:10:30Z</time>
        <extensions>
          <gpxtpx:TrackPointExtension>
            <gpxtpx:hr>134</gpxtpx:hr>
          </gpxtpx:TrackPointExtension>
        </extensions>
      </trkpt>
      <trkpt lat="22.752538214565472" lon="113.73477947626535">
        <ele>4.874286537989974</ele>
        <time>1970-01-01T00:10:31Z</time>
        <extensions>
          <gpxtpx:TrackPointExtension>
            <gpxtpx:hr>134</gpxtpx:hr>
          </gpxtpx:TrackPointExtension>
        </extensions>
      </trkpt>
      <trkpt lat="22.752549806688126" lon="113.73480247287873">
        <ele>4.885886741802096</ele>
        <time>1970-01-01T00:10:32Z</time>
        <extensions>
          <gpxtpx:TrackPointExtension>
            <gpxtpx:hr>133</gpxtpx:hr>
          </gpxtpx:TrackPointExtension>
        </extensions>
      </trkpt>
      <trkpt lat="22.752562207660823" lon="113.73482537999809">
        <ele>4.884307795204222</ele>
        <time>1970-01-01T00:10:33Z</time>
        <extensions>
          <gpxtpx:TrackPointExtension>
            <gpxtpx:hr>133</gpxtpx:hr>
          </gpxtpx:TrackPointExtension>
        </extensions>
      </trkpt>
      <trkpt lat="22.752574608749967" lon="113.73484876670524">
        <ele>4.8705882374197245</ele>
        <time>1970-01-01T00:10:34Z</time>
        <extensions>
          <gpxtpx:TrackPointExtension>
            <gpxtpx:hr>133</gpxtpx:hr>
          </gpxtpx:TrackPointExtension>
        </extensions>
      </trkpt>
      <trkpt lat="22.75258625427448" lon="113.73487318301513">
        <ele>4.848628720268607</ele>
        <time>1970-01-01T00:10:35Z</time>
        <extensions>
          <gpxtpx:TrackPointExtension>
            <gpxtpx:hr>133</gpxtpx:hr>
          </gpxtpx:TrackPointExtension>
        </extensions>
      </trkpt>
      <trkpt lat="22.75259697629414" lon="113.73489871996935">
        <ele>4.817382153123617</ele>
        <time>1970-01-01T00:10:36Z</time>
        <extensions>
          <gpxtpx:TrackPointExtension>
            <gpxtpx:hr>133</gpxtpx:hr>
          </gpxtpx:TrackPointExtension>
        </extensions>
      </trkpt>
      <trkpt lat="22.75260690513628" lon="113.73492500004394">
        <ele>4.772399138659239</ele>
        <time>1970-01-01T00:10:37Z</time>
        <extensions>
          <gpxtpx:TrackPointExtension>
            <gpxtpx:hr>132</gpxtpx:hr>
          </gpxtpx:TrackPointExtension>
        </extensions>
      </trkpt>
      <trkpt lat="22.752617348093324" lon="113.7349512090667">
        <ele>4.707751030102372</ele>
        <time>1970-01-01T00:10:38Z</time>
        <extensions>
          <gpxtpx:TrackPointExtension>
            <gpxtpx:hr>132</gpxtpx:hr>
          </gpxtpx:TrackPointExtension>
        </extensions>
      </trkpt>
      <trkpt lat="22.752629476143472" lon="113.73497584540264">
        <ele>4.617387356236577</ele>
        <time>1970-01-01T00:10:39Z</time>
        <extensions>
          <gpxtpx:TrackPointExtension>
            <gpxtpx:hr>132</gpxtpx:hr>
          </gpxtpx:TrackPointExtension>
        </extensions>
      </trkpt>
      <trkpt lat="22.75264308997589" lon="113.73499858696064">
        <ele>4.495782871730626</ele>
        <time>1970-01-01T00:10:40Z</time>
        <extensions>
          <gpxtpx:TrackPointExtension>
            <gpxtpx:hr>132</gpxtpx:hr>
          </gpxtpx:TrackPointExtension>
        </extensions>
      </trkpt>
      <trkpt lat="22.752656923451486" lon="113.7350198352939">
        <ele>4.339969918131828</ele>
        <time>1970-01-01T00:10:41Z</time>
        <extensions>
          <gpxtpx:TrackPointExtension>
            <gpxtpx:hr>132</gpxtpx:hr>
          </gpxtpx:TrackPointExtension>
        </extensions>
      </trkpt>
      <trkpt lat="22.75267117631585" lon="113.73504001747044">
        <ele>4.151566732674837</ele>
        <time>1970-01-01T00:10:42Z</time>
        <extensions>
          <gpxtpx:TrackPointExtension>
            <gpxtpx:hr>132</gpxtpx:hr>
          </gpxtpx:TrackPointExtension>
        </extensions>
      </trkpt>
      <trkpt lat="22.752686511669555" lon="113.73505858107553">
        <ele>3.9350513769313693</ele>
        <time>1970-01-01T00:10:43Z</time>
        <extensions>
          <gpxtpx:TrackPointExtension>
            <gpxtpx:hr>132</gpxtpx:hr>
          </gpxtpx:TrackPointExtension>
        </extensions>
      </trkpt>
      <trkpt lat="22.75270312120855" lon="113.73507554569731">
        <ele>3.7001223703846335</ele>
        <time>1970-01-01T00:10:44Z</time>
        <extensions>
          <gpxtpx:TrackPointExtension>
            <gpxtpx:hr>131</gpxtpx:hr>
          </gpxtpx:TrackPointExtension>
        </extensions>
      </trkpt>
      <trkpt lat="22.752720417049385" lon="113.7350917504661">
        <ele>3.45994027890265</ele>
        <time>1970-01-01T00:10:45Z</time>
        <extensions>
          <gpxtpx:TrackPointExtension>
            <gpxtpx:hr>131</gpxtpx:hr>
          </gpxtpx:TrackPointExtension>
        </extensions>
      </trkpt>
      <trkpt lat="22.752738407153092" lon="113.73510690838978">
        <ele>3.2243232298642397</ele>
        <time>1970-01-01T00:10:46Z</time>
        <extensions>
          <gpxtpx:TrackPointExtension>
            <gpxtpx:hr>131</gpxtpx:hr>
          </gpxtpx:TrackPointExtension>
        </extensions>
      </trkpt>
      <trkpt lat="22.752756756557133" lon="113.73512039593906">
        <ele>3.003217488527298</ele>
        <time>1970-01-01T00:10:47Z</time>
        <extensions>
          <gpxtpx:TrackPointExtension>
            <gpxtpx:hr>131</gpxtpx:hr>
          </gpxtpx:TrackPointExtension>
        </extensions>
      </trkpt>
      <trkpt lat="22.752774917017295" lon="113.73513253858809">
        <ele>2.807710717432201</ele>
        <time>1970-01-01T00:10:48Z</time>
        <extensions>
          <gpxtpx:TrackPointExtension>
            <gpxtpx:hr>131</gpxtpx:hr>
          </gpxtpx:TrackPointExtension>
        </extensions>
      </trkpt>
      <trkpt lat="22.752793108291904" lon="113.7351429767938">
        <ele>2.646374515257776</ele>
        <time>1970-01-01T00:10:49Z</time>
        <extensions>
          <gpxtpx:TrackPointExtension>
            <gpxtpx:hr>131</gpxtpx:hr>
          </gpxtpx:TrackPointExtension>
        </extensions>
      </trkpt>
      <trkpt lat="22.752811627220677" lon="113.73515053841487">
        <ele>2.5273638209328055</ele>
        <time>1970-01-01T00:10:50Z</time>
        <extensions>
          <gpxtpx:TrackPointExtension>
            <gpxtpx:hr>131</gpxtpx:hr>
          </gpxtpx:TrackPointExtension>
        </extensions>
      </trkpt>
      <trkpt lat="22.752830609370033" lon="113.73515540835622">
        <ele>2.44602148514241</ele>
        <time>1970-01-01T00:10:51Z</time>
        <extensions>
          <gpxtpx:TrackPointExtension>
            <gpxtpx:hr>131</gpxtpx:hr>
          </gpxtpx:TrackPointExtension>
        </extensions>
      </trkpt>
      <trkpt lat="22.75285039076993" lon="113.73515866306474">
        <ele>2.401760802604258</ele>
        <time>1970-01-01T00:10:52Z</time>
        <extensions>
          <gpxtpx:TrackPointExtension>
            <gpxtpx:hr>131</gpxtpx:hr>
          </gpxtpx:TrackPointExtension>
        </extensions>
      </trkpt>
      <trkpt lat="22.752871156703186" lon="113.73516113490395">
        <ele>2.39079228322953</ele>
        <time>1970-01-01T00:10:53Z</time>
        <extensions>
          <gpxtpx:TrackPointExtension>
            <gpxtpx:hr>131</gpxtpx:hr>
          </gpxtpx:TrackPointExtension>
        </extensions>
      </trkpt>
      <trkpt lat="22.752892358427005" lon="113.73516252532227">
        <ele>2.4060135912150145</ele>
        <time>1970-01-01T00:10:54Z</time>
        <extensions>
          <gpxtpx:TrackPointExtension>
            <gpxtpx:hr>130</gpxtpx:hr>
          </gpxtpx:TrackPointExtension>
        </extensions>
      </trkpt>
      <trkpt lat="22.752913647323265" lon="113.73516222686573">
        <ele>2.439034888520837</ele>
        <time>1970-01-01T00:10:55Z</time>
        <extensions>
          <gpxtpx:TrackPointExtension>
            <gpxtpx:hr>130</gpxtpx:hr>
          </gpxtpx:TrackPointExtension>
        </extensions>
      </trkpt>
      <trkpt lat="22.752934772910432" lon="113.73516014235554">
        <ele>2.4843274541199207</ele>
        <time>1970-01-01T00:10:56Z</time>
        <extensions>
          <gpxtpx:TrackPointExtension>
            <gpxtpx:hr>130</gpxtpx:hr>
          </gpxtpx:TrackPointExtension>
        </extensions>
      </trkpt>
      <trkpt lat="22.752955841154833" lon="113.73515636464369">
        <ele>2.539097127504647</ele>
        <time>1970-01-01T00:10:57Z</time>
        <extensions>
          <gpxtpx:TrackPointExtension>
            <gpxtpx:hr>130</gpxtpx:hr>
          </gpxtpx:TrackPointExtension>
        </extensions>
      </trkpt>
      <trkpt lat="22.752976836386555" lon="113.73515112512004">
        <ele>2.598925736732781</ele>
        <time>1970-01-01T00:10:58Z</time>
        <extensions>
          <gpxtpx:TrackPointExtension>
            <gpxtpx:hr>130</gpxtpx:hr>
          </gpxtpx:TrackPointExtension>
        </extensions>
      </trkpt>
      <trkpt lat="22.752997626361203" lon="113.73514491992896">
        <ele>2.660396090708673</ele>
        <time>1970-01-01T00:10:59Z</time>
        <extensions>
          <gpxtpx:TrackPointExtension>
            <gpxtpx:hr>130</gpxtpx:hr>
          </gpxtpx:TrackPointExtension>
        </extensions>
      </trkpt>
      <trkpt lat="22.753017818868056" lon="113.73513783017616">
        <ele>2.719975344836712</ele>
        <time>1970-01-01T00:11:00Z</time>
        <extensions>
          <gpxtpx:TrackPointExtension>
            <gpxtpx:hr>130</gpxtpx:hr>
          </gpxtpx:TrackPointExtension>
        </extensions>
      </trkpt>
      <trkpt lat="22.75303761919194" lon="113.73512964986648">
        <ele>2.776513895019889</ele>
        <time>1970-01-01T00:11:01Z</time>
        <extensions>
          <gpxtpx:TrackPointExtension>
            <gpxtpx:hr>128</gpxtpx:hr>
          </gpxtpx:TrackPointExtension>
        </extensions>
      </trkpt>
      <trkpt lat="22.753056903906703" lon="113.73511996146446">
        <ele>2.8310646824538708</ele>
        <time>1970-01-01T00:11:02Z</time>
        <extensions>
          <gpxtpx:TrackPointExtension>
            <gpxtpx:hr>128</gpxtpx:hr>
          </gpxtpx:TrackPointExtension>
        </extensions>
      </trkpt>
      <trkpt lat="22.75307495094598" lon="113.7351084865023">
        <ele>2.885707293637097</ele>
        <time>1970-01-01T00:11:03Z</time>
        <extensions>
          <gpxtpx:TrackPointExtension>
            <gpxtpx:hr>128</gpxtpx:hr>
          </gpxtpx:TrackPointExtension>
        </extensions>
      </trkpt>
      <trkpt lat="22.75309174661408" lon="113.73509504490296">
        <ele>2.9408483831211925</ele>
        <time>1970-01-01T00:11:04Z</time>
        <extensions>
          <gpxtpx:TrackPointExtension>
            <gpxtpx:hr>128</gpxtpx:hr>
          </gpxtpx:TrackPointExtension>
        </extensions>
      </trkpt>
      <trkpt lat="22.753107593684675" lon="113.73507964613823">
        <ele>2.9955089101567864</ele>
        <time>1970-01-01T00:11:05Z</time>
        <extensions>
          <gpxtpx:TrackPointExtension>
            <gpxtpx:hr>128</gpxtpx:hr>
          </gpxtpx:TrackPointExtension>
        </extensions>
      </trkpt>
      <trkpt lat="22.753122858121625" lon="113.73506258765678">
        <ele>3.0482933474704623</ele>
        <time>1970-01-01T00:11:06Z</time>
        <extensions>
          <gpxtpx:TrackPointExtension>
            <gpxtpx:hr>128</gpxtpx:hr>
          </gpxtpx:TrackPointExtension>
        </extensions>
      </trkpt>
      <trkpt lat="22.75313783834041" lon="113.73504390041147">
        <ele>3.092119357548654</ele>
        <time>1970-01-01T00:11:07Z</time>
        <extensions>
          <gpxtpx:TrackPointExtension>
            <gpxtpx:hr>128</gpxtpx:hr>
          </gpxtpx:TrackPointExtension>
        </extensions>
      </trkpt>
      <trkpt lat="22.75315237551937" lon="113.7350238411586">
        <ele>3.1237907521426678</ele>
        <time>1970-01-01T00:11:08Z</time>
        <extensions>
          <gpxtpx:TrackPointExtension>
            <gpxtpx:hr>128</gpxtpx:hr>
          </gpxtpx:TrackPointExtension>
        </extensions>
      </trkpt>
      <trkpt lat="22.753165689047854" lon="113.73500320716934">
        <ele>3.1476983511820436</ele>
        <time>1970-01-01T00:11:09Z</time>
        <extensions>
          <gpxtpx:TrackPointExtension>
            <gpxtpx:hr>128</gpxtpx:hr>
          </gpxtpx:TrackPointExtension>
        </extensions>
      </trkpt>
      <trkpt lat="22.75317729650923" lon="113.73498238652294">
        <ele>3.1711424253880978</ele>
        <time>1970-01-01T00:11:10Z</time>
        <extensions>
          <gpxtpx:TrackPointExtension>
            <gpxtpx:hr>128</gpxtpx:hr>
          </gpxtpx:TrackPointExtension>
        </extensions>
      </trkpt>
      <trkpt lat="22.753187566259463" lon="113.7349607824464">
        <ele>3.200551555491984</ele>
        <time>1970-01-01T00:11:11Z</time>
        <extensions>
          <gpxtpx:TrackPointExtension>
            <gpxtpx:hr>130</gpxtpx:hr>
          </gpxtpx:TrackPointExtension>
        </extensions>
      </trkpt>
      <trkpt lat="22.753196404606495" lon="113.734937862868">
        <ele>3.239957076497376</ele>
        <time>1970-01-01T00:11:12Z</time>
        <extensions>
          <gpxtpx:TrackPointExtension>
            <gpxtpx:hr>130</gpxtpx:hr>
          </gpxtpx:TrackPointExtension>
        </extensions>
      </trkpt>
      <trkpt lat="22.753203485814964" lon="113.73491364197905">
        <ele>3.289123833179474</ele>
        <time>1970-01-01T00:11:13Z</time>
        <extensions>
          <gpxtpx:TrackPointExtension>
            <gpxtpx:hr>130</gpxtpx:hr>
          </gpxtpx:TrackPointExtension>
        </extensions>
      </trkpt>
      <trkpt lat="22.753208151906012" lon="113.73488913172797">
        <ele>3.345885827206075</ele>
        <time>1970-01-01T00:11:14Z</time>
        <extensions>
          <gpxtpx:TrackPointExtension>
            <gpxtpx:hr>130</gpxtpx:hr>
          </gpxtpx:TrackPointExtension>
        </extensions>
      </trkpt>
      <trkpt lat="22.75320977812366" lon="113.73486493853049">
        <ele>3.40658747125417</ele>
        <time>1970-01-01T00:11:15Z</time>
        <extensions>
          <gpxtpx:TrackPointExtension>
            <gpxtpx:hr>130</gpxtpx:hr>
          </gpxtpx:TrackPointExtension>
        </extensions>
      </trkpt>
      <trkpt lat="22.753208917942754" lon="113.73484083453434">
        <ele>3.4703454170376062</ele>
        <time>1970-01-01T00:11:16Z</time>
        <extensions>
          <gpxtpx:TrackPointExtension>
            <gpxtpx:hr>130</gpxtpx:hr>
          </gpxtpx:TrackPointExtension>
        </extensions>
      </trkpt>
      <trkpt lat="22.753206212376647" lon="113.73481605803838">
        <ele>3.5370051926001906</ele>
        <time>1970-01-01T00:11:17Z</time>
        <extensions>
          <gpxtpx:TrackPointExtension>
            <gpxtpx:hr>130</gpxtpx:hr>
          </gpxtpx:TrackPointExtension>
        </extensions>
      </trkpt>
      <trkpt lat="22.75320195410647" lon="113.73479070978611">
        <ele>3.603145725093782</ele>
        <time>1970-01-01T00:11:18Z</time>
        <extensions>
          <gpxtpx:TrackPointExtension>
            <gpxtpx:hr>130</gpxtpx:hr>
          </gpxtpx:TrackPointExtension>
        </extensions>
      </trkpt>
      <trkpt lat="22.75319607031703" lon="113.73476547689712">
        <ele>3.6670231642201543</ele>
        <time>1970-01-01T00:11:19Z</time>
        <extensions>
          <gpxtpx:TrackPointExtension>
            <gpxtpx:hr>130</gpxtpx:hr>
          </gpxtpx:TrackPointExtension>
        </extensions>
      </trkpt>
      <trkpt lat="22.75318850959742" lon="113.73474119153244">
        <ele>3.7209522062912583</ele>
        <time>1970-01-01T00:11:20Z</time>
        <extensions>
          <gpxtpx:TrackPointExtension>
            <gpxtpx:hr>130</gpxtpx:hr>
          </gpxtpx:TrackPointExtension>
        </extensions>
      </trkpt>
      <trkpt lat="22.753179667190174" lon="113.73471794408684">
        <ele>3.758555590175092</ele>
        <time>1970-01-01T00:11:21Z</time>
        <extensions>
          <gpxtpx:TrackPointExtension>
            <gpxtpx:hr>130</gpxtpx:hr>
          </gpxtpx:TrackPointExtension>
        </extensions>
      </trkpt>
      <trkpt lat="22.753170152215116" lon="113.73469529413396">
        <ele>3.7787627978250384</ele>
        <time>1970-01-01T00:11:22Z</time>
        <extensions>
          <gpxtpx:TrackPointExtension>
            <gpxtpx:hr>130</gpxtpx:hr>
          </gpxtpx:TrackPointExtension>
        </extensions>
      </trkpt>
      <trkpt lat="22.753160099583503" lon="113.73467311607291">
        <ele>3.787992318160832</ele>
        <time>1970-01-01T00:11:23Z</time>
        <extensions>
          <gpxtpx:TrackPointExtension>
            <gpxtpx:hr>130</gpxtpx:hr>
          </gpxtpx:TrackPointExtension>
        </extensions>
      </trkpt>
      <trkpt lat="22.753149289844757" lon="113.734651587975">
        <ele>3.794757990166545</ele>
        <time>1970-01-01T00:11:24Z</time>
        <extensions>
          <gpxtpx:TrackPointExtension>
            <gpxtpx:hr>130</gpxtpx:hr>
          </gpxtpx:TrackPointExtension>
        </extensions>
      </trkpt>
      <trkpt lat="22.75313751089468" lon="113.73463086298162">
        <ele>3.803143664263189</ele>
        <time>1970-01-01T00:11:25Z</time>
        <extensions>
          <gpxtpx:TrackPointExtension>
            <gpxtpx:hr>130</gpxtpx:hr>
          </gpxtpx:TrackPointExtension>
        </extensions>
      </trkpt>
      <trkpt lat="22.7531251847721" lon="113.73461063184625">
        <ele>3.821386524476111</ele>
        <time>1970-01-01T00:11:26Z</time>
        <extensions>
          <gpxtpx:TrackPointExtension>
            <gpxtpx:hr>132</gpxtpx:hr>
          </gpxtpx:TrackPointExtension>
        </extensions>
      </trkpt>
      <trkpt lat="22.75311269512506" lon="113.73459044746713">
        <ele>3.853542028926313</ele>
        <time>1970-01-01T00:11:27Z</time>
        <extensions>
          <gpxtpx:TrackPointExtension>
            <gpxtpx:hr>132</gpxtpx:hr>
          </gpxtpx:TrackPointExtension>
        </extensions>
      </trkpt>
      <trkpt lat="22.753100126454083" lon="113.73457024369134">
        <ele>3.9003692399710417</ele>
        <time>1970-01-01T00:11:28Z</time>
        <extensions>
          <gpxtpx:TrackPointExtension>
            <gpxtpx:hr>132</gpxtpx:hr>
          </gpxtpx:TrackPointExtension>
        </extensions>
      </trkpt>
      <trkpt lat="22.753087617067724" lon="113.73454974448879">
        <ele>3.9600422643125057</ele>
        <time>1970-01-01T00:11:29Z</time>
        <extensions>
          <gpxtpx:TrackPointExtension>
            <gpxtpx:hr>132</gpxtpx:hr>
          </gpxtpx:TrackPointExtension>
        </extensions>
      </trkpt>
      <trkpt lat="22.753075593627855" lon="113.73452812782375">
        <ele>4.029383129440248</ele>
        <time>1970-01-01T00:11:30Z</time>
        <extensions>
          <gpxtpx:TrackPointExtension>
            <gpxtpx:hr>132</gpxtpx:hr>
          </gpxtpx:TrackPointExtension>
        </extensions>
      </trkpt>
      <trkpt lat="22.753064156773053" lon="113.73450596417884">
        <ele>4.104273296892643</ele>
        <time>1970-01-01T00:11:31Z</time>
        <extensions>
          <gpxtpx:TrackPointExtension>
            <gpxtpx:hr>131</gpxtpx:hr>
          </gpxtpx:TrackPointExtension>
        </extensions>
      </trkpt>
      <trkpt lat="22.753051778552773" lon="113.73448577268138">
        <ele>4.175816318020225</ele>
        <time>1970-01-01T00:11:32Z</time>
        <extensions>
          <gpxtpx:TrackPointExtension>
            <gpxtpx:hr>131</gpxtpx:hr>
          </gpxtpx:TrackPointExtension>
        </extensions>
      </trkpt>
      <trkpt lat="22.753037340349426" lon="113.73446879763657">
        <ele>4.23583004437387</ele>
        <time>1970-01-01T00:11:33Z</time>
        <extensions>
          <gpxtpx:TrackPointExtension>
            <gpxtpx:hr>131</gpxtpx:hr>
          </gpxtpx:TrackPointExtension>
        </extensions>
      </trkpt>
      <trkpt lat="22.753021323196506" lon="113.73445412970722">
        <ele>4.275805624201894</ele>
        <time>1970-01-01T00:11:34Z</time>
        <extensions>
          <gpxtpx:TrackPointExtension>
            <gpxtpx:hr>131</gpxtpx:hr>
          </gpxtpx:TrackPointExtension>
        </extensions>
      </trkpt>
      <trkpt lat="22.753004464253625" lon="113.73444082318011">
        <ele>4.295130075886846</ele>
        <time>1970-01-01T00:11:35Z</time>
        <extensions>
          <gpxtpx:TrackPointExtension>
            <gpxtpx:hr>131</gpxtpx:hr>
          </gpxtpx:TrackPointExtension>
        </extensions>
      </trkpt>
      <trkpt lat="22.752986784623864" lon="113.73442863166798">
        <ele>4.296081542037427</ele>
        <time>1970-01-01T00:11:36Z</time>
        <extensions>
          <gpxtpx:TrackPointExtension>
            <gpxtpx:hr>130</gpxtpx:hr>
          </gpxtpx:TrackPointExtension>
        </extensions>
      </trkpt>
      <trkpt lat="22.752968593032687" lon="113.73441755301153">
        <ele>4.281775806099176</ele>
        <time>1970-01-01T00:11:37Z</time>
        <extensions>
          <gpxtpx:TrackPointExtension>
            <gpxtpx:hr>130</gpxtpx:hr>
          </gpxtpx:TrackPointExtension>
        </extensions>
      </trkpt>
      <trkpt lat="22.75295053405114" lon="113.7344069081879">
        <ele>4.2564094150438905</ele>
        <time>1970-01-01T00:11:38Z</time>
        <extensions>
          <gpxtpx:TrackPointExtension>
            <gpxtpx:hr>130</gpxtpx:hr>
          </gpxtpx:TrackPointExtension>
        </extensions>
      </trkpt>
      <trkpt lat="22.75293284148635" lon="113.73439586179687">
        <ele>4.225913712754846</ele>
        <time>1970-01-01T00:11:39Z</time>
        <extensions>
          <gpxtpx:TrackPointExtension>
            <gpxtpx:hr>130</gpxtpx:hr>
          </gpxtpx:TrackPointExtension>
        </extensions>
      </trkpt>
      <trkpt lat="22.752915474269056" lon="113.73438385149836">
        <ele>4.193554668687284</ele>
        <time>1970-01-01T00:11:40Z</time>
        <extensions>
          <gpxtpx:TrackPointExtension>
            <gpxtpx:hr>130</gpxtpx:hr>
          </gpxtpx:TrackPointExtension>
        </extensions>
      </trkpt>
      <trkpt lat="22.75289830512095" lon="113.73437111593034">
        <ele>4.163750261999667</ele>
        <time>1970-01-01T00:11:41Z</time>
        <extensions>
          <gpxtpx:TrackPointExtension>
            <gpxtpx:hr>130</gpxtpx:hr>
          </gpxtpx:TrackPointExtension>
        </extensions>
      </trkpt>
      <trkpt lat="22.752881232340016" lon="113.73435807741008">
        <ele>4.133781158365309</ele>
        <time>1970-01-01T00:11:42Z</time>
        <extensions>
          <gpxtpx:TrackPointExtension>
            <gpxtpx:hr>130</gpxtpx:hr>
          </gpxtpx:TrackPointExtension>
        </extensions>
      </trkpt>
      <trkpt lat="22.752864017791875" lon="113.73434488568793">
        <ele>4.106392242945731</ele>
        <time>1970-01-01T00:11:43Z</time>
        <extensions>
          <gpxtpx:TrackPointExtension>
            <gpxtpx:hr>131</gpxtpx:hr>
          </gpxtpx:TrackPointExtension>
        </extensions>
      </trkpt>
      <trkpt lat="22.752845733268412" lon="113.73433136964218">
        <ele>4.0863984590396285</ele>
        <time>1970-01-01T00:11:44Z</time>
        <extensions>
          <gpxtpx:TrackPointExtension>
            <gpxtpx:hr>131</gpxtpx:hr>
          </gpxtpx:TrackPointExtension>
        </extensions>
      </trkpt>
      <trkpt lat="22.752826272967233" lon="113.73431728254606">
        <ele>4.073023811914027</ele>
        <time>1970-01-01T00:11:45Z</time>
        <extensions>
          <gpxtpx:TrackPointExtension>
            <gpxtpx:hr>131</gpxtpx:hr>
          </gpxtpx:TrackPointExtension>
        </extensions>
      </trkpt>
      <trkpt lat="22.7528067167183" lon="113.73430273319873">
        <ele>4.0639819679781795</ele>
        <time>1970-01-01T00:11:46Z</time>
        <extensions>
          <gpxtpx:TrackPointExtension>
            <gpxtpx:hr>131</gpxtpx:hr>
          </gpxtpx:TrackPointExtension>
        </extensions>
      </trkpt>
      <trkpt lat="22.752787919946876" lon="113.73428807573077">
        <ele>4.05793022364378</ele>
        <time>1970-01-01T00:11:47Z</time>
        <extensions>
          <gpxtpx:TrackPointExtension>
            <gpxtpx:hr>131</gpxtpx:hr>
          </gpxtpx:TrackPointExtension>
        </extensions>
      </trkpt>
      <trkpt lat="22.752769310999884" lon="113.73427327113451">
        <ele>4.047372748143971</ele>
        <time>1970-01-01T00:11:48Z</time>
        <extensions>
          <gpxtpx:TrackPointExtension>
            <gpxtpx:hr>131</gpxtpx:hr>
          </gpxtpx:TrackPointExtension>
        </extensions>
      </trkpt>
      <trkpt lat="22.75275059512185" lon="113.73425848198907">
        <ele>4.028886757791042</ele>
        <time>1970-01-01T00:11:49Z</time>
        <extensions>
          <gpxtpx:TrackPointExtension>
            <gpxtpx:hr>132</gpxtpx:hr>
          </gpxtpx:TrackPointExtension>
        </extensions>
      </trkpt>
      <trkpt lat="22.7527317131711" lon="113.7342438997244">
        <ele>3.9948852388188243</ele>
        <time>1970-01-01T00:11:50Z</time>
        <extensions>
          <gpxtpx:TrackPointExtension>
            <gpxtpx:hr>132</gpxtpx:hr>
          </gpxtpx:TrackPointExtension>
        </extensions>
      </trkpt>
      <trkpt lat="22.75271276504062" lon="113.73422941691717">
        <ele>3.949567660689354</ele>
        <time>1970-01-01T00:11:51Z</time>
        <extensions>
          <gpxtpx:TrackPointExtension>
            <gpxtpx:hr>132</gpxtpx:hr>
          </gpxtpx:TrackPointExtension>
        </extensions>
      </trkpt>
      <trkpt lat="22.752693777791727" lon="113.73421472176722">
        <ele>3.889432650990784</ele>
        <time>1970-01-01T00:11:52Z</time>
        <extensions>
          <gpxtpx:TrackPointExtension>
            <gpxtpx:hr>132</gpxtpx:hr>
          </gpxtpx:TrackPointExtension>
        </extensions>
      </trkpt>
      <trkpt lat="22.752674639416576" lon="113.73419926676831">
        <ele>3.815392733551562</ele>
        <time>1970-01-01T00:11:53Z</time>
        <extensions>
          <gpxtpx:TrackPointExtension>
            <gpxtpx:hr>135</gpxtpx:hr>
          </gpxtpx:TrackPointExtension>
        </extensions>
      </trkpt>
      <trkpt lat="22.752655453116873" lon="113.73418311054475">
        <ele>3.7270085867494345</ele>
        <time>1970-01-01T00:11:54Z</time>
        <extensions>
          <gpxtpx:TrackPointExtension>
            <gpxtpx:hr>135</gpxtpx:hr>
          </gpxtpx:TrackPointExtension>
        </extensions>
      </trkpt>
      <trkpt lat="22.75263612989681" lon="113.73416693863861">
        <ele>3.6277966275811195</ele>
        <time>1970-01-01T00:11:55Z</time>
        <extensions>
          <gpxtpx:TrackPointExtension>
            <gpxtpx:hr>135</gpxtpx:hr>
          </gpxtpx:TrackPointExtension>
        </extensions>
      </trkpt>
      <trkpt lat="22.752616659400147" lon="113.73415108236983">
        <ele>3.523285424336791</ele>
        <time>1970-01-01T00:11:56Z</time>
        <extensions>
          <gpxtpx:TrackPointExtension>
            <gpxtpx:hr>135</gpxtpx:hr>
          </gpxtpx:TrackPointExtension>
        </extensions>
      </trkpt>
      <trkpt lat="22.75259671780569" lon="113.73413539727996">
        <ele>3.412515484727919</ele>
        <time>1970-01-01T00:11:57Z</time>
        <extensions>
          <gpxtpx:TrackPointExtension>
            <gpxtpx:hr>135</gpxtpx:hr>
          </gpxtpx:TrackPointExtension>
        </extensions>
      </trkpt>
      <trkpt lat="22.752576502157403" lon="113.7341199802589">
        <ele>3.297816845588386</ele>
        <time>1970-01-01T00:11:58Z</time>
        <extensions>
          <gpxtpx:TrackPointExtension>
            <gpxtpx:hr>134</gpxtpx:hr>
          </gpxtpx:TrackPointExtension>
        </extensions>
      </trkpt>
      <trkpt lat="22.752555835988503" lon="113.7341044783075">
        <ele>3.18847082182765</ele>
        <time>1970-01-01T00:11:59Z</time>
        <extensions>
          <gpxtpx:TrackPointExtension>
            <gpxtpx:hr>134</gpxtpx:hr>
          </gpxtpx:TrackPointExtension>
        </extensions>
      </trkpt>
      <trkpt lat="22.752534285591494" lon="113.7340885119912">
        <ele>3.0886805253103375</ele>
        <time>1970-01-01T00:12:00Z</time>
        <extensions>
          <gpxtpx:TrackPointExtension>
            <gpxtpx:hr>134</gpxtpx:hr>
          </gpxtpx:TrackPointExtension>
        </extensions>
      </trkpt>
      <trkpt lat="22.752512466275277" lon="113.7340718866519">
        <ele>3.0049131894484162</ele>
        <time>1970-01-01T00:12:01Z</time>
        <extensions>
          <gpxtpx:TrackPointExtension>
            <gpxtpx:hr>134</gpxtpx:hr>
          </gpxtpx:TrackPointExtension>
        </extensions>
      </trkpt>
      <trkpt lat="22.752491803198854" lon="113.73405506963333">
        <ele>2.943033001385629</ele>
        <time>1970-01-01T00:12:02Z</time>
        <extensions>
          <gpxtpx:TrackPointExtension>
            <gpxtpx:hr>134</gpxtpx:hr>
          </gpxtpx:TrackPointExtension>
        </extensions>
      </trkpt>
      <trkpt lat="22.752471994226784" lon="113.73403847049988">
        <ele>2.911069866269827</ele>
        <time>1970-01-01T00:12:03Z</time>
        <extensions>
          <gpxtpx:TrackPointExtension>
            <gpxtpx:hr>134</gpxtpx:hr>
          </gpxtpx:TrackPointExtension>
        </extensions>
      </trkpt>
      <trkpt lat="22.752452117879727" lon="113.73402214245579">
        <ele>2.918106433004141</ele>
        <time>1970-01-01T00:12:04Z</time>
        <extensions>
          <gpxtpx:TrackPointExtension>
            <gpxtpx:hr>134</gpxtpx:hr>
          </gpxtpx:TrackPointExtension>
        </extensions>
      </trkpt>
      <trkpt lat="22.752431994385176" lon="113.73400632126729">
        <ele>2.9687887439504266</ele>
        <time>1970-01-01T00:12:05Z</time>
        <extensions>
          <gpxtpx:TrackPointExtension>
            <gpxtpx:hr>134</gpxtpx:hr>
          </gpxtpx:TrackPointExtension>
        </extensions>
      </trkpt>
      <trkpt lat="22.75241172178098" lon="113.73399078720351">
        <ele>3.0591521747410297</ele>
        <time>1970-01-01T00:12:06Z</time>
        <extensions>
          <gpxtpx:TrackPointExtension>
            <gpxtpx:hr>134</gpxtpx:hr>
          </gpxtpx:TrackPointExtension>
        </extensions>
      </trkpt>
      <trkpt lat="22.752391261889507" lon="113.73397501605403">
        <ele>3.187249891459942</ele>
        <time>1970-01-01T00:12:07Z</time>
        <extensions>
          <gpxtpx:TrackPointExtension>
            <gpxtpx:hr>134</gpxtpx:hr>
          </gpxtpx:TrackPointExtension>
        </extensions>
      </trkpt>
      <trkpt lat="22.75237057460772" lon="113.73395878891195">
        <ele>3.3441853104159236</ele>
        <time>1970-01-01T00:12:08Z</time>
        <extensions>
          <gpxtpx:TrackPointExtension>
            <gpxtpx:hr>134</gpxtpx:hr>
          </gpxtpx:TrackPointExtension>
        </extensions>
      </trkpt>
      <trkpt lat="22.752349772714854" lon="113.73394200419345">
        <ele>3.5232286415994167</ele>
        <time>1970-01-01T00:12:09Z</time>
        <extensions>
          <gpxtpx:TrackPointExtension>
            <gpxtpx:hr>134</gpxtpx:hr>
          </gpxtpx:TrackPointExtension>
        </extensions>
      </trkpt>
      <trkpt lat="22.75232879918161" lon="113.73392463142574">
        <ele>3.714209081605077</ele>
        <time>1970-01-01T00:12:10Z</time>
        <extensions>
          <gpxtpx:TrackPointExtension>
            <gpxtpx:hr>134</gpxtpx:hr>
          </gpxtpx:TrackPointExtension>
        </extensions>
      </trkpt>
      <trkpt lat="22.752307743451308" lon="113.7339075876979">
        <ele>3.9089596699923277</ele>
        <time>1970-01-01T00:12:11Z</time>
        <extensions>
          <gpxtpx:TrackPointExtension>
            <gpxtpx:hr>134</gpxtpx:hr>
          </gpxtpx:TrackPointExtension>
        </extensions>
      </trkpt>
      <trkpt lat="22.752286433424185" lon="113.73389147409301">
        <ele>4.10003939922899</ele>
        <time>1970-01-01T00:12:12Z</time>
        <extensions>
          <gpxtpx:TrackPointExtension>
            <gpxtpx:hr>134</gpxtpx:hr>
          </gpxtpx:TrackPointExtension>
        </extensions>
      </trkpt>
      <trkpt lat="22.75226507713913" lon="113.73387644486282">
        <ele>4.2753427512943745</ele>
        <time>1970-01-01T00:12:13Z</time>
        <extensions>
          <gpxtpx:TrackPointExtension>
            <gpxtpx:hr>134</gpxtpx:hr>
          </gpxtpx:TrackPointExtension>
        </extensions>
      </trkpt>
      <trkpt lat="22.75224350896844" lon="113.73386198002362">
        <ele>4.432042305357754</ele>
        <time>1970-01-01T00:12:14Z</time>
        <extensions>
          <gpxtpx:TrackPointExtension>
            <gpxtpx:hr>134</gpxtpx:hr>
          </gpxtpx:TrackPointExtension>
        </extensions>
      </trkpt>
      <trkpt lat="22.752221905000575" lon="113.73384736724715">
        <ele>4.566198688931763</ele>
        <time>1970-01-01T00:12:15Z</time>
        <extensions>
          <gpxtpx:TrackPointExtension>
            <gpxtpx:hr>134</gpxtpx:hr>
          </gpxtpx:TrackPointExtension>
        </extensions>
      </trkpt>
      <trkpt lat="22.752200352079008" lon="113.73383268174582">
        <ele>4.669142960570753</ele>
        <time>1970-01-01T00:12:16Z</time>
        <extensions>
          <gpxtpx:TrackPointExtension>
            <gpxtpx:hr>134</gpxtpx:hr>
          </gpxtpx:TrackPointExtension>
        </extensions>
      </trkpt>
      <trkpt lat="22.75217935187427" lon="113.7338184711034">
        <ele>4.744854198768735</ele>
        <time>1970-01-01T00:12:17Z</time>
        <extensions>
          <gpxtpx:TrackPointExtension>
            <gpxtpx:hr>134</gpxtpx:hr>
          </gpxtpx:TrackPointExtension>
        </extensions>
      </trkpt>
      <trkpt lat="22.752158903309997" lon="113.73380462748044">
        <ele>4.786031301133335</ele>
        <time>1970-01-01T00:12:18Z</time>
        <extensions>
          <gpxtpx:TrackPointExtension>
            <gpxtpx:hr>134</gpxtpx:hr>
          </gpxtpx:TrackPointExtension>
        </extensions>
      </trkpt>
      <trkpt lat="22.75213848064162" lon="113.73379056544034">
        <ele>4.792689851485193</ele>
        <time>1970-01-01T00:12:19Z</time>
        <extensions>
          <gpxtpx:TrackPointExtension>
            <gpxtpx:hr>134</gpxtpx:hr>
          </gpxtpx:TrackPointExtension>
        </extensions>
      </trkpt>
      <trkpt lat="22.752118130931926" lon="113.73377608176922">
        <ele>4.773738978430629</ele>
        <time>1970-01-01T00:12:20Z</time>
        <extensions>
          <gpxtpx:TrackPointExtension>
            <gpxtpx:hr>134</gpxtpx:hr>
          </gpxtpx:TrackPointExtension>
        </extensions>
      </trkpt>
      <trkpt lat="22.752098375473167" lon="113.73376101288552">
        <ele>4.738625288940966</ele>
        <time>1970-01-01T00:12:21Z</time>
        <extensions>
          <gpxtpx:TrackPointExtension>
            <gpxtpx:hr>134</gpxtpx:hr>
          </gpxtpx:TrackPointExtension>
        </extensions>
      </trkpt>
      <trkpt lat="22.752079521627145" lon="113.73374528172528">
        <ele>4.700852544046938</ele>
        <time>1970-01-01T00:12:22Z</time>
        <extensions>
          <gpxtpx:TrackPointExtension>
            <gpxtpx:hr>134</gpxtpx:hr>
          </gpxtpx:TrackPointExtension>
        </extensions>
      </trkpt>
      <trkpt lat="22.752060851679392" lon="113.73372962221453">
        <ele>4.652023745700717</ele>
        <time>1970-01-01T00:12:23Z</time>
        <extensions>
          <gpxtpx:TrackPointExtension>
            <gpxtpx:hr>135</gpxtpx:hr>
          </gpxtpx:TrackPointExtension>
        </extensions>
      </trkpt>
      <trkpt lat="22.752041665548205" lon="113.73371447618645">
        <ele>4.599371304735541</ele>
        <time>1970-01-01T00:12:24Z</time>
        <extensions>
          <gpxtpx:TrackPointExtension>
            <gpxtpx:hr>135</gpxtpx:hr>
          </gpxtpx:TrackPointExtension>
        </extensions>
      </trkpt>
      <trkpt lat="22.752021740524345" lon="113.73369940070785">
        <ele>4.542043664492667</ele>
        <time>1970-01-01T00:12:25Z</time>
        <extensions>
          <gpxtpx:TrackPointExtension>
            <gpxtpx:hr>135</gpxtpx:hr>
          </gpxtpx:TrackPointExtension>
        </extensions>
      </trkpt>
      <trkpt lat="22.752001864407873" lon="113.7336844414386">
        <ele>4.488400129601359</ele>
        <time>1970-01-01T00:12:26Z</time>
        <extensions>
          <gpxtpx:TrackPointExtension>
            <gpxtpx:hr>135</gpxtpx:hr>
          </gpxtpx:TrackPointExtension>
        </extensions>
      </trkpt>
      <trkpt lat="22.75198228122836" lon="113.73366967655097">
        <ele>4.435988988727331</ele>
        <time>1970-01-01T00:12:27Z</time>
        <extensions>
          <gpxtpx:TrackPointExtension>
            <gpxtpx:hr>135</gpxtpx:hr>
          </gpxtpx:TrackPointExtension>
        </extensions>
      </trkpt>
      <trkpt lat="22.751962879084605" lon="113.7336552253169">
        <ele>4.385919535532594</ele>
        <time>1970-01-01T00:12:28Z</time>
        <extensions>
          <gpxtpx:TrackPointExtension>
            <gpxtpx:hr>135</gpxtpx:hr>
          </gpxtpx:TrackPointExtension>
        </extensions>
      </trkpt>
      <trkpt lat="22.751943147819432" lon="113.73364096854733">
        <ele>4.341304147616029</ele>
        <time>1970-01-01T00:12:29Z</time>
        <extensions>
          <gpxtpx:TrackPointExtension>
            <gpxtpx:hr>135</gpxtpx:hr>
          </gpxtpx:TrackPointExtension>
        </extensions>
      </trkpt>
      <trkpt lat="22.75192297852273" lon="113.73362702641153">
        <ele>4.300639643333852</ele>
        <time>1970-01-01T00:12:30Z</time>
        <extensions>
          <gpxtpx:TrackPointExtension>
            <gpxtpx:hr>135</gpxtpx:hr>
          </gpxtpx:TrackPointExtension>
        </extensions>
      </trkpt>
      <trkpt lat="22.751902178003395" lon="113.73361370242412">
        <ele>4.262286343611777</ele>
        <time>1970-01-01T00:12:31Z</time>
        <extensions>
          <gpxtpx:TrackPointExtension>
            <gpxtpx:hr>135</gpxtpx:hr>
          </gpxtpx:TrackPointExtension>
        </extensions>
      </trkpt>
      <trkpt lat="22.751881459085418" lon="113.73360081310005">
        <ele>4.2294785706326365</ele>
        <time>1970-01-01T00:12:32Z</time>
        <extensions>
          <gpxtpx:TrackPointExtension>
            <gpxtpx:hr>135</gpxtpx:hr>
          </gpxtpx:TrackPointExtension>
        </extensions>
      </trkpt>
      <trkpt lat="22.751861921852846" lon="113.73358770279744">
        <ele>4.200554416514933</ele>
        <time>1970-01-01T00:12:33Z</time>
        <extensions>
          <gpxtpx:TrackPointExtension>
            <gpxtpx:hr>133</gpxtpx:hr>
          </gpxtpx:TrackPointExtension>
        </extensions>
      </trkpt>
      <trkpt lat="22.751843669351953" lon="113.73357421923555">
        <ele>4.18834388628602</ele>
        <time>1970-01-01T00:12:34Z</time>
        <extensions>
          <gpxtpx:TrackPointExtension>
            <gpxtpx:hr>133</gpxtpx:hr>
          </gpxtpx:TrackPointExtension>
        </extensions>
      </trkpt>
      <trkpt lat="22.75182570965483" lon="113.73356042484433">
        <ele>4.188350620679557</ele>
        <time>1970-01-01T00:12:35Z</time>
        <extensions>
          <gpxtpx:TrackPointExtension>
            <gpxtpx:hr>133</gpxtpx:hr>
          </gpxtpx:TrackPointExtension>
        </extensions>
      </trkpt>
      <trkpt lat="22.75180736082483" lon="113.73354645617616">
        <ele>4.2068110490217805</ele>
        <time>1970-01-01T00:12:36Z</time>
        <extensions>
          <gpxtpx:TrackPointExtension>
            <gpxtpx:hr>133</gpxtpx:hr>
          </gpxtpx:TrackPointExtension>
        </extensions>
      </trkpt>
      <trkpt lat="22.751788252072483" lon="113.73353222375181">
        <ele>4.245225337333977</ele>
        <time>1970-01-01T00:12:37Z</time>
        <extensions>
          <gpxtpx:TrackPointExtension>
            <gpxtpx:hr>133</gpxtpx:hr>
          </gpxtpx:TrackPointExtension>
        </extensions>
      </trkpt>
      <trkpt lat="22.751767880851098" lon="113.73351743525532">
        <ele>4.297613616101444</ele>
        <time>1970-01-01T00:12:38Z</time>
        <extensions>
          <gpxtpx:TrackPointExtension>
            <gpxtpx:hr>133</gpxtpx:hr>
          </gpxtpx:TrackPointExtension>
        </extensions>
      </trkpt>
      <trkpt lat="22.75174682625773" lon="113.73350228050896">
        <ele>4.362195541150868</ele>
        <time>1970-01-01T00:12:39Z</time>
        <extensions>
          <gpxtpx:TrackPointExtension>
            <gpxtpx:hr>133</gpxtpx:hr>
          </gpxtpx:TrackPointExtension>
        </extensions>
      </trkpt>
      <trkpt lat="22.751726352245736" lon="113.73348721068143">
        <ele>4.43489923980087</ele>
        <time>1970-01-01T00:12:40Z</time>
        <extensions>
          <gpxtpx:TrackPointExtension>
            <gpxtpx:hr>133</gpxtpx:hr>
          </gpxtpx:TrackPointExtension>
        </extensions>
      </trkpt>
      <trkpt lat="22.751706811251324" lon="113.73347240695061">
        <ele>4.5047672260552645</ele>
        <time>1970-01-01T00:12:41Z</time>
        <extensions>
          <gpxtpx:TrackPointExtension>
            <gpxtpx:hr>133</gpxtpx:hr>
          </gpxtpx:TrackPointExtension>
        </extensions>
      </trkpt>
      <trkpt lat="22.75168748373685" lon="113.73345777553673">
        <ele>4.572052005678415</ele>
        <time>1970-01-01T00:12:42Z</time>
        <extensions>
          <gpxtpx:TrackPointExtension>
            <gpxtpx:hr>134</gpxtpx:hr>
          </gpxtpx:TrackPointExtension>
        </extensions>
      </trkpt>
      <trkpt lat="22.751667971885464" lon="113.73344320608287">
        <ele>4.619998627342284</ele>
        <time>1970-01-01T00:12:43Z</time>
        <extensions>
          <gpxtpx:TrackPointExtension>
            <gpxtpx:hr>134</gpxtpx:hr>
          </gpxtpx:TrackPointExtension>
        </extensions>
      </trkpt>
      <trkpt lat="22.751648473895234" lon="113.73342840204982">
        <ele>4.652116569690406</ele>
        <time>1970-01-01T00:12:44Z</time>
        <extensions>
          <gpxtpx:TrackPointExtension>
            <gpxtpx:hr>134</gpxtpx:hr>
          </gpxtpx:TrackPointExtension>
        </extensions>
      </trkpt>
      <trkpt lat="22.75162964615717" lon="113.73341353404207">
        <ele>4.669358808547258</ele>
        <time>1970-01-01T00:12:45Z</time>
        <extensions>
          <gpxtpx:TrackPointExtension>
            <gpxtpx:hr>134</gpxtpx:hr>
          </gpxtpx:TrackPointExtension>
        </extensions>
      </trkpt>
      <trkpt lat="22.751611497352354" lon="113.7333987650593">
        <ele>4.670994053594768</ele>
        <time>1970-01-01T00:12:46Z</time>
        <extensions>
          <gpxtpx:TrackPointExtension>
            <gpxtpx:hr>134</gpxtpx:hr>
          </gpxtpx:TrackPointExtension>
        </extensions>
      </trkpt>
      <trkpt lat="22.751593548971886" lon="113.73338391424623">
        <ele>4.668989308178425</ele>
        <time>1970-01-01T00:12:47Z</time>
        <extensions>
          <gpxtpx:TrackPointExtension>
            <gpxtpx:hr>134</gpxtpx:hr>
          </gpxtpx:TrackPointExtension>
        </extensions>
      </trkpt>
      <trkpt lat="22.751574492046895" lon="113.73336890464417">
        <ele>4.662064681760967</ele>
        <time>1970-01-01T00:12:48Z</time>
        <extensions>
          <gpxtpx:TrackPointExtension>
            <gpxtpx:hr>133</gpxtpx:hr>
          </gpxtpx:TrackPointExtension>
        </extensions>
      </trkpt>
      <trkpt lat="22.75155448558198" lon="113.73335401093165">
        <ele>4.656083350069821</ele>
        <time>1970-01-01T00:12:49Z</time>
        <extensions>
          <gpxtpx:TrackPointExtension>
            <gpxtpx:hr>133</gpxtpx:hr>
          </gpxtpx:TrackPointExtension>
        </extensions>
      </trkpt>
      <trkpt lat="22.751534607993626" lon="113.73333932211283">
        <ele>4.652236566878855</ele>
        <time>1970-01-01T00:12:50Z</time>
        <extensions>
          <gpxtpx:TrackPointExtension>
            <gpxtpx:hr>133</gpxtpx:hr>
          </gpxtpx:TrackPointExtension>
        </extensions>
      </trkpt>
      <trkpt lat="22.75151538104663" lon="113.7333244471681">
        <ele>4.650655901990831</ele>
        <time>1970-01-01T00:12:51Z</time>
        <extensions>
          <gpxtpx:TrackPointExtension>
            <gpxtpx:hr>133</gpxtpx:hr>
          </gpxtpx:TrackPointExtension>
        </extensions>
      </trkpt>
      <trkpt lat="22.75149593491797" lon="113.73330869589095">
        <ele>4.656861216761172</ele>
        <time>1970-01-01T00:12:52Z</time>
        <extensions>
          <gpxtpx:TrackPointExtension>
            <gpxtpx:hr>133</gpxtpx:hr>
          </gpxtpx:TrackPointExtension>
        </extensions>
      </trkpt>
      <trkpt lat="22.75147557475691" lon="113.73329203140722">
        <ele>4.669415969401598</ele>
        <time>1970-01-01T00:12:53Z</time>
        <extensions>
          <gpxtpx:TrackPointExtension>
            <gpxtpx:hr>133</gpxtpx:hr>
          </gpxtpx:TrackPointExtension>
        </extensions>
      </trkpt>
      <trkpt lat="22.751454847913354" lon="113.73327516678165">
        <ele>4.687828836031258</ele>
        <time>1970-01-01T00:12:54Z</time>
        <extensions>
          <gpxtpx:TrackPointExtension>
            <gpxtpx:hr>133</gpxtpx:hr>
          </gpxtpx:TrackPointExtension>
        </extensions>
      </trkpt>
      <trkpt lat="22.751433855434453" lon="113.73325862795475">
        <ele>4.7057458106428385</ele>
        <time>1970-01-01T00:12:55Z</time>
        <extensions>
          <gpxtpx:TrackPointExtension>
            <gpxtpx:hr>133</gpxtpx:hr>
          </gpxtpx:TrackPointExtension>
        </extensions>
      </trkpt>
      <trkpt lat="22.751412956330814" lon="113.73324301760094">
        <ele>4.717969551682472</ele>
        <time>1970-01-01T00:12:56Z</time>
        <extensions>
          <gpxtpx:TrackPointExtension>
            <gpxtpx:hr>132</gpxtpx:hr>
          </gpxtpx:TrackPointExtension>
        </extensions>
      </trkpt>
      <trkpt lat="22.751392692002543" lon="113.73322840897876">
        <ele>4.720564875751734</ele>
        <time>1970-01-01T00:12:57Z</time>
        <extensions>
          <gpxtpx:TrackPointExtension>
            <gpxtpx:hr>132</gpxtpx:hr>
          </gpxtpx:TrackPointExtension>
        </extensions>
      </trkpt>
      <trkpt lat="22.75137367924741" lon="113.73321448779649">
        <ele>4.712443055585027</ele>
        <time>1970-01-01T00:12:58Z</time>
        <extensions>
          <gpxtpx:TrackPointExtension>
            <gpxtpx:hr>132</gpxtpx:hr>
          </gpxtpx:TrackPointExtension>
        </extensions>
      </trkpt>
      <trkpt lat="22.751355369177155" lon="113.73320109667384">
        <ele>4.685531471855938</ele>
        <time>1970-01-01T00:12:59Z</time>
        <extensions>
          <gpxtpx:TrackPointExtension>
            <gpxtpx:hr>132</gpxtpx:hr>
          </gpxtpx:TrackPointExtension>
        </extensions>
      </trkpt>
      <trkpt lat="22.75133696683566" lon="113.73318788713904">
        <ele>4.653768329881132</ele>
        <time>1970-01-01T00:13:00Z</time>
        <extensions>
          <gpxtpx:TrackPointExtension>
            <gpxtpx:hr>132</gpxtpx:hr>
          </gpxtpx:TrackPointExtension>
        </extensions>
      </trkpt>
      <trkpt lat="22.75131833261394" lon="113.73317465414169">
        <ele>4.626499996520579</ele>
        <time>1970-01-01T00:13:01Z</time>
        <extensions>
          <gpxtpx:TrackPointExtension>
            <gpxtpx:hr>132</gpxtpx:hr>
          </gpxtpx:TrackPointExtension>
        </extensions>
      </trkpt>
      <trkpt lat="22.75129948961255" lon="113.7331611067443">
        <ele>4.605871450155973</ele>
        <time>1970-01-01T00:13:02Z</time>
        <extensions>
          <gpxtpx:TrackPointExtension>
            <gpxtpx:hr>132</gpxtpx:hr>
          </gpxtpx:TrackPointExtension>
        </extensions>
      </trkpt>
      <trkpt lat="22.75128012945376" lon="113.7331468175245">
        <ele>4.5906747886911035</ele>
        <time>1970-01-01T00:13:03Z</time>
        <extensions>
          <gpxtpx:TrackPointExtension>
            <gpxtpx:hr>134</gpxtpx:hr>
          </gpxtpx:TrackPointExtension>
        </extensions>
      </trkpt>
      <trkpt lat="22.751260691036478" lon="113.73313246670975">
        <ele>4.582622143439949</ele>
        <time>1970-01-01T00:13:04Z</time>
        <extensions>
          <gpxtpx:TrackPointExtension>
            <gpxtpx:hr>134</gpxtpx:hr>
          </gpxtpx:TrackPointExtension>
        </extensions>
      </trkpt>
      <trkpt lat="22.751241372578313" lon="113.7331180191819">
        <ele>4.581106597557664</ele>
        <time>1970-01-01T00:13:05Z</time>
        <extensions>
          <gpxtpx:TrackPointExtension>
            <gpxtpx:hr>134</gpxtpx:hr>
          </gpxtpx:TrackPointExtension>
        </extensions>
      </trkpt>
      <trkpt lat="22.75122152354905" lon="113.73310266883584">
        <ele>4.580987316556275</ele>
        <time>1970-01-01T00:13:06Z</time>
        <extensions>
          <gpxtpx:TrackPointExtension>
            <gpxtpx:hr>134</gpxtpx:hr>
          </gpxtpx:TrackPointExtension>
        </extensions>
      </trkpt>
      <trkpt lat="22.7512008732186" lon="113.73308639096058">
        <ele>4.592784164473414</ele>
        <time>1970-01-01T00:13:07Z</time>
        <extensions>
          <gpxtpx:TrackPointExtension>
            <gpxtpx:hr>134</gpxtpx:hr>
          </gpxtpx:TrackPointExtension>
        </extensions>
      </trkpt>
      <trkpt lat="22.75118057178053" lon="113.733069676846">
        <ele>4.606124173849821</ele>
        <time>1970-01-01T00:13:08Z</time>
        <extensions>
          <gpxtpx:TrackPointExtension>
            <gpxtpx:hr>134</gpxtpx:hr>
          </gpxtpx:TrackPointExtension>
        </extensions>
      </trkpt>
      <trkpt lat="22.75116135784454" lon="113.7330533532861">
        <ele>4.620590343140066</ele>
        <time>1970-01-01T00:13:09Z</time>
        <extensions>
          <gpxtpx:TrackPointExtension>
            <gpxtpx:hr>134</gpxtpx:hr>
          </gpxtpx:TrackPointExtension>
        </extensions>
      </trkpt>
      <trkpt lat="22.751142902441437" lon="113.7330380545533">
        <ele>4.636809994466603</ele>
        <time>1970-01-01T00:13:10Z</time>
        <extensions>
          <gpxtpx:TrackPointExtension>
            <gpxtpx:hr>134</gpxtpx:hr>
          </gpxtpx:TrackPointExtension>
        </extensions>
      </trkpt>
      <trkpt lat="22.751124319354023" lon="113.73302285390844">
        <ele>4.646508423611522</ele>
        <time>1970-01-01T00:13:11Z</time>
        <extensions>
          <gpxtpx:TrackPointExtension>
            <gpxtpx:hr>134</gpxtpx:hr>
          </gpxtpx:TrackPointExtension>
        </extensions>
      </trkpt>
      <trkpt lat="22.751105203573907" lon="113.73300692994455">
        <ele>4.655301257036626</ele>
        <time>1970-01-01T00:13:12Z</time>
        <extensions>
          <gpxtpx:TrackPointExtension>
            <gpxtpx:hr>135</gpxtpx:hr>
          </gpxtpx:TrackPointExtension>
        </extensions>
      </trkpt>
      <trkpt lat="22.75108559203562" lon="113.73299050163224">
        <ele>4.666139100678265</ele>
        <time>1970-01-01T00:13:13Z</time>
        <extensions>
          <gpxtpx:TrackPointExtension>
            <gpxtpx:hr>135</gpxtpx:hr>
          </gpxtpx:TrackPointExtension>
        </extensions>
      </trkpt>
      <trkpt lat="22.751065173356295" lon="113.73297450619688">
        <ele>4.686109411530197</ele>
        <time>1970-01-01T00:13:14Z</time>
        <extensions>
          <gpxtpx:TrackPointExtension>
            <gpxtpx:hr>135</gpxtpx:hr>
          </gpxtpx:TrackPointExtension>
        </extensions>
      </trkpt>
      <trkpt lat="22.75104461548596" lon="113.73296000296386">
        <ele>4.708189183846116</ele>
        <time>1970-01-01T00:13:15Z</time>
        <extensions>
          <gpxtpx:TrackPointExtension>
            <gpxtpx:hr>135</gpxtpx:hr>
          </gpxtpx:TrackPointExtension>
        </extensions>
      </trkpt>
      <trkpt lat="22.751024949935033" lon="113.73294721818378">
        <ele>4.7343316581100225</ele>
        <time>1970-01-01T00:13:16Z</time>
        <extensions>
          <gpxtpx:TrackPointExtension>
            <gpxtpx:hr>135</gpxtpx:hr>
          </gpxtpx:TrackPointExtension>
        </extensions>
      </trkpt>
      <trkpt lat="22.75100568929931" lon="113.73293529086499">
        <ele>4.761043676175177</ele>
        <time>1970-01-01T00:13:17Z</time>
        <extensions>
          <gpxtpx:TrackPointExtension>
            <gpxtpx:hr>135</gpxtpx:hr>
          </gpxtpx:TrackPointExtension>
        </extensions>
      </trkpt>
      <trkpt lat="22.75098617869649" lon="113.73292296129375">
        <ele>4.780558148398995</ele>
        <time>1970-01-01T00:13:18Z</time>
        <extensions>
          <gpxtpx:TrackPointExtension>
            <gpxtpx:hr>135</gpxtpx:hr>
          </gpxtpx:TrackPointExtension>
        </extensions>
      </trkpt>
      <trkpt lat="22.750966417324165" lon="113.73290948557455">
        <ele>4.794964933767915</ele>
        <time>1970-01-01T00:13:19Z</time>
        <extensions>
          <gpxtpx:TrackPointExtension>
            <gpxtpx:hr>135</gpxtpx:hr>
          </gpxtpx:TrackPointExtension>
        </extensions>
      </trkpt>
      <trkpt lat="22.75094656126786" lon="113.73289502608354">
        <ele>4.804568536579609</ele>
        <time>1970-01-01T00:13:20Z</time>
        <extensions>
          <gpxtpx:TrackPointExtension>
            <gpxtpx:hr>135</gpxtpx:hr>
          </gpxtpx:TrackPointExtension>
        </extensions>
      </trkpt>
      <trkpt lat="22.750926552047623" lon="113.73288011197421">
        <ele>4.814994911663234</ele>
        <time>1970-01-01T00:13:21Z</time>
        <extensions>
          <gpxtpx:TrackPointExtension>
            <gpxtpx:hr>135</gpxtpx:hr>
          </gpxtpx:TrackPointExtension>
        </extensions>
      </trkpt>
      <trkpt lat="22.7509062985037" lon="113.73286501353056">
        <ele>4.830812934786081</ele>
        <time>1970-01-01T00:13:22Z</time>
        <extensions>
          <gpxtpx:TrackPointExtension>
            <gpxtpx:hr>134</gpxtpx:hr>
          </gpxtpx:TrackPointExtension>
        </extensions>
      </trkpt>
      <trkpt lat="22.750886144110723" lon="113.7328501639351">
        <ele>4.8552297204732895</ele>
        <time>1970-01-01T00:13:23Z</time>
        <extensions>
          <gpxtpx:TrackPointExtension>
            <gpxtpx:hr>134</gpxtpx:hr>
          </gpxtpx:TrackPointExtension>
        </extensions>
      </trkpt>
      <trkpt lat="22.750866413036736" lon="113.73283584534626">
        <ele>4.889626101590693</ele>
        <time>1970-01-01T00:13:24Z</time>
        <extensions>
          <gpxtpx:TrackPointExtension>
            <gpxtpx:hr>134</gpxtpx:hr>
          </gpxtpx:TrackPointExtension>
        </extensions>
      </trkpt>
      <trkpt lat="22.750847178467048" lon="113.73282218340243">
        <ele>4.931082443334162</ele>
        <time>1970-01-01T00:13:25Z</time>
        <extensions>
          <gpxtpx:TrackPointExtension>
            <gpxtpx:hr>134</gpxtpx:hr>
          </gpxtpx:TrackPointExtension>
        </extensions>
      </trkpt>
      <trkpt lat="22.750827706165325" lon="113.73280893036193">
        <ele>4.975746623240411</ele>
        <time>1970-01-01T00:13:26Z</time>
        <extensions>
          <gpxtpx:TrackPointExtension>
            <gpxtpx:hr>134</gpxtpx:hr>
          </gpxtpx:TrackPointExtension>
        </extensions>
      </trkpt>
      <trkpt lat="22.75080762507475" lon="113.73279548646173">
        <ele>5.021414387971163</ele>
        <time>1970-01-01T00:13:27Z</time>
        <extensions>
          <gpxtpx:TrackPointExtension>
            <gpxtpx:hr>134</gpxtpx:hr>
          </gpxtpx:TrackPointExtension>
        </extensions>
      </trkpt>
      <trkpt lat="22.75078724595953" lon="113.73278159043036">
        <ele>5.067941463552415</ele>
        <time>1970-01-01T00:13:28Z</time>
        <extensions>
          <gpxtpx:TrackPointExtension>
            <gpxtpx:hr>133</gpxtpx:hr>
          </gpxtpx:TrackPointExtension>
        </extensions>
      </trkpt>
      <trkpt lat="22.750767417301013" lon="113.73276762965872">
        <ele>5.112409717403352</ele>
        <time>1970-01-01T00:13:29Z</time>
        <extensions>
          <gpxtpx:TrackPointExtension>
            <gpxtpx:hr>133</gpxtpx:hr>
          </gpxtpx:TrackPointExtension>
        </extensions>
      </trkpt>
      <trkpt lat="22.750747813319155" lon="113.73275366694676">
        <ele>5.159120105206966</ele>
        <time>1970-01-01T00:13:30Z</time>
        <extensions>
          <gpxtpx:TrackPointExtension>
            <gpxtpx:hr>133</gpxtpx:hr>
          </gpxtpx:TrackPointExtension>
        </extensions>
      </trkpt>
      <trkpt lat="22.750727812807376" lon="113.732739574431">
        <ele>5.205871533602476</ele>
        <time>1970-01-01T00:13:31Z</time>
        <extensions>
          <gpxtpx:TrackPointExtension>
            <gpxtpx:hr>133</gpxtpx:hr>
          </gpxtpx:TrackPointExtension>
        </extensions>
      </trkpt>
      <trkpt lat="22.750707185746617" lon="113.7327248344145">
        <ele>5.254386308602989</ele>
        <time>1970-01-01T00:13:32Z</time>
        <extensions>
          <gpxtpx:TrackPointExtension>
            <gpxtpx:hr>133</gpxtpx:hr>
          </gpxtpx:TrackPointExtension>
        </extensions>
      </trkpt>
      <trkpt lat="22.75068694790294" lon="113.7327092434081">
        <ele>5.300597805529833</ele>
        <time>1970-01-01T00:13:33Z</time>
        <extensions>
          <gpxtpx:TrackPointExtension>
            <gpxtpx:hr>133</gpxtpx:hr>
          </gpxtpx:TrackPointExtension>
        </extensions>
      </trkpt>
      <trkpt lat="22.750667831985762" lon="113.7326930772963">
        <ele>5.343995627947152</ele>
        <time>1970-01-01T00:13:34Z</time>
        <extensions>
          <gpxtpx:TrackPointExtension>
            <gpxtpx:hr>132</gpxtpx:hr>
          </gpxtpx:TrackPointExtension>
        </extensions>
      </trkpt>
      <trkpt lat="22.750649176670994" lon="113.73267670654757">
        <ele>5.382865888997912</ele>
        <time>1970-01-01T00:13:35Z</time>
        <extensions>
          <gpxtpx:TrackPointExtension>
            <gpxtpx:hr>132</gpxtpx:hr>
          </gpxtpx:TrackPointExtension>
        </extensions>
      </trkpt>
      <trkpt lat="22.75063046420889" lon="113.73266066558472">
        <ele>5.410778294317424</ele>
        <time>1970-01-01T00:13:36Z</time>
        <extensions>
          <gpxtpx:TrackPointExtension>
            <gpxtpx:hr>132</gpxtpx:hr>
          </gpxtpx:TrackPointExtension>
        </extensions>
      </trkpt>
      <trkpt lat="22.750611565583398" lon="113.73264493310778">
        <ele>5.425877439789474</ele>
        <time>1970-01-01T00:13:37Z</time>
        <extensions>
          <gpxtpx:TrackPointExtension>
            <gpxtpx:hr>132</gpxtpx:hr>
          </gpxtpx:TrackPointExtension>
        </extensions>
      </trkpt>
      <trkpt lat="22.750592527908758" lon="113.73262902224229">
        <ele>5.426082725636661</ele>
        <time>1970-01-01T00:13:38Z</time>
        <extensions>
          <gpxtpx:TrackPointExtension>
            <gpxtpx:hr>132</gpxtpx:hr>
          </gpxtpx:TrackPointExtension>
        </extensions>
      </trkpt>
      <trkpt lat="22.750573320737793" lon="113.73261283561878">
        <ele>5.405798357911408</ele>
        <time>1970-01-01T00:13:39Z</time>
        <extensions>
          <gpxtpx:TrackPointExtension>
            <gpxtpx:hr>133</gpxtpx:hr>
          </gpxtpx:TrackPointExtension>
        </extensions>
      </trkpt>
      <trkpt lat="22.750553870567686" lon="113.73259661575224">
        <ele>5.366008433513343</ele>
        <time>1970-01-01T00:13:40Z</time>
        <extensions>
          <gpxtpx:TrackPointExtension>
            <gpxtpx:hr>133</gpxtpx:hr>
          </gpxtpx:TrackPointExtension>
        </extensions>
      </trkpt>
      <trkpt lat="22.750534246621992" lon="113.73258071859941">
        <ele>5.30552217643708</ele>
        <time>1970-01-01T00:13:41Z</time>
        <extensions>
          <gpxtpx:TrackPointExtension>
            <gpxtpx:hr>133</gpxtpx:hr>
          </gpxtpx:TrackPointExtension>
        </extensions>
      </trkpt>
      <trkpt lat="22.750514494637354" lon="113.73256518855148">
        <ele>5.2254001796245575</ele>
        <time>1970-01-01T00:13:42Z</time>
        <extensions>
          <gpxtpx:TrackPointExtension>
            <gpxtpx:hr>133</gpxtpx:hr>
          </gpxtpx:TrackPointExtension>
        </extensions>
      </trkpt>
      <trkpt lat="22.750494455692056" lon="113.7325496855384">
        <ele>5.127207922749221</ele>
        <time>1970-01-01T00:13:43Z</time>
        <extensions>
          <gpxtpx:TrackPointExtension>
            <gpxtpx:hr>133</gpxtpx:hr>
          </gpxtpx:TrackPointExtension>
        </extensions>
      </trkpt>
      <trkpt lat="22.750474466299494" lon="113.7325340315319">
        <ele>5.015743125230074</ele>
        <time>1970-01-01T00:13:44Z</time>
        <extensions>
          <gpxtpx:TrackPointExtension>
            <gpxtpx:hr>132</gpxtpx:hr>
          </gpxtpx:TrackPointExtension>
        </extensions>
      </trkpt>
      <trkpt lat="22.75045491617718" lon="113.73251816130552">
        <ele>4.89579854439944</ele>
        <time>1970-01-01T00:13:45Z</time>
        <extensions>
          <gpxtpx:TrackPointExtension>
            <gpxtpx:hr>132</gpxtpx:hr>
          </gpxtpx:TrackPointExtension>
        </extensions>
      </trkpt>
      <trkpt lat="22.750435907554518" lon="113.73250218145537">
        <ele>4.774504948407412</ele>
        <time>1970-01-01T00:13:46Z</time>
        <extensions>
          <gpxtpx:TrackPointExtension>
            <gpxtpx:hr>132</gpxtpx:hr>
          </gpxtpx:TrackPointExtension>
        </extensions>
      </trkpt>
      <trkpt lat="22.750416907453115" lon="113.7324864757932">
        <ele>4.664536966010928</ele>
        <time>1970-01-01T00:13:47Z</time>
        <extensions>
          <gpxtpx:TrackPointExtension>
            <gpxtpx:hr>132</gpxtpx:hr>
          </gpxtpx:TrackPointExtension>
        </extensions>
      </trkpt>
      <trkpt lat="22.750397539673113" lon="113.73247184719116">
        <ele>4.5740406000986695</ele>
        <time>1970-01-01T00:13:48Z</time>
        <extensions>
          <gpxtpx:TrackPointExtension>
            <gpxtpx:hr>132</gpxtpx:hr>
          </gpxtpx:TrackPointExtension>
        </extensions>
      </trkpt>
      <trkpt lat="22.750377417686547" lon="113.73245864390883">
        <ele>4.508582344278693</ele>
        <time>1970-01-01T00:13:49Z</time>
        <extensions>
          <gpxtpx:TrackPointExtension>
            <gpxtpx:hr>132</gpxtpx:hr>
          </gpxtpx:TrackPointExtension>
        </extensions>
      </trkpt>
      <trkpt lat="22.75035626890217" lon="113.73244762779453">
        <ele>4.47139429114759</ele>
        <time>1970-01-01T00:13:50Z</time>
        <extensions>
          <gpxtpx:TrackPointExtension>
            <gpxtpx:hr>132</gpxtpx:hr>
          </gpxtpx:TrackPointExtension>
        </extensions>
      </trkpt>
      <trkpt lat="22.750334755110465" lon="113.73243968936806">
        <ele>4.460571060888469</ele>
        <time>1970-01-01T00:13:51Z</time>
        <extensions>
          <gpxtpx:TrackPointExtension>
            <gpxtpx:hr>132</gpxtpx:hr>
          </gpxtpx:TrackPointExtension>
        </extensions>
      </trkpt>
      <trkpt lat="22.750313613117818" lon="113.73243485075">
        <ele>4.471712026745081</ele>
        <time>1970-01-01T00:13:52Z</time>
        <extensions>
          <gpxtpx:TrackPointExtension>
            <gpxtpx:hr>132</gpxtpx:hr>
          </gpxtpx:TrackPointExtension>
        </extensions>
      </trkpt>
      <trkpt lat="22.750293009182876" lon="113.73243433255895">
        <ele>4.50201983936131</ele>
        <time>1970-01-01T00:13:53Z</time>
        <extensions>
          <gpxtpx:TrackPointExtension>
            <gpxtpx:hr>132</gpxtpx:hr>
          </gpxtpx:TrackPointExtension>
        </extensions>
      </trkpt>
      <trkpt lat="22.75027405761618" lon="113.73243999587771">
        <ele>4.552318152040243</ele>
        <time>1970-01-01T00:13:54Z</time>
        <extensions>
          <gpxtpx:TrackPointExtension>
            <gpxtpx:hr>132</gpxtpx:hr>
          </gpxtpx:TrackPointExtension>
        </extensions>
      </trkpt>
      <trkpt lat="22.75025798906981" lon="113.73245200816392">
        <ele>4.62482216861099</ele>
        <time>1970-01-01T00:13:55Z</time>
        <extensions>
          <gpxtpx:TrackPointExtension>
            <gpxtpx:hr>132</gpxtpx:hr>
          </gpxtpx:TrackPointExtension>
        </extensions>
      </trkpt>
      <trkpt lat="22.75024536160506" lon="113.73246870779323">
        <ele>4.720437731593847</ele>
        <time>1970-01-01T00:13:56Z</time>
        <extensions>
          <gpxtpx:TrackPointExtension>
            <gpxtpx:hr>132</gpxtpx:hr>
          </gpxtpx:TrackPointExtension>
        </extensions>
      </trkpt>
      <trkpt lat="22.750236627318497" lon="113.73248867289554">
        <ele>4.837792889215052</ele>
        <time>1970-01-01T00:13:57Z</time>
        <extensions>
          <gpxtpx:TrackPointExtension>
            <gpxtpx:hr>132</gpxtpx:hr>
          </gpxtpx:TrackPointExtension>
        </extensions>
      </trkpt>
      <trkpt lat="22.750232165723073" lon="113.73251064109189">
        <ele>4.974080544896424</ele>
        <time>1970-01-01T00:13:58Z</time>
        <extensions>
          <gpxtpx:TrackPointExtension>
            <gpxtpx:hr>132</gpxtpx:hr>
          </gpxtpx:TrackPointExtension>
        </extensions>
      </trkpt>
      <trkpt lat="22.75023265786498" lon="113.73253351802285">
        <ele>5.126630851067603</ele>
        <time>1970-01-01T00:13:59Z</time>
        <extensions>
          <gpxtpx:TrackPointExtension>
            <gpxtpx:hr>132</gpxtpx:hr>
          </gpxtpx:TrackPointExtension>
        </extensions>
      </trkpt>
      <trkpt lat="22.75023781386589" lon="113.73255676523013">
        <ele>5.2885479386895895</ele>
        <time>1970-01-01T00:14:00Z</time>
        <extensions>
          <gpxtpx:TrackPointExtension>
            <gpxtpx:hr>132</gpxtpx:hr>
          </gpxtpx:TrackPointExtension>
        </extensions>
      </trkpt>
      <trkpt lat="22.750246150638677" lon="113.73257950744735">
        <ele>5.453759904950857</ele>
        <time>1970-01-01T00:14:01Z</time>
        <extensions>
          <gpxtpx:TrackPointExtension>
            <gpxtpx:hr>131</gpxtpx:hr>
          </gpxtpx:TrackPointExtension>
        </extensions>
      </trkpt>
      <trkpt lat="22.7502553853224" lon="113.73260101036352">
        <ele>5.615773742087185</ele>
        <time>1970-01-01T00:14:02Z</time>
        <extensions>
          <gpxtpx:TrackPointExtension>
            <gpxtpx:hr>131</gpxtpx:hr>
          </gpxtpx:TrackPointExtension>
        </extensions>
      </trkpt>
      <trkpt lat="22.750264260301353" lon="113.7326218645196">
        <ele>5.769388895481825</ele>
        <time>1970-01-01T00:14:03Z</time>
        <extensions>
          <gpxtpx:TrackPointExtension>
            <gpxtpx:hr>131</gpxtpx:hr>
          </gpxtpx:TrackPointExtension>
        </extensions>
      </trkpt>
      <trkpt lat="22.75027269762521" lon="113.73264296061902">
        <ele>5.911794579587877</ele>
        <time>1970-01-01T00:14:04Z</time>
        <extensions>
          <gpxtpx:TrackPointExtension>
            <gpxtpx:hr>131</gpxtpx:hr>
          </gpxtpx:TrackPointExtension>
        </extensions>
      </trkpt>
      <trkpt lat="22.750280794201124" lon="113.73266459736688">
        <ele>6.040160171687603</ele>
        <time>1970-01-01T00:14:05Z</time>
        <extensions>
          <gpxtpx:TrackPointExtension>
            <gpxtpx:hr>131</gpxtpx:hr>
          </gpxtpx:TrackPointExtension>
        </extensions>
      </trkpt>
      <trkpt lat="22.75028863790852" lon="113.7326866521484">
        <ele>6.153189421631396</ele>
        <time>1970-01-01T00:14:06Z</time>
        <extensions>
          <gpxtpx:TrackPointExtension>
            <gpxtpx:hr>131</gpxtpx:hr>
          </gpxtpx:TrackPointExtension>
        </extensions>
      </trkpt>
      <trkpt lat="22.750296833163056" lon="113.73270883550096">
        <ele>6.249323553405702</ele>
        <time>1970-01-01T00:14:07Z</time>
        <extensions>
          <gpxtpx:TrackPointExtension>
            <gpxtpx:hr>131</gpxtpx:hr>
          </gpxtpx:TrackPointExtension>
        </extensions>
      </trkpt>
      <trkpt lat="22.750305953159646" lon="113.73273102302099">
        <ele>6.327581088989973</ele>
        <time>1970-01-01T00:14:08Z</time>
        <extensions>
          <gpxtpx:TrackPointExtension>
            <gpxtpx:hr>131</gpxtpx:hr>
          </gpxtpx:TrackPointExtension>
        </extensions>
      </trkpt>
      <trkpt lat="22.750316008128905" lon="113.73275344236845">
        <ele>6.38695433922112</ele>
        <time>1970-01-01T00:14:09Z</time>
        <extensions>
          <gpxtpx:TrackPointExtension>
            <gpxtpx:hr>131</gpxtpx:hr>
          </gpxtpx:TrackPointExtension>
        </extensions>
      </trkpt>
      <trkpt lat="22.75032642976082" lon="113.73277608987635">
        <ele>6.427753696218133</ele>
        <time>1970-01-01T00:14:10Z</time>
        <extensions>
          <gpxtpx:TrackPointExtension>
            <gpxtpx:hr>131</gpxtpx:hr>
          </gpxtpx:TrackPointExtension>
        </extensions>
      </trkpt>
      <trkpt lat="22.7503362874846" lon="113.73279922980888">
        <ele>6.454110389575362</ele>
        <time>1970-01-01T00:14:11Z</time>
        <extensions>
          <gpxtpx:TrackPointExtension>
            <gpxtpx:hr>131</gpxtpx:hr>
          </gpxtpx:TrackPointExtension>
        </extensions>
      </trkpt>
      <trkpt lat="22.750345045902588" lon="113.7328229928275">
        <ele>6.469585161656141</ele>
        <time>1970-01-01T00:14:12Z</time>
        <extensions>
          <gpxtpx:TrackPointExtension>
            <gpxtpx:hr>131</gpxtpx:hr>
          </gpxtpx:TrackPointExtension>
        </extensions>
      </trkpt>
      <trkpt lat="22.75035283905227" lon="113.7328470977053">
        <ele>6.477364950813353</ele>
        <time>1970-01-01T00:14:13Z</time>
        <extensions>
          <gpxtpx:TrackPointExtension>
            <gpxtpx:hr>131</gpxtpx:hr>
          </gpxtpx:TrackPointExtension>
        </extensions>
      </trkpt>
      <trkpt lat="22.75035989733266" lon="113.73287139911032">
        <ele>6.478938357904553</ele>
        <time>1970-01-01T00:14:14Z</time>
        <extensions>
          <gpxtpx:TrackPointExtension>
            <gpxtpx:hr>131</gpxtpx:hr>
          </gpxtpx:TrackPointExtension>
        </extensions>
      </trkpt>
      <trkpt lat="22.750366499578647" lon="113.73289575602267">
        <ele>6.474144988693297</ele>
        <time>1970-01-01T00:14:15Z</time>
        <extensions>
          <gpxtpx:TrackPointExtension>
            <gpxtpx:hr>132</gpxtpx:hr>
          </gpxtpx:TrackPointExtension>
        </extensions>
      </trkpt>
      <trkpt lat="22.750373088358895" lon="113.73291993610557">
        <ele>6.4625837020576</ele>
        <time>1970-01-01T00:14:16Z</time>
        <extensions>
          <gpxtpx:TrackPointExtension>
            <gpxtpx:hr>132</gpxtpx:hr>
          </gpxtpx:TrackPointExtension>
        </extensions>
      </trkpt>
      <trkpt lat="22.750379717364087" lon="113.73294363795776">
        <ele>6.4474404361099005</ele>
        <time>1970-01-01T00:14:17Z</time>
        <extensions>
          <gpxtpx:TrackPointExtension>
            <gpxtpx:hr>132</gpxtpx:hr>
          </gpxtpx:TrackPointExtension>
        </extensions>
      </trkpt>
      <trkpt lat="22.750386648259372" lon="113.73296733356365">
        <ele>6.432825953699648</ele>
        <time>1970-01-01T00:14:18Z</time>
        <extensions>
          <gpxtpx:TrackPointExtension>
            <gpxtpx:hr>132</gpxtpx:hr>
          </gpxtpx:TrackPointExtension>
        </extensions>
      </trkpt>
      <trkpt lat="22.750393936616458" lon="113.73299143108902">
        <ele>6.421761850826442</ele>
        <time>1970-01-01T00:14:19Z</time>
        <extensions>
          <gpxtpx:TrackPointExtension>
            <gpxtpx:hr>132</gpxtpx:hr>
          </gpxtpx:TrackPointExtension>
        </extensions>
      </trkpt>
      <trkpt lat="22.750401329191615" lon="113.73301555732654">
        <ele>6.416570782661438</ele>
        <time>1970-01-01T00:14:20Z</time>
        <extensions>
          <gpxtpx:TrackPointExtension>
            <gpxtpx:hr>132</gpxtpx:hr>
          </gpxtpx:TrackPointExtension>
        </extensions>
      </trkpt>
      <trkpt lat="22.750408512548432" lon="113.73303977845788">
        <ele>6.419099205173552</ele>
        <time>1970-01-01T00:14:21Z</time>
        <extensions>
          <gpxtpx:TrackPointExtension>
            <gpxtpx:hr>132</gpxtpx:hr>
          </gpxtpx:TrackPointExtension>
        </extensions>
      </trkpt>
      <trkpt lat="22.750415749294206" lon="113.73306463279586">
        <ele>6.431970912963152</ele>
        <time>1970-01-01T00:14:22Z</time>
        <extensions>
          <gpxtpx:TrackPointExtension>
            <gpxtpx:hr>132</gpxtpx:hr>
          </gpxtpx:TrackPointExtension>
        </extensions>
      </trkpt>
      <trkpt lat="22.750423176220565" lon="113.73308974066092">
        <ele>6.455660903826356</ele>
        <time>1970-01-01T00:14:23Z</time>
        <extensions>
          <gpxtpx:TrackPointExtension>
            <gpxtpx:hr>134</gpxtpx:hr>
          </gpxtpx:TrackPointExtension>
        </extensions>
      </trkpt>
      <trkpt lat="22.750430540497526" lon="113.73311525612279">
        <ele>6.4908626629039645</ele>
        <time>1970-01-01T00:14:24Z</time>
        <extensions>
          <gpxtpx:TrackPointExtension>
            <gpxtpx:hr>134</gpxtpx:hr>
          </gpxtpx:TrackPointExtension>
        </extensions>
      </trkpt>
      <trkpt lat="22.750437529315832" lon="113.73314146668865">
        <ele>6.537880569696426</ele>
        <time>1970-01-01T00:14:25Z</time>
        <extensions>
          <gpxtpx:TrackPointExtension>
            <gpxtpx:hr>134</gpxtpx:hr>
          </gpxtpx:TrackPointExtension>
        </extensions>
      </trkpt>
      <trkpt lat="22.750444546752778" lon="113.73316810887279">
        <ele>6.595535145141184</ele>
        <time>1970-01-01T00:14:26Z</time>
        <extensions>
          <gpxtpx:TrackPointExtension>
            <gpxtpx:hr>134</gpxtpx:hr>
          </gpxtpx:TrackPointExtension>
        </extensions>
      </trkpt>
      <trkpt lat="22.75045172270404" lon="113.73319407003963">
        <ele>6.6589221665635705</ele>
        <time>1970-01-01T00:14:27Z</time>
        <extensions>
          <gpxtpx:TrackPointExtension>
            <gpxtpx:hr>134</gpxtpx:hr>
          </gpxtpx:TrackPointExtension>
        </extensions>
      </trkpt>
      <trkpt lat="22.750459003591704" lon="113.7332190608602">
        <ele>6.721855443902314</ele>
        <time>1970-01-01T00:14:28Z</time>
        <extensions>
          <gpxtpx:TrackPointExtension>
            <gpxtpx:hr>134</gpxtpx:hr>
          </gpxtpx:TrackPointExtension>
        </extensions>
      </trkpt>
      <trkpt lat="22.750466210392496" lon="113.73324354561967">
        <ele>6.781017886474729</ele>
        <time>1970-01-01T00:14:29Z</time>
        <extensions>
          <gpxtpx:TrackPointExtension>
            <gpxtpx:hr>134</gpxtpx:hr>
          </gpxtpx:TrackPointExtension>
        </extensions>
      </trkpt>
      <trkpt lat="22.75047303663852" lon="113.73326814124476">
        <ele>6.833165307529271</ele>
        <time>1970-01-01T00:14:30Z</time>
        <extensions>
          <gpxtpx:TrackPointExtension>
            <gpxtpx:hr>133</gpxtpx:hr>
          </gpxtpx:TrackPointExtension>
        </extensions>
      </trkpt>
      <trkpt lat="22.75047966030398" lon="113.73329298489034">
        <ele>6.877788661979139</ele>
        <time>1970-01-01T00:14:31Z</time>
        <extensions>
          <gpxtpx:TrackPointExtension>
            <gpxtpx:hr>133</gpxtpx:hr>
          </gpxtpx:TrackPointExtension>
        </extensions>
      </trkpt>
      <trkpt lat="22.750486383531975" lon="113.7333176988899">
        <ele>6.91583926230669</ele>
        <time>1970-01-01T00:14:32Z</time>
        <extensions>
          <gpxtpx:TrackPointExtension>
            <gpxtpx:hr>133</gpxtpx:hr>
          </gpxtpx:TrackPointExtension>
        </extensions>
      </trkpt>
      <trkpt lat="22.750493580139644" lon="113.73334222047127">
        <ele>6.949517495930195</ele>
        <time>1970-01-01T00:14:33Z</time>
        <extensions>
          <gpxtpx:TrackPointExtension>
            <gpxtpx:hr>133</gpxtpx:hr>
          </gpxtpx:TrackPointExtension>
        </extensions>
      </trkpt>
      <trkpt lat="22.750501286670058" lon="113.73336661816337">
        <ele>6.980853401124477</ele>
        <time>1970-01-01T00:14:34Z</time>
        <extensions>
          <gpxtpx:TrackPointExtension>
            <gpxtpx:hr>133</gpxtpx:hr>
          </gpxtpx:TrackPointExtension>
        </extensions>
      </trkpt>
      <trkpt lat="22.750509198757058" lon="113.73339110536718">
        <ele>7.0094804633408785</ele>
        <time>1970-01-01T00:14:35Z</time>
        <extensions>
          <gpxtpx:TrackPointExtension>
            <gpxtpx:hr>133</gpxtpx:hr>
          </gpxtpx:TrackPointExtension>
        </extensions>
      </trkpt>
      <trkpt lat="22.750516989867773" lon="113.73341544601416">
        <ele>7.034825645387173</ele>
        <time>1970-01-01T00:14:36Z</time>
        <extensions>
          <gpxtpx:TrackPointExtension>
            <gpxtpx:hr>133</gpxtpx:hr>
          </gpxtpx:TrackPointExtension>
        </extensions>
      </trkpt>
      <trkpt lat="22.75052447882542" lon="113.73343959720337">
        <ele>7.055893591605127</ele>
        <time>1970-01-01T00:14:37Z</time>
        <extensions>
          <gpxtpx:TrackPointExtension>
            <gpxtpx:hr>133</gpxtpx:hr>
          </gpxtpx:TrackPointExtension>
        </extensions>
      </trkpt>
      <trkpt lat="22.750531877036625" lon="113.73346383729634">
        <ele>7.072454480454326</ele>
        <time>1970-01-01T00:14:38Z</time>
        <extensions>
          <gpxtpx:TrackPointExtension>
            <gpxtpx:hr>135</gpxtpx:hr>
          </gpxtpx:TrackPointExtension>
        </extensions>
      </trkpt>
      <trkpt lat="22.750539586266438" lon="113.73348890520023">
        <ele>7.082845554687083</ele>
        <time>1970-01-01T00:14:39Z</time>
        <extensions>
          <gpxtpx:TrackPointExtension>
            <gpxtpx:hr>135</gpxtpx:hr>
          </gpxtpx:TrackPointExtension>
        </extensions>
      </trkpt>
      <trkpt lat="22.750547209122534" lon="113.73351468420384">
        <ele>7.087960356846452</ele>
        <time>1970-01-01T00:14:40Z</time>
        <extensions>
          <gpxtpx:TrackPointExtension>
            <gpxtpx:hr>135</gpxtpx:hr>
          </gpxtpx:TrackPointExtension>
        </extensions>
      </trkpt>
      <trkpt lat="22.75055451537115" lon="113.73354085164465">
        <ele>7.088009067811072</ele>
        <time>1970-01-01T00:14:41Z</time>
        <extensions>
          <gpxtpx:TrackPointExtension>
            <gpxtpx:hr>135</gpxtpx:hr>
          </gpxtpx:TrackPointExtension>
        </extensions>
      </trkpt>
      <trkpt lat="22.75056149504357" lon="113.7335669139496">
        <ele>7.083099750801921</ele>
        <time>1970-01-01T00:14:42Z</time>
        <extensions>
          <gpxtpx:TrackPointExtension>
            <gpxtpx:hr>135</gpxtpx:hr>
          </gpxtpx:TrackPointExtension>
        </extensions>
      </trkpt>
      <trkpt lat="22.750568490862598" lon="113.73359298215732">
        <ele>7.073738979175687</ele>
        <time>1970-01-01T00:14:43Z</time>
        <extensions>
          <gpxtpx:TrackPointExtension>
            <gpxtpx:hr>135</gpxtpx:hr>
          </gpxtpx:TrackPointExtension>
        </extensions>
      </trkpt>
      <trkpt lat="22.750575431163767" lon="113.73361927755612">
        <ele>7.0601970655843616</ele>
        <time>1970-01-01T00:14:44Z</time>
        <extensions>
          <gpxtpx:TrackPointExtension>
            <gpxtpx:hr>135</gpxtpx:hr>
          </gpxtpx:TrackPointExtension>
        </extensions>
      </trkpt>
      <trkpt lat="22.750582091804308" lon="113.7336447747911">
        <ele>7.04530736617744</ele>
        <time>1970-01-01T00:14:45Z</time>
        <extensions>
          <gpxtpx:TrackPointExtension>
            <gpxtpx:hr>135</gpxtpx:hr>
          </gpxtpx:TrackPointExtension>
        </extensions>
      </trkpt>
      <trkpt lat="22.750588778918797" lon="113.73366851348253">
        <ele>7.034335560165346</ele>
        <time>1970-01-01T00:14:46Z</time>
        <extensions>
          <gpxtpx:TrackPointExtension>
            <gpxtpx:hr>135</gpxtpx:hr>
          </gpxtpx:TrackPointExtension>
        </extensions>
      </trkpt>
      <trkpt lat="22.750595990534045" lon="113.73369121025354">
        <ele>7.0333288768306375</ele>
        <time>1970-01-01T00:14:47Z</time>
        <extensions>
          <gpxtpx:TrackPointExtension>
            <gpxtpx:hr>135</gpxtpx:hr>
          </gpxtpx:TrackPointExtension>
        </extensions>
      </trkpt>
      <trkpt lat="22.750604228131948" lon="113.73371396790473">
        <ele>7.0467387260869145</ele>
        <time>1970-01-01T00:14:48Z</time>
        <extensions>
          <gpxtpx:TrackPointExtension>
            <gpxtpx:hr>137</gpxtpx:hr>
          </gpxtpx:TrackPointExtension>
        </extensions>
      </trkpt>
      <trkpt lat="22.75061371096872" lon="113.73373716839716">
        <ele>7.074592116288841</ele>
        <time>1970-01-01T00:14:49Z</time>
        <extensions>
          <gpxtpx:TrackPointExtension>
            <gpxtpx:hr>137</gpxtpx:hr>
          </gpxtpx:TrackPointExtension>
        </extensions>
      </trkpt>
      <trkpt lat="22.750624138291432" lon="113.73376109223028">
        <ele>7.115863177925348</ele>
        <time>1970-01-01T00:14:50Z</time>
        <extensions>
          <gpxtpx:TrackPointExtension>
            <gpxtpx:hr>137</gpxtpx:hr>
          </gpxtpx:TrackPointExtension>
        </extensions>
      </trkpt>
      <trkpt lat="22.75063459792907" lon="113.73378558420944">
        <ele>7.170390648767352</ele>
        <time>1970-01-01T00:14:51Z</time>
        <extensions>
          <gpxtpx:TrackPointExtension>
            <gpxtpx:hr>137</gpxtpx:hr>
          </gpxtpx:TrackPointExtension>
        </extensions>
      </trkpt>
      <trkpt lat="22.750645251500035" lon="113.73380964270238">
        <ele>7.2343250857666135</ele>
        <time>1970-01-01T00:14:52Z</time>
        <extensions>
          <gpxtpx:TrackPointExtension>
            <gpxtpx:hr>137</gpxtpx:hr>
          </gpxtpx:TrackPointExtension>
        </extensions>
      </trkpt>
      <trkpt lat="22.750656308409418" lon="113.73383201452762">
        <ele>7.304688389413059</ele>
        <time>1970-01-01T00:14:53Z</time>
        <extensions>
          <gpxtpx:TrackPointExtension>
            <gpxtpx:hr>137</gpxtpx:hr>
          </gpxtpx:TrackPointExtension>
        </extensions>
      </trkpt>
      <trkpt lat="22.75066830876027" lon="113.73385374736623">
        <ele>7.37741622235626</ele>
        <time>1970-01-01T00:14:54Z</time>
        <extensions>
          <gpxtpx:TrackPointExtension>
            <gpxtpx:hr>137</gpxtpx:hr>
          </gpxtpx:TrackPointExtension>
        </extensions>
      </trkpt>
      <trkpt lat="22.750681533436442" lon="113.73387571188017">
        <ele>7.447462326847017</ele>
        <time>1970-01-01T00:14:55Z</time>
        <extensions>
          <gpxtpx:TrackPointExtension>
            <gpxtpx:hr>137</gpxtpx:hr>
          </gpxtpx:TrackPointExtension>
        </extensions>
      </trkpt>
      <trkpt lat="22.750695323936956" lon="113.7338971547053">
        <ele>7.5093518467620015</ele>
        <time>1970-01-01T00:14:56Z</time>
        <extensions>
          <gpxtpx:TrackPointExtension>
            <gpxtpx:hr>137</gpxtpx:hr>
          </gpxtpx:TrackPointExtension>
        </extensions>
      </trkpt>
      <trkpt lat="22.750709059886457" lon="113.7339180032768">
        <ele>7.557478127069771</ele>
        <time>1970-01-01T00:14:57Z</time>
        <extensions>
          <gpxtpx:TrackPointExtension>
            <gpxtpx:hr>136</gpxtpx:hr>
          </gpxtpx:TrackPointExtension>
        </extensions>
      </trkpt>
      <trkpt lat="22.75072273460406" lon="113.73393855941023">
        <ele>7.589519342407584</ele>
        <time>1970-01-01T00:14:58Z</time>
        <extensions>
          <gpxtpx:TrackPointExtension>
            <gpxtpx:hr>136</gpxtpx:hr>
          </gpxtpx:TrackPointExtension>
        </extensions>
      </trkpt>
      <trkpt lat="22.75073693851701" lon="113.73395864877405">
        <ele>7.604785602539778</ele>
        <time>1970-01-01T00:14:59Z</time>
        <extensions>
          <gpxtpx:TrackPointExtension>
            <gpxtpx:hr>136</gpxtpx:hr>
          </gpxtpx:TrackPointExtension>
        </extensions>
      </trkpt>
      <trkpt lat="22.750751971021757" lon="113.73397801808778">
        <ele>7.605460439808667</ele>
        <time>1970-01-01T00:15:00Z</time>
        <extensions>
          <gpxtpx:TrackPointExtension>
            <gpxtpx:hr>136</gpxtpx:hr>
          </gpxtpx:TrackPointExtension>
        </extensions>
      </trkpt>
      <trkpt lat="22.75076838534435" lon="113.73399679420713">
        <ele>7.592161368578672</ele>
        <time>1970-01-01T00:15:01Z</time>
        <extensions>
          <gpxtpx:TrackPointExtension>
            <gpxtpx:hr>136</gpxtpx:hr>
          </gpxtpx:TrackPointExtension>
        </extensions>
      </trkpt>
      <trkpt lat="22.750785663939414" lon="113.73401520168639">
        <ele>7.560579467564821</ele>
        <time>1970-01-01T00:15:02Z</time>
        <extensions>
          <gpxtpx:TrackPointExtension>
            <gpxtpx:hr>136</gpxtpx:hr>
          </gpxtpx:TrackPointExtension>
        </extensions>
      </trkpt>
      <trkpt lat="22.750803277559044" lon="113.73403352714027">
        <ele>7.508032816462219</ele>
        <time>1970-01-01T00:15:03Z</time>
        <extensions>
          <gpxtpx:TrackPointExtension>
            <gpxtpx:hr>136</gpxtpx:hr>
          </gpxtpx:TrackPointExtension>
        </extensions>
      </trkpt>
      <trkpt lat="22.750821162037077" lon="113.73405181139942">
        <ele>7.435593696311116</ele>
        <time>1970-01-01T00:15:04Z</time>
        <extensions>
          <gpxtpx:TrackPointExtension>
            <gpxtpx:hr>136</gpxtpx:hr>
          </gpxtpx:TrackPointExtension>
        </extensions>
      </trkpt>
      <trkpt lat="22.750839202294433" lon="113.73406936456892">
        <ele>7.346413415856659</ele>
        <time>1970-01-01T00:15:05Z</time>
        <extensions>
          <gpxtpx:TrackPointExtension>
            <gpxtpx:hr>136</gpxtpx:hr>
          </gpxtpx:TrackPointExtension>
        </extensions>
      </trkpt>
      <trkpt lat="22.750857127468667" lon="113.73408556542961">
        <ele>7.244241253472865</ele>
        <time>1970-01-01T00:15:06Z</time>
        <extensions>
          <gpxtpx:TrackPointExtension>
            <gpxtpx:hr>136</gpxtpx:hr>
          </gpxtpx:TrackPointExtension>
        </extensions>
      </trkpt>
      <trkpt lat="22.750875637238455" lon="113.7341015123024">
        <ele>7.13463641423732</ele>
        <time>1970-01-01T00:15:07Z</time>
        <extensions>
          <gpxtpx:TrackPointExtension>
            <gpxtpx:hr>136</gpxtpx:hr>
          </gpxtpx:TrackPointExtension>
        </extensions>
      </trkpt>
      <trkpt lat="22.750895539459982" lon="113.73411822316852">
        <ele>7.020194197073579</ele>
        <time>1970-01-01T00:15:08Z</time>
        <extensions>
          <gpxtpx:TrackPointExtension>
            <gpxtpx:hr>136</gpxtpx:hr>
          </gpxtpx:TrackPointExtension>
        </extensions>
      </trkpt>
      <trkpt lat="22.75091562139189" lon="113.73413495102595">
        <ele>6.898074632510543</ele>
        <time>1970-01-01T00:15:09Z</time>
        <extensions>
          <gpxtpx:TrackPointExtension>
            <gpxtpx:hr>136</gpxtpx:hr>
          </gpxtpx:TrackPointExtension>
        </extensions>
      </trkpt>
      <trkpt lat="22.750935226767176" lon="113.73415075429388">
        <ele>6.767560402862728</ele>
        <time>1970-01-01T00:15:10Z</time>
        <extensions>
          <gpxtpx:TrackPointExtension>
            <gpxtpx:hr>136</gpxtpx:hr>
          </gpxtpx:TrackPointExtension>
        </extensions>
      </trkpt>
      <trkpt lat="22.750954821122374" lon="113.7341650671057">
        <ele>6.630552381277084</ele>
        <time>1970-01-01T00:15:11Z</time>
        <extensions>
          <gpxtpx:TrackPointExtension>
            <gpxtpx:hr>136</gpxtpx:hr>
          </gpxtpx:TrackPointExtension>
        </extensions>
      </trkpt>
      <trkpt lat="22.750975207456836" lon="113.73417769356797">
        <ele>6.491461169905961</ele>
        <time>1970-01-01T00:15:12Z</time>
        <extensions>
          <gpxtpx:TrackPointExtension>
            <gpxtpx:hr>138</gpxtpx:hr>
          </gpxtpx:TrackPointExtension>
        </extensions>
      </trkpt>
      <trkpt lat="22.750996539650462" lon="113.73418930756954">
        <ele>6.3559286929667</ele>
        <time>1970-01-01T00:15:13Z</time>
        <extensions>
          <gpxtpx:TrackPointExtension>
            <gpxtpx:hr>138</gpxtpx:hr>
          </gpxtpx:TrackPointExtension>
        </extensions>
      </trkpt>
      <trkpt lat="22.751018397242124" lon="113.73420057511856">
        <ele>6.228563037700951</ele>
        <time>1970-01-01T00:15:14Z</time>
        <extensions>
          <gpxtpx:TrackPointExtension>
            <gpxtpx:hr>138</gpxtpx:hr>
          </gpxtpx:TrackPointExtension>
        </extensions>
      </trkpt>
      <trkpt lat="22.751040306702546" lon="113.7342115638145">
        <ele>6.107723917812109</ele>
        <time>1970-01-01T00:15:15Z</time>
        <extensions>
          <gpxtpx:TrackPointExtension>
            <gpxtpx:hr>138</gpxtpx:hr>
          </gpxtpx:TrackPointExtension>
        </extensions>
      </trkpt>
      <trkpt lat="22.751062168676008" lon="113.73422163156337">
        <ele>5.989472637884319</ele>
        <time>1970-01-01T00:15:16Z</time>
        <extensions>
          <gpxtpx:TrackPointExtension>
            <gpxtpx:hr>138</gpxtpx:hr>
          </gpxtpx:TrackPointExtension>
        </extensions>
      </trkpt>
      <trkpt lat="22.751083971447763" lon="113.73423054663853">
        <ele>5.8717098934575915</ele>
        <time>1970-01-01T00:15:17Z</time>
        <extensions>
          <gpxtpx:TrackPointExtension>
            <gpxtpx:hr>138</gpxtpx:hr>
          </gpxtpx:TrackPointExtension>
        </extensions>
      </trkpt>
      <trkpt lat="22.751106464566877" lon="113.73423908114584">
        <ele>5.751976583153009</ele>
        <time>1970-01-01T00:15:18Z</time>
        <extensions>
          <gpxtpx:TrackPointExtension>
            <gpxtpx:hr>138</gpxtpx:hr>
          </gpxtpx:TrackPointExtension>
        </extensions>
      </trkpt>
      <trkpt lat="22.751129883268952" lon="113.73424724059673">
        <ele>5.62823077198118</ele>
        <time>1970-01-01T00:15:19Z</time>
        <extensions>
          <gpxtpx:TrackPointExtension>
            <gpxtpx:hr>138</gpxtpx:hr>
          </gpxtpx:TrackPointExtension>
        </extensions>
      </trkpt>
      <trkpt lat="22.7511536240298" lon="113.73425400534228">
        <ele>5.503077308647335</ele>
        <time>1970-01-01T00:15:20Z</time>
        <extensions>
          <gpxtpx:TrackPointExtension>
            <gpxtpx:hr>138</gpxtpx:hr>
          </gpxtpx:TrackPointExtension>
        </extensions>
      </trkpt>
      <trkpt lat="22.75117723473339" lon="113.73425868615143">
        <ele>5.381668741814792</ele>
        <time>1970-01-01T00:15:21Z</time>
        <extensions>
          <gpxtpx:TrackPointExtension>
            <gpxtpx:hr>138</gpxtpx:hr>
          </gpxtpx:TrackPointExtension>
        </extensions>
      </trkpt>
      <trkpt lat="22.751200183551113" lon="113.73426185008992">
        <ele>5.261178771033883</ele>
        <time>1970-01-01T00:15:22Z</time>
        <extensions>
          <gpxtpx:TrackPointExtension>
            <gpxtpx:hr>138</gpxtpx:hr>
          </gpxtpx:TrackPointExtension>
        </extensions>
      </trkpt>
      <trkpt lat="22.75122274337798" lon="113.734264633236">
        <ele>5.143257230520248</ele>
        <time>1970-01-01T00:15:23Z</time>
        <extensions>
          <gpxtpx:TrackPointExtension>
            <gpxtpx:hr>138</gpxtpx:hr>
          </gpxtpx:TrackPointExtension>
        </extensions>
      </trkpt>
      <trkpt lat="22.7512456925772" lon="113.73426771319933">
        <ele>5.02450861223042</ele>
        <time>1970-01-01T00:15:24Z</time>
        <extensions>
          <gpxtpx:TrackPointExtension>
            <gpxtpx:hr>137</gpxtpx:hr>
          </gpxtpx:TrackPointExtension>
        </extensions>
      </trkpt>
      <trkpt lat="22.75126922886568" lon="113.7342709022534">
        <ele>4.9072165954858065</ele>
        <time>1970-01-01T00:15:25Z</time>
        <extensions>
          <gpxtpx:TrackPointExtension>
            <gpxtpx:hr>137</gpxtpx:hr>
          </gpxtpx:TrackPointExtension>
        </extensions>
      </trkpt>
      <trkpt lat="22.751292903496143" lon="113.7342736863985">
        <ele>4.796280153095722</ele>
        <time>1970-01-01T00:15:26Z</time>
        <extensions>
          <gpxtpx:TrackPointExtension>
            <gpxtpx:hr>137</gpxtpx:hr>
          </gpxtpx:TrackPointExtension>
        </extensions>
      </trkpt>
      <trkpt lat="22.751316660014712" lon="113.73427631964981">
        <ele>4.69506202172488</ele>
        <time>1970-01-01T00:15:27Z</time>
        <extensions>
          <gpxtpx:TrackPointExtension>
            <gpxtpx:hr>137</gpxtpx:hr>
          </gpxtpx:TrackPointExtension>
        </extensions>
      </trkpt>
      <trkpt lat="22.751340180946407" lon="113.73427925676101">
        <ele>4.605078057385981</ele>
        <time>1970-01-01T00:15:28Z</time>
        <extensions>
          <gpxtpx:TrackPointExtension>
            <gpxtpx:hr>137</gpxtpx:hr>
          </gpxtpx:TrackPointExtension>
        </extensions>
      </trkpt>
      <trkpt lat="22.751363167824067" lon="113.73428181044521">
        <ele>4.528953387401998</ele>
        <time>1970-01-01T00:15:29Z</time>
        <extensions>
          <gpxtpx:TrackPointExtension>
            <gpxtpx:hr>137</gpxtpx:hr>
          </gpxtpx:TrackPointExtension>
        </extensions>
      </trkpt>
      <trkpt lat="22.751385663758207" lon="113.73428340220306">
        <ele>4.46692203450948</ele>
        <time>1970-01-01T00:15:30Z</time>
        <extensions>
          <gpxtpx:TrackPointExtension>
            <gpxtpx:hr>137</gpxtpx:hr>
          </gpxtpx:TrackPointExtension>
        </extensions>
      </trkpt>
      <trkpt lat="22.75140821979551" lon="113.73428421910978">
        <ele>4.415974919684231</ele>
        <time>1970-01-01T00:15:31Z</time>
        <extensions>
          <gpxtpx:TrackPointExtension>
            <gpxtpx:hr>136</gpxtpx:hr>
          </gpxtpx:TrackPointExtension>
        </extensions>
      </trkpt>
      <trkpt lat="22.75143135561049" lon="113.734284710879">
        <ele>4.372190407477319</ele>
        <time>1970-01-01T00:15:32Z</time>
        <extensions>
          <gpxtpx:TrackPointExtension>
            <gpxtpx:hr>136</gpxtpx:hr>
          </gpxtpx:TrackPointExtension>
        </extensions>
      </trkpt>
      <trkpt lat="22.751455360096582" lon="113.73428506271307">
        <ele>4.331290786154568</ele>
        <time>1970-01-01T00:15:33Z</time>
        <extensions>
          <gpxtpx:TrackPointExtension>
            <gpxtpx:hr>136</gpxtpx:hr>
          </gpxtpx:TrackPointExtension>
        </extensions>
      </trkpt>
      <trkpt lat="22.751479552615816" lon="113.73428549144558">
        <ele>4.292514469474554</ele>
        <time>1970-01-01T00:15:34Z</time>
        <extensions>
          <gpxtpx:TrackPointExtension>
            <gpxtpx:hr>136</gpxtpx:hr>
          </gpxtpx:TrackPointExtension>
        </extensions>
      </trkpt>
      <trkpt lat="22.751503311999233" lon="113.73428638109749">
        <ele>4.259732525795698</ele>
        <time>1970-01-01T00:15:35Z</time>
        <extensions>
          <gpxtpx:TrackPointExtension>
            <gpxtpx:hr>136</gpxtpx:hr>
          </gpxtpx:TrackPointExtension>
        </extensions>
      </trkpt>
      <trkpt lat="22.751526434157082" lon="113.73428771866915">
        <ele>4.237538065761328</ele>
        <time>1970-01-01T00:15:36Z</time>
        <extensions>
          <gpxtpx:TrackPointExtension>
            <gpxtpx:hr>136</gpxtpx:hr>
          </gpxtpx:TrackPointExtension>
        </extensions>
      </trkpt>
      <trkpt lat="22.751549159183018" lon="113.73428908652946">
        <ele>4.227030627429485</ele>
        <time>1970-01-01T00:15:37Z</time>
        <extensions>
          <gpxtpx:TrackPointExtension>
            <gpxtpx:hr>136</gpxtpx:hr>
          </gpxtpx:TrackPointExtension>
        </extensions>
      </trkpt>
      <trkpt lat="22.751571837963603" lon="113.73428987843441">
        <ele>4.230389934964478</ele>
        <time>1970-01-01T00:15:38Z</time>
        <extensions>
          <gpxtpx:TrackPointExtension>
            <gpxtpx:hr>136</gpxtpx:hr>
          </gpxtpx:TrackPointExtension>
        </extensions>
      </trkpt>
      <trkpt lat="22.7515943720765" lon="113.73429004599878">
        <ele>4.246291155926883</ele>
        <time>1970-01-01T00:15:39Z</time>
        <extensions>
          <gpxtpx:TrackPointExtension>
            <gpxtpx:hr>136</gpxtpx:hr>
          </gpxtpx:TrackPointExtension>
        </extensions>
      </trkpt>
      <trkpt lat="22.75161667764637" lon="113.73429036662993">
        <ele>4.271598427556455</ele>
        <time>1970-01-01T00:15:40Z</time>
        <extensions>
          <gpxtpx:TrackPointExtension>
            <gpxtpx:hr>136</gpxtpx:hr>
          </gpxtpx:TrackPointExtension>
        </extensions>
      </trkpt>
      <trkpt lat="22.75163867128118" lon="113.73429131835951">
        <ele>4.30596375092864</ele>
        <time>1970-01-01T00:15:41Z</time>
        <extensions>
          <gpxtpx:TrackPointExtension>
            <gpxtpx:hr>135</gpxtpx:hr>
          </gpxtpx:TrackPointExtension>
        </extensions>
      </trkpt>
      <trkpt lat="22.751660582831057" lon="113.73429300367714">
        <ele>4.350648020394146</ele>
        <time>1970-01-01T00:15:42Z</time>
        <extensions>
          <gpxtpx:TrackPointExtension>
            <gpxtpx:hr>135</gpxtpx:hr>
          </gpxtpx:TrackPointExtension>
        </extensions>
      </trkpt>
      <trkpt lat="22.751683090600036" lon="113.73429543898261">
        <ele>4.409287111833692</ele>
        <time>1970-01-01T00:15:43Z</time>
        <extensions>
          <gpxtpx:TrackPointExtension>
            <gpxtpx:hr>135</gpxtpx:hr>
          </gpxtpx:TrackPointExtension>
        </extensions>
      </trkpt>
      <trkpt lat="22.75170646861594" lon="113.73429847689755">
        <ele>4.483080553822219</ele>
        <time>1970-01-01T00:15:44Z</time>
        <extensions>
          <gpxtpx:TrackPointExtension>
            <gpxtpx:hr>135</gpxtpx:hr>
          </gpxtpx:TrackPointExtension>
        </extensions>
      </trkpt>
      <trkpt lat="22.751730156438352" lon="113.7343021003445">
        <ele>4.573212091811001</ele>
        <time>1970-01-01T00:15:45Z</time>
        <extensions>
          <gpxtpx:TrackPointExtension>
            <gpxtpx:hr>135</gpxtpx:hr>
          </gpxtpx:TrackPointExtension>
        </extensions>
      </trkpt>
      <trkpt lat="22.751753233784836" lon="113.73430587640334">
        <ele>4.677532704547048</ele>
        <time>1970-01-01T00:15:46Z</time>
        <extensions>
          <gpxtpx:TrackPointExtension>
            <gpxtpx:hr>135</gpxtpx:hr>
          </gpxtpx:TrackPointExtension>
        </extensions>
      </trkpt>
      <trkpt lat="22.751775362603762" lon="113.73430934331763">
        <ele>4.790707196108997</ele>
        <time>1970-01-01T00:15:47Z</time>
        <extensions>
          <gpxtpx:TrackPointExtension>
            <gpxtpx:hr>135</gpxtpx:hr>
          </gpxtpx:TrackPointExtension>
        </extensions>
      </trkpt>
      <trkpt lat="22.751797510392677" lon="113.73431243838034">
        <ele>4.904311314225197</ele>
        <time>1970-01-01T00:15:48Z</time>
        <extensions>
          <gpxtpx:TrackPointExtension>
            <gpxtpx:hr>134</gpxtpx:hr>
          </gpxtpx:TrackPointExtension>
        </extensions>
      </trkpt>
      <trkpt lat="22.751820624471993" lon="113.73431519090168">
        <ele>5.014885895885527</ele>
        <time>1970-01-01T00:15:49Z</time>
        <extensions>
          <gpxtpx:TrackPointExtension>
            <gpxtpx:hr>134</gpxtpx:hr>
          </gpxtpx:TrackPointExtension>
        </extensions>
      </trkpt>
      <trkpt lat="22.751844818018615" lon="113.734317747722">
        <ele>5.120662819594145</ele>
        <time>1970-01-01T00:15:50Z</time>
        <extensions>
          <gpxtpx:TrackPointExtension>
            <gpxtpx:hr>134</gpxtpx:hr>
          </gpxtpx:TrackPointExtension>
        </extensions>
      </trkpt>
      <trkpt lat="22.751868846744404" lon="113.734320393525">
        <ele>5.221740184351802</ele>
        <time>1970-01-01T00:15:51Z</time>
        <extensions>
          <gpxtpx:TrackPointExtension>
            <gpxtpx:hr>134</gpxtpx:hr>
          </gpxtpx:TrackPointExtension>
        </extensions>
      </trkpt>
      <trkpt lat="22.75189201567114" lon="113.73432288922703">
        <ele>5.315714369527996</ele>
        <time>1970-01-01T00:15:52Z</time>
        <extensions>
          <gpxtpx:TrackPointExtension>
            <gpxtpx:hr>134</gpxtpx:hr>
          </gpxtpx:TrackPointExtension>
        </extensions>
      </trkpt>
      <trkpt lat="22.751914665955553" lon="113.73432512063158">
        <ele>5.400202974677086</ele>
        <time>1970-01-01T00:15:53Z</time>
        <extensions>
          <gpxtpx:TrackPointExtension>
            <gpxtpx:hr>134</gpxtpx:hr>
          </gpxtpx:TrackPointExtension>
        </extensions>
      </trkpt>
      <trkpt lat="22.751937657514" lon="113.73432696323637">
        <ele>5.47104686871171</ele>
        <time>1970-01-01T00:15:54Z</time>
        <extensions>
          <gpxtpx:TrackPointExtension>
            <gpxtpx:hr>134</gpxtpx:hr>
          </gpxtpx:TrackPointExtension>
        </extensions>
      </trkpt>
      <trkpt lat="22.751961258778234" lon="113.73432787440925">
        <ele>5.526136910542846</ele>
        <time>1970-01-01T00:15:55Z</time>
        <extensions>
          <gpxtpx:TrackPointExtension>
            <gpxtpx:hr>134</gpxtpx:hr>
          </gpxtpx:TrackPointExtension>
        </extensions>
      </trkpt>
      <trkpt lat="22.75198490800459" lon="113.73432751727127">
        <ele>5.565610549412668</ele>
        <time>1970-01-01T00:15:56Z</time>
        <extensions>
          <gpxtpx:TrackPointExtension>
            <gpxtpx:hr>134</gpxtpx:hr>
          </gpxtpx:TrackPointExtension>
        </extensions>
      </trkpt>
      <trkpt lat="22.752008645094147" lon="113.73432680008304">
        <ele>5.589582731947303</ele>
        <time>1970-01-01T00:15:57Z</time>
        <extensions>
          <gpxtpx:TrackPointExtension>
            <gpxtpx:hr>134</gpxtpx:hr>
          </gpxtpx:TrackPointExtension>
        </extensions>
      </trkpt>
      <trkpt lat="22.752032736933753" lon="113.73432778295758">
        <ele>5.600483721122146</ele>
        <time>1970-01-01T00:15:58Z</time>
        <extensions>
          <gpxtpx:TrackPointExtension>
            <gpxtpx:hr>134</gpxtpx:hr>
          </gpxtpx:TrackPointExtension>
        </extensions>
      </trkpt>
      <trkpt lat="22.75205666407634" lon="113.73433195962302">
        <ele>5.600664017722011</ele>
        <time>1970-01-01T00:15:59Z</time>
        <extensions>
          <gpxtpx:TrackPointExtension>
            <gpxtpx:hr>134</gpxtpx:hr>
          </gpxtpx:TrackPointExtension>
        </extensions>
      </trkpt>
      <trkpt lat="22.752079882196504" lon="113.73433884310887">
        <ele>5.592372804880142</ele>
        <time>1970-01-01T00:16:00Z</time>
        <extensions>
          <gpxtpx:TrackPointExtension>
            <gpxtpx:hr>134</gpxtpx:hr>
          </gpxtpx:TrackPointExtension>
        </extensions>
      </trkpt>
      <trkpt lat="22.752102485068782" lon="113.73434687246797">
        <ele>5.574560389854014</ele>
        <time>1970-01-01T00:16:01Z</time>
        <extensions>
          <gpxtpx:TrackPointExtension>
            <gpxtpx:hr>134</gpxtpx:hr>
          </gpxtpx:TrackPointExtension>
        </extensions>
      </trkpt>
      <trkpt lat="22.752124963793754" lon="113.7343548946211">
        <ele>5.545245189219713</ele>
        <time>1970-01-01T00:16:02Z</time>
        <extensions>
          <gpxtpx:TrackPointExtension>
            <gpxtpx:hr>134</gpxtpx:hr>
          </gpxtpx:TrackPointExtension>
        </extensions>
      </trkpt>
      <trkpt lat="22.7521478304118" lon="113.73436255731535">
        <ele>5.507873382419348</ele>
        <time>1970-01-01T00:16:03Z</time>
        <extensions>
          <gpxtpx:TrackPointExtension>
            <gpxtpx:hr>134</gpxtpx:hr>
          </gpxtpx:TrackPointExtension>
        </extensions>
      </trkpt>
      <trkpt lat="22.752171017868385" lon="113.73437038583073">
        <ele>5.465225863270462</ele>
        <time>1970-01-01T00:16:04Z</time>
        <extensions>
          <gpxtpx:TrackPointExtension>
            <gpxtpx:hr>134</gpxtpx:hr>
          </gpxtpx:TrackPointExtension>
        </extensions>
      </trkpt>
      <trkpt lat="22.75219438652294" lon="113.73437891032039">
        <ele>5.418419535271823</ele>
        <time>1970-01-01T00:16:05Z</time>
        <extensions>
          <gpxtpx:TrackPointExtension>
            <gpxtpx:hr>134</gpxtpx:hr>
          </gpxtpx:TrackPointExtension>
        </extensions>
      </trkpt>
      <trkpt lat="22.752217410794994" lon="113.73438846031372">
        <ele>5.367171454243362</ele>
        <time>1970-01-01T00:16:06Z</time>
        <extensions>
          <gpxtpx:TrackPointExtension>
            <gpxtpx:hr>134</gpxtpx:hr>
          </gpxtpx:TrackPointExtension>
        </extensions>
      </trkpt>
      <trkpt lat="22.752239309680927" lon="113.73439871760904">
        <ele>5.30793727748096</ele>
        <time>1970-01-01T00:16:07Z</time>
        <extensions>
          <gpxtpx:TrackPointExtension>
            <gpxtpx:hr>134</gpxtpx:hr>
          </gpxtpx:TrackPointExtension>
        </extensions>
      </trkpt>
      <trkpt lat="22.752260365247476" lon="113.7344095995199">
        <ele>5.2426956770941615</ele>
        <time>1970-01-01T00:16:08Z</time>
        <extensions>
          <gpxtpx:TrackPointExtension>
            <gpxtpx:hr>134</gpxtpx:hr>
          </gpxtpx:TrackPointExtension>
        </extensions>
      </trkpt>
      <trkpt lat="22.752281332468673" lon="113.7344216499056">
        <ele>5.175299308262765</ele>
        <time>1970-01-01T00:16:09Z</time>
        <extensions>
          <gpxtpx:TrackPointExtension>
            <gpxtpx:hr>134</gpxtpx:hr>
          </gpxtpx:TrackPointExtension>
        </extensions>
      </trkpt>
      <trkpt lat="22.75230176854167" lon="113.73443532767726">
        <ele>5.1119134137406945</ele>
        <time>1970-01-01T00:16:10Z</time>
        <extensions>
          <gpxtpx:TrackPointExtension>
            <gpxtpx:hr>134</gpxtpx:hr>
          </gpxtpx:TrackPointExtension>
        </extensions>
      </trkpt>
      <trkpt lat="22.752321396666147" lon="113.73445074915547">
        <ele>5.060587451793253</ele>
        <time>1970-01-01T00:16:11Z</time>
        <extensions>
          <gpxtpx:TrackPointExtension>
            <gpxtpx:hr>135</gpxtpx:hr>
          </gpxtpx:TrackPointExtension>
        </extensions>
      </trkpt>
      <trkpt lat="22.752340755487356" lon="113.73446746204542">
        <ele>5.028857999481261</ele>
        <time>1970-01-01T00:16:12Z</time>
        <extensions>
          <gpxtpx:TrackPointExtension>
            <gpxtpx:hr>135</gpxtpx:hr>
          </gpxtpx:TrackPointExtension>
        </extensions>
      </trkpt>
      <trkpt lat="22.752360153886094" lon="113.73448445050846">
        <ele>5.025080025196075</ele>
        <time>1970-01-01T00:16:13Z</time>
        <extensions>
          <gpxtpx:TrackPointExtension>
            <gpxtpx:hr>135</gpxtpx:hr>
          </gpxtpx:TrackPointExtension>
        </extensions>
      </trkpt>
      <trkpt lat="22.752379266655627" lon="113.73450103956779">
        <ele>5.054439764469862</ele>
        <time>1970-01-01T00:16:14Z</time>
        <extensions>
          <gpxtpx:TrackPointExtension>
            <gpxtpx:hr>135</gpxtpx:hr>
          </gpxtpx:TrackPointExtension>
        </extensions>
      </trkpt>
      <trkpt lat="22.752398005215998" lon="113.734517762559">
        <ele>5.115727074444294</ele>
        <time>1970-01-01T00:16:15Z</time>
        <extensions>
          <gpxtpx:TrackPointExtension>
            <gpxtpx:hr>135</gpxtpx:hr>
          </gpxtpx:TrackPointExtension>
        </extensions>
      </trkpt>
      <trkpt lat="22.752415968245405" lon="113.7345355982214">
        <ele>5.207778108306229</ele>
        <time>1970-01-01T00:16:16Z</time>
        <extensions>
          <gpxtpx:TrackPointExtension>
            <gpxtpx:hr>135</gpxtpx:hr>
          </gpxtpx:TrackPointExtension>
        </extensions>
      </trkpt>
      <trkpt lat="22.752432789494247" lon="113.7345553811182">
        <ele>5.323244444094598</ele>
        <time>1970-01-01T00:16:17Z</time>
        <extensions>
          <gpxtpx:TrackPointExtension>
            <gpxtpx:hr>135</gpxtpx:hr>
          </gpxtpx:TrackPointExtension>
        </extensions>
      </trkpt>
      <trkpt lat="22.752448095247047" lon="113.73457704778254">
        <ele>5.453770380467176</ele>
        <time>1970-01-01T00:16:18Z</time>
        <extensions>
          <gpxtpx:TrackPointExtension>
            <gpxtpx:hr>135</gpxtpx:hr>
          </gpxtpx:TrackPointExtension>
        </extensions>
      </trkpt>
      <trkpt lat="22.752461741525615" lon="113.73459982955744">
        <ele>5.591259483247995</ele>
        <time>1970-01-01T00:16:19Z</time>
        <extensions>
          <gpxtpx:TrackPointExtension>
            <gpxtpx:hr>135</gpxtpx:hr>
          </gpxtpx:TrackPointExtension>
        </extensions>
      </trkpt>
      <trkpt lat="22.752474082371936" lon="113.73462307634331">
        <ele>5.726955829188228</ele>
        <time>1970-01-01T00:16:20Z</time>
        <extensions>
          <gpxtpx:TrackPointExtension>
            <gpxtpx:hr>135</gpxtpx:hr>
          </gpxtpx:TrackPointExtension>
        </extensions>
      </trkpt>
      <trkpt lat="22.75248596017083" lon="113.73464633343387">
        <ele>5.859379293397069</ele>
        <time>1970-01-01T00:16:21Z</time>
        <extensions>
          <gpxtpx:TrackPointExtension>
            <gpxtpx:hr>135</gpxtpx:hr>
          </gpxtpx:TrackPointExtension>
        </extensions>
      </trkpt>
      <trkpt lat="22.75249798942122" lon="113.73466963859552">
        <ele>5.990291025489569</ele>
        <time>1970-01-01T00:16:22Z</time>
        <extensions>
          <gpxtpx:TrackPointExtension>
            <gpxtpx:hr>135</gpxtpx:hr>
          </gpxtpx:TrackPointExtension>
        </extensions>
      </trkpt>
      <trkpt lat="22.75251001483861" lon="113.73469343810939">
        <ele>6.121902333572507</ele>
        <time>1970-01-01T00:16:23Z</time>
        <extensions>
          <gpxtpx:TrackPointExtension>
            <gpxtpx:hr>135</gpxtpx:hr>
          </gpxtpx:TrackPointExtension>
        </extensions>
      </trkpt>
      <trkpt lat="22.75252112952181" lon="113.73471827153732">
        <ele>6.254790624603629</ele>
        <time>1970-01-01T00:16:24Z</time>
        <extensions>
          <gpxtpx:TrackPointExtension>
            <gpxtpx:hr>135</gpxtpx:hr>
          </gpxtpx:TrackPointExtension>
        </extensions>
      </trkpt>
      <trkpt lat="22.752530102801575" lon="113.73474365727144">
        <ele>6.3851955169811845</ele>
        <time>1970-01-01T00:16:25Z</time>
        <extensions>
          <gpxtpx:TrackPointExtension>
            <gpxtpx:hr>135</gpxtpx:hr>
          </gpxtpx:TrackPointExtension>
        </extensions>
      </trkpt>
      <trkpt lat="22.752537568175494" lon="113.7347684767336">
        <ele>6.506770244799554</ele>
        <time>1970-01-01T00:16:26Z</time>
        <extensions>
          <gpxtpx:TrackPointExtension>
            <gpxtpx:hr>135</gpxtpx:hr>
          </gpxtpx:TrackPointExtension>
        </extensions>
      </trkpt>
      <trkpt lat="22.752545107196617" lon="113.73479337648315">
        <ele>6.61324798502028</ele>
        <time>1970-01-01T00:16:27Z</time>
        <extensions>
          <gpxtpx:TrackPointExtension>
            <gpxtpx:hr>135</gpxtpx:hr>
          </gpxtpx:TrackPointExtension>
        </extensions>
      </trkpt>
      <trkpt lat="22.75255333704989" lon="113.73481902467971">
        <ele>6.700522950850427</ele>
        <time>1970-01-01T00:16:28Z</time>
        <extensions>
          <gpxtpx:TrackPointExtension>
            <gpxtpx:hr>135</gpxtpx:hr>
          </gpxtpx:TrackPointExtension>
        </extensions>
      </trkpt>
      <trkpt lat="22.752561613617758" lon="113.73484442885814">
        <ele>6.7690302124246955</ele>
        <time>1970-01-01T00:16:29Z</time>
        <extensions>
          <gpxtpx:TrackPointExtension>
            <gpxtpx:hr>135</gpxtpx:hr>
          </gpxtpx:TrackPointExtension>
        </extensions>
      </trkpt>
      <trkpt lat="22.752569517904814" lon="113.73486913380307">
        <ele>6.814741482026875</ele>
        <time>1970-01-01T00:16:30Z</time>
        <extensions>
          <gpxtpx:TrackPointExtension>
            <gpxtpx:hr>136</gpxtpx:hr>
          </gpxtpx:TrackPointExtension>
        </extensions>
      </trkpt>
      <trkpt lat="22.752577398163655" lon="113.73489330716885">
        <ele>6.834247931838036</ele>
        <time>1970-01-01T00:16:31Z</time>
        <extensions>
          <gpxtpx:TrackPointExtension>
            <gpxtpx:hr>136</gpxtpx:hr>
          </gpxtpx:TrackPointExtension>
        </extensions>
      </trkpt>
      <trkpt lat="22.75258616973804" lon="113.73491707150689">
        <ele>6.82510691601783</ele>
        <time>1970-01-01T00:16:32Z</time>
        <extensions>
          <gpxtpx:TrackPointExtension>
            <gpxtpx:hr>136</gpxtpx:hr>
          </gpxtpx:TrackPointExtension>
        </extensions>
      </trkpt>
      <trkpt lat="22.752596437289363" lon="113.734940302977">
        <ele>6.78597660176456</ele>
        <time>1970-01-01T00:16:33Z</time>
        <extensions>
          <gpxtpx:TrackPointExtension>
            <gpxtpx:hr>136</gpxtpx:hr>
          </gpxtpx:TrackPointExtension>
        </extensions>
      </trkpt>
      <trkpt lat="22.752608795009174" lon="113.73496282822322">
        <ele>6.714495182968676</ele>
        <time>1970-01-01T00:16:34Z</time>
        <extensions>
          <gpxtpx:TrackPointExtension>
            <gpxtpx:hr>136</gpxtpx:hr>
          </gpxtpx:TrackPointExtension>
        </extensions>
      </trkpt>
      <trkpt lat="22.75262304053954" lon="113.73498418807675">
        <ele>6.609764952212572</ele>
        <time>1970-01-01T00:16:35Z</time>
        <extensions>
          <gpxtpx:TrackPointExtension>
            <gpxtpx:hr>136</gpxtpx:hr>
          </gpxtpx:TrackPointExtension>
        </extensions>
      </trkpt>
      <trkpt lat="22.752638555200722" lon="113.73500464783231">
        <ele>6.476183641701937</ele>
        <time>1970-01-01T00:16:36Z</time>
        <extensions>
          <gpxtpx:TrackPointExtension>
            <gpxtpx:hr>135</gpxtpx:hr>
          </gpxtpx:TrackPointExtension>
        </extensions>
      </trkpt>
      <trkpt lat="22.752654704675507" lon="113.73502467880618">
        <ele>6.320481467060745</ele>
        <time>1970-01-01T00:16:37Z</time>
        <extensions>
          <gpxtpx:TrackPointExtension>
            <gpxtpx:hr>135</gpxtpx:hr>
          </gpxtpx:TrackPointExtension>
        </extensions>
      </trkpt>
      <trkpt lat="22.752671184355805" lon="113.73504413650285">
        <ele>6.1434735637158155</ele>
        <time>1970-01-01T00:16:38Z</time>
        <extensions>
          <gpxtpx:TrackPointExtension>
            <gpxtpx:hr>135</gpxtpx:hr>
          </gpxtpx:TrackPointExtension>
        </extensions>
      </trkpt>
      <trkpt lat="22.752688803865265" lon="113.73506298509305">
        <ele>5.9523218087852</ele>
        <time>1970-01-01T00:16:39Z</time>
        <extensions>
          <gpxtpx:TrackPointExtension>
            <gpxtpx:hr>135</gpxtpx:hr>
          </gpxtpx:TrackPointExtension>
        </extensions>
      </trkpt>
      <trkpt lat="22.75270736480198" lon="113.73508096069841">
        <ele>5.752431587316096</ele>
        <time>1970-01-01T00:16:40Z</time>
        <extensions>
          <gpxtpx:TrackPointExtension>
            <gpxtpx:hr>135</gpxtpx:hr>
          </gpxtpx:TrackPointExtension>
        </extensions>
      </trkpt>
      <trkpt lat="22.752726389808746" lon="113.73509782494887">
        <ele>5.55580451246351</ele>
        <time>1970-01-01T00:16:41Z</time>
        <extensions>
          <gpxtpx:TrackPointExtension>
            <gpxtpx:hr>135</gpxtpx:hr>
          </gpxtpx:TrackPointExtension>
        </extensions>
      </trkpt>
      <trkpt lat="22.752745722389946" lon="113.73511301575337">
        <ele>5.374409579671919</ele>
        <time>1970-01-01T00:16:42Z</time>
        <extensions>
          <gpxtpx:TrackPointExtension>
            <gpxtpx:hr>133</gpxtpx:hr>
          </gpxtpx:TrackPointExtension>
        </extensions>
      </trkpt>
      <trkpt lat="22.752765114792876" lon="113.73512641288515">
        <ele>5.220240417867899</ele>
        <time>1970-01-01T00:16:43Z</time>
        <extensions>
          <gpxtpx:TrackPointExtension>
            <gpxtpx:hr>133</gpxtpx:hr>
          </gpxtpx:TrackPointExtension>
        </extensions>
      </trkpt>
      <trkpt lat="22.752784446392173" lon="113.73513842084775">
        <ele>5.097658855840564</ele>
        <time>1970-01-01T00:16:44Z</time>
        <extensions>
          <gpxtpx:TrackPointExtension>
            <gpxtpx:hr>133</gpxtpx:hr>
          </gpxtpx:TrackPointExtension>
        </extensions>
      </trkpt>
      <trkpt lat="22.752804304109723" lon="113.73514901212936">
        <ele>5.012050808407366</ele>
        <time>1970-01-01T00:16:45Z</time>
        <extensions>
          <gpxtpx:TrackPointExtension>
            <gpxtpx:hr>133</gpxtpx:hr>
          </gpxtpx:TrackPointExtension>
        </extensions>
      </trkpt>
      <trkpt lat="22.752825266949205" lon="113.73515769197716">
        <ele>4.958684951998293</ele>
        <time>1970-01-01T00:16:46Z</time>
        <extensions>
          <gpxtpx:TrackPointExtension>
            <gpxtpx:hr>133</gpxtpx:hr>
          </gpxtpx:TrackPointExtension>
        </extensions>
      </trkpt>
      <trkpt lat="22.75284738018949" lon="113.73516434297088">
        <ele>4.92381839454174</ele>
        <time>1970-01-01T00:16:47Z</time>
        <extensions>
          <gpxtpx:TrackPointExtension>
            <gpxtpx:hr>133</gpxtpx:hr>
          </gpxtpx:TrackPointExtension>
        </extensions>
      </trkpt>
      <trkpt lat="22.75286991552509" lon="113.73516931782615">
        <ele>4.902526583522558</ele>
        <time>1970-01-01T00:16:48Z</time>
        <extensions>
          <gpxtpx:TrackPointExtension>
            <gpxtpx:hr>133</gpxtpx:hr>
          </gpxtpx:TrackPointExtension>
        </extensions>
      </trkpt>
      <trkpt lat="22.752892070404357" lon="113.73517244035143">
        <ele>4.878377231769264</ele>
        <time>1970-01-01T00:16:49Z</time>
        <extensions>
          <gpxtpx:TrackPointExtension>
            <gpxtpx:hr>136</gpxtpx:hr>
          </gpxtpx:TrackPointExtension>
        </extensions>
      </trkpt>
      <trkpt lat="22.7529132647291" lon="113.73517309177817">
        <ele>4.851658287458122</ele>
        <time>1970-01-01T00:16:50Z</time>
        <extensions>
          <gpxtpx:TrackPointExtension>
            <gpxtpx:hr>136</gpxtpx:hr>
          </gpxtpx:TrackPointExtension>
        </extensions>
      </trkpt>
      <trkpt lat="22.75293398969374" lon="113.73517079356199">
        <ele>4.82140725851059</ele>
        <time>1970-01-01T00:16:51Z</time>
        <extensions>
          <gpxtpx:TrackPointExtension>
            <gpxtpx:hr>136</gpxtpx:hr>
          </gpxtpx:TrackPointExtension>
        </extensions>
      </trkpt>
      <trkpt lat="22.75295455941563" lon="113.73516621261138">
        <ele>4.7870005667209625</ele>
        <time>1970-01-01T00:16:52Z</time>
        <extensions>
          <gpxtpx:TrackPointExtension>
            <gpxtpx:hr>136</gpxtpx:hr>
          </gpxtpx:TrackPointExtension>
        </extensions>
      </trkpt>
      <trkpt lat="22.752975019005525" lon="113.73516033803018">
        <ele>4.743612909689546</ele>
        <time>1970-01-01T00:16:53Z</time>
        <extensions>
          <gpxtpx:TrackPointExtension>
            <gpxtpx:hr>136</gpxtpx:hr>
          </gpxtpx:TrackPointExtension>
        </extensions>
      </trkpt>
      <trkpt lat="22.752995496478693" lon="113.73515369649658">
        <ele>4.692439340986311</ele>
        <time>1970-01-01T00:16:54Z</time>
        <extensions>
          <gpxtpx:TrackPointExtension>
            <gpxtpx:hr>136</gpxtpx:hr>
          </gpxtpx:TrackPointExtension>
        </extensions>
      </trkpt>
      <trkpt lat="22.75301586492527" lon="113.73514648643429">
        <ele>4.639161114580929</ele>
        <time>1970-01-01T00:16:55Z</time>
        <extensions>
          <gpxtpx:TrackPointExtension>
            <gpxtpx:hr>137</gpxtpx:hr>
          </gpxtpx:TrackPointExtension>
        </extensions>
      </trkpt>
      <trkpt lat="22.75303604322409" lon="113.73513899094807">
        <ele>4.584349964745343</ele>
        <time>1970-01-01T00:16:56Z</time>
        <extensions>
          <gpxtpx:TrackPointExtension>
            <gpxtpx:hr>137</gpxtpx:hr>
          </gpxtpx:TrackPointExtension>
        </extensions>
      </trkpt>
      <trkpt lat="22.75305640899368" lon="113.73513128286676">
        <ele>4.527791974134743</ele>
        <time>1970-01-01T00:16:57Z</time>
        <extensions>
          <gpxtpx:TrackPointExtension>
            <gpxtpx:hr>137</gpxtpx:hr>
          </gpxtpx:TrackPointExtension>
        </extensions>
      </trkpt>
      <trkpt lat="22.75307703098387" lon="113.73512262373742">
        <ele>4.473302282392979</ele>
        <time>1970-01-01T00:16:58Z</time>
        <extensions>
          <gpxtpx:TrackPointExtension>
            <gpxtpx:hr>137</gpxtpx:hr>
          </gpxtpx:TrackPointExtension>
        </extensions>
      </trkpt>
      <trkpt lat="22.753096828152852" lon="113.73511179019157">
        <ele>4.422840174287558</ele>
        <time>1970-01-01T00:16:59Z</time>
        <extensions>
          <gpxtpx:TrackPointExtension>
            <gpxtpx:hr>137</gpxtpx:hr>
          </gpxtpx:TrackPointExtension>
        </extensions>
      </trkpt>
      <trkpt lat="22.753114793721853" lon="113.73509805205732">
        <ele>4.385386785492301</ele>
        <time>1970-01-01T00:17:00Z</time>
        <extensions>
          <gpxtpx:TrackPointExtension>
            <gpxtpx:hr>137</gpxtpx:hr>
          </gpxtpx:TrackPointExtension>
        </extensions>
      </trkpt>
      <trkpt lat="22.75313082687535" lon="113.7350813354147">
        <ele>4.362466562539339</ele>
        <time>1970-01-01T00:17:01Z</time>
        <extensions>
          <gpxtpx:TrackPointExtension>
            <gpxtpx:hr>137</gpxtpx:hr>
          </gpxtpx:TrackPointExtension>
        </extensions>
      </trkpt>
      <trkpt lat="22.753145764093034" lon="113.73506232113047">
        <ele>4.356504053808749</ele>
        <time>1970-01-01T00:17:02Z</time>
        <extensions>
          <gpxtpx:TrackPointExtension>
            <gpxtpx:hr>137</gpxtpx:hr>
          </gpxtpx:TrackPointExtension>
        </extensions>
      </trkpt>
      <trkpt lat="22.7531601112945" lon="113.73504180877374">
        <ele>4.3681455962359905</ele>
        <time>1970-01-01T00:17:03Z</time>
        <extensions>
          <gpxtpx:TrackPointExtension>
            <gpxtpx:hr>137</gpxtpx:hr>
          </gpxtpx:TrackPointExtension>
        </extensions>
      </trkpt>
      <trkpt lat="22.753173632297102" lon="113.73501998386493">
        <ele>4.396065343171358</ele>
        <time>1970-01-01T00:17:04Z</time>
        <extensions>
          <gpxtpx:TrackPointExtension>
            <gpxtpx:hr>137</gpxtpx:hr>
          </gpxtpx:TrackPointExtension>
        </extensions>
      </trkpt>
      <trkpt lat="22.753185441767258" lon="113.7349974961146">
        <ele>4.438893633894622</ele>
        <time>1970-01-01T00:17:05Z</time>
        <extensions>
          <gpxtpx:TrackPointExtension>
            <gpxtpx:hr>137</gpxtpx:hr>
          </gpxtpx:TrackPointExtension>
        </extensions>
      </trkpt>
      <trkpt lat="22.753195449920185" lon="113.7349748318872">
        <ele>4.483045884408057</ele>
        <time>1970-01-01T00:17:06Z</time>
        <extensions>
          <gpxtpx:TrackPointExtension>
            <gpxtpx:hr>137</gpxtpx:hr>
          </gpxtpx:TrackPointExtension>
        </extensions>
      </trkpt>
      <trkpt lat="22.753204020703922" lon="113.7349516930132">
        <ele>4.528341512195766</ele>
        <time>1970-01-01T00:17:07Z</time>
        <extensions>
          <gpxtpx:TrackPointExtension>
            <gpxtpx:hr>136</gpxtpx:hr>
          </gpxtpx:TrackPointExtension>
        </extensions>
      </trkpt>
      <trkpt lat="22.753210800846617" lon="113.7349275845113">
        <ele>4.565840795636177</ele>
        <time>1970-01-01T00:17:08Z</time>
        <extensions>
          <gpxtpx:TrackPointExtension>
            <gpxtpx:hr>136</gpxtpx:hr>
          </gpxtpx:TrackPointExtension>
        </extensions>
      </trkpt>
      <trkpt lat="22.753215390669453" lon="113.73490230749401">
        <ele>4.589438866823912</ele>
        <time>1970-01-01T00:17:09Z</time>
        <extensions>
          <gpxtpx:TrackPointExtension>
            <gpxtpx:hr>136</gpxtpx:hr>
          </gpxtpx:TrackPointExtension>
        </extensions>
      </trkpt>
      <trkpt lat="22.753218069276013" lon="113.73487612472843">
        <ele>4.597295122221112</ele>
        <time>1970-01-01T00:17:10Z</time>
        <extensions>
          <gpxtpx:TrackPointExtension>
            <gpxtpx:hr>136</gpxtpx:hr>
          </gpxtpx:TrackPointExtension>
        </extensions>
      </trkpt>
      <trkpt lat="22.753218886414615" lon="113.73485020928244">
        <ele>4.5857681054621935</ele>
        <time>1970-01-01T00:17:11Z</time>
        <extensions>
          <gpxtpx:TrackPointExtension>
            <gpxtpx:hr>134</gpxtpx:hr>
          </gpxtpx:TrackPointExtension>
        </extensions>
      </trkpt>
      <trkpt lat="22.75321758974867" lon="113.7348254757846">
        <ele>4.558621905744076</ele>
        <time>1970-01-01T00:17:12Z</time>
        <extensions>
          <gpxtpx:TrackPointExtension>
            <gpxtpx:hr>134</gpxtpx:hr>
          </gpxtpx:TrackPointExtension>
        </extensions>
      </trkpt>
      <trkpt lat="22.753213977027787" lon="113.73480152219943">
        <ele>4.516664493829012</ele>
        <time>1970-01-01T00:17:13Z</time>
        <extensions>
          <gpxtpx:TrackPointExtension>
            <gpxtpx:hr>134</gpxtpx:hr>
          </gpxtpx:TrackPointExtension>
        </extensions>
      </trkpt>
      <trkpt lat="22.75320843329119" lon="113.73477721855247">
        <ele>4.465886181220412</ele>
        <time>1970-01-01T00:17:14Z</time>
        <extensions>
          <gpxtpx:TrackPointExtension>
            <gpxtpx:hr>134</gpxtpx:hr>
          </gpxtpx:TrackPointExtension>
        </extensions>
      </trkpt>
      <trkpt lat="22.75320188416781" lon="113.73475249474063">
        <ele>4.411616462282836</ele>
        <time>1970-01-01T00:17:15Z</time>
        <extensions>
          <gpxtpx:TrackPointExtension>
            <gpxtpx:hr>134</gpxtpx:hr>
          </gpxtpx:TrackPointExtension>
        </extensions>
      </trkpt>
      <trkpt lat="22.75319474833975" lon="113.73472825198658">
        <ele>4.357519083656371</ele>
        <time>1970-01-01T00:17:16Z</time>
        <extensions>
          <gpxtpx:TrackPointExtension>
            <gpxtpx:hr>134</gpxtpx:hr>
          </gpxtpx:TrackPointExtension>
        </extensions>
      </trkpt>
      <trkpt lat="22.753186601054963" lon="113.73470481742848">
        <ele>4.305856424383819</ele>
        <time>1970-01-01T00:17:17Z</time>
        <extensions>
          <gpxtpx:TrackPointExtension>
            <gpxtpx:hr>136</gpxtpx:hr>
          </gpxtpx:TrackPointExtension>
        </extensions>
      </trkpt>
      <trkpt lat="22.753177382411586" lon="113.73468237564796">
        <ele>4.262645373120904</ele>
        <time>1970-01-01T00:17:18Z</time>
        <extensions>
          <gpxtpx:TrackPointExtension>
            <gpxtpx:hr>136</gpxtpx:hr>
          </gpxtpx:TrackPointExtension>
        </extensions>
      </trkpt>
      <trkpt lat="22.753167538485844" lon="113.73466105457629">
        <ele>4.227644874714315</ele>
        <time>1970-01-01T00:17:19Z</time>
        <extensions>
          <gpxtpx:TrackPointExtension>
            <gpxtpx:hr>136</gpxtpx:hr>
          </gpxtpx:TrackPointExtension>
        </extensions>
      </trkpt>
      <trkpt lat="22.753157389170024" lon="113.7346404976715">
        <ele>4.203242588788271</ele>
        <time>1970-01-01T00:17:20Z</time>
        <extensions>
          <gpxtpx:TrackPointExtension>
            <gpxtpx:hr>136</gpxtpx:hr>
          </gpxtpx:TrackPointExtension>
        </extensions>
      </trkpt>
      <trkpt lat="22.753146747217514" lon="113.73462023498269">
        <ele>4.193019018508494</ele>
        <time>1970-01-01T00:17:21Z</time>
        <extensions>
          <gpxtpx:TrackPointExtension>
            <gpxtpx:hr>136</gpxtpx:hr>
          </gpxtpx:TrackPointExtension>
        </extensions>
      </trkpt>
      <trkpt lat="22.75313497600201" lon="113.73460011843446">
        <ele>4.1962861912325025</ele>
        <time>1970-01-01T00:17:22Z</time>
        <extensions>
          <gpxtpx:TrackPointExtension>
            <gpxtpx:hr>136</gpxtpx:hr>
          </gpxtpx:TrackPointExtension>
        </extensions>
      </trkpt>
      <trkpt lat="22.753121725686274" lon="113.73458008634567">
        <ele>4.214060707017779</ele>
        <time>1970-01-01T00:17:23Z</time>
        <extensions>
          <gpxtpx:TrackPointExtension>
            <gpxtpx:hr>136</gpxtpx:hr>
          </gpxtpx:TrackPointExtension>
        </extensions>
      </trkpt>
      <trkpt lat="22.753107210145302" lon="113.73456014126673">
        <ele>4.244023257866502</ele>
        <time>1970-01-01T00:17:24Z</time>
        <extensions>
          <gpxtpx:TrackPointExtension>
            <gpxtpx:hr>135</gpxtpx:hr>
          </gpxtpx:TrackPointExtension>
        </extensions>
      </trkpt>
      <trkpt lat="22.753091788248195" lon="113.73454050381588">
        <ele>4.2867511222139</ele>
        <time>1970-01-01T00:17:25Z</time>
        <extensions>
          <gpxtpx:TrackPointExtension>
            <gpxtpx:hr>135</gpxtpx:hr>
          </gpxtpx:TrackPointExtension>
        </extensions>
      </trkpt>
      <trkpt lat="22.753075791204303" lon="113.73452104767972">
        <ele>4.336887734010816</ele>
        <time>1970-01-01T00:17:26Z</time>
        <extensions>
          <gpxtpx:TrackPointExtension>
            <gpxtpx:hr>135</gpxtpx:hr>
          </gpxtpx:TrackPointExtension>
        </extensions>
      </trkpt>
      <trkpt lat="22.753059720881623" lon="113.73450206013662">
        <ele>4.392595041543245</ele>
        <time>1970-01-01T00:17:27Z</time>
        <extensions>
          <gpxtpx:TrackPointExtension>
            <gpxtpx:hr>135</gpxtpx:hr>
          </gpxtpx:TrackPointExtension>
        </extensions>
      </trkpt>
      <trkpt lat="22.75304369573373" lon="113.73448432974908">
        <ele>4.45650555100292</ele>
        <time>1970-01-01T00:17:28Z</time>
        <extensions>
          <gpxtpx:TrackPointExtension>
            <gpxtpx:hr>135</gpxtpx:hr>
          </gpxtpx:TrackPointExtension>
        </extensions>
      </trkpt>
      <trkpt lat="22.75302755677467" lon="113.73446787654036">
        <ele>4.530213873833418</ele>
        <time>1970-01-01T00:17:29Z</time>
        <extensions>
          <gpxtpx:TrackPointExtension>
            <gpxtpx:hr>135</gpxtpx:hr>
          </gpxtpx:TrackPointExtension>
        </extensions>
      </trkpt>
      <trkpt lat="22.75301110165701" lon="113.7344518724439">
        <ele>4.59708817768842</ele>
        <time>1970-01-01T00:17:30Z</time>
        <extensions>
          <gpxtpx:TrackPointExtension>
            <gpxtpx:hr>136</gpxtpx:hr>
          </gpxtpx:TrackPointExtension>
        </extensions>
      </trkpt>
      <trkpt lat="22.75299430070089" lon="113.73443585190716">
        <ele>4.662176665849984</ele>
        <time>1970-01-01T00:17:31Z</time>
        <extensions>
          <gpxtpx:TrackPointExtension>
            <gpxtpx:hr>136</gpxtpx:hr>
          </gpxtpx:TrackPointExtension>
        </extensions>
      </trkpt>
      <trkpt lat="22.752977341803565" lon="113.73442004845346">
        <ele>4.724098559468985</ele>
        <time>1970-01-01T00:17:32Z</time>
        <extensions>
          <gpxtpx:TrackPointExtension>
            <gpxtpx:hr>136</gpxtpx:hr>
          </gpxtpx:TrackPointExtension>
        </extensions>
      </trkpt>
      <trkpt lat="22.752960189663312" lon="113.73440471300995">
        <ele>4.782533871009946</ele>
        <time>1970-01-01T00:17:33Z</time>
        <extensions>
          <gpxtpx:TrackPointExtension>
            <gpxtpx:hr>136</gpxtpx:hr>
          </gpxtpx:TrackPointExtension>
        </extensions>
      </trkpt>
      <trkpt lat="22.75294281709948" lon="113.73438981189234">
        <ele>4.841431941837072</ele>
        <time>1970-01-01T00:17:34Z</time>
        <extensions>
          <gpxtpx:TrackPointExtension>
            <gpxtpx:hr>137</gpxtpx:hr>
          </gpxtpx:TrackPointExtension>
        </extensions>
      </trkpt>
      <trkpt lat="22.75292540589402" lon="113.73437554196921">
        <ele>4.8976671220734715</ele>
        <time>1970-01-01T00:17:35Z</time>
        <extensions>
          <gpxtpx:TrackPointExtension>
            <gpxtpx:hr>137</gpxtpx:hr>
          </gpxtpx:TrackPointExtension>
        </extensions>
      </trkpt>
      <trkpt lat="22.752907773794746" lon="113.73436208611244">
        <ele>4.955279368907213</ele>
        <time>1970-01-01T00:17:36Z</time>
        <extensions>
          <gpxtpx:TrackPointExtension>
            <gpxtpx:hr>137</gpxtpx:hr>
          </gpxtpx:TrackPointExtension>
        </extensions>
      </trkpt>
      <trkpt lat="22.752889734552692" lon="113.73434946184575">
        <ele>5.009559346362948</ele>
        <time>1970-01-01T00:17:37Z</time>
        <extensions>
          <gpxtpx:TrackPointExtension>
            <gpxtpx:hr>137</gpxtpx:hr>
          </gpxtpx:TrackPointExtension>
        </extensions>
      </trkpt>
      <trkpt lat="22.75287106506785" lon="113.73433731567283">
        <ele>5.061024591326714</ele>
        <time>1970-01-01T00:17:38Z</time>
        <extensions>
          <gpxtpx:TrackPointExtension>
            <gpxtpx:hr>137</gpxtpx:hr>
          </gpxtpx:TrackPointExtension>
        </extensions>
      </trkpt>
      <trkpt lat="22.752851662107236" lon="113.73432453620798">
        <ele>5.119734817184508</ele>
        <time>1970-01-01T00:17:39Z</time>
        <extensions>
          <gpxtpx:TrackPointExtension>
            <gpxtpx:hr>138</gpxtpx:hr>
          </gpxtpx:TrackPointExtension>
        </extensions>
      </trkpt>
      <trkpt lat="22.75283213361205" lon="113.7343106056733">
        <ele>5.18192143086344</ele>
        <time>1970-01-01T00:17:40Z</time>
        <extensions>
          <gpxtpx:TrackPointExtension>
            <gpxtpx:hr>138</gpxtpx:hr>
          </gpxtpx:TrackPointExtension>
        </extensions>
      </trkpt>
      <trkpt lat="22.752813236009874" lon="113.7342958963885">
        <ele>5.25012356415391</ele>
        <time>1970-01-01T00:17:41Z</time>
        <extensions>
          <gpxtpx:TrackPointExtension>
            <gpxtpx:hr>138</gpxtpx:hr>
          </gpxtpx:TrackPointExtension>
        </extensions>
      </trkpt>
      <trkpt lat="22.75279493039767" lon="113.73428085677187">
        <ele>5.325542405247688</ele>
        <time>1970-01-01T00:17:42Z</time>
        <extensions>
          <gpxtpx:TrackPointExtension>
            <gpxtpx:hr>138</gpxtpx:hr>
          </gpxtpx:TrackPointExtension>
        </extensions>
      </trkpt>
      <trkpt lat="22.752776903548714" lon="113.73426600294887">
        <ele>5.410869622603059</ele>
        <time>1970-01-01T00:17:43Z</time>
        <extensions>
          <gpxtpx:TrackPointExtension>
            <gpxtpx:hr>137</gpxtpx:hr>
          </gpxtpx:TrackPointExtension>
        </extensions>
      </trkpt>
      <trkpt lat="22.75275875187319" lon="113.73425154979778">
        <ele>5.509784444235265</ele>
        <time>1970-01-01T00:17:44Z</time>
        <extensions>
          <gpxtpx:TrackPointExtension>
            <gpxtpx:hr>137</gpxtpx:hr>
          </gpxtpx:TrackPointExtension>
        </extensions>
      </trkpt>
      <trkpt lat="22.752740041814935" lon="113.73423680850402">
        <ele>5.622130637057126</ele>
        <time>1970-01-01T00:17:45Z</time>
        <extensions>
          <gpxtpx:TrackPointExtension>
            <gpxtpx:hr>137</gpxtpx:hr>
          </gpxtpx:TrackPointExtension>
        </extensions>
      </trkpt>
      <trkpt lat="22.752720388773106" lon="113.73422144147244">
        <ele>5.743111044168472</ele>
        <time>1970-01-01T00:17:46Z</time>
        <extensions>
          <gpxtpx:TrackPointExtension>
            <gpxtpx:hr>137</gpxtpx:hr>
          </gpxtpx:TrackPointExtension>
        </extensions>
      </trkpt>
      <trkpt lat="22.752700286707686" lon="113.73420554084093">
        <ele>5.875402350910008</ele>
        <time>1970-01-01T00:17:47Z</time>
        <extensions>
          <gpxtpx:TrackPointExtension>
            <gpxtpx:hr>137</gpxtpx:hr>
          </gpxtpx:TrackPointExtension>
        </extensions>
      </trkpt>
      <trkpt lat="22.75268001318613" lon="113.73418955085906">
        <ele>6.011743597686291</ele>
        <time>1970-01-01T00:17:48Z</time>
        <extensions>
          <gpxtpx:TrackPointExtension>
            <gpxtpx:hr>137</gpxtpx:hr>
          </gpxtpx:TrackPointExtension>
        </extensions>
      </trkpt>
      <trkpt lat="22.752659735344363" lon="113.73417379972646">
        <ele>6.14400440081954</ele>
        <time>1970-01-01T00:17:49Z</time>
        <extensions>
          <gpxtpx:TrackPointExtension>
            <gpxtpx:hr>137</gpxtpx:hr>
          </gpxtpx:TrackPointExtension>
        </extensions>
      </trkpt>
      <trkpt lat="22.752639674070274" lon="113.7341583096025">
        <ele>6.261473727412522</ele>
        <time>1970-01-01T00:17:50Z</time>
        <extensions>
          <gpxtpx:TrackPointExtension>
            <gpxtpx:hr>137</gpxtpx:hr>
          </gpxtpx:TrackPointExtension>
        </extensions>
      </trkpt>
      <trkpt lat="22.752620175267463" lon="113.73414298402861">
        <ele>6.35312966350466</ele>
        <time>1970-01-01T00:17:51Z</time>
        <extensions>
          <gpxtpx:TrackPointExtension>
            <gpxtpx:hr>138</gpxtpx:hr>
          </gpxtpx:TrackPointExtension>
        </extensions>
      </trkpt>
      <trkpt lat="22.75260137646883" lon="113.73412767517858">
        <ele>6.414613867178559</ele>
        <time>1970-01-01T00:17:52Z</time>
        <extensions>
          <gpxtpx:TrackPointExtension>
            <gpxtpx:hr>138</gpxtpx:hr>
          </gpxtpx:TrackPointExtension>
        </extensions>
      </trkpt>
      <trkpt lat="22.752582036860016" lon="113.73411275429667">
        <ele>6.44390994310379</ele>
        <time>1970-01-01T00:17:53Z</time>
        <extensions>
          <gpxtpx:TrackPointExtension>
            <gpxtpx:hr>138</gpxtpx:hr>
          </gpxtpx:TrackPointExtension>
        </extensions>
      </trkpt>
      <trkpt lat="22.752561739532158" lon="113.73409834054029">
        <ele>6.434525311924517</ele>
        <time>1970-01-01T00:17:54Z</time>
        <extensions>
          <gpxtpx:TrackPointExtension>
            <gpxtpx:hr>138</gpxtpx:hr>
          </gpxtpx:TrackPointExtension>
        </extensions>
      </trkpt>
      <trkpt lat="22.75254086657974" lon="113.73408451711623">
        <ele>6.395026144571602</ele>
        <time>1970-01-01T00:17:55Z</time>
        <extensions>
          <gpxtpx:TrackPointExtension>
            <gpxtpx:hr>138</gpxtpx:hr>
          </gpxtpx:TrackPointExtension>
        </extensions>
      </trkpt>
      <trkpt lat="22.752519964735363" lon="113.73407054737903">
        <ele>6.321711803786457</ele>
        <time>1970-01-01T00:17:56Z</time>
        <extensions>
          <gpxtpx:TrackPointExtension>
            <gpxtpx:hr>138</gpxtpx:hr>
          </gpxtpx:TrackPointExtension>
        </extensions>
      </trkpt>
      <trkpt lat="22.752499526264792" lon="113.73405587916943">
        <ele>6.222611855715513</ele>
        <time>1970-01-01T00:17:57Z</time>
        <extensions>
          <gpxtpx:TrackPointExtension>
            <gpxtpx:hr>137</gpxtpx:hr>
          </gpxtpx:TrackPointExtension>
        </extensions>
      </trkpt>
      <trkpt lat="22.752479529392872" lon="113.7340408906536">
        <ele>6.114229852333665</ele>
        <time>1970-01-01T00:17:58Z</time>
        <extensions>
          <gpxtpx:TrackPointExtension>
            <gpxtpx:hr>137</gpxtpx:hr>
          </gpxtpx:TrackPointExtension>
        </extensions>
      </trkpt>
      <trkpt lat="22.752459968272632" lon="113.7340256193276">
        <ele>6.0055900029838085</ele>
        <time>1970-01-01T00:17:59Z</time>
        <extensions>
          <gpxtpx:TrackPointExtension>
            <gpxtpx:hr>137</gpxtpx:hr>
          </gpxtpx:TrackPointExtension>
        </extensions>
      </trkpt>
      <trkpt lat="22.75244130797653" lon="113.7340105712885">
        <ele>5.91054180264473</ele>
        <time>1970-01-01T00:18:00Z</time>
        <extensions>
          <gpxtpx:TrackPointExtension>
            <gpxtpx:hr>137</gpxtpx:hr>
          </gpxtpx:TrackPointExtension>
        </extensions>
      </trkpt>
      <trkpt lat="22.752424539632397" lon="113.73399746574799">
        <ele>5.831062766723335</ele>
        <time>1970-01-01T00:18:01Z</time>
        <extensions>
          <gpxtpx:TrackPointExtension>
            <gpxtpx:hr>137</gpxtpx:hr>
          </gpxtpx:TrackPointExtension>
        </extensions>
      </trkpt>
      <trkpt lat="22.752407535416197" lon="113.73398467238444">
        <ele>5.769497918896377</ele>
        <time>1970-01-01T00:18:02Z</time>
        <extensions>
          <gpxtpx:TrackPointExtension>
            <gpxtpx:hr>137</gpxtpx:hr>
          </gpxtpx:TrackPointExtension>
        </extensions>
      </trkpt>
      <trkpt lat="22.75238849500811" lon="113.7339698609892">
        <ele>5.73091637622565</ele>
        <time>1970-01-01T00:18:03Z</time>
        <extensions>
          <gpxtpx:TrackPointExtension>
            <gpxtpx:hr>137</gpxtpx:hr>
          </gpxtpx:TrackPointExtension>
        </extensions>
      </trkpt>
      <trkpt lat="22.752368804345487" lon="113.73395428326593">
        <ele>5.711875185370445</ele>
        <time>1970-01-01T00:18:04Z</time>
        <extensions>
          <gpxtpx:TrackPointExtension>
            <gpxtpx:hr>136</gpxtpx:hr>
          </gpxtpx:TrackPointExtension>
        </extensions>
      </trkpt>
      <trkpt lat="22.752348903586707" lon="113.7339390487689">
        <ele>5.710567896254361</ele>
        <time>1970-01-01T00:18:05Z</time>
        <extensions>
          <gpxtpx:TrackPointExtension>
            <gpxtpx:hr>136</gpxtpx:hr>
          </gpxtpx:TrackPointExtension>
        </extensions>
      </trkpt>
      <trkpt lat="22.75232867097296" lon="113.73392443414608">
        <ele>5.7247621435672045</ele>
        <time>1970-01-01T00:18:06Z</time>
        <extensions>
          <gpxtpx:TrackPointExtension>
            <gpxtpx:hr>136</gpxtpx:hr>
          </gpxtpx:TrackPointExtension>
        </extensions>
      </trkpt>
      <trkpt lat="22.752308651340474" lon="113.7339099472415">
        <ele>5.755879985168576</ele>
        <time>1970-01-01T00:18:07Z</time>
        <extensions>
          <gpxtpx:TrackPointExtension>
            <gpxtpx:hr>136</gpxtpx:hr>
          </gpxtpx:TrackPointExtension>
        </extensions>
      </trkpt>
      <trkpt lat="22.752289054794122" lon="113.73389552914666">
        <ele>5.795467644929886</ele>
        <time>1970-01-01T00:18:08Z</time>
        <extensions>
          <gpxtpx:TrackPointExtension>
            <gpxtpx:hr>136</gpxtpx:hr>
          </gpxtpx:TrackPointExtension>
        </extensions>
      </trkpt>
      <trkpt lat="22.75226962324939" lon="113.73388093804205">
        <ele>5.836104929447174</ele>
        <time>1970-01-01T00:18:09Z</time>
        <extensions>
          <gpxtpx:TrackPointExtension>
            <gpxtpx:hr>136</gpxtpx:hr>
          </gpxtpx:TrackPointExtension>
        </extensions>
      </trkpt>
      <trkpt lat="22.752250120589327" lon="113.73386602447577">
        <ele>5.873339090496302</ele>
        <time>1970-01-01T00:18:10Z</time>
        <extensions>
          <gpxtpx:TrackPointExtension>
            <gpxtpx:hr>136</gpxtpx:hr>
          </gpxtpx:TrackPointExtension>
        </extensions>
      </trkpt>
      <trkpt lat="22.752230438446485" lon="113.73385125007819">
        <ele>5.904664129018784</ele>
        <time>1970-01-01T00:18:11Z</time>
        <extensions>
          <gpxtpx:TrackPointExtension>
            <gpxtpx:hr>136</gpxtpx:hr>
          </gpxtpx:TrackPointExtension>
        </extensions>
      </trkpt>
      <trkpt lat="22.75221078068298" lon="113.73383678486339">
        <ele>5.927415315061808</ele>
        <time>1970-01-01T00:18:12Z</time>
        <extensions>
          <gpxtpx:TrackPointExtension>
            <gpxtpx:hr>136</gpxtpx:hr>
          </gpxtpx:TrackPointExtension>
        </extensions>
      </trkpt>
      <trkpt lat="22.752191241179027" lon="113.73382255516061">
        <ele>5.943373599089682</ele>
        <time>1970-01-01T00:18:13Z</time>
        <extensions>
          <gpxtpx:TrackPointExtension>
            <gpxtpx:hr>134</gpxtpx:hr>
          </gpxtpx:TrackPointExtension>
        </extensions>
      </trkpt>
      <trkpt lat="22.752171436716907" lon="113.73380826535681">
        <ele>5.958749920129776</ele>
        <time>1970-01-01T00:18:14Z</time>
        <extensions>
          <gpxtpx:TrackPointExtension>
            <gpxtpx:hr>134</gpxtpx:hr>
          </gpxtpx:TrackPointExtension>
        </extensions>
      </trkpt>
      <trkpt lat="22.75215119809931" lon="113.73379372544386">
        <ele>5.973948202095926</ele>
        <time>1970-01-01T00:18:15Z</time>
        <extensions>
          <gpxtpx:TrackPointExtension>
            <gpxtpx:hr>134</gpxtpx:hr>
          </gpxtpx:TrackPointExtension>
        </extensions>
      </trkpt>
      <trkpt lat="22.75213091095819" lon="113.73377894626024">
        <ele>5.985082403756678</ele>
        <time>1970-01-01T00:18:16Z</time>
        <extensions>
          <gpxtpx:TrackPointExtension>
            <gpxtpx:hr>134</gpxtpx:hr>
          </gpxtpx:TrackPointExtension>
        </extensions>
      </trkpt>
      <trkpt lat="22.752111272324427" lon="113.73376372491035">
        <ele>6.001008979976177</ele>
        <time>1970-01-01T00:18:17Z</time>
        <extensions>
          <gpxtpx:TrackPointExtension>
            <gpxtpx:hr>134</gpxtpx:hr>
          </gpxtpx:TrackPointExtension>
        </extensions>
      </trkpt>
      <trkpt lat="22.752092584469892" lon="113.7337478899665">
        <ele>6.019438799470663</ele>
        <time>1970-01-01T00:18:18Z</time>
        <extensions>
          <gpxtpx:TrackPointExtension>
            <gpxtpx:hr>134</gpxtpx:hr>
          </gpxtpx:TrackPointExtension>
        </extensions>
      </trkpt>
      <trkpt lat="22.75207441978312" lon="113.73373220282302">
        <ele>6.041101595386863</ele>
        <time>1970-01-01T00:18:19Z</time>
        <extensions>
          <gpxtpx:TrackPointExtension>
            <gpxtpx:hr>134</gpxtpx:hr>
          </gpxtpx:TrackPointExtension>
        </extensions>
      </trkpt>
      <trkpt lat="22.75205577840038" lon="113.73371734988703">
        <ele>6.071349363774061</ele>
        <time>1970-01-01T00:18:20Z</time>
        <extensions>
          <gpxtpx:TrackPointExtension>
            <gpxtpx:hr>134</gpxtpx:hr>
          </gpxtpx:TrackPointExtension>
        </extensions>
      </trkpt>
      <trkpt lat="22.752036638328267" lon="113.73370301368308">
        <ele>6.096238368190825</ele>
        <time>1970-01-01T00:18:21Z</time>
        <extensions>
          <gpxtpx:TrackPointExtension>
            <gpxtpx:hr>134</gpxtpx:hr>
          </gpxtpx:TrackPointExtension>
        </extensions>
      </trkpt>
      <trkpt lat="22.75201798463979" lon="113.73368843486286">
        <ele>6.115472126752138</ele>
        <time>1970-01-01T00:18:22Z</time>
        <extensions>
          <gpxtpx:TrackPointExtension>
            <gpxtpx:hr>136</gpxtpx:hr>
          </gpxtpx:TrackPointExtension>
        </extensions>
      </trkpt>
      <trkpt lat="22.751999898515344" lon="113.73367354709279">
        <ele>6.131205999292433</ele>
        <time>1970-01-01T00:18:23Z</time>
        <extensions>
          <gpxtpx:TrackPointExtension>
            <gpxtpx:hr>136</gpxtpx:hr>
          </gpxtpx:TrackPointExtension>
        </extensions>
      </trkpt>
      <trkpt lat="22.75198168469439" lon="113.73365867867335">
        <ele>6.142662789672613</ele>
        <time>1970-01-01T00:18:24Z</time>
        <extensions>
          <gpxtpx:TrackPointExtension>
            <gpxtpx:hr>136</gpxtpx:hr>
          </gpxtpx:TrackPointExtension>
        </extensions>
      </trkpt>
      <trkpt lat="22.75196286642535" lon="113.73364391909178">
        <ele>6.150969453155994</ele>
        <time>1970-01-01T00:18:25Z</time>
        <extensions>
          <gpxtpx:TrackPointExtension>
            <gpxtpx:hr>136</gpxtpx:hr>
          </gpxtpx:TrackPointExtension>
        </extensions>
      </trkpt>
      <trkpt lat="22.75194372414201" lon="113.73362946695605">
        <ele>6.149500058032572</ele>
        <time>1970-01-01T00:18:26Z</time>
        <extensions>
          <gpxtpx:TrackPointExtension>
            <gpxtpx:hr>136</gpxtpx:hr>
          </gpxtpx:TrackPointExtension>
        </extensions>
      </trkpt>
      <trkpt lat="22.75192402661104" lon="113.7336154519387">
        <ele>6.136196857318282</ele>
        <time>1970-01-01T00:18:27Z</time>
        <extensions>
          <gpxtpx:TrackPointExtension>
            <gpxtpx:hr>136</gpxtpx:hr>
          </gpxtpx:TrackPointExtension>
        </extensions>
      </trkpt>
      <trkpt lat="22.751903363980002" lon="113.73360101161228">
        <ele>6.116410157643259</ele>
        <time>1970-01-01T00:18:28Z</time>
        <extensions>
          <gpxtpx:TrackPointExtension>
            <gpxtpx:hr>136</gpxtpx:hr>
          </gpxtpx:TrackPointExtension>
        </extensions>
      </trkpt>
      <trkpt lat="22.75188250758397" lon="113.73358585397374">
        <ele>6.090908704325557</ele>
        <time>1970-01-01T00:18:29Z</time>
        <extensions>
          <gpxtpx:TrackPointExtension>
            <gpxtpx:hr>135</gpxtpx:hr>
          </gpxtpx:TrackPointExtension>
        </extensions>
      </trkpt>
      <trkpt lat="22.75186231376731" lon="113.7335704424992">
        <ele>6.058936921879649</ele>
        <time>1970-01-01T00:18:30Z</time>
        <extensions>
          <gpxtpx:TrackPointExtension>
            <gpxtpx:hr>135</gpxtpx:hr>
          </gpxtpx:TrackPointExtension>
        </extensions>
      </trkpt>
      <trkpt lat="22.75184279767323" lon="113.73355509580502">
        <ele>6.020837686955929</ele>
        <time>1970-01-01T00:18:31Z</time>
        <extensions>
          <gpxtpx:TrackPointExtension>
            <gpxtpx:hr>135</gpxtpx:hr>
          </gpxtpx:TrackPointExtension>
        </extensions>
      </trkpt>
      <trkpt lat="22.751823687850276" lon="113.73354006540796">
        <ele>5.984308525919914</ele>
        <time>1970-01-01T00:18:32Z</time>
        <extensions>
          <gpxtpx:TrackPointExtension>
            <gpxtpx:hr>135</gpxtpx:hr>
          </gpxtpx:TrackPointExtension>
        </extensions>
      </trkpt>
      <trkpt lat="22.751804694255863" lon="113.7335254383661">
        <ele>5.95134396571666</ele>
        <time>1970-01-01T00:18:33Z</time>
        <extensions>
          <gpxtpx:TrackPointExtension>
            <gpxtpx:hr>135</gpxtpx:hr>
          </gpxtpx:TrackPointExtension>
        </extensions>
      </trkpt>
      <trkpt lat="22.751785530700655" lon="113.73351097028375">
        <ele>5.924097282811999</ele>
        <time>1970-01-01T00:18:34Z</time>
        <extensions>
          <gpxtpx:TrackPointExtension>
            <gpxtpx:hr>135</gpxtpx:hr>
          </gpxtpx:TrackPointExtension>
        </extensions>
      </trkpt>
      <trkpt lat="22.751765522532427" lon="113.73349603632677">
        <ele>5.898797646164894</ele>
        <time>1970-01-01T00:18:35Z</time>
        <extensions>
          <gpxtpx:TrackPointExtension>
            <gpxtpx:hr>135</gpxtpx:hr>
          </gpxtpx:TrackPointExtension>
        </extensions>
      </trkpt>
      <trkpt lat="22.751745124243044" lon="113.73348021294841">
        <ele>5.875919608399272</ele>
        <time>1970-01-01T00:18:36Z</time>
        <extensions>
          <gpxtpx:TrackPointExtension>
            <gpxtpx:hr>135</gpxtpx:hr>
          </gpxtpx:TrackPointExtension>
        </extensions>
      </trkpt>
      <trkpt lat="22.7517253937319" lon="113.73346369030226">
        <ele>5.852824374102056</ele>
        <time>1970-01-01T00:18:37Z</time>
        <extensions>
          <gpxtpx:TrackPointExtension>
            <gpxtpx:hr>136</gpxtpx:hr>
          </gpxtpx:TrackPointExtension>
        </extensions>
      </trkpt>
      <trkpt lat="22.751706618935707" lon="113.73344754954921">
        <ele>5.829767215996981</ele>
        <time>1970-01-01T00:18:38Z</time>
        <extensions>
          <gpxtpx:TrackPointExtension>
            <gpxtpx:hr>136</gpxtpx:hr>
          </gpxtpx:TrackPointExtension>
        </extensions>
      </trkpt>
      <trkpt lat="22.75168848740821" lon="113.73343324605173">
        <ele>5.809898555278778</ele>
        <time>1970-01-01T00:18:39Z</time>
        <extensions>
          <gpxtpx:TrackPointExtension>
            <gpxtpx:hr>136</gpxtpx:hr>
          </gpxtpx:TrackPointExtension>
        </extensions>
      </trkpt>
      <trkpt lat="22.751669690963812" lon="113.73342002892404">
        <ele>5.789114988408983</ele>
        <time>1970-01-01T00:18:40Z</time>
        <extensions>
          <gpxtpx:TrackPointExtension>
            <gpxtpx:hr>136</gpxtpx:hr>
          </gpxtpx:TrackPointExtension>
        </extensions>
      </trkpt>
      <trkpt lat="22.751649834439174" lon="113.73340643075618">
        <ele>5.768289171159267</ele>
        <time>1970-01-01T00:18:41Z</time>
        <extensions>
          <gpxtpx:TrackPointExtension>
            <gpxtpx:hr>136</gpxtpx:hr>
          </gpxtpx:TrackPointExtension>
        </extensions>
      </trkpt>
      <trkpt lat="22.75163009878382" lon="113.7333923690503">
        <ele>5.754377863369882</ele>
        <time>1970-01-01T00:18:42Z</time>
        <extensions>
          <gpxtpx:TrackPointExtension>
            <gpxtpx:hr>136</gpxtpx:hr>
          </gpxtpx:TrackPointExtension>
        </extensions>
      </trkpt>
      <trkpt lat="22.751611361350722" lon="113.73337828188373">
        <ele>5.7470108876004815</ele>
        <time>1970-01-01T00:18:43Z</time>
        <extensions>
          <gpxtpx:TrackPointExtension>
            <gpxtpx:hr>137</gpxtpx:hr>
          </gpxtpx:TrackPointExtension>
        </extensions>
      </trkpt>
      <trkpt lat="22.751593528775793" lon="113.7333647988749">
        <ele>5.749175311997533</ele>
        <time>1970-01-01T00:18:44Z</time>
        <extensions>
          <gpxtpx:TrackPointExtension>
            <gpxtpx:hr>137</gpxtpx:hr>
          </gpxtpx:TrackPointExtension>
        </extensions>
      </trkpt>
      <trkpt lat="22.751575730697837" lon="113.73335170309745">
        <ele>5.760943339206278</ele>
        <time>1970-01-01T00:18:45Z</time>
        <extensions>
          <gpxtpx:TrackPointExtension>
            <gpxtpx:hr>137</gpxtpx:hr>
          </gpxtpx:TrackPointExtension>
        </extensions>
      </trkpt>
      <trkpt lat="22.751556908454017" lon="113.73333823273809">
        <ele>5.784774326719344</ele>
        <time>1970-01-01T00:18:46Z</time>
        <extensions>
          <gpxtpx:TrackPointExtension>
            <gpxtpx:hr>137</gpxtpx:hr>
          </gpxtpx:TrackPointExtension>
        </extensions>
      </trkpt>
      <trkpt lat="22.75153685107939" lon="113.73332394251914">
        <ele>5.823235634714365</ele>
        <time>1970-01-01T00:18:47Z</time>
        <extensions>
          <gpxtpx:TrackPointExtension>
            <gpxtpx:hr>137</gpxtpx:hr>
          </gpxtpx:TrackPointExtension>
        </extensions>
      </trkpt>
      <trkpt lat="22.751516375820074" lon="113.73330904206483">
        <ele>5.875595263205469</ele>
        <time>1970-01-01T00:18:48Z</time>
        <extensions>
          <gpxtpx:TrackPointExtension>
            <gpxtpx:hr>137</gpxtpx:hr>
          </gpxtpx:TrackPointExtension>
        </extensions>
      </trkpt>
      <trkpt lat="22.751496178974072" lon="113.73329410850734">
        <ele>5.942076480016112</ele>
        <time>1970-01-01T00:18:49Z</time>
        <extensions>
          <gpxtpx:TrackPointExtension>
            <gpxtpx:hr>137</gpxtpx:hr>
          </gpxtpx:TrackPointExtension>
        </extensions>
      </trkpt>
      <trkpt lat="22.751476145188967" lon="113.73327981657121">
        <ele>6.021899565123022</ele>
        <time>1970-01-01T00:18:50Z</time>
        <extensions>
          <gpxtpx:TrackPointExtension>
            <gpxtpx:hr>137</gpxtpx:hr>
          </gpxtpx:TrackPointExtension>
        </extensions>
      </trkpt>
      <trkpt lat="22.751455795299393" lon="113.73326636459265">
        <ele>6.104560793377459</ele>
        <time>1970-01-01T00:18:51Z</time>
        <extensions>
          <gpxtpx:TrackPointExtension>
            <gpxtpx:hr>137</gpxtpx:hr>
          </gpxtpx:TrackPointExtension>
        </extensions>
      </trkpt>
      <trkpt lat="22.75143554620536" lon="113.73325353450701">
        <ele>6.187858574092388</ele>
        <time>1970-01-01T00:18:52Z</time>
        <extensions>
          <gpxtpx:TrackPointExtension>
            <gpxtpx:hr>137</gpxtpx:hr>
          </gpxtpx:TrackPointExtension>
        </extensions>
      </trkpt>
      <trkpt lat="22.75141620944278" lon="113.73324087309379">
        <ele>6.261856250464916</ele>
        <time>1970-01-01T00:18:53Z</time>
        <extensions>
          <gpxtpx:TrackPointExtension>
            <gpxtpx:hr>137</gpxtpx:hr>
          </gpxtpx:TrackPointExtension>
        </extensions>
      </trkpt>
      <trkpt lat="22.75139775767433" lon="113.73322813539389">
        <ele>6.325273588299751</ele>
        <time>1970-01-01T00:18:54Z</time>
        <extensions>
          <gpxtpx:TrackPointExtension>
            <gpxtpx:hr>137</gpxtpx:hr>
          </gpxtpx:TrackPointExtension>
        </extensions>
      </trkpt>
      <trkpt lat="22.751380192534086" lon="113.73321527921738">
        <ele>6.373433881439269</ele>
        <time>1970-01-01T00:18:55Z</time>
        <extensions>
          <gpxtpx:TrackPointExtension>
            <gpxtpx:hr>137</gpxtpx:hr>
          </gpxtpx:TrackPointExtension>
        </extensions>
      </trkpt>
      <trkpt lat="22.75136306318494" lon="113.73320271966355">
        <ele>6.4072645688429475</ele>
        <time>1970-01-01T00:18:56Z</time>
        <extensions>
          <gpxtpx:TrackPointExtension>
            <gpxtpx:hr>137</gpxtpx:hr>
          </gpxtpx:TrackPointExtension>
        </extensions>
      </trkpt>
      <trkpt lat="22.75134569493334" lon="113.73319034602933">
        <ele>6.4276780821383</ele>
        <time>1970-01-01T00:18:57Z</time>
        <extensions>
          <gpxtpx:TrackPointExtension>
            <gpxtpx:hr>137</gpxtpx:hr>
          </gpxtpx:TrackPointExtension>
        </extensions>
      </trkpt>
      <trkpt lat="22.751327901267345" lon="113.73317750268913">
        <ele>6.4326888974756</ele>
        <time>1970-01-01T00:18:58Z</time>
        <extensions>
          <gpxtpx:TrackPointExtension>
            <gpxtpx:hr>137</gpxtpx:hr>
          </gpxtpx:TrackPointExtension>
        </extensions>
      </trkpt>
      <trkpt lat="22.751309596014863" lon="113.73316377356625">
        <ele>6.424822787754238</ele>
        <time>1970-01-01T00:18:59Z</time>
        <extensions>
          <gpxtpx:TrackPointExtension>
            <gpxtpx:hr>137</gpxtpx:hr>
          </gpxtpx:TrackPointExtension>
        </extensions>
      </trkpt>
      <trkpt lat="22.751290857988412" lon="113.73314917535205">
        <ele>6.3977126982063055</ele>
        <time>1970-01-01T00:19:00Z</time>
        <extensions>
          <gpxtpx:TrackPointExtension>
            <gpxtpx:hr>137</gpxtpx:hr>
          </gpxtpx:TrackPointExtension>
        </extensions>
      </trkpt>
      <trkpt lat="22.75127191217986" lon="113.73313416898526">
        <ele>6.3541397182270885</ele>
        <time>1970-01-01T00:19:01Z</time>
        <extensions>
          <gpxtpx:TrackPointExtension>
            <gpxtpx:hr>137</gpxtpx:hr>
          </gpxtpx:TrackPointExtension>
        </extensions>
      </trkpt>
      <trkpt lat="22.751252999331534" lon="113.7331190580508">
        <ele>6.29603320453316</ele>
        <time>1970-01-01T00:19:02Z</time>
        <extensions>
          <gpxtpx:TrackPointExtension>
            <gpxtpx:hr>137</gpxtpx:hr>
          </gpxtpx:TrackPointExtension>
        </extensions>
      </trkpt>
      <trkpt lat="22.751234448968077" lon="113.73310412213621">
        <ele>6.2331812316551805</ele>
        <time>1970-01-01T00:19:03Z</time>
        <extensions>
          <gpxtpx:TrackPointExtension>
            <gpxtpx:hr>137</gpxtpx:hr>
          </gpxtpx:TrackPointExtension>
        </extensions>
      </trkpt>
      <trkpt lat="22.75121608234465" lon="113.73308929148368">
        <ele>6.16899043507874</ele>
        <time>1970-01-01T00:19:04Z</time>
        <extensions>
          <gpxtpx:TrackPointExtension>
            <gpxtpx:hr>137</gpxtpx:hr>
          </gpxtpx:TrackPointExtension>
        </extensions>
      </trkpt>
      <trkpt lat="22.751197153992567" lon="113.73307386128059">
        <ele>6.106031538918614</ele>
        <time>1970-01-01T00:19:05Z</time>
        <extensions>
          <gpxtpx:TrackPointExtension>
            <gpxtpx:hr>137</gpxtpx:hr>
          </gpxtpx:TrackPointExtension>
        </extensions>
      </trkpt>
      <trkpt lat="22.751177757925383" lon="113.73305778935612">
        <ele>6.048940575681627</ele>
        <time>1970-01-01T00:19:06Z</time>
        <extensions>
          <gpxtpx:TrackPointExtension>
            <gpxtpx:hr>137</gpxtpx:hr>
          </gpxtpx:TrackPointExtension>
        </extensions>
      </trkpt>
      <trkpt lat="22.75115823792726" lon="113.73304154916335">
        <ele>5.999833378940821</ele>
        <time>1970-01-01T00:19:07Z</time>
        <extensions>
          <gpxtpx:TrackPointExtension>
            <gpxtpx:hr>137</gpxtpx:hr>
          </gpxtpx:TrackPointExtension>
        </extensions>
      </trkpt>
      <trkpt lat="22.751138826095485" lon="113.7330256263041">
        <ele>5.956254263408482</ele>
        <time>1970-01-01T00:19:08Z</time>
        <extensions>
          <gpxtpx:TrackPointExtension>
            <gpxtpx:hr>137</gpxtpx:hr>
          </gpxtpx:TrackPointExtension>
        </extensions>
      </trkpt>
      <trkpt lat="22.751119901089336" lon="113.7330103221013">
        <ele>5.915286374278367</ele>
        <time>1970-01-01T00:19:09Z</time>
        <extensions>
          <gpxtpx:TrackPointExtension>
            <gpxtpx:hr>137</gpxtpx:hr>
          </gpxtpx:TrackPointExtension>
        </extensions>
      </trkpt>
      <trkpt lat="22.751100888860368" lon="113.73299549060228">
        <ele>5.8918129885569215</ele>
        <time>1970-01-01T00:19:10Z</time>
        <extensions>
          <gpxtpx:TrackPointExtension>
            <gpxtpx:hr>137</gpxtpx:hr>
          </gpxtpx:TrackPointExtension>
        </extensions>
      </trkpt>
      <trkpt lat="22.751081506097083" lon="113.7329812204686">
        <ele>5.8894972605630755</ele>
        <time>1970-01-01T00:19:11Z</time>
        <extensions>
          <gpxtpx:TrackPointExtension>
            <gpxtpx:hr>137</gpxtpx:hr>
          </gpxtpx:TrackPointExtension>
        </extensions>
      </trkpt>
      <trkpt lat="22.751062067424535" lon="113.7329673156509">
        <ele>5.919434497132897</ele>
        <time>1970-01-01T00:19:12Z</time>
        <extensions>
          <gpxtpx:TrackPointExtension>
            <gpxtpx:hr>137</gpxtpx:hr>
          </gpxtpx:TrackPointExtension>
        </extensions>
      </trkpt>
      <trkpt lat="22.751042364940307" lon="113.7329533738434">
        <ele>5.978606078773737</ele>
        <time>1970-01-01T00:19:13Z</time>
        <extensions>
          <gpxtpx:TrackPointExtension>
            <gpxtpx:hr>137</gpxtpx:hr>
          </gpxtpx:TrackPointExtension>
        </extensions>
      </trkpt>
      <trkpt lat="22.751022735334317" lon="113.73293955123862">
        <ele>6.069452052004635</ele>
        <time>1970-01-01T00:19:14Z</time>
        <extensions>
          <gpxtpx:TrackPointExtension>
            <gpxtpx:hr>137</gpxtpx:hr>
          </gpxtpx:TrackPointExtension>
        </extensions>
      </trkpt>
      <trkpt lat="22.75100291710675" lon="113.73292585423276">
        <ele>6.192471669986844</ele>
        <time>1970-01-01T00:19:15Z</time>
        <extensions>
          <gpxtpx:TrackPointExtension>
            <gpxtpx:hr>137</gpxtpx:hr>
          </gpxtpx:TrackPointExtension>
        </extensions>
      </trkpt>
      <trkpt lat="22.750982823018195" lon="113.73291160810764">
        <ele>6.3373078145086765</ele>
        <time>1970-01-01T00:19:16Z</time>
        <extensions>
          <gpxtpx:TrackPointExtension>
            <gpxtpx:hr>137</gpxtpx:hr>
          </gpxtpx:TrackPointExtension>
        </extensions>
      </trkpt>
      <trkpt lat="22.7509634212274" lon="113.73289729961715">
        <ele>6.491340977139771</ele>
        <time>1970-01-01T00:19:17Z</time>
        <extensions>
          <gpxtpx:TrackPointExtension>
            <gpxtpx:hr>137</gpxtpx:hr>
          </gpxtpx:TrackPointExtension>
        </extensions>
      </trkpt>
      <trkpt lat="22.750944919594374" lon="113.73288352907689">
        <ele>6.644693194888532</ele>
        <time>1970-01-01T00:19:18Z</time>
        <extensions>
          <gpxtpx:TrackPointExtension>
            <gpxtpx:hr>135</gpxtpx:hr>
          </gpxtpx:TrackPointExtension>
        </extensions>
      </trkpt>
      <trkpt lat="22.75092620833324" lon="113.73287025069524">
        <ele>6.78629464097321</ele>
        <time>1970-01-01T00:19:19Z</time>
        <extensions>
          <gpxtpx:TrackPointExtension>
            <gpxtpx:hr>135</gpxtpx:hr>
          </gpxtpx:TrackPointExtension>
        </extensions>
      </trkpt>
      <trkpt lat="22.750906515885575" lon="113.732856867837">
        <ele>6.917413723655045</ele>
        <time>1970-01-01T00:19:20Z</time>
        <extensions>
          <gpxtpx:TrackPointExtension>
            <gpxtpx:hr>135</gpxtpx:hr>
          </gpxtpx:TrackPointExtension>
        </extensions>
      </trkpt>
      <trkpt lat="22.750886167697598" lon="113.73284300900667">
        <ele>7.030285150744021</ele>
        <time>1970-01-01T00:19:21Z</time>
        <extensions>
          <gpxtpx:TrackPointExtension>
            <gpxtpx:hr>135</gpxtpx:hr>
          </gpxtpx:TrackPointExtension>
        </extensions>
      </trkpt>
      <trkpt lat="22.750865696483523" lon="113.73282869295474">
        <ele>7.124222134239972</ele>
        <time>1970-01-01T00:19:22Z</time>
        <extensions>
          <gpxtpx:TrackPointExtension>
            <gpxtpx:hr>135</gpxtpx:hr>
          </gpxtpx:TrackPointExtension>
        </extensions>
      </trkpt>
      <trkpt lat="22.75084532252913" lon="113.73281355491353">
        <ele>7.201787910424173</ele>
        <time>1970-01-01T00:19:23Z</time>
        <extensions>
          <gpxtpx:TrackPointExtension>
            <gpxtpx:hr>135</gpxtpx:hr>
          </gpxtpx:TrackPointExtension>
        </extensions>
      </trkpt>
      <trkpt lat="22.750824936805255" lon="113.73279788255228">
        <ele>7.266429583542049</ele>
        <time>1970-01-01T00:19:24Z</time>
        <extensions>
          <gpxtpx:TrackPointExtension>
            <gpxtpx:hr>137</gpxtpx:hr>
          </gpxtpx:TrackPointExtension>
        </extensions>
      </trkpt>
      <trkpt lat="22.75080481921517" lon="113.73278234508948">
        <ele>7.322662563994527</ele>
        <time>1970-01-01T00:19:25Z</time>
        <extensions>
          <gpxtpx:TrackPointExtension>
            <gpxtpx:hr>137</gpxtpx:hr>
          </gpxtpx:TrackPointExtension>
        </extensions>
      </trkpt>
      <trkpt lat="22.750785339903526" lon="113.73276731263381">
        <ele>7.36926039122045</ele>
        <time>1970-01-01T00:19:26Z</time>
        <extensions>
          <gpxtpx:TrackPointExtension>
            <gpxtpx:hr>137</gpxtpx:hr>
          </gpxtpx:TrackPointExtension>
        </extensions>
      </trkpt>
      <trkpt lat="22.750766868195083" lon="113.73275263977231">
        <ele>7.407941558398306</ele>
        <time>1970-01-01T00:19:27Z</time>
        <extensions>
          <gpxtpx:TrackPointExtension>
            <gpxtpx:hr>137</gpxtpx:hr>
          </gpxtpx:TrackPointExtension>
        </extensions>
      </trkpt>
      <trkpt lat="22.75074863945577" lon="113.732738070723">
        <ele>7.442675742320716</ele>
        <time>1970-01-01T00:19:28Z</time>
        <extensions>
          <gpxtpx:TrackPointExtension>
            <gpxtpx:hr>137</gpxtpx:hr>
          </gpxtpx:TrackPointExtension>
        </extensions>
      </trkpt>
      <trkpt lat="22.75072965639136" lon="113.73272344862515">
        <ele>7.4751952001824975</ele>
        <time>1970-01-01T00:19:29Z</time>
        <extensions>
          <gpxtpx:TrackPointExtension>
            <gpxtpx:hr>137</gpxtpx:hr>
          </gpxtpx:TrackPointExtension>
        </extensions>
      </trkpt>
      <trkpt lat="22.750709951064945" lon="113.7327089372863">
        <ele>7.505425555631518</ele>
        <time>1970-01-01T00:19:30Z</time>
        <extensions>
          <gpxtpx:TrackPointExtension>
            <gpxtpx:hr>137</gpxtpx:hr>
          </gpxtpx:TrackPointExtension>
        </extensions>
      </trkpt>
      <trkpt lat="22.75069019879814" lon="113.7326946593222">
        <ele>7.528535036370158</ele>
        <time>1970-01-01T00:19:31Z</time>
        <extensions>
          <gpxtpx:TrackPointExtension>
            <gpxtpx:hr>137</gpxtpx:hr>
          </gpxtpx:TrackPointExtension>
        </extensions>
      </trkpt>
      <trkpt lat="22.750670608914838" lon="113.73268033754778">
        <ele>7.5453972062096</ele>
        <time>1970-01-01T00:19:32Z</time>
        <extensions>
          <gpxtpx:TrackPointExtension>
            <gpxtpx:hr>137</gpxtpx:hr>
          </gpxtpx:TrackPointExtension>
        </extensions>
      </trkpt>
      <trkpt lat="22.75065097949516" lon="113.7326653900718">
        <ele>7.551153080537915</ele>
        <time>1970-01-01T00:19:33Z</time>
        <extensions>
          <gpxtpx:TrackPointExtension>
            <gpxtpx:hr>137</gpxtpx:hr>
          </gpxtpx:TrackPointExtension>
        </extensions>
      </trkpt>
      <trkpt lat="22.750631373944213" lon="113.7326498455793">
        <ele>7.539796573109925</ele>
        <time>1970-01-01T00:19:34Z</time>
        <extensions>
          <gpxtpx:TrackPointExtension>
            <gpxtpx:hr>137</gpxtpx:hr>
          </gpxtpx:TrackPointExtension>
        </extensions>
      </trkpt>
      <trkpt lat="22.750612155309263" lon="113.73263424519068">
        <ele>7.508639576844871</ele>
        <time>1970-01-01T00:19:35Z</time>
        <extensions>
          <gpxtpx:TrackPointExtension>
            <gpxtpx:hr>137</gpxtpx:hr>
          </gpxtpx:TrackPointExtension>
        </extensions>
      </trkpt>
      <trkpt lat="22.75059315580316" lon="113.73261866955275">
        <ele>7.457352380268276</ele>
        <time>1970-01-01T00:19:36Z</time>
        <extensions>
          <gpxtpx:TrackPointExtension>
            <gpxtpx:hr>139</gpxtpx:hr>
          </gpxtpx:TrackPointExtension>
        </extensions>
      </trkpt>
      <trkpt lat="22.750573656805468" lon="113.7326029959099">
        <ele>7.383721503429115</ele>
        <time>1970-01-01T00:19:37Z</time>
        <extensions>
          <gpxtpx:TrackPointExtension>
            <gpxtpx:hr>139</gpxtpx:hr>
          </gpxtpx:TrackPointExtension>
        </extensions>
      </trkpt>
      <trkpt lat="22.7505537278326" lon="113.73258719715328">
        <ele>7.285074993036687</ele>
        <time>1970-01-01T00:19:38Z</time>
        <extensions>
          <gpxtpx:TrackPointExtension>
            <gpxtpx:hr>139</gpxtpx:hr>
          </gpxtpx:TrackPointExtension>
        </extensions>
      </trkpt>
      <trkpt lat="22.750534280474767" lon="113.73257235938571">
        <ele>7.1541443932801485</ele>
        <time>1970-01-01T00:19:39Z</time>
        <extensions>
          <gpxtpx:TrackPointExtension>
            <gpxtpx:hr>139</gpxtpx:hr>
          </gpxtpx:TrackPointExtension>
        </extensions>
      </trkpt>
      <trkpt lat="22.750515245978058" lon="113.73255858132114">
        <ele>6.9920265870168805</ele>
        <time>1970-01-01T00:19:40Z</time>
        <extensions>
          <gpxtpx:TrackPointExtension>
            <gpxtpx:hr>139</gpxtpx:hr>
          </gpxtpx:TrackPointExtension>
        </extensions>
      </trkpt>
      <trkpt lat="22.75049556391092" lon="113.73254414786527">
        <ele>6.794303326867521</ele>
        <time>1970-01-01T00:19:41Z</time>
        <extensions>
          <gpxtpx:TrackPointExtension>
            <gpxtpx:hr>139</gpxtpx:hr>
          </gpxtpx:TrackPointExtension>
        </extensions>
      </trkpt>
      <trkpt lat="22.750475232787192" lon="113.73252850976266">
        <ele>6.570483054034412</ele>
        <time>1970-01-01T00:19:42Z</time>
        <extensions>
          <gpxtpx:TrackPointExtension>
            <gpxtpx:hr>139</gpxtpx:hr>
          </gpxtpx:TrackPointExtension>
        </extensions>
      </trkpt>
      <trkpt lat="22.750454753211155" lon="113.73251240510598">
        <ele>6.321553687565029</ele>
        <time>1970-01-01T00:19:43Z</time>
        <extensions>
          <gpxtpx:TrackPointExtension>
            <gpxtpx:hr>139</gpxtpx:hr>
          </gpxtpx:TrackPointExtension>
        </extensions>
      </trkpt>
      <trkpt lat="22.750434312698232" lon="113.7324965216877">
        <ele>6.059683154337108</ele>
        <time>1970-01-01T00:19:44Z</time>
        <extensions>
          <gpxtpx:TrackPointExtension>
            <gpxtpx:hr>139</gpxtpx:hr>
          </gpxtpx:TrackPointExtension>
        </extensions>
      </trkpt>
      <trkpt lat="22.75041428671353" lon="113.73248156601889">
        <ele>5.79931287933141</ele>
        <time>1970-01-01T00:19:45Z</time>
        <extensions>
          <gpxtpx:TrackPointExtension>
            <gpxtpx:hr>139</gpxtpx:hr>
          </gpxtpx:TrackPointExtension>
        </extensions>
      </trkpt>
      <trkpt lat="22.750394582900324" lon="113.7324683375174">
        <ele>5.551722182892263</ele>
        <time>1970-01-01T00:19:46Z</time>
        <extensions>
          <gpxtpx:TrackPointExtension>
            <gpxtpx:hr>139</gpxtpx:hr>
          </gpxtpx:TrackPointExtension>
        </extensions>
      </trkpt>
      <trkpt lat="22.750374607679376" lon="113.73245736097925">
        <ele>5.331061284057796</ele>
        <time>1970-01-01T00:19:47Z</time>
        <extensions>
          <gpxtpx:TrackPointExtension>
            <gpxtpx:hr>139</gpxtpx:hr>
          </gpxtpx:TrackPointExtension>
        </extensions>
      </trkpt>
      <trkpt lat="22.75035394974344" lon="113.73244812037548">
        <ele>5.138377582654357</ele>
        <time>1970-01-01T00:19:48Z</time>
        <extensions>
          <gpxtpx:TrackPointExtension>
            <gpxtpx:hr>139</gpxtpx:hr>
          </gpxtpx:TrackPointExtension>
        </extensions>
      </trkpt>
      <trkpt lat="22.750332508739195" lon="113.73244091143509">
        <ele>4.983225845731795</ele>
        <time>1970-01-01T00:19:49Z</time>
        <extensions>
          <gpxtpx:TrackPointExtension>
            <gpxtpx:hr>139</gpxtpx:hr>
          </gpxtpx:TrackPointExtension>
        </extensions>
      </trkpt>
      <trkpt lat="22.750311049122615" lon="113.73243790343656">
        <ele>4.866137971170247</ele>
        <time>1970-01-01T00:19:50Z</time>
        <extensions>
          <gpxtpx:TrackPointExtension>
            <gpxtpx:hr>139</gpxtpx:hr>
          </gpxtpx:TrackPointExtension>
        </extensions>
      </trkpt>
      <trkpt lat="22.75029045943009" lon="113.73244072994022">
        <ele>4.789371386170387</ele>
        <time>1970-01-01T00:19:51Z</time>
        <extensions>
          <gpxtpx:TrackPointExtension>
            <gpxtpx:hr>139</gpxtpx:hr>
          </gpxtpx:TrackPointExtension>
        </extensions>
      </trkpt>
      <trkpt lat="22.750272228056144" lon="113.73244933289088">
        <ele>4.753417890518904</ele>
        <time>1970-01-01T00:19:52Z</time>
        <extensions>
          <gpxtpx:TrackPointExtension>
            <gpxtpx:hr>139</gpxtpx:hr>
          </gpxtpx:TrackPointExtension>
        </extensions>
      </trkpt>
      <trkpt lat="22.75025768723129" lon="113.73246276737994">
        <ele>4.755895588546991</ele>
        <time>1970-01-01T00:19:53Z</time>
        <extensions>
          <gpxtpx:TrackPointExtension>
            <gpxtpx:hr>139</gpxtpx:hr>
          </gpxtpx:TrackPointExtension>
        </extensions>
      </trkpt>
      <trkpt lat="22.7502472435086" lon="113.73248038042328">
        <ele>4.7917428174987435</ele>
        <time>1970-01-01T00:19:54Z</time>
        <extensions>
          <gpxtpx:TrackPointExtension>
            <gpxtpx:hr>138</gpxtpx:hr>
          </gpxtpx:TrackPointExtension>
        </extensions>
      </trkpt>
      <trkpt lat="22.750241277748678" lon="113.73250147125397">
        <ele>4.858173832297325</ele>
        <time>1970-01-01T00:19:55Z</time>
        <extensions>
          <gpxtpx:TrackPointExtension>
            <gpxtpx:hr>138</gpxtpx:hr>
          </gpxtpx:TrackPointExtension>
        </extensions>
      </trkpt>
      <trkpt lat="22.75024039249547" lon="113.73252440796517">
        <ele>4.95219690259546</ele>
        <time>1970-01-01T00:19:56Z</time>
        <extensions>
          <gpxtpx:TrackPointExtension>
            <gpxtpx:hr>138</gpxtpx:hr>
          </gpxtpx:TrackPointExtension>
        </extensions>
      </trkpt>
      <trkpt lat="22.7502444233896" lon="113.73254753722142">
        <ele>5.0684939213097095</ele>
        <time>1970-01-01T00:19:57Z</time>
        <extensions>
          <gpxtpx:TrackPointExtension>
            <gpxtpx:hr>138</gpxtpx:hr>
          </gpxtpx:TrackPointExtension>
        </extensions>
      </trkpt>
      <trkpt lat="22.750252023293932" lon="113.7325696516456">
        <ele>5.199440848082304</ele>
        <time>1970-01-01T00:19:58Z</time>
        <extensions>
          <gpxtpx:TrackPointExtension>
            <gpxtpx:hr>138</gpxtpx:hr>
          </gpxtpx:TrackPointExtension>
        </extensions>
      </trkpt>
      <trkpt lat="22.75026126934952" lon="113.73259029559678">
        <ele>5.339786242693663</ele>
        <time>1970-01-01T00:19:59Z</time>
        <extensions>
          <gpxtpx:TrackPointExtension>
            <gpxtpx:hr>138</gpxtpx:hr>
          </gpxtpx:TrackPointExtension>
        </extensions>
      </trkpt>
      <trkpt lat="22.7502704261582" lon="113.73261011361333">
        <ele>5.486097039654851</ele>
        <time>1970-01-01T00:20:00Z</time>
        <extensions>
          <gpxtpx:TrackPointExtension>
            <gpxtpx:hr>138</gpxtpx:hr>
          </gpxtpx:TrackPointExtension>
        </extensions>
      </trkpt>
      <trkpt lat="22.750278610667614" lon="113.73263036124182">
        <ele>5.634096907451749</ele>
        <time>1970-01-01T00:20:01Z</time>
        <extensions>
          <gpxtpx:TrackPointExtension>
            <gpxtpx:hr>138</gpxtpx:hr>
          </gpxtpx:TrackPointExtension>
        </extensions>
      </trkpt>
      <trkpt lat="22.75028562635998" lon="113.73265163048156">
        <ele>5.7770738350227475</ele>
        <time>1970-01-01T00:20:02Z</time>
        <extensions>
          <gpxtpx:TrackPointExtension>
            <gpxtpx:hr>137</gpxtpx:hr>
          </gpxtpx:TrackPointExtension>
        </extensions>
      </trkpt>
      <trkpt lat="22.750291914216053" lon="113.732673284298">
        <ele>5.9069953095167875</ele>
        <time>1970-01-01T00:20:03Z</time>
        <extensions>
          <gpxtpx:TrackPointExtension>
            <gpxtpx:hr>137</gpxtpx:hr>
          </gpxtpx:TrackPointExtension>
        </extensions>
      </trkpt>
      <trkpt lat="22.750298653159447" lon="113.73269473752924">
        <ele>6.021835868246853</ele>
        <time>1970-01-01T00:20:04Z</time>
        <extensions>
          <gpxtpx:TrackPointExtension>
            <gpxtpx:hr>137</gpxtpx:hr>
          </gpxtpx:TrackPointExtension>
        </extensions>
      </trkpt>
      <trkpt lat="22.75030738355401" lon="113.73271621677684">
        <ele>6.12214379850775</ele>
        <time>1970-01-01T00:20:05Z</time>
        <extensions>
          <gpxtpx:TrackPointExtension>
            <gpxtpx:hr>137</gpxtpx:hr>
          </gpxtpx:TrackPointExtension>
        </extensions>
      </trkpt>
      <trkpt lat="22.750317994885318" lon="113.73273827298976">
        <ele>6.206404668278992</ele>
        <time>1970-01-01T00:20:06Z</time>
        <extensions>
          <gpxtpx:TrackPointExtension>
            <gpxtpx:hr>137</gpxtpx:hr>
          </gpxtpx:TrackPointExtension>
        </extensions>
      </trkpt>
      <trkpt lat="22.75032870109429" lon="113.73276133030276">
        <ele>6.27205811906606</ele>
        <time>1970-01-01T00:20:07Z</time>
        <extensions>
          <gpxtpx:TrackPointExtension>
            <gpxtpx:hr>137</gpxtpx:hr>
          </gpxtpx:TrackPointExtension>
        </extensions>
      </trkpt>
      <trkpt lat="22.750337905814078" lon="113.73278555442882">
        <ele>6.324867386370897</ele>
        <time>1970-01-01T00:20:08Z</time>
        <extensions>
          <gpxtpx:TrackPointExtension>
            <gpxtpx:hr>137</gpxtpx:hr>
          </gpxtpx:TrackPointExtension>
        </extensions>
      </trkpt>
      <trkpt lat="22.75034540146653" lon="113.73281077243438">
        <ele>6.364555739797652</ele>
        <time>1970-01-01T00:20:09Z</time>
        <extensions>
          <gpxtpx:TrackPointExtension>
            <gpxtpx:hr>137</gpxtpx:hr>
          </gpxtpx:TrackPointExtension>
        </extensions>
      </trkpt>
      <trkpt lat="22.750351973066" lon="113.73283654543292">
        <ele>6.396344700828195</ele>
        <time>1970-01-01T00:20:10Z</time>
        <extensions>
          <gpxtpx:TrackPointExtension>
            <gpxtpx:hr>137</gpxtpx:hr>
          </gpxtpx:TrackPointExtension>
        </extensions>
      </trkpt>
      <trkpt lat="22.75035815740047" lon="113.73286200101471">
        <ele>6.41622281819582</ele>
        <time>1970-01-01T00:20:11Z</time>
        <extensions>
          <gpxtpx:TrackPointExtension>
            <gpxtpx:hr>137</gpxtpx:hr>
          </gpxtpx:TrackPointExtension>
        </extensions>
      </trkpt>
      <trkpt lat="22.750364233773272" lon="113.73288639972904">
        <ele>6.425764259882271</ele>
        <time>1970-01-01T00:20:12Z</time>
        <extensions>
          <gpxtpx:TrackPointExtension>
            <gpxtpx:hr>137</gpxtpx:hr>
          </gpxtpx:TrackPointExtension>
        </extensions>
      </trkpt>
      <trkpt lat="22.750370134638594" lon="113.73290950193592">
        <ele>6.425314080901444</ele>
        <time>1970-01-01T00:20:13Z</time>
        <extensions>
          <gpxtpx:TrackPointExtension>
            <gpxtpx:hr>137</gpxtpx:hr>
          </gpxtpx:TrackPointExtension>
        </extensions>
      </trkpt>
      <trkpt lat="22.750376393381163" lon="113.73293230562379">
        <ele>6.419068944640458</ele>
        <time>1970-01-01T00:20:14Z</time>
        <extensions>
          <gpxtpx:TrackPointExtension>
            <gpxtpx:hr>137</gpxtpx:hr>
          </gpxtpx:TrackPointExtension>
        </extensions>
      </trkpt>
      <trkpt lat="22.750383557431206" lon="113.73295556395549">
        <ele>6.40606548730284</ele>
        <time>1970-01-01T00:20:15Z</time>
        <extensions>
          <gpxtpx:TrackPointExtension>
            <gpxtpx:hr>137</gpxtpx:hr>
          </gpxtpx:TrackPointExtension>
        </extensions>
      </trkpt>
      <trkpt lat="22.75039181783867" lon="113.7329791368013">
        <ele>6.388640535064042</ele>
        <time>1970-01-01T00:20:16Z</time>
        <extensions>
          <gpxtpx:TrackPointExtension>
            <gpxtpx:hr>137</gpxtpx:hr>
          </gpxtpx:TrackPointExtension>
        </extensions>
      </trkpt>
      <trkpt lat="22.750400451380468" lon="113.7330026159156">
        <ele>6.365167859010398</ele>
        <time>1970-01-01T00:20:17Z</time>
        <extensions>
          <gpxtpx:TrackPointExtension>
            <gpxtpx:hr>137</gpxtpx:hr>
          </gpxtpx:TrackPointExtension>
        </extensions>
      </trkpt>
      <trkpt lat="22.750408270320428" lon="113.7330258864803">
        <ele>6.345470341853797</ele>
        <time>1970-01-01T00:20:18Z</time>
        <extensions>
          <gpxtpx:TrackPointExtension>
            <gpxtpx:hr>135</gpxtpx:hr>
          </gpxtpx:TrackPointExtension>
        </extensions>
      </trkpt>
      <trkpt lat="22.750414810865497" lon="113.7330490581593">
        <ele>6.334538244642317</ele>
        <time>1970-01-01T00:20:19Z</time>
        <extensions>
          <gpxtpx:TrackPointExtension>
            <gpxtpx:hr>135</gpxtpx:hr>
          </gpxtpx:TrackPointExtension>
        </extensions>
      </trkpt>
      <trkpt lat="22.75042095060388" lon="113.73307247384723">
        <ele>6.335516306571662</ele>
        <time>1970-01-01T00:20:20Z</time>
        <extensions>
          <gpxtpx:TrackPointExtension>
            <gpxtpx:hr>135</gpxtpx:hr>
          </gpxtpx:TrackPointExtension>
        </extensions>
      </trkpt>
      <trkpt lat="22.75042707507694" lon="113.73309598235679">
        <ele>6.349620903842151</ele>
        <time>1970-01-01T00:20:21Z</time>
        <extensions>
          <gpxtpx:TrackPointExtension>
            <gpxtpx:hr>135</gpxtpx:hr>
          </gpxtpx:TrackPointExtension>
        </extensions>
      </trkpt>
      <trkpt lat="22.750432658374713" lon="113.73311969622226">
        <ele>6.379266211763024</ele>
        <time>1970-01-01T00:20:22Z</time>
        <extensions>
          <gpxtpx:TrackPointExtension>
            <gpxtpx:hr>135</gpxtpx:hr>
          </gpxtpx:TrackPointExtension>
        </extensions>
      </trkpt>
      <trkpt lat="22.75043745429892" lon="113.73314352863886">
        <ele>6.42608078289777</ele>
        <time>1970-01-01T00:20:23Z</time>
        <extensions>
          <gpxtpx:TrackPointExtension>
            <gpxtpx:hr>135</gpxtpx:hr>
          </gpxtpx:TrackPointExtension>
        </extensions>
      </trkpt>
      <trkpt lat="22.75044195008088" lon="113.73316710037857">
        <ele>6.4898615423589945</ele>
        <time>1970-01-01T00:20:24Z</time>
        <extensions>
          <gpxtpx:TrackPointExtension>
            <gpxtpx:hr>135</gpxtpx:hr>
          </gpxtpx:TrackPointExtension>
        </extensions>
      </trkpt>
      <trkpt lat="22.75044733953062" lon="113.73319035302731">
        <ele>6.565466780215502</ele>
        <time>1970-01-01T00:20:25Z</time>
        <extensions>
          <gpxtpx:TrackPointExtension>
            <gpxtpx:hr>135</gpxtpx:hr>
          </gpxtpx:TrackPointExtension>
        </extensions>
      </trkpt>
      <trkpt lat="22.750453957988526" lon="113.73321368043113">
        <ele>6.648359917104244</ele>
        <time>1970-01-01T00:20:26Z</time>
        <extensions>
          <gpxtpx:TrackPointExtension>
            <gpxtpx:hr>135</gpxtpx:hr>
          </gpxtpx:TrackPointExtension>
        </extensions>
      </trkpt>
      <trkpt lat="22.750461456761105" lon="113.73323778507509">
        <ele>6.73448786791414</ele>
        <time>1970-01-01T00:20:27Z</time>
        <extensions>
          <gpxtpx:TrackPointExtension>
            <gpxtpx:hr>135</gpxtpx:hr>
          </gpxtpx:TrackPointExtension>
        </extensions>
      </trkpt>
      <trkpt lat="22.750469288192654" lon="113.7332629372198">
        <ele>6.819922157563269</ele>
        <time>1970-01-01T00:20:28Z</time>
        <extensions>
          <gpxtpx:TrackPointExtension>
            <gpxtpx:hr>135</gpxtpx:hr>
          </gpxtpx:TrackPointExtension>
        </extensions>
      </trkpt>
      <trkpt lat="22.750476551673767" lon="113.73328828385594">
        <ele>6.899468065239489</ele>
        <time>1970-01-01T00:20:29Z</time>
        <extensions>
          <gpxtpx:TrackPointExtension>
            <gpxtpx:hr>135</gpxtpx:hr>
          </gpxtpx:TrackPointExtension>
        </extensions>
      </trkpt>
      <trkpt lat="22.75048301917513" lon="113.7333131572242">
        <ele>6.965844823978841</ele>
        <time>1970-01-01T00:20:30Z</time>
        <extensions>
          <gpxtpx:TrackPointExtension>
            <gpxtpx:hr>135</gpxtpx:hr>
          </gpxtpx:TrackPointExtension>
        </extensions>
      </trkpt>
      <trkpt lat="22.75048884542971" lon="113.73333791077222">
        <ele>7.014298055320978</ele>
        <time>1970-01-01T00:20:31Z</time>
        <extensions>
          <gpxtpx:TrackPointExtension>
            <gpxtpx:hr>135</gpxtpx:hr>
          </gpxtpx:TrackPointExtension>
        </extensions>
      </trkpt>
      <trkpt lat="22.75049405311737" lon="113.73336267099415">
        <ele>7.0426567094400525</ele>
        <time>1970-01-01T00:20:32Z</time>
        <extensions>
          <gpxtpx:TrackPointExtension>
            <gpxtpx:hr>135</gpxtpx:hr>
          </gpxtpx:TrackPointExtension>
        </extensions>
      </trkpt>
      <trkpt lat="22.750499091835163" lon="113.73338705334426">
        <ele>7.053340660408139</ele>
        <time>1970-01-01T00:20:33Z</time>
        <extensions>
          <gpxtpx:TrackPointExtension>
            <gpxtpx:hr>135</gpxtpx:hr>
          </gpxtpx:TrackPointExtension>
        </extensions>
      </trkpt>
      <trkpt lat="22.750504200958037" lon="113.73341080497909">
        <ele>7.047571439296007</ele>
        <time>1970-01-01T00:20:34Z</time>
        <extensions>
          <gpxtpx:TrackPointExtension>
            <gpxtpx:hr>135</gpxtpx:hr>
          </gpxtpx:TrackPointExtension>
        </extensions>
      </trkpt>
      <trkpt lat="22.750509311077472" lon="113.7334339216726">
        <ele>7.027322058565915</ele>
        <time>1970-01-01T00:20:35Z</time>
        <extensions>
          <gpxtpx:TrackPointExtension>
            <gpxtpx:hr>135</gpxtpx:hr>
          </gpxtpx:TrackPointExtension>
        </extensions>
      </trkpt>
      <trkpt lat="22.750514582195315" lon="113.73345681651118">
        <ele>6.997769518755376</ele>
        <time>1970-01-01T00:20:36Z</time>
        <extensions>
          <gpxtpx:TrackPointExtension>
            <gpxtpx:hr>135</gpxtpx:hr>
          </gpxtpx:TrackPointExtension>
        </extensions>
      </trkpt>
      <trkpt lat="22.75052057266891" lon="113.733479881621">
        <ele>6.962727222591639</ele>
        <time>1970-01-01T00:20:37Z</time>
        <extensions>
          <gpxtpx:TrackPointExtension>
            <gpxtpx:hr>137</gpxtpx:hr>
          </gpxtpx:TrackPointExtension>
        </extensions>
      </trkpt>
      <trkpt lat="22.75052751371636" lon="113.73350296328184">
        <ele>6.924172001890838</ele>
        <time>1970-01-01T00:20:38Z</time>
        <extensions>
          <gpxtpx:TrackPointExtension>
            <gpxtpx:hr>137</gpxtpx:hr>
          </gpxtpx:TrackPointExtension>
        </extensions>
      </trkpt>
      <trkpt lat="22.75053491980709" lon="113.73352607647517">
        <ele>6.883619101718068</ele>
        <time>1970-01-01T00:20:39Z</time>
        <extensions>
          <gpxtpx:TrackPointExtension>
            <gpxtpx:hr>137</gpxtpx:hr>
          </gpxtpx:TrackPointExtension>
        </extensions>
      </trkpt>
      <trkpt lat="22.750542274798917" lon="113.73354979909188">
        <ele>6.841258874163032</ele>
        <time>1970-01-01T00:20:40Z</time>
        <extensions>
          <gpxtpx:TrackPointExtension>
            <gpxtpx:hr>137</gpxtpx:hr>
          </gpxtpx:TrackPointExtension>
        </extensions>
      </trkpt>
      <trkpt lat="22.75054916570526" lon="113.7335736282716">
        <ele>6.797207023948431</ele>
        <time>1970-01-01T00:20:41Z</time>
        <extensions>
          <gpxtpx:TrackPointExtension>
            <gpxtpx:hr>137</gpxtpx:hr>
          </gpxtpx:TrackPointExtension>
        </extensions>
      </trkpt>
      <trkpt lat="22.75055576488379" lon="113.73359734599926">
        <ele>6.750984190963209</ele>
        <time>1970-01-01T00:20:42Z</time>
        <extensions>
          <gpxtpx:TrackPointExtension>
            <gpxtpx:hr>137</gpxtpx:hr>
          </gpxtpx:TrackPointExtension>
        </extensions>
      </trkpt>
      <trkpt lat="22.750562585446254" lon="113.73362099224151">
        <ele>6.702490129508078</ele>
        <time>1970-01-01T00:20:43Z</time>
        <extensions>
          <gpxtpx:TrackPointExtension>
            <gpxtpx:hr>137</gpxtpx:hr>
          </gpxtpx:TrackPointExtension>
        </extensions>
      </trkpt>
      <trkpt lat="22.750569813431458" lon="113.73364435978648">
        <ele>6.650680593214929</ele>
        <time>1970-01-01T00:20:44Z</time>
        <extensions>
          <gpxtpx:TrackPointExtension>
            <gpxtpx:hr>137</gpxtpx:hr>
          </gpxtpx:TrackPointExtension>
        </extensions>
      </trkpt>
      <trkpt lat="22.750577571656486" lon="113.73366745113881">
        <ele>6.593482848256826</ele>
        <time>1970-01-01T00:20:45Z</time>
        <extensions>
          <gpxtpx:TrackPointExtension>
            <gpxtpx:hr>137</gpxtpx:hr>
          </gpxtpx:TrackPointExtension>
        </extensions>
      </trkpt>
      <trkpt lat="22.750586273085954" lon="113.73369013078276">
        <ele>6.528722080402076</ele>
        <time>1970-01-01T00:20:46Z</time>
        <extensions>
          <gpxtpx:TrackPointExtension>
            <gpxtpx:hr>137</gpxtpx:hr>
          </gpxtpx:TrackPointExtension>
        </extensions>
      </trkpt>
      <trkpt lat="22.750596348110598" lon="113.73371214063026">
        <ele>6.455083378590643</ele>
        <time>1970-01-01T00:20:47Z</time>
        <extensions>
          <gpxtpx:TrackPointExtension>
            <gpxtpx:hr>137</gpxtpx:hr>
          </gpxtpx:TrackPointExtension>
        </extensions>
      </trkpt>
      <trkpt lat="22.75060779622077" lon="113.73373398221544">
        <ele>6.369638823904097</ele>
        <time>1970-01-01T00:20:48Z</time>
        <extensions>
          <gpxtpx:TrackPointExtension>
            <gpxtpx:hr>137</gpxtpx:hr>
          </gpxtpx:TrackPointExtension>
        </extensions>
      </trkpt>
      <trkpt lat="22.75061974084941" lon="113.73375609336713">
        <ele>6.2716306345537305</ele>
        <time>1970-01-01T00:20:49Z</time>
        <extensions>
          <gpxtpx:TrackPointExtension>
            <gpxtpx:hr>137</gpxtpx:hr>
          </gpxtpx:TrackPointExtension>
        </extensions>
      </trkpt>
      <trkpt lat="22.750631353294803" lon="113.7337785464613">
        <ele>6.164605296216905</ele>
        <time>1970-01-01T00:20:50Z</time>
        <extensions>
          <gpxtpx:TrackPointExtension>
            <gpxtpx:hr>137</gpxtpx:hr>
          </gpxtpx:TrackPointExtension>
        </extensions>
      </trkpt>
      <trkpt lat="22.750642443550934" lon="113.73380150780184">
        <ele>6.055011734366417</ele>
        <time>1970-01-01T00:20:51Z</time>
        <extensions>
          <gpxtpx:TrackPointExtension>
            <gpxtpx:hr>137</gpxtpx:hr>
          </gpxtpx:TrackPointExtension>
        </extensions>
      </trkpt>
      <trkpt lat="22.75065337748933" lon="113.73382450513027">
        <ele>5.9495216170325875</ele>
        <time>1970-01-01T00:20:52Z</time>
        <extensions>
          <gpxtpx:TrackPointExtension>
            <gpxtpx:hr>137</gpxtpx:hr>
          </gpxtpx:TrackPointExtension>
        </extensions>
      </trkpt>
      <trkpt lat="22.750664788975374" lon="113.7338468751529">
        <ele>5.856939438730478</ele>
        <time>1970-01-01T00:20:53Z</time>
        <extensions>
          <gpxtpx:TrackPointExtension>
            <gpxtpx:hr>137</gpxtpx:hr>
          </gpxtpx:TrackPointExtension>
        </extensions>
      </trkpt>
      <trkpt lat="22.75067658320868" lon="113.73386839817196">
        <ele>5.784546684473753</ele>
        <time>1970-01-01T00:20:54Z</time>
        <extensions>
          <gpxtpx:TrackPointExtension>
            <gpxtpx:hr>137</gpxtpx:hr>
          </gpxtpx:TrackPointExtension>
        </extensions>
      </trkpt>
      <trkpt lat="22.7506883994841" lon="113.73388903180506">
        <ele>5.735899046063423</ele>
        <time>1970-01-01T00:20:55Z</time>
        <extensions>
          <gpxtpx:TrackPointExtension>
            <gpxtpx:hr>137</gpxtpx:hr>
          </gpxtpx:TrackPointExtension>
        </extensions>
      </trkpt>
      <trkpt lat="22.750700825541895" lon="113.73390854808099">
        <ele>5.71318176202476</ele>
        <time>1970-01-01T00:20:56Z</time>
        <extensions>
          <gpxtpx:TrackPointExtension>
            <gpxtpx:hr>137</gpxtpx:hr>
          </gpxtpx:TrackPointExtension>
        </extensions>
      </trkpt>
      <trkpt lat="22.75071466260456" lon="113.73392703921911">
        <ele>5.7176812728866935</ele>
        <time>1970-01-01T00:20:57Z</time>
        <extensions>
          <gpxtpx:TrackPointExtension>
            <gpxtpx:hr>138</gpxtpx:hr>
          </gpxtpx:TrackPointExtension>
        </extensions>
      </trkpt>
      <trkpt lat="22.75072972762109" lon="113.73394457382022">
        <ele>5.748215134255588</ele>
        <time>1970-01-01T00:20:58Z</time>
        <extensions>
          <gpxtpx:TrackPointExtension>
            <gpxtpx:hr>138</gpxtpx:hr>
          </gpxtpx:TrackPointExtension>
        </extensions>
      </trkpt>
      <trkpt lat="22.75074561759698" lon="113.73396150030081">
        <ele>5.8029869850724936</ele>
        <time>1970-01-01T00:20:59Z</time>
        <extensions>
          <gpxtpx:TrackPointExtension>
            <gpxtpx:hr>138</gpxtpx:hr>
          </gpxtpx:TrackPointExtension>
        </extensions>
      </trkpt>
      <trkpt lat="22.750762225219294" lon="113.7339785942027">
        <ele>5.875953525304794</ele>
        <time>1970-01-01T00:21:00Z</time>
        <extensions>
          <gpxtpx:TrackPointExtension>
            <gpxtpx:hr>138</gpxtpx:hr>
          </gpxtpx:TrackPointExtension>
        </extensions>
      </trkpt>
      <trkpt lat="22.750779327273218" lon="113.73399639122559">
        <ele>5.957987614907324</ele>
        <time>1970-01-01T00:21:01Z</time>
        <extensions>
          <gpxtpx:TrackPointExtension>
            <gpxtpx:hr>137</gpxtpx:hr>
          </gpxtpx:TrackPointExtension>
        </extensions>
      </trkpt>
      <trkpt lat="22.750796719374296" lon="113.73401457162669">
        <ele>6.042026952840388</ele>
        <time>1970-01-01T00:21:02Z</time>
        <extensions>
          <gpxtpx:TrackPointExtension>
            <gpxtpx:hr>137</gpxtpx:hr>
          </gpxtpx:TrackPointExtension>
        </extensions>
      </trkpt>
      <trkpt lat="22.750814650659013" lon="113.73403271346135">
        <ele>6.121754675172269</ele>
        <time>1970-01-01T00:21:03Z</time>
        <extensions>
          <gpxtpx:TrackPointExtension>
            <gpxtpx:hr>137</gpxtpx:hr>
          </gpxtpx:TrackPointExtension>
        </extensions>
      </trkpt>
      <trkpt lat="22.75083281985671" lon="113.73405055524239">
        <ele>6.188966691493988</ele>
        <time>1970-01-01T00:21:04Z</time>
        <extensions>
          <gpxtpx:TrackPointExtension>
            <gpxtpx:hr>137</gpxtpx:hr>
          </gpxtpx:TrackPointExtension>
        </extensions>
      </trkpt>
      <trkpt lat="22.750850719735386" lon="113.73406745583412">
        <ele>6.238241673447192</ele>
        <time>1970-01-01T00:21:05Z</time>
        <extensions>
          <gpxtpx:TrackPointExtension>
            <gpxtpx:hr>137</gpxtpx:hr>
          </gpxtpx:TrackPointExtension>
        </extensions>
      </trkpt>
      <trkpt lat="22.75086837333253" lon="113.73408275397658">
        <ele>6.265542262233794</ele>
        <time>1970-01-01T00:21:06Z</time>
        <extensions>
          <gpxtpx:TrackPointExtension>
            <gpxtpx:hr>137</gpxtpx:hr>
          </gpxtpx:TrackPointExtension>
        </extensions>
      </trkpt>
      <trkpt lat="22.75088640435013" lon="113.73409723361041">
        <ele>6.269847368821502</ele>
        <time>1970-01-01T00:21:07Z</time>
        <extensions>
          <gpxtpx:TrackPointExtension>
            <gpxtpx:hr>137</gpxtpx:hr>
          </gpxtpx:TrackPointExtension>
        </extensions>
      </trkpt>
      <trkpt lat="22.750904449075662" lon="113.73411175125335">
        <ele>6.251202165149152</ele>
        <time>1970-01-01T00:21:08Z</time>
        <extensions>
          <gpxtpx:TrackPointExtension>
            <gpxtpx:hr>136</gpxtpx:hr>
          </gpxtpx:TrackPointExtension>
        </extensions>
      </trkpt>
      <trkpt lat="22.750922276400832" lon="113.73412625558684">
        <ele>6.20923800393939</ele>
        <time>1970-01-01T00:21:09Z</time>
        <extensions>
          <gpxtpx:TrackPointExtension>
            <gpxtpx:hr>136</gpxtpx:hr>
          </gpxtpx:TrackPointExtension>
        </extensions>
      </trkpt>
      <trkpt lat="22.750940001143203" lon="113.73414043662098">
        <ele>6.149896322749555</ele>
        <time>1970-01-01T00:21:10Z</time>
        <extensions>
          <gpxtpx:TrackPointExtension>
            <gpxtpx:hr>136</gpxtpx:hr>
          </gpxtpx:TrackPointExtension>
        </extensions>
      </trkpt>
      <trkpt lat="22.75095820593229" lon="113.73415420394987">
        <ele>6.080147456377745</ele>
        <time>1970-01-01T00:21:11Z</time>
        <extensions>
          <gpxtpx:TrackPointExtension>
            <gpxtpx:hr>136</gpxtpx:hr>
          </gpxtpx:TrackPointExtension>
        </extensions>
      </trkpt>
      <trkpt lat="22.750977178991178" lon="113.73416743236663">
        <ele>6.002996049821377</ele>
        <time>1970-01-01T00:21:12Z</time>
        <extensions>
          <gpxtpx:TrackPointExtension>
            <gpxtpx:hr>136</gpxtpx:hr>
          </gpxtpx:TrackPointExtension>
        </extensions>
      </trkpt>
      <trkpt lat="22.750996576812668" lon="113.7341798463621">
        <ele>5.919440186582506</ele>
        <time>1970-01-01T00:21:13Z</time>
        <extensions>
          <gpxtpx:TrackPointExtension>
            <gpxtpx:hr>136</gpxtpx:hr>
          </gpxtpx:TrackPointExtension>
        </extensions>
      </trkpt>
      <trkpt lat="22.75101576469351" lon="113.7341914362204">
        <ele>5.8327080169692636</ele>
        <time>1970-01-01T00:21:14Z</time>
        <extensions>
          <gpxtpx:TrackPointExtension>
            <gpxtpx:hr>135</gpxtpx:hr>
          </gpxtpx:TrackPointExtension>
        </extensions>
      </trkpt>
      <trkpt lat="22.751034914168464" lon="113.73420268824097">
        <ele>5.747894245199859</ele>
        <time>1970-01-01T00:21:15Z</time>
        <extensions>
          <gpxtpx:TrackPointExtension>
            <gpxtpx:hr>135</gpxtpx:hr>
          </gpxtpx:TrackPointExtension>
        </extensions>
      </trkpt>
      <trkpt lat="22.751054656775086" lon="113.73421377500263">
        <ele>5.661375617608428</ele>
        <time>1970-01-01T00:21:16Z</time>
        <extensions>
          <gpxtpx:TrackPointExtension>
            <gpxtpx:hr>135</gpxtpx:hr>
          </gpxtpx:TrackPointExtension>
        </extensions>
      </trkpt>
      <trkpt lat="22.75107499524725" lon="113.73422362240831">
        <ele>5.575186430476606</ele>
        <time>1970-01-01T00:21:17Z</time>
        <extensions>
          <gpxtpx:TrackPointExtension>
            <gpxtpx:hr>135</gpxtpx:hr>
          </gpxtpx:TrackPointExtension>
        </extensions>
      </trkpt>
      <trkpt lat="22.75109601773486" lon="113.7342316213896">
        <ele>5.490414833649993</ele>
        <time>1970-01-01T00:21:18Z</time>
        <extensions>
          <gpxtpx:TrackPointExtension>
            <gpxtpx:hr>136</gpxtpx:hr>
          </gpxtpx:TrackPointExtension>
        </extensions>
      </trkpt>
      <trkpt lat="22.751117795180598" lon="113.73423826796054">
        <ele>5.410209623165429</ele>
        <time>1970-01-01T00:21:19Z</time>
        <extensions>
          <gpxtpx:TrackPointExtension>
            <gpxtpx:hr>136</gpxtpx:hr>
          </gpxtpx:TrackPointExtension>
        </extensions>
      </trkpt>
      <trkpt lat="22.75114000526572" lon="113.73424408595602">
        <ele>5.337649245746434</ele>
        <time>1970-01-01T00:21:20Z</time>
        <extensions>
          <gpxtpx:TrackPointExtension>
            <gpxtpx:hr>136</gpxtpx:hr>
          </gpxtpx:TrackPointExtension>
        </extensions>
      </trkpt>
      <trkpt lat="22.75116221234388" lon="113.73424957010124">
        <ele>5.272550751455128</ele>
        <time>1970-01-01T00:21:21Z</time>
        <extensions>
          <gpxtpx:TrackPointExtension>
            <gpxtpx:hr>136</gpxtpx:hr>
          </gpxtpx:TrackPointExtension>
        </extensions>
      </trkpt>
      <trkpt lat="22.751184401855912" lon="113.73425535636514">
        <ele>5.212984150275588</ele>
        <time>1970-01-01T00:21:22Z</time>
        <extensions>
          <gpxtpx:TrackPointExtension>
            <gpxtpx:hr>136</gpxtpx:hr>
          </gpxtpx:TrackPointExtension>
        </extensions>
      </trkpt>
      <trkpt lat="22.751206852783252" lon="113.734260853676">
        <ele>5.162255653180182</ele>
        <time>1970-01-01T00:21:23Z</time>
        <extensions>
          <gpxtpx:TrackPointExtension>
            <gpxtpx:hr>136</gpxtpx:hr>
          </gpxtpx:TrackPointExtension>
        </extensions>
      </trkpt>
      <trkpt lat="22.75122956120419" lon="113.7342648123923">
        <ele>5.122651178389788</ele>
        <time>1970-01-01T00:21:24Z</time>
        <extensions>
          <gpxtpx:TrackPointExtension>
            <gpxtpx:hr>136</gpxtpx:hr>
          </gpxtpx:TrackPointExtension>
        </extensions>
      </trkpt>
      <trkpt lat="22.75125269372965" lon="113.73426695432835">
        <ele>5.094551612623036</ele>
        <time>1970-01-01T00:21:25Z</time>
        <extensions>
          <gpxtpx:TrackPointExtension>
            <gpxtpx:hr>136</gpxtpx:hr>
          </gpxtpx:TrackPointExtension>
        </extensions>
      </trkpt>
      <trkpt lat="22.751275848688234" lon="113.73426817480271">
        <ele>5.077423306182027</ele>
        <time>1970-01-01T00:21:26Z</time>
        <extensions>
          <gpxtpx:TrackPointExtension>
            <gpxtpx:hr>136</gpxtpx:hr>
          </gpxtpx:TrackPointExtension>
        </extensions>
      </trkpt>
      <trkpt lat="22.75129809513155" lon="113.73426950933403">
        <ele>5.067703630775213</ele>
        <time>1970-01-01T00:21:27Z</time>
        <extensions>
          <gpxtpx:TrackPointExtension>
            <gpxtpx:hr>136</gpxtpx:hr>
          </gpxtpx:TrackPointExtension>
        </extensions>
      </trkpt>
      <trkpt lat="22.751319454566417" lon="113.73427078682859">
        <ele>5.066278024576604</ele>
        <time>1970-01-01T00:21:28Z</time>
        <extensions>
          <gpxtpx:TrackPointExtension>
            <gpxtpx:hr>137</gpxtpx:hr>
          </gpxtpx:TrackPointExtension>
        </extensions>
      </trkpt>
      <trkpt lat="22.75134077561176" lon="113.73427197673098">
        <ele>5.071295755915344</ele>
        <time>1970-01-01T00:21:29Z</time>
        <extensions>
          <gpxtpx:TrackPointExtension>
            <gpxtpx:hr>137</gpxtpx:hr>
          </gpxtpx:TrackPointExtension>
        </extensions>
      </trkpt>
      <trkpt lat="22.751362433828145" lon="113.73427378324499">
        <ele>5.080609688535333</ele>
        <time>1970-01-01T00:21:30Z</time>
        <extensions>
          <gpxtpx:TrackPointExtension>
            <gpxtpx:hr>137</gpxtpx:hr>
          </gpxtpx:TrackPointExtension>
        </extensions>
      </trkpt>
      <trkpt lat="22.751384232364604" lon="113.73427655299098">
        <ele>5.094558143988252</ele>
        <time>1970-01-01T00:21:31Z</time>
        <extensions>
          <gpxtpx:TrackPointExtension>
            <gpxtpx:hr>137</gpxtpx:hr>
          </gpxtpx:TrackPointExtension>
        </extensions>
      </trkpt>
      <trkpt lat="22.75140610886996" lon="113.7342796375767">
        <ele>5.107597537338734</ele>
        <time>1970-01-01T00:21:32Z</time>
        <extensions>
          <gpxtpx:TrackPointExtension>
            <gpxtpx:hr>139</gpxtpx:hr>
          </gpxtpx:TrackPointExtension>
        </extensions>
      </trkpt>
      <trkpt lat="22.75142823036402" lon="113.73428224837124">
        <ele>5.117283824831247</ele>
        <time>1970-01-01T00:21:33Z</time>
        <extensions>
          <gpxtpx:TrackPointExtension>
            <gpxtpx:hr>139</gpxtpx:hr>
          </gpxtpx:TrackPointExtension>
        </extensions>
      </trkpt>
      <trkpt lat="22.75145063586415" lon="113.73428466924817">
        <ele>5.121769621036947</ele>
        <time>1970-01-01T00:21:34Z</time>
        <extensions>
          <gpxtpx:TrackPointExtension>
            <gpxtpx:hr>139</gpxtpx:hr>
          </gpxtpx:TrackPointExtension>
        </extensions>
      </trkpt>
      <trkpt lat="22.751473301993165" lon="113.73428678544634">
        <ele>5.1187499817460775</ele>
        <time>1970-01-01T00:21:35Z</time>
        <extensions>
          <gpxtpx:TrackPointExtension>
            <gpxtpx:hr>139</gpxtpx:hr>
          </gpxtpx:TrackPointExtension>
        </extensions>
      </trkpt>
      <trkpt lat="22.75149641097228" lon="113.73428836805952">
        <ele>5.104738434776664</ele>
        <time>1970-01-01T00:21:36Z</time>
        <extensions>
          <gpxtpx:TrackPointExtension>
            <gpxtpx:hr>139</gpxtpx:hr>
          </gpxtpx:TrackPointExtension>
        </extensions>
      </trkpt>
      <trkpt lat="22.75151954497079" lon="113.73428985353004">
        <ele>5.07532480545342</ele>
        <time>1970-01-01T00:21:37Z</time>
        <extensions>
          <gpxtpx:TrackPointExtension>
            <gpxtpx:hr>139</gpxtpx:hr>
          </gpxtpx:TrackPointExtension>
        </extensions>
      </trkpt>
      <trkpt lat="22.751541979512876" lon="113.73429109350624">
        <ele>5.026487451046705</ele>
        <time>1970-01-01T00:21:38Z</time>
        <extensions>
          <gpxtpx:TrackPointExtension>
            <gpxtpx:hr>139</gpxtpx:hr>
          </gpxtpx:TrackPointExtension>
        </extensions>
      </trkpt>
      <trkpt lat="22.751563740060313" lon="113.73429131053719">
        <ele>4.955495656467974</ele>
        <time>1970-01-01T00:21:39Z</time>
        <extensions>
          <gpxtpx:TrackPointExtension>
            <gpxtpx:hr>139</gpxtpx:hr>
          </gpxtpx:TrackPointExtension>
        </extensions>
      </trkpt>
      <trkpt lat="22.75158492319874" lon="113.73429051611608">
        <ele>4.86557609308511</ele>
        <time>1970-01-01T00:21:40Z</time>
        <extensions>
          <gpxtpx:TrackPointExtension>
            <gpxtpx:hr>139</gpxtpx:hr>
          </gpxtpx:TrackPointExtension>
        </extensions>
      </trkpt>
      <trkpt lat="22.75160598943384" lon="113.7342901155479">
        <ele>4.757098997943103</ele>
        <time>1970-01-01T00:21:41Z</time>
        <extensions>
          <gpxtpx:TrackPointExtension>
            <gpxtpx:hr>139</gpxtpx:hr>
          </gpxtpx:TrackPointExtension>
        </extensions>
      </trkpt>
      <trkpt lat="22.751627272891056" lon="113.7342911581491">
        <ele>4.634023912250996</ele>
        <time>1970-01-01T00:21:42Z</time>
        <extensions>
          <gpxtpx:TrackPointExtension>
            <gpxtpx:hr>139</gpxtpx:hr>
          </gpxtpx:TrackPointExtension>
        </extensions>
      </trkpt>
      <trkpt lat="22.75164866177905" lon="113.73429348507398">
        <ele>4.506286906078458</ele>
        <time>1970-01-01T00:21:43Z</time>
        <extensions>
          <gpxtpx:TrackPointExtension>
            <gpxtpx:hr>138</gpxtpx:hr>
          </gpxtpx:TrackPointExtension>
        </extensions>
      </trkpt>
      <trkpt lat="22.75167051894068" lon="113.73429625045156">
        <ele>4.385014257393777</ele>
        <time>1970-01-01T00:21:44Z</time>
        <extensions>
          <gpxtpx:TrackPointExtension>
            <gpxtpx:hr>138</gpxtpx:hr>
          </gpxtpx:TrackPointExtension>
        </extensions>
      </trkpt>
      <trkpt lat="22.751693182467083" lon="113.73429891270052">
        <ele>4.276321207173169</ele>
        <time>1970-01-01T00:21:45Z</time>
        <extensions>
          <gpxtpx:TrackPointExtension>
            <gpxtpx:hr>138</gpxtpx:hr>
          </gpxtpx:TrackPointExtension>
        </extensions>
      </trkpt>
      <trkpt lat="22.751716267725577" lon="113.73430113851758">
        <ele>4.186695611104369</ele>
        <time>1970-01-01T00:21:46Z</time>
        <extensions>
          <gpxtpx:TrackPointExtension>
            <gpxtpx:hr>138</gpxtpx:hr>
          </gpxtpx:TrackPointExtension>
        </extensions>
      </trkpt>
      <trkpt lat="22.751739253919965" lon="113.73430292300952">
        <ele>4.116418765857816</ele>
        <time>1970-01-01T00:21:47Z</time>
        <extensions>
          <gpxtpx:TrackPointExtension>
            <gpxtpx:hr>138</gpxtpx:hr>
          </gpxtpx:TrackPointExtension>
        </extensions>
      </trkpt>
      <trkpt lat="22.751761903156986" lon="113.7343042123439">
        <ele>4.068232229910791</ele>
        <time>1970-01-01T00:21:48Z</time>
        <extensions>
          <gpxtpx:TrackPointExtension>
            <gpxtpx:hr>138</gpxtpx:hr>
          </gpxtpx:TrackPointExtension>
        </extensions>
      </trkpt>
      <trkpt lat="22.751784371110492" lon="113.73430493191324">
        <ele>4.04861412383616</ele>
        <time>1970-01-01T00:21:49Z</time>
        <extensions>
          <gpxtpx:TrackPointExtension>
            <gpxtpx:hr>138</gpxtpx:hr>
          </gpxtpx:TrackPointExtension>
        </extensions>
      </trkpt>
      <trkpt lat="22.75180678335531" lon="113.73430559005226">
        <ele>4.059493928216398</ele>
        <time>1970-01-01T00:21:50Z</time>
        <extensions>
          <gpxtpx:TrackPointExtension>
            <gpxtpx:hr>138</gpxtpx:hr>
          </gpxtpx:TrackPointExtension>
        </extensions>
      </trkpt>
      <trkpt lat="22.751829455440802" lon="113.73430689158766">
        <ele>4.098244968801737</ele>
        <time>1970-01-01T00:21:51Z</time>
        <extensions>
          <gpxtpx:TrackPointExtension>
            <gpxtpx:hr>138</gpxtpx:hr>
          </gpxtpx:TrackPointExtension>
        </extensions>
      </trkpt>
      <trkpt lat="22.7518522719638" lon="113.73430885823718">
        <ele>4.159938766621053</ele>
        <time>1970-01-01T00:21:52Z</time>
        <extensions>
          <gpxtpx:TrackPointExtension>
            <gpxtpx:hr>138</gpxtpx:hr>
          </gpxtpx:TrackPointExtension>
        </extensions>
      </trkpt>
      <trkpt lat="22.751874659413236" lon="113.73431079041522">
        <ele>4.242563881911337</ele>
        <time>1970-01-01T00:21:53Z</time>
        <extensions>
          <gpxtpx:TrackPointExtension>
            <gpxtpx:hr>138</gpxtpx:hr>
          </gpxtpx:TrackPointExtension>
        </extensions>
      </trkpt>
      <trkpt lat="22.75189642399331" lon="113.73431227555328">
        <ele>4.342015597037971</ele>
        <time>1970-01-01T00:21:54Z</time>
        <extensions>
          <gpxtpx:TrackPointExtension>
            <gpxtpx:hr>138</gpxtpx:hr>
          </gpxtpx:TrackPointExtension>
        </extensions>
      </trkpt>
      <trkpt lat="22.751918383652907" lon="113.73431359650392">
        <ele>4.457753992639482</ele>
        <time>1970-01-01T00:21:55Z</time>
        <extensions>
          <gpxtpx:TrackPointExtension>
            <gpxtpx:hr>138</gpxtpx:hr>
          </gpxtpx:TrackPointExtension>
        </extensions>
      </trkpt>
      <trkpt lat="22.751940922871913" lon="113.73431501926275">
        <ele>4.5916938949376345</ele>
        <time>1970-01-01T00:21:56Z</time>
        <extensions>
          <gpxtpx:TrackPointExtension>
            <gpxtpx:hr>137</gpxtpx:hr>
          </gpxtpx:TrackPointExtension>
        </extensions>
      </trkpt>
      <trkpt lat="22.75196378501037" lon="113.73431655941141">
        <ele>4.74302012193948</ele>
        <time>1970-01-01T00:21:57Z</time>
        <extensions>
          <gpxtpx:TrackPointExtension>
            <gpxtpx:hr>137</gpxtpx:hr>
          </gpxtpx:TrackPointExtension>
        </extensions>
      </trkpt>
      <trkpt lat="22.751986937277326" lon="113.73431828572211">
        <ele>4.907530300319195</ele>
        <time>1970-01-01T00:21:58Z</time>
        <extensions>
          <gpxtpx:TrackPointExtension>
            <gpxtpx:hr>137</gpxtpx:hr>
          </gpxtpx:TrackPointExtension>
        </extensions>
      </trkpt>
      <trkpt lat="22.752009988279433" lon="113.73432018632008">
        <ele>5.080518105998635</ele>
        <time>1970-01-01T00:21:59Z</time>
        <extensions>
          <gpxtpx:TrackPointExtension>
            <gpxtpx:hr>137</gpxtpx:hr>
          </gpxtpx:TrackPointExtension>
        </extensions>
      </trkpt>
      <trkpt lat="22.752032969971633" lon="113.7343226480998">
        <ele>5.2520704586058855</ele>
        <time>1970-01-01T00:22:00Z</time>
        <extensions>
          <gpxtpx:TrackPointExtension>
            <gpxtpx:hr>137</gpxtpx:hr>
          </gpxtpx:TrackPointExtension>
        </extensions>
      </trkpt>
      <trkpt lat="22.752056172382737" lon="113.73432643223626">
        <ele>5.413538057357073</ele>
        <time>1970-01-01T00:22:01Z</time>
        <extensions>
          <gpxtpx:TrackPointExtension>
            <gpxtpx:hr>137</gpxtpx:hr>
          </gpxtpx:TrackPointExtension>
        </extensions>
      </trkpt>
      <trkpt lat="22.7520790160939" lon="113.73433162341112">
        <ele>5.558118406683207</ele>
        <time>1970-01-01T00:22:02Z</time>
        <extensions>
          <gpxtpx:TrackPointExtension>
            <gpxtpx:hr>135</gpxtpx:hr>
          </gpxtpx:TrackPointExtension>
        </extensions>
      </trkpt>
      <trkpt lat="22.75210119265174" lon="113.73433762194153">
        <ele>5.684968525543809</ele>
        <time>1970-01-01T00:22:03Z</time>
        <extensions>
          <gpxtpx:TrackPointExtension>
            <gpxtpx:hr>135</gpxtpx:hr>
          </gpxtpx:TrackPointExtension>
        </extensions>
      </trkpt>
      <trkpt lat="22.752122560413543" lon="113.73434379962237">
        <ele>5.795903967693448</ele>
        <time>1970-01-01T00:22:04Z</time>
        <extensions>
          <gpxtpx:TrackPointExtension>
            <gpxtpx:hr>135</gpxtpx:hr>
          </gpxtpx:TrackPointExtension>
        </extensions>
      </trkpt>
      <trkpt lat="22.752143518202242" lon="113.73435029062027">
        <ele>5.8924026088789105</ele>
        <time>1970-01-01T00:22:05Z</time>
        <extensions>
          <gpxtpx:TrackPointExtension>
            <gpxtpx:hr>135</gpxtpx:hr>
          </gpxtpx:TrackPointExtension>
        </extensions>
      </trkpt>
      <trkpt lat="22.752164482550448" lon="113.73435762226987">
        <ele>5.978272682055831</ele>
        <time>1970-01-01T00:22:06Z</time>
        <extensions>
          <gpxtpx:TrackPointExtension>
            <gpxtpx:hr>135</gpxtpx:hr>
          </gpxtpx:TrackPointExtension>
        </extensions>
      </trkpt>
      <trkpt lat="22.752185378355005" lon="113.73436608114675">
        <ele>6.055964973755181</ele>
        <time>1970-01-01T00:22:07Z</time>
        <extensions>
          <gpxtpx:TrackPointExtension>
            <gpxtpx:hr>135</gpxtpx:hr>
          </gpxtpx:TrackPointExtension>
        </extensions>
      </trkpt>
      <trkpt lat="22.752206167723607" lon="113.73437552325403">
        <ele>6.128125285729766</ele>
        <time>1970-01-01T00:22:08Z</time>
        <extensions>
          <gpxtpx:TrackPointExtension>
            <gpxtpx:hr>135</gpxtpx:hr>
          </gpxtpx:TrackPointExtension>
        </extensions>
      </trkpt>
      <trkpt lat="22.752226670471604" lon="113.73438580744329">
        <ele>6.1953994100913405</ele>
        <time>1970-01-01T00:22:09Z</time>
        <extensions>
          <gpxtpx:TrackPointExtension>
            <gpxtpx:hr>135</gpxtpx:hr>
          </gpxtpx:TrackPointExtension>
        </extensions>
      </trkpt>
      <trkpt lat="22.752246507428215" lon="113.7343969110214">
        <ele>6.256427789106965</ele>
        <time>1970-01-01T00:22:10Z</time>
        <extensions>
          <gpxtpx:TrackPointExtension>
            <gpxtpx:hr>135</gpxtpx:hr>
          </gpxtpx:TrackPointExtension>
        </extensions>
      </trkpt>
      <trkpt lat="22.752266194615636" lon="113.73440979523268">
        <ele>6.311108572408557</ele>
        <time>1970-01-01T00:22:11Z</time>
        <extensions>
          <gpxtpx:TrackPointExtension>
            <gpxtpx:hr>135</gpxtpx:hr>
          </gpxtpx:TrackPointExtension>
        </extensions>
      </trkpt>
      <trkpt lat="22.752286371943363" lon="113.73442474337656">
        <ele>6.357100307010114</ele>
        <time>1970-01-01T00:22:12Z</time>
        <extensions>
          <gpxtpx:TrackPointExtension>
            <gpxtpx:hr>135</gpxtpx:hr>
          </gpxtpx:TrackPointExtension>
        </extensions>
      </trkpt>
      <trkpt lat="22.752306735444684" lon="113.7344408495143">
        <ele>6.394721821881831</ele>
        <time>1970-01-01T00:22:13Z</time>
        <extensions>
          <gpxtpx:TrackPointExtension>
            <gpxtpx:hr>136</gpxtpx:hr>
          </gpxtpx:TrackPointExtension>
        </extensions>
      </trkpt>
      <trkpt lat="22.75232697101207" lon="113.73445762516894">
        <ele>6.422081941738725</ele>
        <time>1970-01-01T00:22:14Z</time>
        <extensions>
          <gpxtpx:TrackPointExtension>
            <gpxtpx:hr>136</gpxtpx:hr>
          </gpxtpx:TrackPointExtension>
        </extensions>
      </trkpt>
      <trkpt lat="22.75234704228579" lon="113.73447503238646">
        <ele>6.436469248495996</ele>
        <time>1970-01-01T00:22:15Z</time>
        <extensions>
          <gpxtpx:TrackPointExtension>
            <gpxtpx:hr>136</gpxtpx:hr>
          </gpxtpx:TrackPointExtension>
        </extensions>
      </trkpt>
      <trkpt lat="22.752367034412377" lon="113.73449279378191">
        <ele>6.43528154399246</ele>
        <time>1970-01-01T00:22:16Z</time>
        <extensions>
          <gpxtpx:TrackPointExtension>
            <gpxtpx:hr>136</gpxtpx:hr>
          </gpxtpx:TrackPointExtension>
        </extensions>
      </trkpt>
      <trkpt lat="22.752386708134093" lon="113.73451076033318">
        <ele>6.418867967091501</ele>
        <time>1970-01-01T00:22:17Z</time>
        <extensions>
          <gpxtpx:TrackPointExtension>
            <gpxtpx:hr>136</gpxtpx:hr>
          </gpxtpx:TrackPointExtension>
        </extensions>
      </trkpt>
      <trkpt lat="22.752404751807195" lon="113.73452905937336">
        <ele>6.387377853505313</ele>
        <time>1970-01-01T00:22:18Z</time>
        <extensions>
          <gpxtpx:TrackPointExtension>
            <gpxtpx:hr>136</gpxtpx:hr>
          </gpxtpx:TrackPointExtension>
        </extensions>
      </trkpt>
      <trkpt lat="22.752420035580275" lon="113.73454754661368">
        <ele>6.339513061568141</ele>
        <time>1970-01-01T00:22:19Z</time>
        <extensions>
          <gpxtpx:TrackPointExtension>
            <gpxtpx:hr>136</gpxtpx:hr>
          </gpxtpx:TrackPointExtension>
        </extensions>
      </trkpt>
      <trkpt lat="22.752433376024946" lon="113.7345660154165">
        <ele>6.275510739535093</ele>
        <time>1970-01-01T00:22:20Z</time>
        <extensions>
          <gpxtpx:TrackPointExtension>
            <gpxtpx:hr>136</gpxtpx:hr>
          </gpxtpx:TrackPointExtension>
        </extensions>
      </trkpt>
      <trkpt lat="22.752446261211634" lon="113.73458440784131">
        <ele>6.197587253525853</ele>
        <time>1970-01-01T00:22:21Z</time>
        <extensions>
          <gpxtpx:TrackPointExtension>
            <gpxtpx:hr>136</gpxtpx:hr>
          </gpxtpx:TrackPointExtension>
        </extensions>
      </trkpt>
      <trkpt lat="22.75245877707518" lon="113.73460308240595">
        <ele>6.111650764010847</ele>
        <time>1970-01-01T00:22:22Z</time>
        <extensions>
          <gpxtpx:TrackPointExtension>
            <gpxtpx:hr>136</gpxtpx:hr>
          </gpxtpx:TrackPointExtension>
        </extensions>
      </trkpt>
      <trkpt lat="22.75247084015182" lon="113.73462271762492">
        <ele>6.024018669500947</ele>
        <time>1970-01-01T00:22:23Z</time>
        <extensions>
          <gpxtpx:TrackPointExtension>
            <gpxtpx:hr>136</gpxtpx:hr>
          </gpxtpx:TrackPointExtension>
        </extensions>
      </trkpt>
      <trkpt lat="22.75248285931801" lon="113.73464395616345">
        <ele>5.9403043407946825</ele>
        <time>1970-01-01T00:22:24Z</time>
        <extensions>
          <gpxtpx:TrackPointExtension>
            <gpxtpx:hr>136</gpxtpx:hr>
          </gpxtpx:TrackPointExtension>
        </extensions>
      </trkpt>
      <trkpt lat="22.752495045700186" lon="113.73466642616295">
        <ele>5.87325444445014</ele>
        <time>1970-01-01T00:22:25Z</time>
        <extensions>
          <gpxtpx:TrackPointExtension>
            <gpxtpx:hr>136</gpxtpx:hr>
          </gpxtpx:TrackPointExtension>
        </extensions>
      </trkpt>
      <trkpt lat="22.752506957321938" lon="113.73468887766688">
        <ele>5.8297442784532905</ele>
        <time>1970-01-01T00:22:26Z</time>
        <extensions>
          <gpxtpx:TrackPointExtension>
            <gpxtpx:hr>136</gpxtpx:hr>
          </gpxtpx:TrackPointExtension>
        </extensions>
      </trkpt>
      <trkpt lat="22.75251822838807" lon="113.73471108007988">
        <ele>5.812423613853753</ele>
        <time>1970-01-01T00:22:27Z</time>
        <extensions>
          <gpxtpx:TrackPointExtension>
            <gpxtpx:hr>135</gpxtpx:hr>
          </gpxtpx:TrackPointExtension>
        </extensions>
      </trkpt>
      <trkpt lat="22.752528748201346" lon="113.73473321120086">
        <ele>5.821046961471438</ele>
        <time>1970-01-01T00:22:28Z</time>
        <extensions>
          <gpxtpx:TrackPointExtension>
            <gpxtpx:hr>135</gpxtpx:hr>
          </gpxtpx:TrackPointExtension>
        </extensions>
      </trkpt>
      <trkpt lat="22.752538740065226" lon="113.73475570911853">
        <ele>5.8549187714233994</ele>
        <time>1970-01-01T00:22:29Z</time>
        <extensions>
          <gpxtpx:TrackPointExtension>
            <gpxtpx:hr>135</gpxtpx:hr>
          </gpxtpx:TrackPointExtension>
        </extensions>
      </trkpt>
      <trkpt lat="22.752548150166643" lon="113.73477853911083">
        <ele>5.913906739093363</ele>
        <time>1970-01-01T00:22:30Z</time>
        <extensions>
          <gpxtpx:TrackPointExtension>
            <gpxtpx:hr>135</gpxtpx:hr>
          </gpxtpx:TrackPointExtension>
        </extensions>
      </trkpt>
      <trkpt lat="22.752556985954204" lon="113.73480160143585">
        <ele>5.997476096265018</ele>
        <time>1970-01-01T00:22:31Z</time>
        <extensions>
          <gpxtpx:TrackPointExtension>
            <gpxtpx:hr>135</gpxtpx:hr>
          </gpxtpx:TrackPointExtension>
        </extensions>
      </trkpt>
      <trkpt lat="22.75256555280004" lon="113.73482516517406">
        <ele>6.099852789193392</ele>
        <time>1970-01-01T00:22:32Z</time>
        <extensions>
          <gpxtpx:TrackPointExtension>
            <gpxtpx:hr>135</gpxtpx:hr>
          </gpxtpx:TrackPointExtension>
        </extensions>
      </trkpt>
      <trkpt lat="22.75257341091869" lon="113.73484942541646">
        <ele>6.2124723037704825</ele>
        <time>1970-01-01T00:22:33Z</time>
        <extensions>
          <gpxtpx:TrackPointExtension>
            <gpxtpx:hr>135</gpxtpx:hr>
          </gpxtpx:TrackPointExtension>
        </extensions>
      </trkpt>
      <trkpt lat="22.75258058654609" lon="113.7348740943755">
        <ele>6.325013200752437</ele>
        <time>1970-01-01T00:22:34Z</time>
        <extensions>
          <gpxtpx:TrackPointExtension>
            <gpxtpx:hr>135</gpxtpx:hr>
          </gpxtpx:TrackPointExtension>
        </extensions>
      </trkpt>
      <trkpt lat="22.752587474007626" lon="113.7348987923457">
        <ele>6.42615401931107</ele>
        <time>1970-01-01T00:22:35Z</time>
        <extensions>
          <gpxtpx:TrackPointExtension>
            <gpxtpx:hr>135</gpxtpx:hr>
          </gpxtpx:TrackPointExtension>
        </extensions>
      </trkpt>
      <trkpt lat="22.752594577845688" lon="113.73492322940163">
        <ele>6.501617096364498</ele>
        <time>1970-01-01T00:22:36Z</time>
        <extensions>
          <gpxtpx:TrackPointExtension>
            <gpxtpx:hr>135</gpxtpx:hr>
          </gpxtpx:TrackPointExtension>
        </extensions>
      </trkpt>
      <trkpt lat="22.752602625225453" lon="113.73494698496924">
        <ele>6.545036659575999</ele>
        <time>1970-01-01T00:22:37Z</time>
        <extensions>
          <gpxtpx:TrackPointExtension>
            <gpxtpx:hr>135</gpxtpx:hr>
          </gpxtpx:TrackPointExtension>
        </extensions>
      </trkpt>
      <trkpt lat="22.752612238550505" lon="113.73496949520164">
        <ele>6.553068555891514</ele>
        <time>1970-01-01T00:22:38Z</time>
        <extensions>
          <gpxtpx:TrackPointExtension>
            <gpxtpx:hr>135</gpxtpx:hr>
          </gpxtpx:TrackPointExtension>
        </extensions>
      </trkpt>
      <trkpt lat="22.752623815052292" lon="113.7349899897174">
        <ele>6.5225825645029545</ele>
        <time>1970-01-01T00:22:39Z</time>
        <extensions>
          <gpxtpx:TrackPointExtension>
            <gpxtpx:hr>135</gpxtpx:hr>
          </gpxtpx:TrackPointExtension>
        </extensions>
      </trkpt>
      <trkpt lat="22.75263709431966" lon="113.73500844427626">
        <ele>6.455320834182203</ele>
        <time>1970-01-01T00:22:40Z</time>
        <extensions>
          <gpxtpx:TrackPointExtension>
            <gpxtpx:hr>135</gpxtpx:hr>
          </gpxtpx:TrackPointExtension>
        </extensions>
      </trkpt>
      <trkpt lat="22.752651519049017" lon="113.73502588655433">
        <ele>6.349336249753833</ele>
        <time>1970-01-01T00:22:41Z</time>
        <extensions>
          <gpxtpx:TrackPointExtension>
            <gpxtpx:hr>135</gpxtpx:hr>
          </gpxtpx:TrackPointExtension>
        </extensions>
      </trkpt>
      <trkpt lat="22.752666438606504" lon="113.73504310974491">
        <ele>6.205733606591821</ele>
        <time>1970-01-01T00:22:42Z</time>
        <extensions>
          <gpxtpx:TrackPointExtension>
            <gpxtpx:hr>135</gpxtpx:hr>
          </gpxtpx:TrackPointExtension>
        </extensions>
      </trkpt>
      <trkpt lat="22.752681636525335" lon="113.73505999256184">
        <ele>6.031151130795479</ele>
        <time>1970-01-01T00:22:43Z</time>
        <extensions>
          <gpxtpx:TrackPointExtension>
            <gpxtpx:hr>135</gpxtpx:hr>
          </gpxtpx:TrackPointExtension>
        </extensions>
      </trkpt>
      <trkpt lat="22.752697831297198" lon="113.73507602095272">
        <ele>5.836509122513235</ele>
        <time>1970-01-01T00:22:44Z</time>
        <extensions>
          <gpxtpx:TrackPointExtension>
            <gpxtpx:hr>135</gpxtpx:hr>
          </gpxtpx:TrackPointExtension>
        </extensions>
      </trkpt>
      <trkpt lat="22.75271529039368" lon="113.73509046400808">
        <ele>5.628192577511072</ele>
        <time>1970-01-01T00:22:45Z</time>
        <extensions>
          <gpxtpx:TrackPointExtension>
            <gpxtpx:hr>136</gpxtpx:hr>
          </gpxtpx:TrackPointExtension>
        </extensions>
      </trkpt>
      <trkpt lat="22.75273342675141" lon="113.73510309203641">
        <ele>5.421985781751573</ele>
        <time>1970-01-01T00:22:46Z</time>
        <extensions>
          <gpxtpx:TrackPointExtension>
            <gpxtpx:hr>136</gpxtpx:hr>
          </gpxtpx:TrackPointExtension>
        </extensions>
      </trkpt>
      <trkpt lat="22.752751830811704" lon="113.73511428090623">
        <ele>5.224740542471409</ele>
        <time>1970-01-01T00:22:47Z</time>
        <extensions>
          <gpxtpx:TrackPointExtension>
            <gpxtpx:hr>136</gpxtpx:hr>
          </gpxtpx:TrackPointExtension>
        </extensions>
      </trkpt>
      <trkpt lat="22.752770965215742" lon="113.73512471739701">
        <ele>5.048540179617703</ele>
        <time>1970-01-01T00:22:48Z</time>
        <extensions>
          <gpxtpx:TrackPointExtension>
            <gpxtpx:hr>136</gpxtpx:hr>
          </gpxtpx:TrackPointExtension>
        </extensions>
      </trkpt>
      <trkpt lat="22.75279111483252" lon="113.73513488217715">
        <ele>4.893264346756041</ele>
        <time>1970-01-01T00:22:49Z</time>
        <extensions>
          <gpxtpx:TrackPointExtension>
            <gpxtpx:hr>136</gpxtpx:hr>
          </gpxtpx:TrackPointExtension>
        </extensions>
      </trkpt>
      <trkpt lat="22.75281178445993" lon="113.73514436942968">
        <ele>4.765823120251298</ele>
        <time>1970-01-01T00:22:50Z</time>
        <extensions>
          <gpxtpx:TrackPointExtension>
            <gpxtpx:hr>136</gpxtpx:hr>
          </gpxtpx:TrackPointExtension>
        </extensions>
      </trkpt>
      <trkpt lat="22.752832561355046" lon="113.73515209822486">
        <ele>4.6636611903086305</ele>
        <time>1970-01-01T00:22:51Z</time>
        <extensions>
          <gpxtpx:TrackPointExtension>
            <gpxtpx:hr>136</gpxtpx:hr>
          </gpxtpx:TrackPointExtension>
        </extensions>
      </trkpt>
      <trkpt lat="22.75285358271086" lon="113.73515739177797">
        <ele>4.579735240899026</ele>
        <time>1970-01-01T00:22:52Z</time>
        <extensions>
          <gpxtpx:TrackPointExtension>
            <gpxtpx:hr>136</gpxtpx:hr>
          </gpxtpx:TrackPointExtension>
        </extensions>
      </trkpt>
      <trkpt lat="22.752874918410136" lon="113.7351605513433">
        <ele>4.5112663526088</ele>
        <time>1970-01-01T00:22:53Z</time>
        <extensions>
          <gpxtpx:TrackPointExtension>
            <gpxtpx:hr>136</gpxtpx:hr>
          </gpxtpx:TrackPointExtension>
        </extensions>
      </trkpt>
      <trkpt lat="22.75289628276044" lon="113.73516201491576">
        <ele>4.4443436693400145</ele>
        <time>1970-01-01T00:22:54Z</time>
        <extensions>
          <gpxtpx:TrackPointExtension>
            <gpxtpx:hr>136</gpxtpx:hr>
          </gpxtpx:TrackPointExtension>
        </extensions>
      </trkpt>
      <trkpt lat="22.75291706550749" lon="113.73516195131955">
        <ele>4.376768657937646</ele>
        <time>1970-01-01T00:22:55Z</time>
        <extensions>
          <gpxtpx:TrackPointExtension>
            <gpxtpx:hr>136</gpxtpx:hr>
          </gpxtpx:TrackPointExtension>
        </extensions>
      </trkpt>
      <trkpt lat="22.7529371477111" lon="113.73516047399319">
        <ele>4.309015844017267</ele>
        <time>1970-01-01T00:22:56Z</time>
        <extensions>
          <gpxtpx:TrackPointExtension>
            <gpxtpx:hr>136</gpxtpx:hr>
          </gpxtpx:TrackPointExtension>
        </extensions>
      </trkpt>
      <trkpt lat="22.75295693275964" lon="113.73515768893404">
        <ele>4.244501291774213</ele>
        <time>1970-01-01T00:22:57Z</time>
        <extensions>
          <gpxtpx:TrackPointExtension>
            <gpxtpx:hr>136</gpxtpx:hr>
          </gpxtpx:TrackPointExtension>
        </extensions>
      </trkpt>
      <trkpt lat="22.752976943984034" lon="113.73515361801849">
        <ele>4.1794176157563925</ele>
        <time>1970-01-01T00:22:58Z</time>
        <extensions>
          <gpxtpx:TrackPointExtension>
            <gpxtpx:hr>137</gpxtpx:hr>
          </gpxtpx:TrackPointExtension>
        </extensions>
      </trkpt>
      <trkpt lat="22.752996902093923" lon="113.73514821318507">
        <ele>4.1267780950292945</ele>
        <time>1970-01-01T00:22:59Z</time>
        <extensions>
          <gpxtpx:TrackPointExtension>
            <gpxtpx:hr>137</gpxtpx:hr>
          </gpxtpx:TrackPointExtension>
        </extensions>
      </trkpt>
      <trkpt lat="22.753016530431193" lon="113.73514160893292">
        <ele>4.088377725332975</ele>
        <time>1970-01-01T00:23:00Z</time>
        <extensions>
          <gpxtpx:TrackPointExtension>
            <gpxtpx:hr>137</gpxtpx:hr>
          </gpxtpx:TrackPointExtension>
        </extensions>
      </trkpt>
      <trkpt lat="22.753036041664153" lon="113.73513369926293">
        <ele>4.0776975601911545</ele>
        <time>1970-01-01T00:23:01Z</time>
        <extensions>
          <gpxtpx:TrackPointExtension>
            <gpxtpx:hr>137</gpxtpx:hr>
          </gpxtpx:TrackPointExtension>
        </extensions>
      </trkpt>
      <trkpt lat="22.75305565175301" lon="113.7351239141352">
        <ele>4.091573660261929</ele>
        <time>1970-01-01T00:23:02Z</time>
        <extensions>
          <gpxtpx:TrackPointExtension>
            <gpxtpx:hr>137</gpxtpx:hr>
          </gpxtpx:TrackPointExtension>
        </extensions>
      </trkpt>
      <trkpt lat="22.753074856885274" lon="113.73511250935105">
        <ele>4.129036013036966</ele>
        <time>1970-01-01T00:23:03Z</time>
        <extensions>
          <gpxtpx:TrackPointExtension>
            <gpxtpx:hr>137</gpxtpx:hr>
          </gpxtpx:TrackPointExtension>
        </extensions>
      </trkpt>
      <trkpt lat="22.753093448829514" lon="113.7350997286546">
        <ele>4.187243847176433</ele>
        <time>1970-01-01T00:23:04Z</time>
        <extensions>
          <gpxtpx:TrackPointExtension>
            <gpxtpx:hr>137</gpxtpx:hr>
          </gpxtpx:TrackPointExtension>
        </extensions>
      </trkpt>
      <trkpt lat="22.753111078891212" lon="113.73508552673165">
        <ele>4.266794061288238</ele>
        <time>1970-01-01T00:23:05Z</time>
        <extensions>
          <gpxtpx:TrackPointExtension>
            <gpxtpx:hr>137</gpxtpx:hr>
          </gpxtpx:TrackPointExtension>
        </extensions>
      </trkpt>
      <trkpt lat="22.753127443472696" lon="113.7350694485711">
        <ele>4.368578272871673</ele>
        <time>1970-01-01T00:23:06Z</time>
        <extensions>
          <gpxtpx:TrackPointExtension>
            <gpxtpx:hr>137</gpxtpx:hr>
          </gpxtpx:TrackPointExtension>
        </extensions>
      </trkpt>
      <trkpt lat="22.753142742067446" lon="113.73505137826902">
        <ele>4.489098781719804</ele>
        <time>1970-01-01T00:23:07Z</time>
        <extensions>
          <gpxtpx:TrackPointExtension>
            <gpxtpx:hr>137</gpxtpx:hr>
          </gpxtpx:TrackPointExtension>
        </extensions>
      </trkpt>
      <trkpt lat="22.75315677778542" lon="113.73503145591208">
        <ele>4.618971968069673</ele>
        <time>1970-01-01T00:23:08Z</time>
        <extensions>
          <gpxtpx:TrackPointExtension>
            <gpxtpx:hr>136</gpxtpx:hr>
          </gpxtpx:TrackPointExtension>
        </extensions>
      </trkpt>
      <trkpt lat="22.753169632432396" lon="113.73501013259123">
        <ele>4.758057547733188</ele>
        <time>1970-01-01T00:23:09Z</time>
        <extensions>
          <gpxtpx:TrackPointExtension>
            <gpxtpx:hr>136</gpxtpx:hr>
          </gpxtpx:TrackPointExtension>
        </extensions>
      </trkpt>
      <trkpt lat="22.753181449908485" lon="113.73498836168686">
        <ele>4.896638601087034</ele>
        <time>1970-01-01T00:23:10Z</time>
        <extensions>
          <gpxtpx:TrackPointExtension>
            <gpxtpx:hr>136</gpxtpx:hr>
          </gpxtpx:TrackPointExtension>
        </extensions>
      </trkpt>
      <trkpt lat="22.753192358690903" lon="113.7349667490146">
        <ele>5.033739213831723</ele>
        <time>1970-01-01T00:23:11Z</time>
        <extensions>
          <gpxtpx:TrackPointExtension>
            <gpxtpx:hr>136</gpxtpx:hr>
          </gpxtpx:TrackPointExtension>
        </extensions>
      </trkpt>
      <trkpt lat="22.7532020989914" lon="113.73494474489607">
        <ele>5.1585314041003585</ele>
        <time>1970-01-01T00:23:12Z</time>
        <extensions>
          <gpxtpx:TrackPointExtension>
            <gpxtpx:hr>136</gpxtpx:hr>
          </gpxtpx:TrackPointExtension>
        </extensions>
      </trkpt>
      <trkpt lat="22.753209911439285" lon="113.73492232012126">
        <ele>5.259483072906733</ele>
        <time>1970-01-01T00:23:13Z</time>
        <extensions>
          <gpxtpx:TrackPointExtension>
            <gpxtpx:hr>137</gpxtpx:hr>
          </gpxtpx:TrackPointExtension>
        </extensions>
      </trkpt>
      <trkpt lat="22.753215258544245" lon="113.7348999851527">
        <ele>5.343079051934183</ele>
        <time>1970-01-01T00:23:14Z</time>
        <extensions>
          <gpxtpx:TrackPointExtension>
            <gpxtpx:hr>137</gpxtpx:hr>
          </gpxtpx:TrackPointExtension>
        </extensions>
      </trkpt>
      <trkpt lat="22.753218065369673" lon="113.73487847329999">
        <ele>5.40333943720907</ele>
        <time>1970-01-01T00:23:15Z</time>
        <extensions>
          <gpxtpx:TrackPointExtension>
            <gpxtpx:hr>137</gpxtpx:hr>
          </gpxtpx:TrackPointExtension>
        </extensions>
      </trkpt>
      <trkpt lat="22.75321846664511" lon="113.73485722190034">
        <ele>5.448885218240321</ele>
        <time>1970-01-01T00:23:16Z</time>
        <extensions>
          <gpxtpx:TrackPointExtension>
            <gpxtpx:hr>137</gpxtpx:hr>
          </gpxtpx:TrackPointExtension>
        </extensions>
      </trkpt>
      <trkpt lat="22.753217068793845" lon="113.73483615118103">
        <ele>5.4767248863354325</ele>
        <time>1970-01-01T00:23:17Z</time>
        <extensions>
          <gpxtpx:TrackPointExtension>
            <gpxtpx:hr>137</gpxtpx:hr>
          </gpxtpx:TrackPointExtension>
        </extensions>
      </trkpt>
      <trkpt lat="22.753214355929863" lon="113.73481519189531">
        <ele>5.498314120806754</ele>
        <time>1970-01-01T00:23:18Z</time>
        <extensions>
          <gpxtpx:TrackPointExtension>
            <gpxtpx:hr>137</gpxtpx:hr>
          </gpxtpx:TrackPointExtension>
        </extensions>
      </trkpt>
      <trkpt lat="22.75321053722255" lon="113.73479374560645">
        <ele>5.513782877475023</ele>
        <time>1970-01-01T00:23:19Z</time>
        <extensions>
          <gpxtpx:TrackPointExtension>
            <gpxtpx:hr>138</gpxtpx:hr>
          </gpxtpx:TrackPointExtension>
        </extensions>
      </trkpt>
      <trkpt lat="22.753205817697577" lon="113.73477172156151">
        <ele>5.525285428389907</ele>
        <time>1970-01-01T00:23:20Z</time>
        <extensions>
          <gpxtpx:TrackPointExtension>
            <gpxtpx:hr>138</gpxtpx:hr>
          </gpxtpx:TrackPointExtension>
        </extensions>
      </trkpt>
      <trkpt lat="22.753200131024137" lon="113.73474941433423">
        <ele>5.530116750858724</ele>
        <time>1970-01-01T00:23:21Z</time>
        <extensions>
          <gpxtpx:TrackPointExtension>
            <gpxtpx:hr>138</gpxtpx:hr>
          </gpxtpx:TrackPointExtension>
        </extensions>
      </trkpt>
      <trkpt lat="22.7531931811797" lon="113.73472738265097">
        <ele>5.521150032989681</ele>
        <time>1970-01-01T00:23:22Z</time>
        <extensions>
          <gpxtpx:TrackPointExtension>
            <gpxtpx:hr>138</gpxtpx:hr>
          </gpxtpx:TrackPointExtension>
        </extensions>
      </trkpt>
      <trkpt lat="22.753185230608178" lon="113.73470581759783">
        <ele>5.514638931490481</ele>
        <time>1970-01-01T00:23:23Z</time>
        <extensions>
          <gpxtpx:TrackPointExtension>
            <gpxtpx:hr>138</gpxtpx:hr>
          </gpxtpx:TrackPointExtension>
        </extensions>
      </trkpt>
      <trkpt lat="22.753176523477663" lon="113.7346849545116">
        <ele>5.502434284426272</ele>
        <time>1970-01-01T00:23:24Z</time>
        <extensions>
          <gpxtpx:TrackPointExtension>
            <gpxtpx:hr>138</gpxtpx:hr>
          </gpxtpx:TrackPointExtension>
        </extensions>
      </trkpt>
      <trkpt lat="22.753167036127422" lon="113.73466471009897">
        <ele>5.5021058497950435</ele>
        <time>1970-01-01T00:23:25Z</time>
        <extensions>
          <gpxtpx:TrackPointExtension>
            <gpxtpx:hr>138</gpxtpx:hr>
          </gpxtpx:TrackPointExtension>
        </extensions>
      </trkpt>
      <trkpt lat="22.753156460055738" lon="113.7346445390504">
        <ele>5.503278695978224</ele>
        <time>1970-01-01T00:23:26Z</time>
        <extensions>
          <gpxtpx:TrackPointExtension>
            <gpxtpx:hr>138</gpxtpx:hr>
          </gpxtpx:TrackPointExtension>
        </extensions>
      </trkpt>
      <trkpt lat="22.753145072234677" lon="113.73462454170215">
        <ele>5.528287388384342</ele>
        <time>1970-01-01T00:23:27Z</time>
        <extensions>
          <gpxtpx:TrackPointExtension>
            <gpxtpx:hr>138</gpxtpx:hr>
          </gpxtpx:TrackPointExtension>
        </extensions>
      </trkpt>
      <trkpt lat="22.753133176565512" lon="113.73460490415766">
        <ele>5.561818371526897</ele>
        <time>1970-01-01T00:23:28Z</time>
        <extensions>
          <gpxtpx:TrackPointExtension>
            <gpxtpx:hr>138</gpxtpx:hr>
          </gpxtpx:TrackPointExtension>
        </extensions>
      </trkpt>
      <trkpt lat="22.753120500377126" lon="113.73458532692969">
        <ele>5.617619055323303</ele>
        <time>1970-01-01T00:23:29Z</time>
        <extensions>
          <gpxtpx:TrackPointExtension>
            <gpxtpx:hr>138</gpxtpx:hr>
          </gpxtpx:TrackPointExtension>
        </extensions>
      </trkpt>
      <trkpt lat="22.75310702364316" lon="113.73456584964765">
        <ele>5.679664176888764</ele>
        <time>1970-01-01T00:23:30Z</time>
        <extensions>
          <gpxtpx:TrackPointExtension>
            <gpxtpx:hr>138</gpxtpx:hr>
          </gpxtpx:TrackPointExtension>
        </extensions>
      </trkpt>
      <trkpt lat="22.753093098603287" lon="113.73454669999114">
        <ele>5.738016527146101</ele>
        <time>1970-01-01T00:23:31Z</time>
        <extensions>
          <gpxtpx:TrackPointExtension>
            <gpxtpx:hr>136</gpxtpx:hr>
          </gpxtpx:TrackPointExtension>
        </extensions>
      </trkpt>
      <trkpt lat="22.753078742005894" lon="113.73452774411977">
        <ele>5.8052580719813704</ele>
        <time>1970-01-01T00:23:32Z</time>
        <extensions>
          <gpxtpx:TrackPointExtension>
            <gpxtpx:hr>136</gpxtpx:hr>
          </gpxtpx:TrackPointExtension>
        </extensions>
      </trkpt>
      <trkpt lat="22.75306390434438" lon="113.73450929215815">
        <ele>5.877032045274973</ele>
        <time>1970-01-01T00:23:33Z</time>
        <extensions>
          <gpxtpx:TrackPointExtension>
            <gpxtpx:hr>136</gpxtpx:hr>
          </gpxtpx:TrackPointExtension>
        </extensions>
      </trkpt>
      <trkpt lat="22.75304839909814" lon="113.73449185080896">
        <ele>5.938204490579665</ele>
        <time>1970-01-01T00:23:34Z</time>
        <extensions>
          <gpxtpx:TrackPointExtension>
            <gpxtpx:hr>136</gpxtpx:hr>
          </gpxtpx:TrackPointExtension>
        </extensions>
      </trkpt>
      <trkpt lat="22.753032069040536" lon="113.73447509489061">
        <ele>5.994672222994268</ele>
        <time>1970-01-01T00:23:35Z</time>
        <extensions>
          <gpxtpx:TrackPointExtension>
            <gpxtpx:hr>136</gpxtpx:hr>
          </gpxtpx:TrackPointExtension>
        </extensions>
      </trkpt>
      <trkpt lat="22.75301532144249" lon="113.73445862234374">
        <ele>6.033383432775736</ele>
        <time>1970-01-01T00:23:36Z</time>
        <extensions>
          <gpxtpx:TrackPointExtension>
            <gpxtpx:hr>136</gpxtpx:hr>
          </gpxtpx:TrackPointExtension>
        </extensions>
      </trkpt>
      <trkpt lat="22.752999026055736" lon="113.73444265889754">
        <ele>6.058996398001909</ele>
        <time>1970-01-01T00:23:37Z</time>
        <extensions>
          <gpxtpx:TrackPointExtension>
            <gpxtpx:hr>136</gpxtpx:hr>
          </gpxtpx:TrackPointExtension>
        </extensions>
      </trkpt>
      <trkpt lat="22.752982978443235" lon="113.73442722227212">
        <ele>6.061878010630608</ele>
        <time>1970-01-01T00:23:38Z</time>
        <extensions>
          <gpxtpx:TrackPointExtension>
            <gpxtpx:hr>136</gpxtpx:hr>
          </gpxtpx:TrackPointExtension>
        </extensions>
      </trkpt>
      <trkpt lat="22.752966892050196" lon="113.7344122067066">
        <ele>6.04662199690938</ele>
        <time>1970-01-01T00:23:39Z</time>
        <extensions>
          <gpxtpx:TrackPointExtension>
            <gpxtpx:hr>136</gpxtpx:hr>
          </gpxtpx:TrackPointExtension>
        </extensions>
      </trkpt>
      <trkpt lat="22.7529509414041" lon="113.73439719931477">
        <ele>6.01710279006511</ele>
        <time>1970-01-01T00:23:40Z</time>
        <extensions>
          <gpxtpx:TrackPointExtension>
            <gpxtpx:hr>136</gpxtpx:hr>
          </gpxtpx:TrackPointExtension>
        </extensions>
      </trkpt>
      <trkpt lat="22.75293516588347" lon="113.73438175446653">
        <ele>5.977197027765214</ele>
        <time>1970-01-01T00:23:41Z</time>
        <extensions>
          <gpxtpx:TrackPointExtension>
            <gpxtpx:hr>136</gpxtpx:hr>
          </gpxtpx:TrackPointExtension>
        </extensions>
      </trkpt>
      <trkpt lat="22.752918969944684" lon="113.73436612744075">
        <ele>5.940114971250296</ele>
        <time>1970-01-01T00:23:42Z</time>
        <extensions>
          <gpxtpx:TrackPointExtension>
            <gpxtpx:hr>136</gpxtpx:hr>
          </gpxtpx:TrackPointExtension>
        </extensions>
      </trkpt>
      <trkpt lat="22.75290178978016" lon="113.73435115250156">
        <ele>5.898133793845773</ele>
        <time>1970-01-01T00:23:43Z</time>
        <extensions>
          <gpxtpx:TrackPointExtension>
            <gpxtpx:hr>136</gpxtpx:hr>
          </gpxtpx:TrackPointExtension>
        </extensions>
      </trkpt>
      <trkpt lat="22.752884164962087" lon="113.73433747089248">
        <ele>5.872250008396804</ele>
        <time>1970-01-01T00:23:44Z</time>
        <extensions>
          <gpxtpx:TrackPointExtension>
            <gpxtpx:hr>136</gpxtpx:hr>
          </gpxtpx:TrackPointExtension>
        </extensions>
      </trkpt>
      <trkpt lat="22.752866643709307" lon="113.73432466884093">
        <ele>5.85094828158617</ele>
        <time>1970-01-01T00:23:45Z</time>
        <extensions>
          <gpxtpx:TrackPointExtension>
            <gpxtpx:hr>136</gpxtpx:hr>
          </gpxtpx:TrackPointExtension>
        </extensions>
      </trkpt>
      <trkpt lat="22.752848848507984" lon="113.73431167104864">
        <ele>5.842497646808624</ele>
        <time>1970-01-01T00:23:46Z</time>
        <extensions>
          <gpxtpx:TrackPointExtension>
            <gpxtpx:hr>136</gpxtpx:hr>
          </gpxtpx:TrackPointExtension>
        </extensions>
      </trkpt>
      <trkpt lat="22.75283088929905" lon="113.73429803536328">
        <ele>5.847170123830438</ele>
        <time>1970-01-01T00:23:47Z</time>
        <extensions>
          <gpxtpx:TrackPointExtension>
            <gpxtpx:hr>136</gpxtpx:hr>
          </gpxtpx:TrackPointExtension>
        </extensions>
      </trkpt>
      <trkpt lat="22.75281324968651" lon="113.73428401886513">
        <ele>5.866248685866594</ele>
        <time>1970-01-01T00:23:48Z</time>
        <extensions>
          <gpxtpx:TrackPointExtension>
            <gpxtpx:hr>137</gpxtpx:hr>
          </gpxtpx:TrackPointExtension>
        </extensions>
      </trkpt>
      <trkpt lat="22.752796099500394" lon="113.73427041133671">
        <ele>5.907452444545925</ele>
        <time>1970-01-01T00:23:49Z</time>
        <extensions>
          <gpxtpx:TrackPointExtension>
            <gpxtpx:hr>137</gpxtpx:hr>
          </gpxtpx:TrackPointExtension>
        </extensions>
      </trkpt>
      <trkpt lat="22.752779072210497" lon="113.73425726240687">
        <ele>5.966505293734372</ele>
        <time>1970-01-01T00:23:50Z</time>
        <extensions>
          <gpxtpx:TrackPointExtension>
            <gpxtpx:hr>137</gpxtpx:hr>
          </gpxtpx:TrackPointExtension>
        </extensions>
      </trkpt>
      <trkpt lat="22.752761796755507" lon="113.73424412040487">
        <ele>6.038989481516182</ele>
        <time>1970-01-01T00:23:51Z</time>
        <extensions>
          <gpxtpx:TrackPointExtension>
            <gpxtpx:hr>137</gpxtpx:hr>
          </gpxtpx:TrackPointExtension>
        </extensions>
      </trkpt>
      <trkpt lat="22.752744056433478" lon="113.73423076407659">
        <ele>6.11966266669333</ele>
        <time>1970-01-01T00:23:52Z</time>
        <extensions>
          <gpxtpx:TrackPointExtension>
            <gpxtpx:hr>138</gpxtpx:hr>
          </gpxtpx:TrackPointExtension>
        </extensions>
      </trkpt>
      <trkpt lat="22.752726194097345" lon="113.73421719249632">
        <ele>6.195089912973344</ele>
        <time>1970-01-01T00:23:53Z</time>
        <extensions>
          <gpxtpx:TrackPointExtension>
            <gpxtpx:hr>138</gpxtpx:hr>
          </gpxtpx:TrackPointExtension>
        </extensions>
      </trkpt>
      <trkpt lat="22.75270840129613" lon="113.73420339811248">
        <ele>6.261100113391876</ele>
        <time>1970-01-01T00:23:54Z</time>
        <extensions>
          <gpxtpx:TrackPointExtension>
            <gpxtpx:hr>138</gpxtpx:hr>
          </gpxtpx:TrackPointExtension>
        </extensions>
      </trkpt>
      <trkpt lat="22.752690527807484" lon="113.7341894743217">
        <ele>6.3059043269604445</ele>
        <time>1970-01-01T00:23:55Z</time>
        <extensions>
          <gpxtpx:TrackPointExtension>
            <gpxtpx:hr>138</gpxtpx:hr>
          </gpxtpx:TrackPointExtension>
        </extensions>
      </trkpt>
      <trkpt lat="22.752672188912786" lon="113.73417549163172">
        <ele>6.327293955720961</ele>
        <time>1970-01-01T00:23:56Z</time>
        <extensions>
          <gpxtpx:TrackPointExtension>
            <gpxtpx:hr>138</gpxtpx:hr>
          </gpxtpx:TrackPointExtension>
        </extensions>
      </trkpt>
      <trkpt lat="22.752653414815853" lon="113.73416146791176">
        <ele>6.317741828970611</ele>
        <time>1970-01-01T00:23:57Z</time>
        <extensions>
          <gpxtpx:TrackPointExtension>
            <gpxtpx:hr>137</gpxtpx:hr>
          </gpxtpx:TrackPointExtension>
        </extensions>
      </trkpt>
      <trkpt lat="22.75263468693284" lon="113.73414749107337">
        <ele>6.277512882836163</ele>
        <time>1970-01-01T00:23:58Z</time>
        <extensions>
          <gpxtpx:TrackPointExtension>
            <gpxtpx:hr>137</gpxtpx:hr>
          </gpxtpx:TrackPointExtension>
        </extensions>
      </trkpt>
      <trkpt lat="22.752615909581735" lon="113.73413336726257">
        <ele>6.208240351639688</ele>
        <time>1970-01-01T00:23:59Z</time>
        <extensions>
          <gpxtpx:TrackPointExtension>
            <gpxtpx:hr>137</gpxtpx:hr>
          </gpxtpx:TrackPointExtension>
        </extensions>
      </trkpt>
      <trkpt lat="22.75259690654107" lon="113.73411908558565">
        <ele>6.110335811972618</ele>
        <time>1970-01-01T00:24:00Z</time>
        <extensions>
          <gpxtpx:TrackPointExtension>
            <gpxtpx:hr>137</gpxtpx:hr>
          </gpxtpx:TrackPointExtension>
        </extensions>
      </trkpt>
      <trkpt lat="22.752577982402553" lon="113.73410473064925">
        <ele>5.989581204019487</ele>
        <time>1970-01-01T00:24:01Z</time>
        <extensions>
          <gpxtpx:TrackPointExtension>
            <gpxtpx:hr>136</gpxtpx:hr>
          </gpxtpx:TrackPointExtension>
        </extensions>
      </trkpt>
      <trkpt lat="22.752559551413345" lon="113.73409039577068">
        <ele>5.849787969142199</ele>
        <time>1970-01-01T00:24:02Z</time>
        <extensions>
          <gpxtpx:TrackPointExtension>
            <gpxtpx:hr>136</gpxtpx:hr>
          </gpxtpx:TrackPointExtension>
        </extensions>
      </trkpt>
      <trkpt lat="22.75254152369847" lon="113.73407617861889">
        <ele>5.703767126426101</ele>
        <time>1970-01-01T00:24:03Z</time>
        <extensions>
          <gpxtpx:TrackPointExtension>
            <gpxtpx:hr>136</gpxtpx:hr>
          </gpxtpx:TrackPointExtension>
        </extensions>
      </trkpt>
      <trkpt lat="22.752523286108733" lon="113.73406156696616">
        <ele>5.5713993944227695</ele>
        <time>1970-01-01T00:24:04Z</time>
        <extensions>
          <gpxtpx:TrackPointExtension>
            <gpxtpx:hr>136</gpxtpx:hr>
          </gpxtpx:TrackPointExtension>
        </extensions>
      </trkpt>
      <trkpt lat="22.752504429635607" lon="113.73404631404244">
        <ele>5.454330505803227</ele>
        <time>1970-01-01T00:24:05Z</time>
        <extensions>
          <gpxtpx:TrackPointExtension>
            <gpxtpx:hr>136</gpxtpx:hr>
          </gpxtpx:TrackPointExtension>
        </extensions>
      </trkpt>
      <trkpt lat="22.752485291321893" lon="113.73403097020677">
        <ele>5.36273464281112</ele>
        <time>1970-01-01T00:24:06Z</time>
        <extensions>
          <gpxtpx:TrackPointExtension>
            <gpxtpx:hr>136</gpxtpx:hr>
          </gpxtpx:TrackPointExtension>
        </extensions>
      </trkpt>
      <trkpt lat="22.752466106261817" lon="113.73401600692708">
        <ele>5.2909515565261245</ele>
        <time>1970-01-01T00:24:07Z</time>
        <extensions>
          <gpxtpx:TrackPointExtension>
            <gpxtpx:hr>136</gpxtpx:hr>
          </gpxtpx:TrackPointExtension>
        </extensions>
      </trkpt>
      <trkpt lat="22.752446914146557" lon="113.73400148516266">
        <ele>5.251302881166339</ele>
        <time>1970-01-01T00:24:08Z</time>
        <extensions>
          <gpxtpx:TrackPointExtension>
            <gpxtpx:hr>135</gpxtpx:hr>
          </gpxtpx:TrackPointExtension>
        </extensions>
      </trkpt>
      <trkpt lat="22.75242774836883" lon="113.73398746938729">
        <ele>5.229341139085591</ele>
        <time>1970-01-01T00:24:09Z</time>
        <extensions>
          <gpxtpx:TrackPointExtension>
            <gpxtpx:hr>135</gpxtpx:hr>
          </gpxtpx:TrackPointExtension>
        </extensions>
      </trkpt>
      <trkpt lat="22.75240864788869" lon="113.73397372599185">
        <ele>5.223841265775263</ele>
        <time>1970-01-01T00:24:10Z</time>
        <extensions>
          <gpxtpx:TrackPointExtension>
            <gpxtpx:hr>135</gpxtpx:hr>
          </gpxtpx:TrackPointExtension>
        </extensions>
      </trkpt>
      <trkpt lat="22.752389714174083" lon="113.73396013073064">
        <ele>5.228021388873458</ele>
        <time>1970-01-01T00:24:11Z</time>
        <extensions>
          <gpxtpx:TrackPointExtension>
            <gpxtpx:hr>135</gpxtpx:hr>
          </gpxtpx:TrackPointExtension>
        </extensions>
      </trkpt>
      <trkpt lat="22.752370541780582" lon="113.73394682117234">
        <ele>5.246962439268827</ele>
        <time>1970-01-01T00:24:12Z</time>
        <extensions>
          <gpxtpx:TrackPointExtension>
            <gpxtpx:hr>135</gpxtpx:hr>
          </gpxtpx:TrackPointExtension>
        </extensions>
      </trkpt>
      <trkpt lat="22.752350826211742" lon="113.73393387103555">
        <ele>5.282127746380866</ele>
        <time>1970-01-01T00:24:13Z</time>
        <extensions>
          <gpxtpx:TrackPointExtension>
            <gpxtpx:hr>135</gpxtpx:hr>
          </gpxtpx:TrackPointExtension>
        </extensions>
      </trkpt>
      <trkpt lat="22.75233075475351" lon="113.73392092508219">
        <ele>5.327653588727117</ele>
        <time>1970-01-01T00:24:14Z</time>
        <extensions>
          <gpxtpx:TrackPointExtension>
            <gpxtpx:hr>135</gpxtpx:hr>
          </gpxtpx:TrackPointExtension>
        </extensions>
      </trkpt>
      <trkpt lat="22.752310887676153" lon="113.73390651942218">
        <ele>5.391121834516525</ele>
        <time>1970-01-01T00:24:15Z</time>
        <extensions>
          <gpxtpx:TrackPointExtension>
            <gpxtpx:hr>135</gpxtpx:hr>
          </gpxtpx:TrackPointExtension>
        </extensions>
      </trkpt>
      <trkpt lat="22.75229120429202" lon="113.73388956046848">
        <ele>5.4649634044617414</ele>
        <time>1970-01-01T00:24:16Z</time>
        <extensions>
          <gpxtpx:TrackPointExtension>
            <gpxtpx:hr>135</gpxtpx:hr>
          </gpxtpx:TrackPointExtension>
        </extensions>
      </trkpt>
      <trkpt lat="22.75227152380136" lon="113.7338715954506">
        <ele>5.557620525360107</ele>
        <time>1970-01-01T00:24:17Z</time>
        <extensions>
          <gpxtpx:TrackPointExtension>
            <gpxtpx:hr>135</gpxtpx:hr>
          </gpxtpx:TrackPointExtension>
        </extensions>
      </trkpt>
      <trkpt lat="22.752252153951268" lon="113.73385462771088">
        <ele>5.647115010768175</ele>
        <time>1970-01-01T00:24:18Z</time>
        <extensions>
          <gpxtpx:TrackPointExtension>
            <gpxtpx:hr>135</gpxtpx:hr>
          </gpxtpx:TrackPointExtension>
        </extensions>
      </trkpt>
      <trkpt lat="22.75223310283869" lon="113.7338393064749">
        <ele>5.734760376624763</ele>
        <time>1970-01-01T00:24:19Z</time>
        <extensions>
          <gpxtpx:TrackPointExtension>
            <gpxtpx:hr>135</gpxtpx:hr>
          </gpxtpx:TrackPointExtension>
        </extensions>
      </trkpt>
      <trkpt lat="22.752213531327914" lon="113.73382498040408">
        <ele>5.813078104518354</ele>
        <time>1970-01-01T00:24:20Z</time>
        <extensions>
          <gpxtpx:TrackPointExtension>
            <gpxtpx:hr>137</gpxtpx:hr>
          </gpxtpx:TrackPointExtension>
        </extensions>
      </trkpt>
      <trkpt lat="22.752193447542425" lon="113.73381059975986">
        <ele>5.885995245538652</ele>
        <time>1970-01-01T00:24:21Z</time>
        <extensions>
          <gpxtpx:TrackPointExtension>
            <gpxtpx:hr>137</gpxtpx:hr>
          </gpxtpx:TrackPointExtension>
        </extensions>
      </trkpt>
      <trkpt lat="22.752173257290167" lon="113.73379572061138">
        <ele>5.952718624845147</ele>
        <time>1970-01-01T00:24:22Z</time>
        <extensions>
          <gpxtpx:TrackPointExtension>
            <gpxtpx:hr>137</gpxtpx:hr>
          </gpxtpx:TrackPointExtension>
        </extensions>
      </trkpt>
      <trkpt lat="22.75215254068234" lon="113.73378010295345">
        <ele>6.007071895524859</ele>
        <time>1970-01-01T00:24:23Z</time>
        <extensions>
          <gpxtpx:TrackPointExtension>
            <gpxtpx:hr>137</gpxtpx:hr>
          </gpxtpx:TrackPointExtension>
        </extensions>
      </trkpt>
      <trkpt lat="22.752131840286058" lon="113.73376409199253">
        <ele>6.048994079232216</ele>
        <time>1970-01-01T00:24:24Z</time>
        <extensions>
          <gpxtpx:TrackPointExtension>
            <gpxtpx:hr>137</gpxtpx:hr>
          </gpxtpx:TrackPointExtension>
        </extensions>
      </trkpt>
      <trkpt lat="22.75211215094724" lon="113.733748500601">
        <ele>6.074128156527877</ele>
        <time>1970-01-01T00:24:25Z</time>
        <extensions>
          <gpxtpx:TrackPointExtension>
            <gpxtpx:hr>137</gpxtpx:hr>
          </gpxtpx:TrackPointExtension>
        </extensions>
      </trkpt>
      <trkpt lat="22.75209337595643" lon="113.73373303892605">
        <ele>6.081035169772804</ele>
        <time>1970-01-01T00:24:26Z</time>
        <extensions>
          <gpxtpx:TrackPointExtension>
            <gpxtpx:hr>137</gpxtpx:hr>
          </gpxtpx:TrackPointExtension>
        </extensions>
      </trkpt>
      <trkpt lat="22.752074766318334" lon="113.73371733296588">
        <ele>6.07410735078156</ele>
        <time>1970-01-01T00:24:27Z</time>
        <extensions>
          <gpxtpx:TrackPointExtension>
            <gpxtpx:hr>137</gpxtpx:hr>
          </gpxtpx:TrackPointExtension>
        </extensions>
      </trkpt>
      <trkpt lat="22.752056063773168" lon="113.73370204564478">
        <ele>6.056095174513757</ele>
        <time>1970-01-01T00:24:28Z</time>
        <extensions>
          <gpxtpx:TrackPointExtension>
            <gpxtpx:hr>137</gpxtpx:hr>
          </gpxtpx:TrackPointExtension>
        </extensions>
      </trkpt>
      <trkpt lat="22.75203679025322" lon="113.73368729473417">
        <ele>6.02013504691422</ele>
        <time>1970-01-01T00:24:29Z</time>
        <extensions>
          <gpxtpx:TrackPointExtension>
            <gpxtpx:hr>136</gpxtpx:hr>
          </gpxtpx:TrackPointExtension>
        </extensions>
      </trkpt>
      <trkpt lat="22.752016972372164" lon="113.73367292106899">
        <ele>5.9752000803127885</ele>
        <time>1970-01-01T00:24:30Z</time>
        <extensions>
          <gpxtpx:TrackPointExtension>
            <gpxtpx:hr>136</gpxtpx:hr>
          </gpxtpx:TrackPointExtension>
        </extensions>
      </trkpt>
      <trkpt lat="22.7519976961818" lon="113.73365880975297">
        <ele>5.918148407712579</ele>
        <time>1970-01-01T00:24:31Z</time>
        <extensions>
          <gpxtpx:TrackPointExtension>
            <gpxtpx:hr>136</gpxtpx:hr>
          </gpxtpx:TrackPointExtension>
        </extensions>
      </trkpt>
      <trkpt lat="22.75197949083139" lon="113.73364451319983">
        <ele>5.854401378892362</ele>
        <time>1970-01-01T00:24:32Z</time>
        <extensions>
          <gpxtpx:TrackPointExtension>
            <gpxtpx:hr>136</gpxtpx:hr>
          </gpxtpx:TrackPointExtension>
        </extensions>
      </trkpt>
      <trkpt lat="22.751961348437625" lon="113.73362948589013">
        <ele>5.77653784584254</ele>
        <time>1970-01-01T00:24:33Z</time>
        <extensions>
          <gpxtpx:TrackPointExtension>
            <gpxtpx:hr>136</gpxtpx:hr>
          </gpxtpx:TrackPointExtension>
        </extensions>
      </trkpt>
      <trkpt lat="22.751943599552963" lon="113.73361418054823">
        <ele>5.694224672392011</ele>
        <time>1970-01-01T00:24:34Z</time>
        <extensions>
          <gpxtpx:TrackPointExtension>
            <gpxtpx:hr>136</gpxtpx:hr>
          </gpxtpx:TrackPointExtension>
        </extensions>
      </trkpt>
      <trkpt lat="22.75192634961575" lon="113.73359983894144">
        <ele>5.615029228851199</ele>
        <time>1970-01-01T00:24:35Z</time>
        <extensions>
          <gpxtpx:TrackPointExtension>
            <gpxtpx:hr>136</gpxtpx:hr>
          </gpxtpx:TrackPointExtension>
        </extensions>
      </trkpt>
      <trkpt lat="22.751908741561692" lon="113.73358655891491">
        <ele>5.5456166146323085</ele>
        <time>1970-01-01T00:24:36Z</time>
        <extensions>
          <gpxtpx:TrackPointExtension>
            <gpxtpx:hr>136</gpxtpx:hr>
          </gpxtpx:TrackPointExtension>
        </extensions>
      </trkpt>
      <trkpt lat="22.75189006582403" lon="113.73357322871198">
        <ele>5.498184557072818</ele>
        <time>1970-01-01T00:24:37Z</time>
        <extensions>
          <gpxtpx:TrackPointExtension>
            <gpxtpx:hr>136</gpxtpx:hr>
          </gpxtpx:TrackPointExtension>
        </extensions>
      </trkpt>
      <trkpt lat="22.751870579577137" lon="113.73355960734528">
        <ele>5.470440132543445</ele>
        <time>1970-01-01T00:24:38Z</time>
        <extensions>
          <gpxtpx:TrackPointExtension>
            <gpxtpx:hr>136</gpxtpx:hr>
          </gpxtpx:TrackPointExtension>
        </extensions>
      </trkpt>
      <trkpt lat="22.75185137421724" lon="113.73354586173541">
        <ele>5.466638179495931</ele>
        <time>1970-01-01T00:24:39Z</time>
        <extensions>
          <gpxtpx:TrackPointExtension>
            <gpxtpx:hr>136</gpxtpx:hr>
          </gpxtpx:TrackPointExtension>
        </extensions>
      </trkpt>
      <trkpt lat="22.751832758894302" lon="113.73353246014688">
        <ele>5.490358509123325</ele>
        <time>1970-01-01T00:24:40Z</time>
        <extensions>
          <gpxtpx:TrackPointExtension>
            <gpxtpx:hr>136</gpxtpx:hr>
          </gpxtpx:TrackPointExtension>
        </extensions>
      </trkpt>
      <trkpt lat="22.751814127972768" lon="113.73351992628584">
        <ele>5.5331059424206614</ele>
        <time>1970-01-01T00:24:41Z</time>
        <extensions>
          <gpxtpx:TrackPointExtension>
            <gpxtpx:hr>136</gpxtpx:hr>
          </gpxtpx:TrackPointExtension>
        </extensions>
      </trkpt>
      <trkpt lat="22.751795167406204" lon="113.73350787733183">
        <ele>5.59934395737946</ele>
        <time>1970-01-01T00:24:42Z</time>
        <extensions>
          <gpxtpx:TrackPointExtension>
            <gpxtpx:hr>136</gpxtpx:hr>
          </gpxtpx:TrackPointExtension>
        </extensions>
      </trkpt>
      <trkpt lat="22.751775862776828" lon="113.73349541012003">
        <ele>5.687570526264608</ele>
        <time>1970-01-01T00:24:43Z</time>
        <extensions>
          <gpxtpx:TrackPointExtension>
            <gpxtpx:hr>137</gpxtpx:hr>
          </gpxtpx:TrackPointExtension>
        </extensions>
      </trkpt>
      <trkpt lat="22.75175654170717" lon="113.73348185590399">
        <ele>5.794206624850631</ele>
        <time>1970-01-01T00:24:44Z</time>
        <extensions>
          <gpxtpx:TrackPointExtension>
            <gpxtpx:hr>137</gpxtpx:hr>
          </gpxtpx:TrackPointExtension>
        </extensions>
      </trkpt>
      <trkpt lat="22.75173730084821" lon="113.73346709317971">
        <ele>5.913090554066002</ele>
        <time>1970-01-01T00:24:45Z</time>
        <extensions>
          <gpxtpx:TrackPointExtension>
            <gpxtpx:hr>137</gpxtpx:hr>
          </gpxtpx:TrackPointExtension>
        </extensions>
      </trkpt>
      <trkpt lat="22.75171798876771" lon="113.73345163740025">
        <ele>6.0353780230507255</ele>
        <time>1970-01-01T00:24:46Z</time>
        <extensions>
          <gpxtpx:TrackPointExtension>
            <gpxtpx:hr>137</gpxtpx:hr>
          </gpxtpx:TrackPointExtension>
        </extensions>
      </trkpt>
      <trkpt lat="22.75169811494351" lon="113.73343613722312">
        <ele>6.152999306097627</ele>
        <time>1970-01-01T00:24:47Z</time>
        <extensions>
          <gpxtpx:TrackPointExtension>
            <gpxtpx:hr>137</gpxtpx:hr>
          </gpxtpx:TrackPointExtension>
        </extensions>
      </trkpt>
      <trkpt lat="22.751677448607193" lon="113.73342141789945">
        <ele>6.255663099698722</ele>
        <time>1970-01-01T00:24:48Z</time>
        <extensions>
          <gpxtpx:TrackPointExtension>
            <gpxtpx:hr>137</gpxtpx:hr>
          </gpxtpx:TrackPointExtension>
        </extensions>
      </trkpt>
      <trkpt lat="22.751657030466582" lon="113.73340790904093">
        <ele>6.339605029672384</ele>
        <time>1970-01-01T00:24:49Z</time>
        <extensions>
          <gpxtpx:TrackPointExtension>
            <gpxtpx:hr>137</gpxtpx:hr>
          </gpxtpx:TrackPointExtension>
        </extensions>
      </trkpt>
      <trkpt lat="22.751637795068515" lon="113.7333950449955">
        <ele>6.400313915684819</ele>
        <time>1970-01-01T00:24:50Z</time>
        <extensions>
          <gpxtpx:TrackPointExtension>
            <gpxtpx:hr>138</gpxtpx:hr>
          </gpxtpx:TrackPointExtension>
        </extensions>
      </trkpt>
      <trkpt lat="22.75162000737024" lon="113.73338224717922">
        <ele>6.445217580534518</ele>
        <time>1970-01-01T00:24:51Z</time>
        <extensions>
          <gpxtpx:TrackPointExtension>
            <gpxtpx:hr>138</gpxtpx:hr>
          </gpxtpx:TrackPointExtension>
        </extensions>
      </trkpt>
      <trkpt lat="22.751602792095213" lon="113.73336896364796">
        <ele>6.478737394325435</ele>
        <time>1970-01-01T00:24:52Z</time>
        <extensions>
          <gpxtpx:TrackPointExtension>
            <gpxtpx:hr>138</gpxtpx:hr>
          </gpxtpx:TrackPointExtension>
        </extensions>
      </trkpt>
      <trkpt lat="22.751584818033642" lon="113.73335470396">
        <ele>6.502640902996063</ele>
        <time>1970-01-01T00:24:53Z</time>
        <extensions>
          <gpxtpx:TrackPointExtension>
            <gpxtpx:hr>138</gpxtpx:hr>
          </gpxtpx:TrackPointExtension>
        </extensions>
      </trkpt>
      <trkpt lat="22.751565736675296" lon="113.73333965650578">
        <ele>6.523564142175019</ele>
        <time>1970-01-01T00:24:54Z</time>
        <extensions>
          <gpxtpx:TrackPointExtension>
            <gpxtpx:hr>138</gpxtpx:hr>
          </gpxtpx:TrackPointExtension>
        </extensions>
      </trkpt>
      <trkpt lat="22.751546091012614" lon="113.73332416571947">
        <ele>6.539260333403945</ele>
        <time>1970-01-01T00:24:55Z</time>
        <extensions>
          <gpxtpx:TrackPointExtension>
            <gpxtpx:hr>138</gpxtpx:hr>
          </gpxtpx:TrackPointExtension>
        </extensions>
      </trkpt>
      <trkpt lat="22.75152647410646" lon="113.73330812932744">
        <ele>6.551944735459983</ele>
        <time>1970-01-01T00:24:56Z</time>
        <extensions>
          <gpxtpx:TrackPointExtension>
            <gpxtpx:hr>138</gpxtpx:hr>
          </gpxtpx:TrackPointExtension>
        </extensions>
      </trkpt>
      <trkpt lat="22.751506576990888" lon="113.73329163365075">
        <ele>6.569934458471835</ele>
        <time>1970-01-01T00:24:57Z</time>
        <extensions>
          <gpxtpx:TrackPointExtension>
            <gpxtpx:hr>140</gpxtpx:hr>
          </gpxtpx:TrackPointExtension>
        </extensions>
      </trkpt>
      <trkpt lat="22.751485903767644" lon="113.73327547095933">
        <ele>6.58719417732209</ele>
        <time>1970-01-01T00:24:58Z</time>
        <extensions>
          <gpxtpx:TrackPointExtension>
            <gpxtpx:hr>140</gpxtpx:hr>
          </gpxtpx:TrackPointExtension>
        </extensions>
      </trkpt>
      <trkpt lat="22.75146519598225" lon="113.73326004577402">
        <ele>6.60733837261796</ele>
        <time>1970-01-01T00:24:59Z</time>
        <extensions>
          <gpxtpx:TrackPointExtension>
            <gpxtpx:hr>140</gpxtpx:hr>
          </gpxtpx:TrackPointExtension>
        </extensions>
      </trkpt>
      <trkpt lat="22.751445081032248" lon="113.73324496407574">
        <ele>6.619857208803296</ele>
        <time>1970-01-01T00:25:00Z</time>
        <extensions>
          <gpxtpx:TrackPointExtension>
            <gpxtpx:hr>140</gpxtpx:hr>
          </gpxtpx:TrackPointExtension>
        </extensions>
      </trkpt>
      <trkpt lat="22.75142572946383" lon="113.73323007023589">
        <ele>6.631728113628924</ele>
        <time>1970-01-01T00:25:01Z</time>
        <extensions>
          <gpxtpx:TrackPointExtension>
            <gpxtpx:hr>140</gpxtpx:hr>
          </gpxtpx:TrackPointExtension>
        </extensions>
      </trkpt>
      <trkpt lat="22.75140705807315" lon="113.73321595470205">
        <ele>6.63745638448745</ele>
        <time>1970-01-01T00:25:02Z</time>
        <extensions>
          <gpxtpx:TrackPointExtension>
            <gpxtpx:hr>140</gpxtpx:hr>
          </gpxtpx:TrackPointExtension>
        </extensions>
      </trkpt>
      <trkpt lat="22.751388587593755" lon="113.73320240803564">
        <ele>6.631578432396054</ele>
        <time>1970-01-01T00:25:03Z</time>
        <extensions>
          <gpxtpx:TrackPointExtension>
            <gpxtpx:hr>140</gpxtpx:hr>
          </gpxtpx:TrackPointExtension>
        </extensions>
      </trkpt>
      <trkpt lat="22.751369851453713" lon="113.73318867943065">
        <ele>6.615275678224862</ele>
        <time>1970-01-01T00:25:04Z</time>
        <extensions>
          <gpxtpx:TrackPointExtension>
            <gpxtpx:hr>140</gpxtpx:hr>
          </gpxtpx:TrackPointExtension>
        </extensions>
      </trkpt>
      <trkpt lat="22.751350678057605" lon="113.73317433193556">
        <ele>6.596010826528072</ele>
        <time>1970-01-01T00:25:05Z</time>
        <extensions>
          <gpxtpx:TrackPointExtension>
            <gpxtpx:hr>140</gpxtpx:hr>
          </gpxtpx:TrackPointExtension>
        </extensions>
      </trkpt>
      <trkpt lat="22.751331506045048" lon="113.73315963718525">
        <ele>6.5806570537388325</ele>
        <time>1970-01-01T00:25:06Z</time>
        <extensions>
          <gpxtpx:TrackPointExtension>
            <gpxtpx:hr>140</gpxtpx:hr>
          </gpxtpx:TrackPointExtension>
        </extensions>
      </trkpt>
      <trkpt lat="22.75131253557741" lon="113.73314493011537">
        <ele>6.561586218886077</ele>
        <time>1970-01-01T00:25:07Z</time>
        <extensions>
          <gpxtpx:TrackPointExtension>
            <gpxtpx:hr>140</gpxtpx:hr>
          </gpxtpx:TrackPointExtension>
        </extensions>
      </trkpt>
      <trkpt lat="22.751293283336928" lon="113.7331302181755">
        <ele>6.539958057925105</ele>
        <time>1970-01-01T00:25:08Z</time>
        <extensions>
          <gpxtpx:TrackPointExtension>
            <gpxtpx:hr>140</gpxtpx:hr>
          </gpxtpx:TrackPointExtension>
        </extensions>
      </trkpt>
      <trkpt lat="22.75127378322844" lon="113.73311565655362">
        <ele>6.508914300240576</ele>
        <time>1970-01-01T00:25:09Z</time>
        <extensions>
          <gpxtpx:TrackPointExtension>
            <gpxtpx:hr>140</gpxtpx:hr>
          </gpxtpx:TrackPointExtension>
        </extensions>
      </trkpt>
      <trkpt lat="22.751254660960786" lon="113.7331008758731">
        <ele>6.465550679713488</ele>
        <time>1970-01-01T00:25:10Z</time>
        <extensions>
          <gpxtpx:TrackPointExtension>
            <gpxtpx:hr>140</gpxtpx:hr>
          </gpxtpx:TrackPointExtension>
        </extensions>
      </trkpt>
      <trkpt lat="22.751235932953687" lon="113.73308554074156">
        <ele>6.408311692066491</ele>
        <time>1970-01-01T00:25:11Z</time>
        <extensions>
          <gpxtpx:TrackPointExtension>
            <gpxtpx:hr>140</gpxtpx:hr>
          </gpxtpx:TrackPointExtension>
        </extensions>
      </trkpt>
      <trkpt lat="22.751216646210807" lon="113.73306972164754">
        <ele>6.332584699615836</ele>
        <time>1970-01-01T00:25:12Z</time>
        <extensions>
          <gpxtpx:TrackPointExtension>
            <gpxtpx:hr>140</gpxtpx:hr>
          </gpxtpx:TrackPointExtension>
        </extensions>
      </trkpt>
      <trkpt lat="22.75119695840709" lon="113.7330536872468">
        <ele>6.251942127943039</ele>
        <time>1970-01-01T00:25:13Z</time>
        <extensions>
          <gpxtpx:TrackPointExtension>
            <gpxtpx:hr>138</gpxtpx:hr>
          </gpxtpx:TrackPointExtension>
        </extensions>
      </trkpt>
      <trkpt lat="22.751177869734274" lon="113.73303769247174">
        <ele>6.170566317625344</ele>
        <time>1970-01-01T00:25:14Z</time>
        <extensions>
          <gpxtpx:TrackPointExtension>
            <gpxtpx:hr>138</gpxtpx:hr>
          </gpxtpx:TrackPointExtension>
        </extensions>
      </trkpt>
      <trkpt lat="22.75115935333033" lon="113.73302237398558">
        <ele>6.0934314876794815</ele>
        <time>1970-01-01T00:25:15Z</time>
        <extensions>
          <gpxtpx:TrackPointExtension>
            <gpxtpx:hr>138</gpxtpx:hr>
          </gpxtpx:TrackPointExtension>
        </extensions>
      </trkpt>
      <trkpt lat="22.75114089925581" lon="113.7330085790106">
        <ele>6.01538977958262</ele>
        <time>1970-01-01T00:25:16Z</time>
        <extensions>
          <gpxtpx:TrackPointExtension>
            <gpxtpx:hr>138</gpxtpx:hr>
          </gpxtpx:TrackPointExtension>
        </extensions>
      </trkpt>
      <trkpt lat="22.751122258566667" lon="113.73299614971697">
        <ele>5.944032068364322</ele>
        <time>1970-01-01T00:25:17Z</time>
        <extensions>
          <gpxtpx:TrackPointExtension>
            <gpxtpx:hr>138</gpxtpx:hr>
          </gpxtpx:TrackPointExtension>
        </extensions>
      </trkpt>
      <trkpt lat="22.751102966616717" lon="113.73298374791266">
        <ele>5.884104415774345</ele>
        <time>1970-01-01T00:25:18Z</time>
        <extensions>
          <gpxtpx:TrackPointExtension>
            <gpxtpx:hr>137</gpxtpx:hr>
          </gpxtpx:TrackPointExtension>
        </extensions>
      </trkpt>
      <trkpt lat="22.751083145933595" lon="113.73297049701061">
        <ele>5.845353651791811</ele>
        <time>1970-01-01T00:25:19Z</time>
        <extensions>
          <gpxtpx:TrackPointExtension>
            <gpxtpx:hr>137</gpxtpx:hr>
          </gpxtpx:TrackPointExtension>
        </extensions>
      </trkpt>
      <trkpt lat="22.751063460909602" lon="113.73295664281999">
        <ele>5.835654651746154</ele>
        <time>1970-01-01T00:25:20Z</time>
        <extensions>
          <gpxtpx:TrackPointExtension>
            <gpxtpx:hr>137</gpxtpx:hr>
          </gpxtpx:TrackPointExtension>
        </extensions>
      </trkpt>
      <trkpt lat="22.751044316484432" lon="113.73294318000217">
        <ele>5.853778896853328</ele>
        <time>1970-01-01T00:25:21Z</time>
        <extensions>
          <gpxtpx:TrackPointExtension>
            <gpxtpx:hr>137</gpxtpx:hr>
          </gpxtpx:TrackPointExtension>
        </extensions>
      </trkpt>
      <trkpt lat="22.751025549520232" lon="113.73293068217023">
        <ele>5.902440364472568</ele>
        <time>1970-01-01T00:25:22Z</time>
        <extensions>
          <gpxtpx:TrackPointExtension>
            <gpxtpx:hr>137</gpxtpx:hr>
          </gpxtpx:TrackPointExtension>
        </extensions>
      </trkpt>
      <trkpt lat="22.75100691267257" lon="113.73291873651756">
        <ele>5.9810115192085505</ele>
        <time>1970-01-01T00:25:23Z</time>
        <extensions>
          <gpxtpx:TrackPointExtension>
            <gpxtpx:hr>137</gpxtpx:hr>
          </gpxtpx:TrackPointExtension>
        </extensions>
      </trkpt>
      <trkpt lat="22.750988149496703" lon="113.73290648144919">
        <ele>6.074655368924141</ele>
        <time>1970-01-01T00:25:24Z</time>
        <extensions>
          <gpxtpx:TrackPointExtension>
            <gpxtpx:hr>138</gpxtpx:hr>
          </gpxtpx:TrackPointExtension>
        </extensions>
      </trkpt>
      <trkpt lat="22.75096894907758" lon="113.732893186164">
        <ele>6.179271657951176</ele>
        <time>1970-01-01T00:25:25Z</time>
        <extensions>
          <gpxtpx:TrackPointExtension>
            <gpxtpx:hr>138</gpxtpx:hr>
          </gpxtpx:TrackPointExtension>
        </extensions>
      </trkpt>
      <trkpt lat="22.750949611062328" lon="113.73287909963413">
        <ele>6.292028293013573</ele>
        <time>1970-01-01T00:25:26Z</time>
        <extensions>
          <gpxtpx:TrackPointExtension>
            <gpxtpx:hr>138</gpxtpx:hr>
          </gpxtpx:TrackPointExtension>
        </extensions>
      </trkpt>
      <trkpt lat="22.750930518007877" lon="113.73286493615521">
        <ele>6.400971950031817</ele>
        <time>1970-01-01T00:25:27Z</time>
        <extensions>
          <gpxtpx:TrackPointExtension>
            <gpxtpx:hr>138</gpxtpx:hr>
          </gpxtpx:TrackPointExtension>
        </extensions>
      </trkpt>
      <trkpt lat="22.750911759139793" lon="113.73285096452777">
        <ele>6.505890854634345</ele>
        <time>1970-01-01T00:25:28Z</time>
        <extensions>
          <gpxtpx:TrackPointExtension>
            <gpxtpx:hr>139</gpxtpx:hr>
          </gpxtpx:TrackPointExtension>
        </extensions>
      </trkpt>
      <trkpt lat="22.750893294048456" lon="113.73283697720548">
        <ele>6.602719354443252</ele>
        <time>1970-01-01T00:25:29Z</time>
        <extensions>
          <gpxtpx:TrackPointExtension>
            <gpxtpx:hr>139</gpxtpx:hr>
          </gpxtpx:TrackPointExtension>
        </extensions>
      </trkpt>
      <trkpt lat="22.750874771136054" lon="113.73282258708">
        <ele>6.687680024653673</ele>
        <time>1970-01-01T00:25:30Z</time>
        <extensions>
          <gpxtpx:TrackPointExtension>
            <gpxtpx:hr>139</gpxtpx:hr>
          </gpxtpx:TrackPointExtension>
        </extensions>
      </trkpt>
      <trkpt lat="22.750856188426813" lon="113.73280801659328">
        <ele>6.759198785759509</ele>
        <time>1970-01-01T00:25:31Z</time>
        <extensions>
          <gpxtpx:TrackPointExtension>
            <gpxtpx:hr>139</gpxtpx:hr>
          </gpxtpx:TrackPointExtension>
        </extensions>
      </trkpt>
      <trkpt lat="22.75083799226713" lon="113.73279403702584">
        <ele>6.818734016269445</ele>
        <time>1970-01-01T00:25:32Z</time>
        <extensions>
          <gpxtpx:TrackPointExtension>
            <gpxtpx:hr>139</gpxtpx:hr>
          </gpxtpx:TrackPointExtension>
        </extensions>
      </trkpt>
      <trkpt lat="22.75082054265603" lon="113.73278116240222">
        <ele>6.8690545773133636</ele>
        <time>1970-01-01T00:25:33Z</time>
        <extensions>
          <gpxtpx:TrackPointExtension>
            <gpxtpx:hr>140</gpxtpx:hr>
          </gpxtpx:TrackPointExtension>
        </extensions>
      </trkpt>
      <trkpt lat="22.7508041752572" lon="113.73276871095838">
        <ele>6.913387202657759</ele>
        <time>1970-01-01T00:25:34Z</time>
        <extensions>
          <gpxtpx:TrackPointExtension>
            <gpxtpx:hr>140</gpxtpx:hr>
          </gpxtpx:TrackPointExtension>
        </extensions>
      </trkpt>
      <trkpt lat="22.750788354068955" lon="113.73275565177407">
        <ele>6.95489393081516</ele>
        <time>1970-01-01T00:25:35Z</time>
        <extensions>
          <gpxtpx:TrackPointExtension>
            <gpxtpx:hr>140</gpxtpx:hr>
          </gpxtpx:TrackPointExtension>
        </extensions>
      </trkpt>
      <trkpt lat="22.750772808291696" lon="113.7327420343988">
        <ele>6.995036621578038</ele>
        <time>1970-01-01T00:25:36Z</time>
        <extensions>
          <gpxtpx:TrackPointExtension>
            <gpxtpx:hr>140</gpxtpx:hr>
          </gpxtpx:TrackPointExtension>
        </extensions>
      </trkpt>
      <trkpt lat="22.750285653826964" lon="113.73273213626659">
        <ele>1.8816880220547318</ele>
        <time>1970-01-01T00:26:47Z</time>
        <extensions>
          <gpxtpx:TrackPointExtension>
            <gpxtpx:hr>111</gpxtpx:hr>
          </gpxtpx:TrackPointExtension>
        </extensions>
      </trkpt>
      <trkpt lat="22.750291811294105" lon="113.73274660319409">
        <ele>1.8671714458614588</ele>
        <time>1970-01-01T00:26:48Z</time>
        <extensions>
          <gpxtpx:TrackPointExtension>
            <gpxtpx:hr>111</gpxtpx:hr>
          </gpxtpx:TrackPointExtension>
        </extensions>
      </trkpt>
      <trkpt lat="22.75029945281903" lon="113.73276314388684">
        <ele>1.851477723568678</ele>
        <time>1970-01-01T00:26:49Z</time>
        <extensions>
          <gpxtpx:TrackPointExtension>
            <gpxtpx:hr>111</gpxtpx:hr>
          </gpxtpx:TrackPointExtension>
        </extensions>
      </trkpt>
      <trkpt lat="22.750307350181522" lon="113.73278052506109">
        <ele>1.833886232227087</ele>
        <time>1970-01-01T00:26:50Z</time>
        <extensions>
          <gpxtpx:TrackPointExtension>
            <gpxtpx:hr>111</gpxtpx:hr>
          </gpxtpx:TrackPointExtension>
        </extensions>
      </trkpt>
      <trkpt lat="22.750314057455206" lon="113.73279886968541">
        <ele>1.8143985196948051</ele>
        <time>1970-01-01T00:26:51Z</time>
        <extensions>
          <gpxtpx:TrackPointExtension>
            <gpxtpx:hr>111</gpxtpx:hr>
          </gpxtpx:TrackPointExtension>
        </extensions>
      </trkpt>
      <trkpt lat="22.750319359303585" lon="113.73281745351852">
        <ele>1.7932948842644691</ele>
        <time>1970-01-01T00:26:52Z</time>
        <extensions>
          <gpxtpx:TrackPointExtension>
            <gpxtpx:hr>111</gpxtpx:hr>
          </gpxtpx:TrackPointExtension>
        </extensions>
      </trkpt>
      <trkpt lat="22.750323848557336" lon="113.73283597284802">
        <ele>1.7695436459034681</ele>
        <time>1970-01-01T00:26:53Z</time>
        <extensions>
          <gpxtpx:TrackPointExtension>
            <gpxtpx:hr>111</gpxtpx:hr>
          </gpxtpx:TrackPointExtension>
        </extensions>
      </trkpt>
      <trkpt lat="22.7503284437373" lon="113.73285579164714">
        <ele>1.7426928598433733</ele>
        <time>1970-01-01T00:26:54Z</time>
        <extensions>
          <gpxtpx:TrackPointExtension>
            <gpxtpx:hr>111</gpxtpx:hr>
          </gpxtpx:TrackPointExtension>
        </extensions>
      </trkpt>
      <trkpt lat="22.750333169218433" lon="113.73287714210143">
        <ele>1.7137162135913968</ele>
        <time>1970-01-01T00:26:55Z</time>
        <extensions>
          <gpxtpx:TrackPointExtension>
            <gpxtpx:hr>111</gpxtpx:hr>
          </gpxtpx:TrackPointExtension>
        </extensions>
      </trkpt>
      <trkpt lat="22.7503380598376" lon="113.73290052062733">
        <ele>1.6851117638871074</ele>
        <time>1970-01-01T00:26:56Z</time>
        <extensions>
          <gpxtpx:TrackPointExtension>
            <gpxtpx:hr>111</gpxtpx:hr>
          </gpxtpx:TrackPointExtension>
        </extensions>
      </trkpt>
      <trkpt lat="22.75034302090524" lon="113.73292574899617">
        <ele>1.6582702491432428</ele>
        <time>1970-01-01T00:26:57Z</time>
        <extensions>
          <gpxtpx:TrackPointExtension>
            <gpxtpx:hr>113</gpxtpx:hr>
          </gpxtpx:TrackPointExtension>
        </extensions>
      </trkpt>
      <trkpt lat="22.75034817817065" lon="113.73295092756752">
        <ele>1.6355361435562372</ele>
        <time>1970-01-01T00:26:58Z</time>
        <extensions>
          <gpxtpx:TrackPointExtension>
            <gpxtpx:hr>113</gpxtpx:hr>
          </gpxtpx:TrackPointExtension>
        </extensions>
      </trkpt>
      <trkpt lat="22.750354804503623" lon="113.73297523512274">
        <ele>1.6170334098860621</ele>
        <time>1970-01-01T00:26:59Z</time>
        <extensions>
          <gpxtpx:TrackPointExtension>
            <gpxtpx:hr>113</gpxtpx:hr>
          </gpxtpx:TrackPointExtension>
        </extensions>
      </trkpt>
      <trkpt lat="22.750362258534185" lon="113.73299997738638">
        <ele>1.6017753016203642</ele>
        <time>1970-01-01T00:27:00Z</time>
        <extensions>
          <gpxtpx:TrackPointExtension>
            <gpxtpx:hr>113</gpxtpx:hr>
          </gpxtpx:TrackPointExtension>
        </extensions>
      </trkpt>
      <trkpt lat="22.750369726574448" lon="113.73302591557187">
        <ele>1.5904988255351782</ele>
        <time>1970-01-01T00:27:01Z</time>
        <extensions>
          <gpxtpx:TrackPointExtension>
            <gpxtpx:hr>113</gpxtpx:hr>
          </gpxtpx:TrackPointExtension>
        </extensions>
      </trkpt>
      <trkpt lat="22.750377143347226" lon="113.73305304531617">
        <ele>1.5823317347094417</ele>
        <time>1970-01-01T00:27:02Z</time>
        <extensions>
          <gpxtpx:TrackPointExtension>
            <gpxtpx:hr>113</gpxtpx:hr>
          </gpxtpx:TrackPointExtension>
        </extensions>
      </trkpt>
      <trkpt lat="22.75038448581829" lon="113.73308054385674">
        <ele>1.5773006435483694</ele>
        <time>1970-01-01T00:27:03Z</time>
        <extensions>
          <gpxtpx:TrackPointExtension>
            <gpxtpx:hr>117</gpxtpx:hr>
          </gpxtpx:TrackPointExtension>
        </extensions>
      </trkpt>
      <trkpt lat="22.750392085656106" lon="113.73310794433803">
        <ele>1.5751516101881862</ele>
        <time>1970-01-01T00:27:04Z</time>
        <extensions>
          <gpxtpx:TrackPointExtension>
            <gpxtpx:hr>117</gpxtpx:hr>
          </gpxtpx:TrackPointExtension>
        </extensions>
      </trkpt>
      <trkpt lat="22.75040024799134" lon="113.73313529006246">
        <ele>1.5766862463206053</ele>
        <time>1970-01-01T00:27:05Z</time>
        <extensions>
          <gpxtpx:TrackPointExtension>
            <gpxtpx:hr>117</gpxtpx:hr>
          </gpxtpx:TrackPointExtension>
        </extensions>
      </trkpt>
      <trkpt lat="22.750408482698735" lon="113.73316257565533">
        <ele>1.5810479829087853</ele>
        <time>1970-01-01T00:27:06Z</time>
        <extensions>
          <gpxtpx:TrackPointExtension>
            <gpxtpx:hr>117</gpxtpx:hr>
          </gpxtpx:TrackPointExtension>
        </extensions>
      </trkpt>
      <trkpt lat="22.750416538174445" lon="113.73318981939836">
        <ele>1.590364164672792</ele>
        <time>1970-01-01T00:27:07Z</time>
        <extensions>
          <gpxtpx:TrackPointExtension>
            <gpxtpx:hr>117</gpxtpx:hr>
          </gpxtpx:TrackPointExtension>
        </extensions>
      </trkpt>
      <trkpt lat="22.75042457013127" lon="113.73321691177124">
        <ele>1.6025658464059234</ele>
        <time>1970-01-01T00:27:08Z</time>
        <extensions>
          <gpxtpx:TrackPointExtension>
            <gpxtpx:hr>117</gpxtpx:hr>
          </gpxtpx:TrackPointExtension>
        </extensions>
      </trkpt>
      <trkpt lat="22.750435361559862" lon="113.73324509716802">
        <ele>1.7096728617325425</ele>
        <time>1970-01-01T00:27:09Z</time>
        <extensions>
          <gpxtpx:TrackPointExtension>
            <gpxtpx:hr>121</gpxtpx:hr>
          </gpxtpx:TrackPointExtension>
        </extensions>
      </trkpt>
      <trkpt lat="22.750445263215195" lon="113.73327237549978">
        <ele>1.8434644965454936</ele>
        <time>1970-01-01T00:27:10Z</time>
        <extensions>
          <gpxtpx:TrackPointExtension>
            <gpxtpx:hr>121</gpxtpx:hr>
          </gpxtpx:TrackPointExtension>
        </extensions>
      </trkpt>
      <trkpt lat="22.750454608256117" lon="113.73329925429661">
        <ele>2.0074909226968884</ele>
        <time>1970-01-01T00:27:11Z</time>
        <extensions>
          <gpxtpx:TrackPointExtension>
            <gpxtpx:hr>121</gpxtpx:hr>
          </gpxtpx:TrackPointExtension>
        </extensions>
      </trkpt>
      <trkpt lat="22.750463702784604" lon="113.73332595948371">
        <ele>2.2094446504488587</ele>
        <time>1970-01-01T00:27:12Z</time>
        <extensions>
          <gpxtpx:TrackPointExtension>
            <gpxtpx:hr>121</gpxtpx:hr>
          </gpxtpx:TrackPointExtension>
        </extensions>
      </trkpt>
      <trkpt lat="22.75047238657178" lon="113.73335285949304">
        <ele>2.4512834371998906</ele>
        <time>1970-01-01T00:27:13Z</time>
        <extensions>
          <gpxtpx:TrackPointExtension>
            <gpxtpx:hr>121</gpxtpx:hr>
          </gpxtpx:TrackPointExtension>
        </extensions>
      </trkpt>
      <trkpt lat="22.75048088725293" lon="113.7333797989866">
        <ele>2.7374482480809093</ele>
        <time>1970-01-01T00:27:14Z</time>
        <extensions>
          <gpxtpx:TrackPointExtension>
            <gpxtpx:hr>123</gpxtpx:hr>
          </gpxtpx:TrackPointExtension>
        </extensions>
      </trkpt>
      <trkpt lat="22.750489317867405" lon="113.7334064900622">
        <ele>3.0722340857610106</ele>
        <time>1970-01-01T00:27:15Z</time>
        <extensions>
          <gpxtpx:TrackPointExtension>
            <gpxtpx:hr>123</gpxtpx:hr>
          </gpxtpx:TrackPointExtension>
        </extensions>
      </trkpt>
      <trkpt lat="22.750497213178214" lon="113.73343309179663">
        <ele>3.4566969452425838</ele>
        <time>1970-01-01T00:27:16Z</time>
        <extensions>
          <gpxtpx:TrackPointExtension>
            <gpxtpx:hr>123</gpxtpx:hr>
          </gpxtpx:TrackPointExtension>
        </extensions>
      </trkpt>
      <trkpt lat="22.750505151217048" lon="113.73345940292484">
        <ele>3.887969033792615</ele>
        <time>1970-01-01T00:27:17Z</time>
        <extensions>
          <gpxtpx:TrackPointExtension>
            <gpxtpx:hr>123</gpxtpx:hr>
          </gpxtpx:TrackPointExtension>
        </extensions>
      </trkpt>
      <trkpt lat="22.750514162931452" lon="113.73348537352369">
        <ele>4.355622306466103</ele>
        <time>1970-01-01T00:27:18Z</time>
        <extensions>
          <gpxtpx:TrackPointExtension>
            <gpxtpx:hr>127</gpxtpx:hr>
          </gpxtpx:TrackPointExtension>
        </extensions>
      </trkpt>
      <trkpt lat="22.75052602054697" lon="113.73351303461747">
        <ele>4.834823006764054</ele>
        <time>1970-01-01T00:27:19Z</time>
        <extensions>
          <gpxtpx:TrackPointExtension>
            <gpxtpx:hr>127</gpxtpx:hr>
          </gpxtpx:TrackPointExtension>
        </extensions>
      </trkpt>
      <trkpt lat="22.75053963331384" lon="113.73354226107837">
        <ele>5.29336953908205</ele>
        <time>1970-01-01T00:27:20Z</time>
        <extensions>
          <gpxtpx:TrackPointExtension>
            <gpxtpx:hr>127</gpxtpx:hr>
          </gpxtpx:TrackPointExtension>
        </extensions>
      </trkpt>
      <trkpt lat="22.75055174344667" lon="113.73357061247792">
        <ele>5.706999186426401</ele>
        <time>1970-01-01T00:27:21Z</time>
        <extensions>
          <gpxtpx:TrackPointExtension>
            <gpxtpx:hr>127</gpxtpx:hr>
          </gpxtpx:TrackPointExtension>
        </extensions>
      </trkpt>
      <trkpt lat="22.750562272529592" lon="113.73359722930853">
        <ele>6.059940558858216</ele>
        <time>1970-01-01T00:27:22Z</time>
        <extensions>
          <gpxtpx:TrackPointExtension>
            <gpxtpx:hr>127</gpxtpx:hr>
          </gpxtpx:TrackPointExtension>
        </extensions>
      </trkpt>
      <trkpt lat="22.750571954910242" lon="113.7336227124424">
        <ele>6.3434227630496025</ele>
        <time>1970-01-01T00:27:23Z</time>
        <extensions>
          <gpxtpx:TrackPointExtension>
            <gpxtpx:hr>127</gpxtpx:hr>
          </gpxtpx:TrackPointExtension>
        </extensions>
      </trkpt>
      <trkpt lat="22.750581514963024" lon="113.73364816748327">
        <ele>6.557026789523661</ele>
        <time>1970-01-01T00:27:24Z</time>
        <extensions>
          <gpxtpx:TrackPointExtension>
            <gpxtpx:hr>128</gpxtpx:hr>
          </gpxtpx:TrackPointExtension>
        </extensions>
      </trkpt>
      <trkpt lat="22.750590642207733" lon="113.73367320877597">
        <ele>6.7055921871215105</ele>
        <time>1970-01-01T00:27:25Z</time>
        <extensions>
          <gpxtpx:TrackPointExtension>
            <gpxtpx:hr>128</gpxtpx:hr>
          </gpxtpx:TrackPointExtension>
        </extensions>
      </trkpt>
      <trkpt lat="22.7505997605682" lon="113.73369732088308">
        <ele>6.793595848605037</ele>
        <time>1970-01-01T00:27:26Z</time>
        <extensions>
          <gpxtpx:TrackPointExtension>
            <gpxtpx:hr>128</gpxtpx:hr>
          </gpxtpx:TrackPointExtension>
        </extensions>
      </trkpt>
      <trkpt lat="22.750609672977497" lon="113.73372048767122">
        <ele>6.826282862573862</ele>
        <time>1970-01-01T00:27:27Z</time>
        <extensions>
          <gpxtpx:TrackPointExtension>
            <gpxtpx:hr>128</gpxtpx:hr>
          </gpxtpx:TrackPointExtension>
        </extensions>
      </trkpt>
      <trkpt lat="22.75062047666114" lon="113.73374344440673">
        <ele>6.810980164445937</ele>
        <time>1970-01-01T00:27:28Z</time>
        <extensions>
          <gpxtpx:TrackPointExtension>
            <gpxtpx:hr>128</gpxtpx:hr>
          </gpxtpx:TrackPointExtension>
        </extensions>
      </trkpt>
      <trkpt lat="22.75063190047508" lon="113.73376661748183">
        <ele>6.75995431188494</ele>
        <time>1970-01-01T00:27:29Z</time>
        <extensions>
          <gpxtpx:TrackPointExtension>
            <gpxtpx:hr>128</gpxtpx:hr>
          </gpxtpx:TrackPointExtension>
        </extensions>
      </trkpt>
      <trkpt lat="22.750643690343367" lon="113.73378962190021">
        <ele>6.6849586656317115</ele>
        <time>1970-01-01T00:27:30Z</time>
        <extensions>
          <gpxtpx:TrackPointExtension>
            <gpxtpx:hr>128</gpxtpx:hr>
          </gpxtpx:TrackPointExtension>
        </extensions>
      </trkpt>
      <trkpt lat="22.750655846640367" lon="113.7338124366958">
        <ele>6.601711029186845</ele>
        <time>1970-01-01T00:27:31Z</time>
        <extensions>
          <gpxtpx:TrackPointExtension>
            <gpxtpx:hr>128</gpxtpx:hr>
          </gpxtpx:TrackPointExtension>
        </extensions>
      </trkpt>
      <trkpt lat="22.750667972275462" lon="113.73383448571668">
        <ele>6.513518556021154</ele>
        <time>1970-01-01T00:27:32Z</time>
        <extensions>
          <gpxtpx:TrackPointExtension>
            <gpxtpx:hr>128</gpxtpx:hr>
          </gpxtpx:TrackPointExtension>
        </extensions>
      </trkpt>
      <trkpt lat="22.750680264536307" lon="113.73385590565277">
        <ele>6.426243358291686</ele>
        <time>1970-01-01T00:27:33Z</time>
        <extensions>
          <gpxtpx:TrackPointExtension>
            <gpxtpx:hr>128</gpxtpx:hr>
          </gpxtpx:TrackPointExtension>
        </extensions>
      </trkpt>
      <trkpt lat="22.750693344056206" lon="113.73387710180619">
        <ele>6.346622982993722</ele>
        <time>1970-01-01T00:27:34Z</time>
        <extensions>
          <gpxtpx:TrackPointExtension>
            <gpxtpx:hr>128</gpxtpx:hr>
          </gpxtpx:TrackPointExtension>
        </extensions>
      </trkpt>
      <trkpt lat="22.750707380112125" lon="113.73389800235162">
        <ele>6.275308765470982</ele>
        <time>1970-01-01T00:27:35Z</time>
        <extensions>
          <gpxtpx:TrackPointExtension>
            <gpxtpx:hr>128</gpxtpx:hr>
          </gpxtpx:TrackPointExtension>
        </extensions>
      </trkpt>
      <trkpt lat="22.750721981282883" lon="113.73391846361147">
        <ele>6.212902230210602</ele>
        <time>1970-01-01T00:27:36Z</time>
        <extensions>
          <gpxtpx:TrackPointExtension>
            <gpxtpx:hr>128</gpxtpx:hr>
          </gpxtpx:TrackPointExtension>
        </extensions>
      </trkpt>
      <trkpt lat="22.750737080516373" lon="113.73393822815345">
        <ele>6.163572902791202</ele>
        <time>1970-01-01T00:27:37Z</time>
        <extensions>
          <gpxtpx:TrackPointExtension>
            <gpxtpx:hr>133</gpxtpx:hr>
          </gpxtpx:TrackPointExtension>
        </extensions>
      </trkpt>
      <trkpt lat="22.750752729886354" lon="113.7339574324021">
        <ele>6.13164543826133</ele>
        <time>1970-01-01T00:27:38Z</time>
        <extensions>
          <gpxtpx:TrackPointExtension>
            <gpxtpx:hr>133</gpxtpx:hr>
          </gpxtpx:TrackPointExtension>
        </extensions>
      </trkpt>
      <trkpt lat="22.750768971011045" lon="113.73397655423409">
        <ele>6.115824147127569</ele>
        <time>1970-01-01T00:27:39Z</time>
        <extensions>
          <gpxtpx:TrackPointExtension>
            <gpxtpx:hr>133</gpxtpx:hr>
          </gpxtpx:TrackPointExtension>
        </extensions>
      </trkpt>
      <trkpt lat="22.750785692574738" lon="113.733995820321">
        <ele>6.1149873696267605</ele>
        <time>1970-01-01T00:27:40Z</time>
        <extensions>
          <gpxtpx:TrackPointExtension>
            <gpxtpx:hr>133</gpxtpx:hr>
          </gpxtpx:TrackPointExtension>
        </extensions>
      </trkpt>
      <trkpt lat="22.7508031638708" lon="113.73401472468925">
        <ele>6.123439535498619</ele>
        <time>1970-01-01T00:27:41Z</time>
        <extensions>
          <gpxtpx:TrackPointExtension>
            <gpxtpx:hr>133</gpxtpx:hr>
          </gpxtpx:TrackPointExtension>
        </extensions>
      </trkpt>
      <trkpt lat="22.750821393405655" lon="113.73403276392895">
        <ele>6.13684481009841</ele>
        <time>1970-01-01T00:27:42Z</time>
        <extensions>
          <gpxtpx:TrackPointExtension>
            <gpxtpx:hr>133</gpxtpx:hr>
          </gpxtpx:TrackPointExtension>
        </extensions>
      </trkpt>
      <trkpt lat="22.75084023332442" lon="113.73405018004892">
        <ele>6.154682067222893</ele>
        <time>1970-01-01T00:27:43Z</time>
        <extensions>
          <gpxtpx:TrackPointExtension>
            <gpxtpx:hr>133</gpxtpx:hr>
          </gpxtpx:TrackPointExtension>
        </extensions>
      </trkpt>
      <trkpt lat="22.75085942099252" lon="113.73406706096182">
        <ele>6.177727874368429</ele>
        <time>1970-01-01T00:27:44Z</time>
        <extensions>
          <gpxtpx:TrackPointExtension>
            <gpxtpx:hr>133</gpxtpx:hr>
          </gpxtpx:TrackPointExtension>
        </extensions>
      </trkpt>
      <trkpt lat="22.750879031728836" lon="113.7340836189027">
        <ele>6.2026707557961345</ele>
        <time>1970-01-01T00:27:45Z</time>
        <extensions>
          <gpxtpx:TrackPointExtension>
            <gpxtpx:hr>133</gpxtpx:hr>
          </gpxtpx:TrackPointExtension>
        </extensions>
      </trkpt>
      <trkpt lat="22.750898923157187" lon="113.73409958726153">
        <ele>6.228364867158234</ele>
        <time>1970-01-01T00:27:46Z</time>
        <extensions>
          <gpxtpx:TrackPointExtension>
            <gpxtpx:hr>133</gpxtpx:hr>
          </gpxtpx:TrackPointExtension>
        </extensions>
      </trkpt>
      <trkpt lat="22.75091904718971" lon="113.73411430443055">
        <ele>6.251990579068661</ele>
        <time>1970-01-01T00:27:47Z</time>
        <extensions>
          <gpxtpx:TrackPointExtension>
            <gpxtpx:hr>133</gpxtpx:hr>
          </gpxtpx:TrackPointExtension>
        </extensions>
      </trkpt>
      <trkpt lat="22.750939526948383" lon="113.73412783083772">
        <ele>6.271731537766755</ele>
        <time>1970-01-01T00:27:48Z</time>
        <extensions>
          <gpxtpx:TrackPointExtension>
            <gpxtpx:hr>135</gpxtpx:hr>
          </gpxtpx:TrackPointExtension>
        </extensions>
      </trkpt>
      <trkpt lat="22.75096048069515" lon="113.73414075772295">
        <ele>6.282389646396041</ele>
        <time>1970-01-01T00:27:49Z</time>
        <extensions>
          <gpxtpx:TrackPointExtension>
            <gpxtpx:hr>135</gpxtpx:hr>
          </gpxtpx:TrackPointExtension>
        </extensions>
      </trkpt>
      <trkpt lat="22.750981873661175" lon="113.734153775654">
        <ele>6.280720677226782</ele>
        <time>1970-01-01T00:27:50Z</time>
        <extensions>
          <gpxtpx:TrackPointExtension>
            <gpxtpx:hr>135</gpxtpx:hr>
          </gpxtpx:TrackPointExtension>
        </extensions>
      </trkpt>
      <trkpt lat="22.75100338925424" lon="113.73416698822986">
        <ele>6.266029492020607</ele>
        <time>1970-01-01T00:27:51Z</time>
        <extensions>
          <gpxtpx:TrackPointExtension>
            <gpxtpx:hr>135</gpxtpx:hr>
          </gpxtpx:TrackPointExtension>
        </extensions>
      </trkpt>
      <trkpt lat="22.751025209141424" lon="113.73418000337749">
        <ele>6.237839074805379</ele>
        <time>1970-01-01T00:27:52Z</time>
        <extensions>
          <gpxtpx:TrackPointExtension>
            <gpxtpx:hr>135</gpxtpx:hr>
          </gpxtpx:TrackPointExtension>
        </extensions>
      </trkpt>
      <trkpt lat="22.751047149093072" lon="113.73419209244099">
        <ele>6.1939669363200665</ele>
        <time>1970-01-01T00:27:53Z</time>
        <extensions>
          <gpxtpx:TrackPointExtension>
            <gpxtpx:hr>137</gpxtpx:hr>
          </gpxtpx:TrackPointExtension>
        </extensions>
      </trkpt>
      <trkpt lat="22.751069098700356" lon="113.73420298382689">
        <ele>6.136720013804734</ele>
        <time>1970-01-01T00:27:54Z</time>
        <extensions>
          <gpxtpx:TrackPointExtension>
            <gpxtpx:hr>137</gpxtpx:hr>
          </gpxtpx:TrackPointExtension>
        </extensions>
      </trkpt>
      <trkpt lat="22.751090762037446" lon="113.73421293072695">
        <ele>6.0624919682741165</ele>
        <time>1970-01-01T00:27:55Z</time>
        <extensions>
          <gpxtpx:TrackPointExtension>
            <gpxtpx:hr>137</gpxtpx:hr>
          </gpxtpx:TrackPointExtension>
        </extensions>
      </trkpt>
      <trkpt lat="22.751112351695532" lon="113.73422205528037">
        <ele>5.971529025584459</ele>
        <time>1970-01-01T00:27:56Z</time>
        <extensions>
          <gpxtpx:TrackPointExtension>
            <gpxtpx:hr>137</gpxtpx:hr>
          </gpxtpx:TrackPointExtension>
        </extensions>
      </trkpt>
      <trkpt lat="22.75113426039346" lon="113.73423016115146">
        <ele>5.870298787951469</ele>
        <time>1970-01-01T00:27:57Z</time>
        <extensions>
          <gpxtpx:TrackPointExtension>
            <gpxtpx:hr>137</gpxtpx:hr>
          </gpxtpx:TrackPointExtension>
        </extensions>
      </trkpt>
      <trkpt lat="22.751157084684618" lon="113.73423722053143">
        <ele>5.767431593500078</ele>
        <time>1970-01-01T00:27:58Z</time>
        <extensions>
          <gpxtpx:TrackPointExtension>
            <gpxtpx:hr>137</gpxtpx:hr>
          </gpxtpx:TrackPointExtension>
        </extensions>
      </trkpt>
      <trkpt lat="22.75118033477356" lon="113.73424328061033">
        <ele>5.672119632363319</ele>
        <time>1970-01-01T00:27:59Z</time>
        <extensions>
          <gpxtpx:TrackPointExtension>
            <gpxtpx:hr>141</gpxtpx:hr>
          </gpxtpx:TrackPointExtension>
        </extensions>
      </trkpt>
      <trkpt lat="22.751203434579256" lon="113.73424827236714">
        <ele>5.587275015190244</ele>
        <time>1970-01-01T00:28:00Z</time>
        <extensions>
          <gpxtpx:TrackPointExtension>
            <gpxtpx:hr>141</gpxtpx:hr>
          </gpxtpx:TrackPointExtension>
        </extensions>
      </trkpt>
      <trkpt lat="22.751226494063726" lon="113.73425217311826">
        <ele>5.516874780878425</ele>
        <time>1970-01-01T00:28:01Z</time>
        <extensions>
          <gpxtpx:TrackPointExtension>
            <gpxtpx:hr>141</gpxtpx:hr>
          </gpxtpx:TrackPointExtension>
        </extensions>
      </trkpt>
      <trkpt lat="22.751250168550836" lon="113.73425525025452">
        <ele>5.454600686207414</ele>
        <time>1970-01-01T00:28:02Z</time>
        <extensions>
          <gpxtpx:TrackPointExtension>
            <gpxtpx:hr>141</gpxtpx:hr>
          </gpxtpx:TrackPointExtension>
        </extensions>
      </trkpt>
      <trkpt lat="22.75127447650397" lon="113.73425816223529">
        <ele>5.403203207999468</ele>
        <time>1970-01-01T00:28:03Z</time>
        <extensions>
          <gpxtpx:TrackPointExtension>
            <gpxtpx:hr>141</gpxtpx:hr>
          </gpxtpx:TrackPointExtension>
        </extensions>
      </trkpt>
      <trkpt lat="22.75129878940608" lon="113.73426114923373">
        <ele>5.3651217659935355</ele>
        <time>1970-01-01T00:28:04Z</time>
        <extensions>
          <gpxtpx:TrackPointExtension>
            <gpxtpx:hr>142</gpxtpx:hr>
          </gpxtpx:TrackPointExtension>
        </extensions>
      </trkpt>
      <trkpt lat="22.751323047689844" lon="113.73426419187666">
        <ele>5.3370739836245775</ele>
        <time>1970-01-01T00:28:05Z</time>
        <extensions>
          <gpxtpx:TrackPointExtension>
            <gpxtpx:hr>142</gpxtpx:hr>
          </gpxtpx:TrackPointExtension>
        </extensions>
      </trkpt>
      <trkpt lat="22.75134710992887" lon="113.73426719658217">
        <ele>5.320294710807502</ele>
        <time>1970-01-01T00:28:06Z</time>
        <extensions>
          <gpxtpx:TrackPointExtension>
            <gpxtpx:hr>142</gpxtpx:hr>
          </gpxtpx:TrackPointExtension>
        </extensions>
      </trkpt>
      <trkpt lat="22.751371128972867" lon="113.73427010788573">
        <ele>5.319741147570312</ele>
        <time>1970-01-01T00:28:07Z</time>
        <extensions>
          <gpxtpx:TrackPointExtension>
            <gpxtpx:hr>142</gpxtpx:hr>
          </gpxtpx:TrackPointExtension>
        </extensions>
      </trkpt>
      <trkpt lat="22.751395273302087" lon="113.73427345757742">
        <ele>5.330713543109596</ele>
        <time>1970-01-01T00:28:08Z</time>
        <extensions>
          <gpxtpx:TrackPointExtension>
            <gpxtpx:hr>141</gpxtpx:hr>
          </gpxtpx:TrackPointExtension>
        </extensions>
      </trkpt>
      <trkpt lat="22.751419151857682" lon="113.73427762107282">
        <ele>5.3517395574599504</ele>
        <time>1970-01-01T00:28:09Z</time>
        <extensions>
          <gpxtpx:TrackPointExtension>
            <gpxtpx:hr>141</gpxtpx:hr>
          </gpxtpx:TrackPointExtension>
        </extensions>
      </trkpt>
      <trkpt lat="22.751442531008554" lon="113.73428197996384">
        <ele>5.377101480029523</ele>
        <time>1970-01-01T00:28:10Z</time>
        <extensions>
          <gpxtpx:TrackPointExtension>
            <gpxtpx:hr>141</gpxtpx:hr>
          </gpxtpx:TrackPointExtension>
        </extensions>
      </trkpt>
      <trkpt lat="22.75146611921946" lon="113.7342853567054">
        <ele>5.406292743049562</ele>
        <time>1970-01-01T00:28:11Z</time>
        <extensions>
          <gpxtpx:TrackPointExtension>
            <gpxtpx:hr>141</gpxtpx:hr>
          </gpxtpx:TrackPointExtension>
        </extensions>
      </trkpt>
      <trkpt lat="22.751490553121137" lon="113.73428735914491">
        <ele>5.437091272324324</ele>
        <time>1970-01-01T00:28:12Z</time>
        <extensions>
          <gpxtpx:TrackPointExtension>
            <gpxtpx:hr>141</gpxtpx:hr>
          </gpxtpx:TrackPointExtension>
        </extensions>
      </trkpt>
      <trkpt lat="22.75151578578155" lon="113.73428888651154">
        <ele>5.473879764787853</ele>
        <time>1970-01-01T00:28:13Z</time>
        <extensions>
          <gpxtpx:TrackPointExtension>
            <gpxtpx:hr>142</gpxtpx:hr>
          </gpxtpx:TrackPointExtension>
        </extensions>
      </trkpt>
      <trkpt lat="22.751541283174728" lon="113.73429075509205">
        <ele>5.519940552301705</ele>
        <time>1970-01-01T00:28:14Z</time>
        <extensions>
          <gpxtpx:TrackPointExtension>
            <gpxtpx:hr>142</gpxtpx:hr>
          </gpxtpx:TrackPointExtension>
        </extensions>
      </trkpt>
      <trkpt lat="22.751567011986943" lon="113.73429307561919">
        <ele>5.572046145796776</ele>
        <time>1970-01-01T00:28:15Z</time>
        <extensions>
          <gpxtpx:TrackPointExtension>
            <gpxtpx:hr>142</gpxtpx:hr>
          </gpxtpx:TrackPointExtension>
        </extensions>
      </trkpt>
      <trkpt lat="22.75159269798084" lon="113.73429558634021">
        <ele>5.625602746382356</ele>
        <time>1970-01-01T00:28:16Z</time>
        <extensions>
          <gpxtpx:TrackPointExtension>
            <gpxtpx:hr>142</gpxtpx:hr>
          </gpxtpx:TrackPointExtension>
        </extensions>
      </trkpt>
      <trkpt lat="22.75161792530161" lon="113.73429779026362">
        <ele>5.676690450869501</ele>
        <time>1970-01-01T00:28:17Z</time>
        <extensions>
          <gpxtpx:TrackPointExtension>
            <gpxtpx:hr>142</gpxtpx:hr>
          </gpxtpx:TrackPointExtension>
        </extensions>
      </trkpt>
      <trkpt lat="22.75164245333304" lon="113.734299725284">
        <ele>5.720130208879709</ele>
        <time>1970-01-01T00:28:18Z</time>
        <extensions>
          <gpxtpx:TrackPointExtension>
            <gpxtpx:hr>143</gpxtpx:hr>
          </gpxtpx:TrackPointExtension>
        </extensions>
      </trkpt>
      <trkpt lat="22.751666748997184" lon="113.73430112213535">
        <ele>5.760044626891613</ele>
        <time>1970-01-01T00:28:19Z</time>
        <extensions>
          <gpxtpx:TrackPointExtension>
            <gpxtpx:hr>143</gpxtpx:hr>
          </gpxtpx:TrackPointExtension>
        </extensions>
      </trkpt>
      <trkpt lat="22.751690729815365" lon="113.73430166041139">
        <ele>5.785691091790795</ele>
        <time>1970-01-01T00:28:20Z</time>
        <extensions>
          <gpxtpx:TrackPointExtension>
            <gpxtpx:hr>143</gpxtpx:hr>
          </gpxtpx:TrackPointExtension>
        </extensions>
      </trkpt>
      <trkpt lat="22.751714235380128" lon="113.73430161828895">
        <ele>5.791741927154362</ele>
        <time>1970-01-01T00:28:21Z</time>
        <extensions>
          <gpxtpx:TrackPointExtension>
            <gpxtpx:hr>143</gpxtpx:hr>
          </gpxtpx:TrackPointExtension>
        </extensions>
      </trkpt>
      <trkpt lat="22.75173758916532" lon="113.7343019480563">
        <ele>5.783925052732229</ele>
        <time>1970-01-01T00:28:22Z</time>
        <extensions>
          <gpxtpx:TrackPointExtension>
            <gpxtpx:hr>143</gpxtpx:hr>
          </gpxtpx:TrackPointExtension>
        </extensions>
      </trkpt>
      <trkpt lat="22.7517614600495" lon="113.73430303782965">
        <ele>5.761512038297951</ele>
        <time>1970-01-01T00:28:23Z</time>
        <extensions>
          <gpxtpx:TrackPointExtension>
            <gpxtpx:hr>143</gpxtpx:hr>
          </gpxtpx:TrackPointExtension>
        </extensions>
      </trkpt>
      <trkpt lat="22.751785861521864" lon="113.73430452726731">
        <ele>5.739667338319123</ele>
        <time>1970-01-01T00:28:24Z</time>
        <extensions>
          <gpxtpx:TrackPointExtension>
            <gpxtpx:hr>143</gpxtpx:hr>
          </gpxtpx:TrackPointExtension>
        </extensions>
      </trkpt>
      <trkpt lat="22.75181033306735" lon="113.73430631295534">
        <ele>5.710486431606114</ele>
        <time>1970-01-01T00:28:25Z</time>
        <extensions>
          <gpxtpx:TrackPointExtension>
            <gpxtpx:hr>143</gpxtpx:hr>
          </gpxtpx:TrackPointExtension>
        </extensions>
      </trkpt>
      <trkpt lat="22.751834430264097" lon="113.73430851441269">
        <ele>5.674305942840874</ele>
        <time>1970-01-01T00:28:26Z</time>
        <extensions>
          <gpxtpx:TrackPointExtension>
            <gpxtpx:hr>143</gpxtpx:hr>
          </gpxtpx:TrackPointExtension>
        </extensions>
      </trkpt>
      <trkpt lat="22.75185830159206" lon="113.73431127894914">
        <ele>5.636084026657045</ele>
        <time>1970-01-01T00:28:27Z</time>
        <extensions>
          <gpxtpx:TrackPointExtension>
            <gpxtpx:hr>144</gpxtpx:hr>
          </gpxtpx:TrackPointExtension>
        </extensions>
      </trkpt>
      <trkpt lat="22.75188252653263" lon="113.73431403743683">
        <ele>5.601729183457792</ele>
        <time>1970-01-01T00:28:28Z</time>
        <extensions>
          <gpxtpx:TrackPointExtension>
            <gpxtpx:hr>144</gpxtpx:hr>
          </gpxtpx:TrackPointExtension>
        </extensions>
      </trkpt>
      <trkpt lat="22.751906555573225" lon="113.7343161605416">
        <ele>5.568161780945957</ele>
        <time>1970-01-01T00:28:29Z</time>
        <extensions>
          <gpxtpx:TrackPointExtension>
            <gpxtpx:hr>144</gpxtpx:hr>
          </gpxtpx:TrackPointExtension>
        </extensions>
      </trkpt>
      <trkpt lat="22.7519300508938" lon="113.73431784270994">
        <ele>5.540016898885369</ele>
        <time>1970-01-01T00:28:30Z</time>
        <extensions>
          <gpxtpx:TrackPointExtension>
            <gpxtpx:hr>144</gpxtpx:hr>
          </gpxtpx:TrackPointExtension>
        </extensions>
      </trkpt>
      <trkpt lat="22.75195327993295" lon="113.73431940913788">
        <ele>5.514515462331474</ele>
        <time>1970-01-01T00:28:31Z</time>
        <extensions>
          <gpxtpx:TrackPointExtension>
            <gpxtpx:hr>144</gpxtpx:hr>
          </gpxtpx:TrackPointExtension>
        </extensions>
      </trkpt>
      <trkpt lat="22.751976522927762" lon="113.73432118946369">
        <ele>5.4915015660226345</ele>
        <time>1970-01-01T00:28:32Z</time>
        <extensions>
          <gpxtpx:TrackPointExtension>
            <gpxtpx:hr>143</gpxtpx:hr>
          </gpxtpx:TrackPointExtension>
        </extensions>
      </trkpt>
      <trkpt lat="22.75199968690813" lon="113.73432352552565">
        <ele>5.477563945576549</ele>
        <time>1970-01-01T00:28:33Z</time>
        <extensions>
          <gpxtpx:TrackPointExtension>
            <gpxtpx:hr>143</gpxtpx:hr>
          </gpxtpx:TrackPointExtension>
        </extensions>
      </trkpt>
      <trkpt lat="22.75202305445732" lon="113.73432623766847">
        <ele>5.471866327337921</ele>
        <time>1970-01-01T00:28:34Z</time>
        <extensions>
          <gpxtpx:TrackPointExtension>
            <gpxtpx:hr>143</gpxtpx:hr>
          </gpxtpx:TrackPointExtension>
        </extensions>
      </trkpt>
      <trkpt lat="22.752047064264914" lon="113.73432928349">
        <ele>5.4693699181079865</ele>
        <time>1970-01-01T00:28:35Z</time>
        <extensions>
          <gpxtpx:TrackPointExtension>
            <gpxtpx:hr>143</gpxtpx:hr>
          </gpxtpx:TrackPointExtension>
        </extensions>
      </trkpt>
      <trkpt lat="22.75207169946843" lon="113.734332904545">
        <ele>5.466780875809491</ele>
        <time>1970-01-01T00:28:36Z</time>
        <extensions>
          <gpxtpx:TrackPointExtension>
            <gpxtpx:hr>143</gpxtpx:hr>
          </gpxtpx:TrackPointExtension>
        </extensions>
      </trkpt>
      <trkpt lat="22.752096247792032" lon="113.7343375890582">
        <ele>5.4625036446377635</ele>
        <time>1970-01-01T00:28:37Z</time>
        <extensions>
          <gpxtpx:TrackPointExtension>
            <gpxtpx:hr>142</gpxtpx:hr>
          </gpxtpx:TrackPointExtension>
        </extensions>
      </trkpt>
      <trkpt lat="22.752120306828836" lon="113.73434346436053">
        <ele>5.457303021103144</ele>
        <time>1970-01-01T00:28:38Z</time>
        <extensions>
          <gpxtpx:TrackPointExtension>
            <gpxtpx:hr>142</gpxtpx:hr>
          </gpxtpx:TrackPointExtension>
        </extensions>
      </trkpt>
      <trkpt lat="22.752143643002114" lon="113.7343504873323">
        <ele>5.449801718816161</ele>
        <time>1970-01-01T00:28:39Z</time>
        <extensions>
          <gpxtpx:TrackPointExtension>
            <gpxtpx:hr>142</gpxtpx:hr>
          </gpxtpx:TrackPointExtension>
        </extensions>
      </trkpt>
      <trkpt lat="22.752166424351433" lon="113.73435908136821">
        <ele>5.439740399830043</ele>
        <time>1970-01-01T00:28:40Z</time>
        <extensions>
          <gpxtpx:TrackPointExtension>
            <gpxtpx:hr>142</gpxtpx:hr>
          </gpxtpx:TrackPointExtension>
        </extensions>
      </trkpt>
      <trkpt lat="22.752188909314512" lon="113.7343692609713">
        <ele>5.425980994477868</ele>
        <time>1970-01-01T00:28:41Z</time>
        <extensions>
          <gpxtpx:TrackPointExtension>
            <gpxtpx:hr>142</gpxtpx:hr>
          </gpxtpx:TrackPointExtension>
        </extensions>
      </trkpt>
      <trkpt lat="22.75221101403718" lon="113.73438041794626">
        <ele>5.4152064472436905</ele>
        <time>1970-01-01T00:28:42Z</time>
        <extensions>
          <gpxtpx:TrackPointExtension>
            <gpxtpx:hr>142</gpxtpx:hr>
          </gpxtpx:TrackPointExtension>
        </extensions>
      </trkpt>
      <trkpt lat="22.752232720037156" lon="113.73439193830058">
        <ele>5.4089548429474235</ele>
        <time>1970-01-01T00:28:43Z</time>
        <extensions>
          <gpxtpx:TrackPointExtension>
            <gpxtpx:hr>142</gpxtpx:hr>
          </gpxtpx:TrackPointExtension>
        </extensions>
      </trkpt>
      <trkpt lat="22.752254512293636" lon="113.73440357659423">
        <ele>5.4084774209186435</ele>
        <time>1970-01-01T00:28:44Z</time>
        <extensions>
          <gpxtpx:TrackPointExtension>
            <gpxtpx:hr>142</gpxtpx:hr>
          </gpxtpx:TrackPointExtension>
        </extensions>
      </trkpt>
      <trkpt lat="22.752276612224257" lon="113.73441547078869">
        <ele>5.414586802944541</ele>
        <time>1970-01-01T00:28:45Z</time>
        <extensions>
          <gpxtpx:TrackPointExtension>
            <gpxtpx:hr>142</gpxtpx:hr>
          </gpxtpx:TrackPointExtension>
        </extensions>
      </trkpt>
      <trkpt lat="22.75229858317899" lon="113.73442810003391">
        <ele>5.429604141972959</ele>
        <time>1970-01-01T00:28:46Z</time>
        <extensions>
          <gpxtpx:TrackPointExtension>
            <gpxtpx:hr>142</gpxtpx:hr>
          </gpxtpx:TrackPointExtension>
        </extensions>
      </trkpt>
      <trkpt lat="22.75231961244469" lon="113.7344417834172">
        <ele>5.455322332680225</ele>
        <time>1970-01-01T00:28:47Z</time>
        <extensions>
          <gpxtpx:TrackPointExtension>
            <gpxtpx:hr>141</gpxtpx:hr>
          </gpxtpx:TrackPointExtension>
        </extensions>
      </trkpt>
      <trkpt lat="22.752339409433702" lon="113.73445656317611">
        <ele>5.494552289135754</ele>
        <time>1970-01-01T00:28:48Z</time>
        <extensions>
          <gpxtpx:TrackPointExtension>
            <gpxtpx:hr>141</gpxtpx:hr>
          </gpxtpx:TrackPointExtension>
        </extensions>
      </trkpt>
      <trkpt lat="22.752358431765167" lon="113.73447286941264">
        <ele>5.548358651809394</ele>
        <time>1970-01-01T00:28:49Z</time>
        <extensions>
          <gpxtpx:TrackPointExtension>
            <gpxtpx:hr>141</gpxtpx:hr>
          </gpxtpx:TrackPointExtension>
        </extensions>
      </trkpt>
      <trkpt lat="22.752376748281204" lon="113.73449099371041">
        <ele>5.61761574447155</ele>
        <time>1970-01-01T00:28:50Z</time>
        <extensions>
          <gpxtpx:TrackPointExtension>
            <gpxtpx:hr>141</gpxtpx:hr>
          </gpxtpx:TrackPointExtension>
        </extensions>
      </trkpt>
      <trkpt lat="22.752393909667582" lon="113.73451027005977">
        <ele>5.704284630715847</ele>
        <time>1970-01-01T00:28:51Z</time>
        <extensions>
          <gpxtpx:TrackPointExtension>
            <gpxtpx:hr>141</gpxtpx:hr>
          </gpxtpx:TrackPointExtension>
        </extensions>
      </trkpt>
      <trkpt lat="22.752410461105146" lon="113.73453002264002">
        <ele>5.80169022269547</ele>
        <time>1970-01-01T00:28:52Z</time>
        <extensions>
          <gpxtpx:TrackPointExtension>
            <gpxtpx:hr>141</gpxtpx:hr>
          </gpxtpx:TrackPointExtension>
        </extensions>
      </trkpt>
      <trkpt lat="22.752427158980208" lon="113.7345499330537">
        <ele>5.90426957141608</ele>
        <time>1970-01-01T00:28:53Z</time>
        <extensions>
          <gpxtpx:TrackPointExtension>
            <gpxtpx:hr>142</gpxtpx:hr>
          </gpxtpx:TrackPointExtension>
        </extensions>
      </trkpt>
      <trkpt lat="22.752443607978194" lon="113.73457067434182">
        <ele>6.001434100791812</ele>
        <time>1970-01-01T00:28:54Z</time>
        <extensions>
          <gpxtpx:TrackPointExtension>
            <gpxtpx:hr>142</gpxtpx:hr>
          </gpxtpx:TrackPointExtension>
        </extensions>
      </trkpt>
      <trkpt lat="22.752459260176906" lon="113.7345926077607">
        <ele>6.0895942356437445</ele>
        <time>1970-01-01T00:28:55Z</time>
        <extensions>
          <gpxtpx:TrackPointExtension>
            <gpxtpx:hr>142</gpxtpx:hr>
          </gpxtpx:TrackPointExtension>
        </extensions>
      </trkpt>
      <trkpt lat="22.752473733484845" lon="113.73461521028636">
        <ele>6.16213686671108</ele>
        <time>1970-01-01T00:28:56Z</time>
        <extensions>
          <gpxtpx:TrackPointExtension>
            <gpxtpx:hr>142</gpxtpx:hr>
          </gpxtpx:TrackPointExtension>
        </extensions>
      </trkpt>
      <trkpt lat="22.752487130590183" lon="113.73463818997128">
        <ele>6.216462853364646</ele>
        <time>1970-01-01T00:28:57Z</time>
        <extensions>
          <gpxtpx:TrackPointExtension>
            <gpxtpx:hr>142</gpxtpx:hr>
          </gpxtpx:TrackPointExtension>
        </extensions>
      </trkpt>
      <trkpt lat="22.75249979324882" lon="113.73466138128562">
        <ele>6.2535744542256</ele>
        <time>1970-01-01T00:28:58Z</time>
        <extensions>
          <gpxtpx:TrackPointExtension>
            <gpxtpx:hr>142</gpxtpx:hr>
          </gpxtpx:TrackPointExtension>
        </extensions>
      </trkpt>
      <trkpt lat="22.752511713777164" lon="113.73468454941519">
        <ele>6.271579215303063</ele>
        <time>1970-01-01T00:28:59Z</time>
        <extensions>
          <gpxtpx:TrackPointExtension>
            <gpxtpx:hr>142</gpxtpx:hr>
          </gpxtpx:TrackPointExtension>
        </extensions>
      </trkpt>
      <trkpt lat="22.75252296796499" lon="113.73470749238037">
        <ele>6.275606953538954</ele>
        <time>1970-01-01T00:29:00Z</time>
        <extensions>
          <gpxtpx:TrackPointExtension>
            <gpxtpx:hr>141</gpxtpx:hr>
          </gpxtpx:TrackPointExtension>
        </extensions>
      </trkpt>
      <trkpt lat="22.75253399403934" lon="113.73473057828697">
        <ele>6.263426509685814</ele>
        <time>1970-01-01T00:29:01Z</time>
        <extensions>
          <gpxtpx:TrackPointExtension>
            <gpxtpx:hr>141</gpxtpx:hr>
          </gpxtpx:TrackPointExtension>
        </extensions>
      </trkpt>
      <trkpt lat="22.75254470313814" lon="113.73475443888528">
        <ele>6.240426764823496</ele>
        <time>1970-01-01T00:29:02Z</time>
        <extensions>
          <gpxtpx:TrackPointExtension>
            <gpxtpx:hr>141</gpxtpx:hr>
          </gpxtpx:TrackPointExtension>
        </extensions>
      </trkpt>
      <trkpt lat="22.752554553101703" lon="113.73477892797501">
        <ele>6.2135173520073295</ele>
        <time>1970-01-01T00:29:03Z</time>
        <extensions>
          <gpxtpx:TrackPointExtension>
            <gpxtpx:hr>141</gpxtpx:hr>
          </gpxtpx:TrackPointExtension>
        </extensions>
      </trkpt>
      <trkpt lat="22.752563306463237" lon="113.7348035986977">
        <ele>6.185541029088199</ele>
        <time>1970-01-01T00:29:04Z</time>
        <extensions>
          <gpxtpx:TrackPointExtension>
            <gpxtpx:hr>141</gpxtpx:hr>
          </gpxtpx:TrackPointExtension>
        </extensions>
      </trkpt>
      <trkpt lat="22.75257143048681" lon="113.73482834594616">
        <ele>6.161680092103779</ele>
        <time>1970-01-01T00:29:05Z</time>
        <extensions>
          <gpxtpx:TrackPointExtension>
            <gpxtpx:hr>141</gpxtpx:hr>
          </gpxtpx:TrackPointExtension>
        </extensions>
      </trkpt>
      <trkpt lat="22.752579392446375" lon="113.73485281866684">
        <ele>6.1409653052687645</ele>
        <time>1970-01-01T00:29:06Z</time>
        <extensions>
          <gpxtpx:TrackPointExtension>
            <gpxtpx:hr>141</gpxtpx:hr>
          </gpxtpx:TrackPointExtension>
        </extensions>
      </trkpt>
      <trkpt lat="22.752587785919772" lon="113.73487712534839">
        <ele>6.122648266144097</ele>
        <time>1970-01-01T00:29:07Z</time>
        <extensions>
          <gpxtpx:TrackPointExtension>
            <gpxtpx:hr>141</gpxtpx:hr>
          </gpxtpx:TrackPointExtension>
        </extensions>
      </trkpt>
      <trkpt lat="22.752597266159178" lon="113.73490136659895">
        <ele>6.10437192209065</ele>
        <time>1970-01-01T00:29:08Z</time>
        <extensions>
          <gpxtpx:TrackPointExtension>
            <gpxtpx:hr>141</gpxtpx:hr>
          </gpxtpx:TrackPointExtension>
        </extensions>
      </trkpt>
      <trkpt lat="22.752608260534885" lon="113.73492509368909">
        <ele>6.084798832423985</ele>
        <time>1970-01-01T00:29:09Z</time>
        <extensions>
          <gpxtpx:TrackPointExtension>
            <gpxtpx:hr>141</gpxtpx:hr>
          </gpxtpx:TrackPointExtension>
        </extensions>
      </trkpt>
      <trkpt lat="22.752620818050552" lon="113.7349475887768">
        <ele>6.06515490077436</ele>
        <time>1970-01-01T00:29:10Z</time>
        <extensions>
          <gpxtpx:TrackPointExtension>
            <gpxtpx:hr>141</gpxtpx:hr>
          </gpxtpx:TrackPointExtension>
        </extensions>
      </trkpt>
      <trkpt lat="22.752634678505895" lon="113.73496850499373">
        <ele>6.046674558892846</ele>
        <time>1970-01-01T00:29:11Z</time>
        <extensions>
          <gpxtpx:TrackPointExtension>
            <gpxtpx:hr>141</gpxtpx:hr>
          </gpxtpx:TrackPointExtension>
        </extensions>
      </trkpt>
      <trkpt lat="22.752649334400026" lon="113.73498848894562">
        <ele>6.034395819529891</ele>
        <time>1970-01-01T00:29:12Z</time>
        <extensions>
          <gpxtpx:TrackPointExtension>
            <gpxtpx:hr>140</gpxtpx:hr>
          </gpxtpx:TrackPointExtension>
        </extensions>
      </trkpt>
      <trkpt lat="22.752664958033556" lon="113.73500810725993">
        <ele>6.030574184842408</ele>
        <time>1970-01-01T00:29:13Z</time>
        <extensions>
          <gpxtpx:TrackPointExtension>
            <gpxtpx:hr>140</gpxtpx:hr>
          </gpxtpx:TrackPointExtension>
        </extensions>
      </trkpt>
      <trkpt lat="22.752682126859096" lon="113.73502735746288">
        <ele>6.031687466427684</ele>
        <time>1970-01-01T00:29:14Z</time>
        <extensions>
          <gpxtpx:TrackPointExtension>
            <gpxtpx:hr>140</gpxtpx:hr>
          </gpxtpx:TrackPointExtension>
        </extensions>
      </trkpt>
      <trkpt lat="22.752700615703045" lon="113.73504571569359">
        <ele>6.034508850425482</ele>
        <time>1970-01-01T00:29:15Z</time>
        <extensions>
          <gpxtpx:TrackPointExtension>
            <gpxtpx:hr>140</gpxtpx:hr>
          </gpxtpx:TrackPointExtension>
        </extensions>
      </trkpt>
      <trkpt lat="22.752719630394058" lon="113.73506249576636">
        <ele>6.037558478303254</ele>
        <time>1970-01-01T00:29:16Z</time>
        <extensions>
          <gpxtpx:TrackPointExtension>
            <gpxtpx:hr>140</gpxtpx:hr>
          </gpxtpx:TrackPointExtension>
        </extensions>
      </trkpt>
      <trkpt lat="22.752739093731094" lon="113.73507788139977">
        <ele>6.039926051162183</ele>
        <time>1970-01-01T00:29:17Z</time>
        <extensions>
          <gpxtpx:TrackPointExtension>
            <gpxtpx:hr>140</gpxtpx:hr>
          </gpxtpx:TrackPointExtension>
        </extensions>
      </trkpt>
      <trkpt lat="22.752758978263255" lon="113.73509243767649">
        <ele>6.035989313386381</ele>
        <time>1970-01-01T00:29:18Z</time>
        <extensions>
          <gpxtpx:TrackPointExtension>
            <gpxtpx:hr>140</gpxtpx:hr>
          </gpxtpx:TrackPointExtension>
        </extensions>
      </trkpt>
      <trkpt lat="22.752778756625005" lon="113.73510617129706">
        <ele>6.031742193736136</ele>
        <time>1970-01-01T00:29:19Z</time>
        <extensions>
          <gpxtpx:TrackPointExtension>
            <gpxtpx:hr>140</gpxtpx:hr>
          </gpxtpx:TrackPointExtension>
        </extensions>
      </trkpt>
      <trkpt lat="22.752798405703633" lon="113.73511845329851">
        <ele>6.022993419319391</ele>
        <time>1970-01-01T00:29:20Z</time>
        <extensions>
          <gpxtpx:TrackPointExtension>
            <gpxtpx:hr>140</gpxtpx:hr>
          </gpxtpx:TrackPointExtension>
        </extensions>
      </trkpt>
      <trkpt lat="22.75281809911935" lon="113.73512887846643">
        <ele>6.011664249934256</ele>
        <time>1970-01-01T00:29:21Z</time>
        <extensions>
          <gpxtpx:TrackPointExtension>
            <gpxtpx:hr>140</gpxtpx:hr>
          </gpxtpx:TrackPointExtension>
        </extensions>
      </trkpt>
      <trkpt lat="22.752838399461957" lon="113.73513778451118">
        <ele>5.99521244969219</ele>
        <time>1970-01-01T00:29:22Z</time>
        <extensions>
          <gpxtpx:TrackPointExtension>
            <gpxtpx:hr>141</gpxtpx:hr>
          </gpxtpx:TrackPointExtension>
        </extensions>
      </trkpt>
      <trkpt lat="22.752859572580057" lon="113.73514489355807">
        <ele>5.965939739719033</ele>
        <time>1970-01-01T00:29:23Z</time>
        <extensions>
          <gpxtpx:TrackPointExtension>
            <gpxtpx:hr>141</gpxtpx:hr>
          </gpxtpx:TrackPointExtension>
        </extensions>
      </trkpt>
      <trkpt lat="22.752881201616695" lon="113.73514995095556">
        <ele>5.9274699948728085</ele>
        <time>1970-01-01T00:29:24Z</time>
        <extensions>
          <gpxtpx:TrackPointExtension>
            <gpxtpx:hr>141</gpxtpx:hr>
          </gpxtpx:TrackPointExtension>
        </extensions>
      </trkpt>
      <trkpt lat="22.752902544183257" lon="113.73515287224292">
        <ele>5.873607547022402</ele>
        <time>1970-01-01T00:29:25Z</time>
        <extensions>
          <gpxtpx:TrackPointExtension>
            <gpxtpx:hr>141</gpxtpx:hr>
          </gpxtpx:TrackPointExtension>
        </extensions>
      </trkpt>
      <trkpt lat="22.752923502687757" lon="113.73515379142987">
        <ele>5.806777720339596</ele>
        <time>1970-01-01T00:29:26Z</time>
        <extensions>
          <gpxtpx:TrackPointExtension>
            <gpxtpx:hr>141</gpxtpx:hr>
          </gpxtpx:TrackPointExtension>
        </extensions>
      </trkpt>
      <trkpt lat="22.752944585169402" lon="113.73515247686073">
        <ele>5.72998143453151</ele>
        <time>1970-01-01T00:29:27Z</time>
        <extensions>
          <gpxtpx:TrackPointExtension>
            <gpxtpx:hr>141</gpxtpx:hr>
          </gpxtpx:TrackPointExtension>
        </extensions>
      </trkpt>
      <trkpt lat="22.752966624103774" lon="113.73514931933435">
        <ele>5.645132345147431</ele>
        <time>1970-01-01T00:29:28Z</time>
        <extensions>
          <gpxtpx:TrackPointExtension>
            <gpxtpx:hr>141</gpxtpx:hr>
          </gpxtpx:TrackPointExtension>
        </extensions>
      </trkpt>
      <trkpt lat="22.75298951375572" lon="113.73514534311118">
        <ele>5.553729170933366</ele>
        <time>1970-01-01T00:29:29Z</time>
        <extensions>
          <gpxtpx:TrackPointExtension>
            <gpxtpx:hr>141</gpxtpx:hr>
          </gpxtpx:TrackPointExtension>
        </extensions>
      </trkpt>
      <trkpt lat="22.753012228852576" lon="113.73514115536317">
        <ele>5.459916219115257</ele>
        <time>1970-01-01T00:29:30Z</time>
        <extensions>
          <gpxtpx:TrackPointExtension>
            <gpxtpx:hr>141</gpxtpx:hr>
          </gpxtpx:TrackPointExtension>
        </extensions>
      </trkpt>
      <trkpt lat="22.75303412280768" lon="113.73513666296755">
        <ele>5.364676807075739</ele>
        <time>1970-01-01T00:29:31Z</time>
        <extensions>
          <gpxtpx:TrackPointExtension>
            <gpxtpx:hr>141</gpxtpx:hr>
          </gpxtpx:TrackPointExtension>
        </extensions>
      </trkpt>
      <trkpt lat="22.753055228179722" lon="113.735130870861">
        <ele>5.272235359996557</ele>
        <time>1970-01-01T00:29:32Z</time>
        <extensions>
          <gpxtpx:TrackPointExtension>
            <gpxtpx:hr>141</gpxtpx:hr>
          </gpxtpx:TrackPointExtension>
        </extensions>
      </trkpt>
      <trkpt lat="22.753075541466" lon="113.73512266429626">
        <ele>5.190093576908112</ele>
        <time>1970-01-01T00:29:33Z</time>
        <extensions>
          <gpxtpx:TrackPointExtension>
            <gpxtpx:hr>141</gpxtpx:hr>
          </gpxtpx:TrackPointExtension>
        </extensions>
      </trkpt>
      <trkpt lat="22.7530948593232" lon="113.73511132795832">
        <ele>5.119981102645397</ele>
        <time>1970-01-01T00:29:34Z</time>
        <extensions>
          <gpxtpx:TrackPointExtension>
            <gpxtpx:hr>141</gpxtpx:hr>
          </gpxtpx:TrackPointExtension>
        </extensions>
      </trkpt>
      <trkpt lat="22.75311291200604" lon="113.73509733591953">
        <ele>5.061784624122083</ele>
        <time>1970-01-01T00:29:35Z</time>
        <extensions>
          <gpxtpx:TrackPointExtension>
            <gpxtpx:hr>139</gpxtpx:hr>
          </gpxtpx:TrackPointExtension>
        </extensions>
      </trkpt>
      <trkpt lat="22.75312935514203" lon="113.73508174139377">
        <ele>5.023265501484275</ele>
        <time>1970-01-01T00:29:36Z</time>
        <extensions>
          <gpxtpx:TrackPointExtension>
            <gpxtpx:hr>139</gpxtpx:hr>
          </gpxtpx:TrackPointExtension>
        </extensions>
      </trkpt>
      <trkpt lat="22.753144466244994" lon="113.73506531864267">
        <ele>5.002634959295392</ele>
        <time>1970-01-01T00:29:37Z</time>
        <extensions>
          <gpxtpx:TrackPointExtension>
            <gpxtpx:hr>139</gpxtpx:hr>
          </gpxtpx:TrackPointExtension>
        </extensions>
      </trkpt>
      <trkpt lat="22.753158785683237" lon="113.73504830583725">
        <ele>4.998718607239425</ele>
        <time>1970-01-01T00:29:38Z</time>
        <extensions>
          <gpxtpx:TrackPointExtension>
            <gpxtpx:hr>139</gpxtpx:hr>
          </gpxtpx:TrackPointExtension>
        </extensions>
      </trkpt>
      <trkpt lat="22.75317227397898" lon="113.73503102480886">
        <ele>4.998599778860807</ele>
        <time>1970-01-01T00:29:39Z</time>
        <extensions>
          <gpxtpx:TrackPointExtension>
            <gpxtpx:hr>139</gpxtpx:hr>
          </gpxtpx:TrackPointExtension>
        </extensions>
      </trkpt>
      <trkpt lat="22.753184708609687" lon="113.73501313584383">
        <ele>4.998872223310173</ele>
        <time>1970-01-01T00:29:40Z</time>
        <extensions>
          <gpxtpx:TrackPointExtension>
            <gpxtpx:hr>138</gpxtpx:hr>
          </gpxtpx:TrackPointExtension>
        </extensions>
      </trkpt>
      <trkpt lat="22.75319567747074" lon="113.73499432222968">
        <ele>5.000409704633057</ele>
        <time>1970-01-01T00:29:41Z</time>
        <extensions>
          <gpxtpx:TrackPointExtension>
            <gpxtpx:hr>138</gpxtpx:hr>
          </gpxtpx:TrackPointExtension>
        </extensions>
      </trkpt>
      <trkpt lat="22.75320514516431" lon="113.73497454842011">
        <ele>4.990951297804713</ele>
        <time>1970-01-01T00:29:42Z</time>
        <extensions>
          <gpxtpx:TrackPointExtension>
            <gpxtpx:hr>138</gpxtpx:hr>
          </gpxtpx:TrackPointExtension>
        </extensions>
      </trkpt>
      <trkpt lat="22.75321375894061" lon="113.73495350276154">
        <ele>4.969163787551224</ele>
        <time>1970-01-01T00:29:43Z</time>
        <extensions>
          <gpxtpx:TrackPointExtension>
            <gpxtpx:hr>138</gpxtpx:hr>
          </gpxtpx:TrackPointExtension>
        </extensions>
      </trkpt>
      <trkpt lat="22.753220996529617" lon="113.73493135259342">
        <ele>4.9367507211863995</ele>
        <time>1970-01-01T00:29:44Z</time>
        <extensions>
          <gpxtpx:TrackPointExtension>
            <gpxtpx:hr>138</gpxtpx:hr>
          </gpxtpx:TrackPointExtension>
        </extensions>
      </trkpt>
      <trkpt lat="22.753225732639827" lon="113.73490843537758">
        <ele>4.9046681066975</ele>
        <time>1970-01-01T00:29:45Z</time>
        <extensions>
          <gpxtpx:TrackPointExtension>
            <gpxtpx:hr>138</gpxtpx:hr>
          </gpxtpx:TrackPointExtension>
        </extensions>
      </trkpt>
      <trkpt lat="22.753228103537" lon="113.73488469649132">
        <ele>4.876589233987033</ele>
        <time>1970-01-01T00:29:46Z</time>
        <extensions>
          <gpxtpx:TrackPointExtension>
            <gpxtpx:hr>138</gpxtpx:hr>
          </gpxtpx:TrackPointExtension>
        </extensions>
      </trkpt>
      <trkpt lat="22.753228472132182" lon="113.73486022165346">
        <ele>4.85423724539578</ele>
        <time>1970-01-01T00:29:47Z</time>
        <extensions>
          <gpxtpx:TrackPointExtension>
            <gpxtpx:hr>138</gpxtpx:hr>
          </gpxtpx:TrackPointExtension>
        </extensions>
      </trkpt>
      <trkpt lat="22.753227001137365" lon="113.73483509604311">
        <ele>4.853846437297761</ele>
        <time>1970-01-01T00:29:48Z</time>
        <extensions>
          <gpxtpx:TrackPointExtension>
            <gpxtpx:hr>139</gpxtpx:hr>
          </gpxtpx:TrackPointExtension>
        </extensions>
      </trkpt>
      <trkpt lat="22.753223944907166" lon="113.7348092940633">
        <ele>4.871738255023956</ele>
        <time>1970-01-01T00:29:49Z</time>
        <extensions>
          <gpxtpx:TrackPointExtension>
            <gpxtpx:hr>139</gpxtpx:hr>
          </gpxtpx:TrackPointExtension>
        </extensions>
      </trkpt>
      <trkpt lat="22.7532198979483" lon="113.73478292321555">
        <ele>4.919744037091732</ele>
        <time>1970-01-01T00:29:50Z</time>
        <extensions>
          <gpxtpx:TrackPointExtension>
            <gpxtpx:hr>139</gpxtpx:hr>
          </gpxtpx:TrackPointExtension>
        </extensions>
      </trkpt>
      <trkpt lat="22.753215141153508" lon="113.73475689104897">
        <ele>4.984793943352997</ele>
        <time>1970-01-01T00:29:51Z</time>
        <extensions>
          <gpxtpx:TrackPointExtension>
            <gpxtpx:hr>139</gpxtpx:hr>
          </gpxtpx:TrackPointExtension>
        </extensions>
      </trkpt>
      <trkpt lat="22.753209283051145" lon="113.73473210957626">
        <ele>5.0725471759215</ele>
        <time>1970-01-01T00:29:52Z</time>
        <extensions>
          <gpxtpx:TrackPointExtension>
            <gpxtpx:hr>139</gpxtpx:hr>
          </gpxtpx:TrackPointExtension>
        </extensions>
      </trkpt>
      <trkpt lat="22.753201840310375" lon="113.73470847581314">
        <ele>5.16821797285229</ele>
        <time>1970-01-01T00:29:53Z</time>
        <extensions>
          <gpxtpx:TrackPointExtension>
            <gpxtpx:hr>139</gpxtpx:hr>
          </gpxtpx:TrackPointExtension>
        </extensions>
      </trkpt>
      <trkpt lat="22.75319290954365" lon="113.73468535351826">
        <ele>5.272678077220917</ele>
        <time>1970-01-01T00:29:54Z</time>
        <extensions>
          <gpxtpx:TrackPointExtension>
            <gpxtpx:hr>139</gpxtpx:hr>
          </gpxtpx:TrackPointExtension>
        </extensions>
      </trkpt>
      <trkpt lat="22.75318301261811" lon="113.73466231871177">
        <ele>5.375177395530045</ele>
        <time>1970-01-01T00:29:55Z</time>
        <extensions>
          <gpxtpx:TrackPointExtension>
            <gpxtpx:hr>139</gpxtpx:hr>
          </gpxtpx:TrackPointExtension>
        </extensions>
      </trkpt>
      <trkpt lat="22.753172771916045" lon="113.73463996223626">
        <ele>5.466627719812095</ele>
        <time>1970-01-01T00:29:56Z</time>
        <extensions>
          <gpxtpx:TrackPointExtension>
            <gpxtpx:hr>139</gpxtpx:hr>
          </gpxtpx:TrackPointExtension>
        </extensions>
      </trkpt>
      <trkpt lat="22.7531620146403" lon="113.73461849070148">
        <ele>5.556936310604215</ele>
        <time>1970-01-01T00:29:57Z</time>
        <extensions>
          <gpxtpx:TrackPointExtension>
            <gpxtpx:hr>140</gpxtpx:hr>
          </gpxtpx:TrackPointExtension>
        </extensions>
      </trkpt>
      <trkpt lat="22.75315013125424" lon="113.73459775049825">
        <ele>5.6343646459281445</ele>
        <time>1970-01-01T00:29:58Z</time>
        <extensions>
          <gpxtpx:TrackPointExtension>
            <gpxtpx:hr>140</gpxtpx:hr>
          </gpxtpx:TrackPointExtension>
        </extensions>
      </trkpt>
      <trkpt lat="22.753136380657292" lon="113.73457788675056">
        <ele>5.69731021579355</ele>
        <time>1970-01-01T00:29:59Z</time>
        <extensions>
          <gpxtpx:TrackPointExtension>
            <gpxtpx:hr>140</gpxtpx:hr>
          </gpxtpx:TrackPointExtension>
        </extensions>
      </trkpt>
      <trkpt lat="22.753120582743772" lon="113.7345593569751">
        <ele>5.75332264136523</ele>
        <time>1970-01-01T00:30:00Z</time>
        <extensions>
          <gpxtpx:TrackPointExtension>
            <gpxtpx:hr>140</gpxtpx:hr>
          </gpxtpx:TrackPointExtension>
        </extensions>
      </trkpt>
      <trkpt lat="22.753103837098095" lon="113.73454193331989">
        <ele>5.798831497319043</ele>
        <time>1970-01-01T00:30:01Z</time>
        <extensions>
          <gpxtpx:TrackPointExtension>
            <gpxtpx:hr>140</gpxtpx:hr>
          </gpxtpx:TrackPointExtension>
        </extensions>
      </trkpt>
      <trkpt lat="22.75308744377478" lon="113.73452473574459">
        <ele>5.839217020198703</ele>
        <time>1970-01-01T00:30:02Z</time>
        <extensions>
          <gpxtpx:TrackPointExtension>
            <gpxtpx:hr>140</gpxtpx:hr>
          </gpxtpx:TrackPointExtension>
        </extensions>
      </trkpt>
      <trkpt lat="22.753071777053872" lon="113.73450731591167">
        <ele>5.8743870835751295</ele>
        <time>1970-01-01T00:30:03Z</time>
        <extensions>
          <gpxtpx:TrackPointExtension>
            <gpxtpx:hr>140</gpxtpx:hr>
          </gpxtpx:TrackPointExtension>
        </extensions>
      </trkpt>
      <trkpt lat="22.75305630154114" lon="113.73448956509047">
        <ele>5.906471120193601</ele>
        <time>1970-01-01T00:30:04Z</time>
        <extensions>
          <gpxtpx:TrackPointExtension>
            <gpxtpx:hr>140</gpxtpx:hr>
          </gpxtpx:TrackPointExtension>
        </extensions>
      </trkpt>
      <trkpt lat="22.7530408516608" lon="113.73447133915509">
        <ele>5.932795291766524</ele>
        <time>1970-01-01T00:30:05Z</time>
        <extensions>
          <gpxtpx:TrackPointExtension>
            <gpxtpx:hr>140</gpxtpx:hr>
          </gpxtpx:TrackPointExtension>
        </extensions>
      </trkpt>
      <trkpt lat="22.75302612223448" lon="113.7344526089665">
        <ele>5.951317225582898</ele>
        <time>1970-01-01T00:30:06Z</time>
        <extensions>
          <gpxtpx:TrackPointExtension>
            <gpxtpx:hr>140</gpxtpx:hr>
          </gpxtpx:TrackPointExtension>
        </extensions>
      </trkpt>
      <trkpt lat="22.753012119856802" lon="113.73443386493418">
        <ele>5.9653539806604385</ele>
        <time>1970-01-01T00:30:07Z</time>
        <extensions>
          <gpxtpx:TrackPointExtension>
            <gpxtpx:hr>140</gpxtpx:hr>
          </gpxtpx:TrackPointExtension>
        </extensions>
      </trkpt>
      <trkpt lat="22.752997640368807" lon="113.7344156886223">
        <ele>5.969717150554061</ele>
        <time>1970-01-01T00:30:08Z</time>
        <extensions>
          <gpxtpx:TrackPointExtension>
            <gpxtpx:hr>142</gpxtpx:hr>
          </gpxtpx:TrackPointExtension>
        </extensions>
      </trkpt>
      <trkpt lat="22.752981758247206" lon="113.73439862452386">
        <ele>5.985672020353377</ele>
        <time>1970-01-01T00:30:09Z</time>
        <extensions>
          <gpxtpx:TrackPointExtension>
            <gpxtpx:hr>142</gpxtpx:hr>
          </gpxtpx:TrackPointExtension>
        </extensions>
      </trkpt>
      <trkpt lat="22.75296440156694" lon="113.73438289764533">
        <ele>5.991047545336187</ele>
        <time>1970-01-01T00:30:10Z</time>
        <extensions>
          <gpxtpx:TrackPointExtension>
            <gpxtpx:hr>142</gpxtpx:hr>
          </gpxtpx:TrackPointExtension>
        </extensions>
      </trkpt>
      <trkpt lat="22.752945983595662" lon="113.73436820094237">
        <ele>5.993765314109623</ele>
        <time>1970-01-01T00:30:11Z</time>
        <extensions>
          <gpxtpx:TrackPointExtension>
            <gpxtpx:hr>142</gpxtpx:hr>
          </gpxtpx:TrackPointExtension>
        </extensions>
      </trkpt>
      <trkpt lat="22.75292677815389" lon="113.73435424194115">
        <ele>6.0019660564139485</ele>
        <time>1970-01-01T00:30:12Z</time>
        <extensions>
          <gpxtpx:TrackPointExtension>
            <gpxtpx:hr>142</gpxtpx:hr>
          </gpxtpx:TrackPointExtension>
        </extensions>
      </trkpt>
      <trkpt lat="22.75290721948554" lon="113.73434062408501">
        <ele>6.006448937579989</ele>
        <time>1970-01-01T00:30:13Z</time>
        <extensions>
          <gpxtpx:TrackPointExtension>
            <gpxtpx:hr>142</gpxtpx:hr>
          </gpxtpx:TrackPointExtension>
        </extensions>
      </trkpt>
      <trkpt lat="22.75288792569592" lon="113.73432701302292">
        <ele>6.0203377567231655</ele>
        <time>1970-01-01T00:30:14Z</time>
        <extensions>
          <gpxtpx:TrackPointExtension>
            <gpxtpx:hr>142</gpxtpx:hr>
          </gpxtpx:TrackPointExtension>
        </extensions>
      </trkpt>
      <trkpt lat="22.752869221314167" lon="113.73431384881778">
        <ele>6.034043837338686</ele>
        <time>1970-01-01T00:30:15Z</time>
        <extensions>
          <gpxtpx:TrackPointExtension>
            <gpxtpx:hr>142</gpxtpx:hr>
          </gpxtpx:TrackPointExtension>
        </extensions>
      </trkpt>
      <trkpt lat="22.75285085038479" lon="113.7343010432761">
        <ele>6.056267201900482</ele>
        <time>1970-01-01T00:30:16Z</time>
        <extensions>
          <gpxtpx:TrackPointExtension>
            <gpxtpx:hr>142</gpxtpx:hr>
          </gpxtpx:TrackPointExtension>
        </extensions>
      </trkpt>
      <trkpt lat="22.752832488496733" lon="113.73428777413692">
        <ele>6.085497637279332</ele>
        <time>1970-01-01T00:30:17Z</time>
        <extensions>
          <gpxtpx:TrackPointExtension>
            <gpxtpx:hr>141</gpxtpx:hr>
          </gpxtpx:TrackPointExtension>
        </extensions>
      </trkpt>
      <trkpt lat="22.752814080094744" lon="113.73427363553157">
        <ele>6.118796054273844</ele>
        <time>1970-01-01T00:30:18Z</time>
        <extensions>
          <gpxtpx:TrackPointExtension>
            <gpxtpx:hr>141</gpxtpx:hr>
          </gpxtpx:TrackPointExtension>
        </extensions>
      </trkpt>
      <trkpt lat="22.752795934842336" lon="113.73425906231213">
        <ele>6.154350800439715</ele>
        <time>1970-01-01T00:30:19Z</time>
        <extensions>
          <gpxtpx:TrackPointExtension>
            <gpxtpx:hr>141</gpxtpx:hr>
          </gpxtpx:TrackPointExtension>
        </extensions>
      </trkpt>
      <trkpt lat="22.752777227155864" lon="113.73424390347088">
        <ele>6.186246984638274</ele>
        <time>1970-01-01T00:30:20Z</time>
        <extensions>
          <gpxtpx:TrackPointExtension>
            <gpxtpx:hr>141</gpxtpx:hr>
          </gpxtpx:TrackPointExtension>
        </extensions>
      </trkpt>
      <trkpt lat="22.75275778314055" lon="113.73422807714937">
        <ele>6.230176150798798</ele>
        <time>1970-01-01T00:30:21Z</time>
        <extensions>
          <gpxtpx:TrackPointExtension>
            <gpxtpx:hr>141</gpxtpx:hr>
          </gpxtpx:TrackPointExtension>
        </extensions>
      </trkpt>
      <trkpt lat="22.752738397554527" lon="113.73421268233756">
        <ele>6.275748654268682</ele>
        <time>1970-01-01T00:30:22Z</time>
        <extensions>
          <gpxtpx:TrackPointExtension>
            <gpxtpx:hr>142</gpxtpx:hr>
          </gpxtpx:TrackPointExtension>
        </extensions>
      </trkpt>
      <trkpt lat="22.752719737455443" lon="113.73419868715791">
        <ele>6.327964750118554</ele>
        <time>1970-01-01T00:30:23Z</time>
        <extensions>
          <gpxtpx:TrackPointExtension>
            <gpxtpx:hr>142</gpxtpx:hr>
          </gpxtpx:TrackPointExtension>
        </extensions>
      </trkpt>
      <trkpt lat="22.752701079970908" lon="113.73418544314477">
        <ele>6.376507703214884</ele>
        <time>1970-01-01T00:30:24Z</time>
        <extensions>
          <gpxtpx:TrackPointExtension>
            <gpxtpx:hr>142</gpxtpx:hr>
          </gpxtpx:TrackPointExtension>
        </extensions>
      </trkpt>
      <trkpt lat="22.752682130780194" lon="113.7341721864535">
        <ele>6.423373328521848</ele>
        <time>1970-01-01T00:30:25Z</time>
        <extensions>
          <gpxtpx:TrackPointExtension>
            <gpxtpx:hr>142</gpxtpx:hr>
          </gpxtpx:TrackPointExtension>
        </extensions>
      </trkpt>
      <trkpt lat="22.752662978678174" lon="113.7341584000895">
        <ele>6.47253464628011</ele>
        <time>1970-01-01T00:30:26Z</time>
        <extensions>
          <gpxtpx:TrackPointExtension>
            <gpxtpx:hr>142</gpxtpx:hr>
          </gpxtpx:TrackPointExtension>
        </extensions>
      </trkpt>
      <trkpt lat="22.75264370467052" lon="113.73414419720069">
        <ele>6.520822026766837</ele>
        <time>1970-01-01T00:30:27Z</time>
        <extensions>
          <gpxtpx:TrackPointExtension>
            <gpxtpx:hr>143</gpxtpx:hr>
          </gpxtpx:TrackPointExtension>
        </extensions>
      </trkpt>
      <trkpt lat="22.752624071749665" lon="113.73413027120772">
        <ele>6.560331774875522</ele>
        <time>1970-01-01T00:30:28Z</time>
        <extensions>
          <gpxtpx:TrackPointExtension>
            <gpxtpx:hr>143</gpxtpx:hr>
          </gpxtpx:TrackPointExtension>
        </extensions>
      </trkpt>
      <trkpt lat="22.752604753246427" lon="113.73411698801662">
        <ele>6.5874005276709795</ele>
        <time>1970-01-01T00:30:29Z</time>
        <extensions>
          <gpxtpx:TrackPointExtension>
            <gpxtpx:hr>143</gpxtpx:hr>
          </gpxtpx:TrackPointExtension>
        </extensions>
      </trkpt>
      <trkpt lat="22.752586010428068" lon="113.73410395445336">
        <ele>6.59565323125571</ele>
        <time>1970-01-01T00:30:30Z</time>
        <extensions>
          <gpxtpx:TrackPointExtension>
            <gpxtpx:hr>143</gpxtpx:hr>
          </gpxtpx:TrackPointExtension>
        </extensions>
      </trkpt>
      <trkpt lat="22.752567130186964" lon="113.73409085503398">
        <ele>6.588995506986976</ele>
        <time>1970-01-01T00:30:31Z</time>
        <extensions>
          <gpxtpx:TrackPointExtension>
            <gpxtpx:hr>144</gpxtpx:hr>
          </gpxtpx:TrackPointExtension>
        </extensions>
      </trkpt>
      <trkpt lat="22.752547642003645" lon="113.73407728969032">
        <ele>6.567339267581701</ele>
        <time>1970-01-01T00:30:32Z</time>
        <extensions>
          <gpxtpx:TrackPointExtension>
            <gpxtpx:hr>144</gpxtpx:hr>
          </gpxtpx:TrackPointExtension>
        </extensions>
      </trkpt>
      <trkpt lat="22.75252822860043" lon="113.73406314038532">
        <ele>6.527808461338282</ele>
        <time>1970-01-01T00:30:33Z</time>
        <extensions>
          <gpxtpx:TrackPointExtension>
            <gpxtpx:hr>144</gpxtpx:hr>
          </gpxtpx:TrackPointExtension>
        </extensions>
      </trkpt>
      <trkpt lat="22.752509203131016" lon="113.73404832502227">
        <ele>6.474572227336466</ele>
        <time>1970-01-01T00:30:34Z</time>
        <extensions>
          <gpxtpx:TrackPointExtension>
            <gpxtpx:hr>144</gpxtpx:hr>
          </gpxtpx:TrackPointExtension>
        </extensions>
      </trkpt>
      <trkpt lat="22.752490297563206" lon="113.73403285347749">
        <ele>6.402443780563772</ele>
        <time>1970-01-01T00:30:35Z</time>
        <extensions>
          <gpxtpx:TrackPointExtension>
            <gpxtpx:hr>144</gpxtpx:hr>
          </gpxtpx:TrackPointExtension>
        </extensions>
      </trkpt>
      <trkpt lat="22.752471070378707" lon="113.73401714576973">
        <ele>6.325362654402852</ele>
        <time>1970-01-01T00:30:36Z</time>
        <extensions>
          <gpxtpx:TrackPointExtension>
            <gpxtpx:hr>144</gpxtpx:hr>
          </gpxtpx:TrackPointExtension>
        </extensions>
      </trkpt>
      <trkpt lat="22.752451326791533" lon="113.73400153374033">
        <ele>6.237682035192847</ele>
        <time>1970-01-01T00:30:37Z</time>
        <extensions>
          <gpxtpx:TrackPointExtension>
            <gpxtpx:hr>144</gpxtpx:hr>
          </gpxtpx:TrackPointExtension>
        </extensions>
      </trkpt>
      <trkpt lat="22.752431816297108" lon="113.73398638332144">
        <ele>6.148822435177863</ele>
        <time>1970-01-01T00:30:38Z</time>
        <extensions>
          <gpxtpx:TrackPointExtension>
            <gpxtpx:hr>144</gpxtpx:hr>
          </gpxtpx:TrackPointExtension>
        </extensions>
      </trkpt>
      <trkpt lat="22.752413274520404" lon="113.7339718981529">
        <ele>6.057285262271762</ele>
        <time>1970-01-01T00:30:39Z</time>
        <extensions>
          <gpxtpx:TrackPointExtension>
            <gpxtpx:hr>144</gpxtpx:hr>
          </gpxtpx:TrackPointExtension>
        </extensions>
      </trkpt>
      <trkpt lat="22.75239481302103" lon="113.73395773283782">
        <ele>5.973693497478962</ele>
        <time>1970-01-01T00:30:40Z</time>
        <extensions>
          <gpxtpx:TrackPointExtension>
            <gpxtpx:hr>144</gpxtpx:hr>
          </gpxtpx:TrackPointExtension>
        </extensions>
      </trkpt>
      <trkpt lat="22.75237556893827" lon="113.73394338659683">
        <ele>5.9020473985001445</ele>
        <time>1970-01-01T00:30:41Z</time>
        <extensions>
          <gpxtpx:TrackPointExtension>
            <gpxtpx:hr>144</gpxtpx:hr>
          </gpxtpx:TrackPointExtension>
        </extensions>
      </trkpt>
      <trkpt lat="22.752355830025884" lon="113.73392858235329">
        <ele>5.841263419948518</ele>
        <time>1970-01-01T00:30:42Z</time>
        <extensions>
          <gpxtpx:TrackPointExtension>
            <gpxtpx:hr>145</gpxtpx:hr>
          </gpxtpx:TrackPointExtension>
        </extensions>
      </trkpt>
      <trkpt lat="22.75233612493985" lon="113.73391389509365">
        <ele>5.789107445627451</ele>
        <time>1970-01-01T00:30:43Z</time>
        <extensions>
          <gpxtpx:TrackPointExtension>
            <gpxtpx:hr>145</gpxtpx:hr>
          </gpxtpx:TrackPointExtension>
        </extensions>
      </trkpt>
      <trkpt lat="22.75231670551272" lon="113.73389950095772">
        <ele>5.744122005999088</ele>
        <time>1970-01-01T00:30:44Z</time>
        <extensions>
          <gpxtpx:TrackPointExtension>
            <gpxtpx:hr>145</gpxtpx:hr>
          </gpxtpx:TrackPointExtension>
        </extensions>
      </trkpt>
      <trkpt lat="22.75229753688453" lon="113.733884969207">
        <ele>5.704242419451475</ele>
        <time>1970-01-01T00:30:45Z</time>
        <extensions>
          <gpxtpx:TrackPointExtension>
            <gpxtpx:hr>145</gpxtpx:hr>
          </gpxtpx:TrackPointExtension>
        </extensions>
      </trkpt>
      <trkpt lat="22.752278785740994" lon="113.73387004249108">
        <ele>5.6669946145266294</ele>
        <time>1970-01-01T00:30:46Z</time>
        <extensions>
          <gpxtpx:TrackPointExtension>
            <gpxtpx:hr>145</gpxtpx:hr>
          </gpxtpx:TrackPointExtension>
        </extensions>
      </trkpt>
      <trkpt lat="22.752260192798484" lon="113.73385536409677">
        <ele>5.633515888825059</ele>
        <time>1970-01-01T00:30:47Z</time>
        <extensions>
          <gpxtpx:TrackPointExtension>
            <gpxtpx:hr>145</gpxtpx:hr>
          </gpxtpx:TrackPointExtension>
        </extensions>
      </trkpt>
      <trkpt lat="22.75224109755908" lon="113.73384140018226">
        <ele>5.603706085123122</ele>
        <time>1970-01-01T00:30:48Z</time>
        <extensions>
          <gpxtpx:TrackPointExtension>
            <gpxtpx:hr>145</gpxtpx:hr>
          </gpxtpx:TrackPointExtension>
        </extensions>
      </trkpt>
      <trkpt lat="22.752221418050677" lon="113.73382759456844">
        <ele>5.5717828227207065</ele>
        <time>1970-01-01T00:30:49Z</time>
        <extensions>
          <gpxtpx:TrackPointExtension>
            <gpxtpx:hr>143</gpxtpx:hr>
          </gpxtpx:TrackPointExtension>
        </extensions>
      </trkpt>
      <trkpt lat="22.752201356511137" lon="113.73381293150314">
        <ele>5.538836854510009</ele>
        <time>1970-01-01T00:30:50Z</time>
        <extensions>
          <gpxtpx:TrackPointExtension>
            <gpxtpx:hr>143</gpxtpx:hr>
          </gpxtpx:TrackPointExtension>
        </extensions>
      </trkpt>
      <trkpt lat="22.752181428219824" lon="113.73379724985965">
        <ele>5.49913930054754</ele>
        <time>1970-01-01T00:30:51Z</time>
        <extensions>
          <gpxtpx:TrackPointExtension>
            <gpxtpx:hr>143</gpxtpx:hr>
          </gpxtpx:TrackPointExtension>
        </extensions>
      </trkpt>
      <trkpt lat="22.752161966273405" lon="113.73378116663696">
        <ele>5.459365023300052</ele>
        <time>1970-01-01T00:30:52Z</time>
        <extensions>
          <gpxtpx:TrackPointExtension>
            <gpxtpx:hr>143</gpxtpx:hr>
          </gpxtpx:TrackPointExtension>
        </extensions>
      </trkpt>
      <trkpt lat="22.75214308094822" lon="113.7337654429752">
        <ele>5.425979762338102</ele>
        <time>1970-01-01T00:30:53Z</time>
        <extensions>
          <gpxtpx:TrackPointExtension>
            <gpxtpx:hr>142</gpxtpx:hr>
          </gpxtpx:TrackPointExtension>
        </extensions>
      </trkpt>
      <trkpt lat="22.752124576102606" lon="113.7337499852035">
        <ele>5.3963694497942924</ele>
        <time>1970-01-01T00:30:54Z</time>
        <extensions>
          <gpxtpx:TrackPointExtension>
            <gpxtpx:hr>142</gpxtpx:hr>
          </gpxtpx:TrackPointExtension>
        </extensions>
      </trkpt>
      <trkpt lat="22.752105905208" lon="113.73373385565972">
        <ele>5.383717175573111</ele>
        <time>1970-01-01T00:30:55Z</time>
        <extensions>
          <gpxtpx:TrackPointExtension>
            <gpxtpx:hr>142</gpxtpx:hr>
          </gpxtpx:TrackPointExtension>
        </extensions>
      </trkpt>
      <trkpt lat="22.752087189622422" lon="113.73371731646597">
        <ele>5.388744225725532</ele>
        <time>1970-01-01T00:30:56Z</time>
        <extensions>
          <gpxtpx:TrackPointExtension>
            <gpxtpx:hr>142</gpxtpx:hr>
          </gpxtpx:TrackPointExtension>
        </extensions>
      </trkpt>
      <trkpt lat="22.752068690399085" lon="113.73370162856683">
        <ele>5.4077050890773535</ele>
        <time>1970-01-01T00:30:57Z</time>
        <extensions>
          <gpxtpx:TrackPointExtension>
            <gpxtpx:hr>142</gpxtpx:hr>
          </gpxtpx:TrackPointExtension>
        </extensions>
      </trkpt>
      <trkpt lat="22.75204986232547" lon="113.73368641079345">
        <ele>5.4449654668569565</ele>
        <time>1970-01-01T00:30:58Z</time>
        <extensions>
          <gpxtpx:TrackPointExtension>
            <gpxtpx:hr>142</gpxtpx:hr>
          </gpxtpx:TrackPointExtension>
        </extensions>
      </trkpt>
      <trkpt lat="22.752030592311044" lon="113.73367103035258">
        <ele>5.486785752698779</ele>
        <time>1970-01-01T00:30:59Z</time>
        <extensions>
          <gpxtpx:TrackPointExtension>
            <gpxtpx:hr>142</gpxtpx:hr>
          </gpxtpx:TrackPointExtension>
        </extensions>
      </trkpt>
      <trkpt lat="22.752011065824696" lon="113.73365567483059">
        <ele>5.5409553097561</ele>
        <time>1970-01-01T00:31:00Z</time>
        <extensions>
          <gpxtpx:TrackPointExtension>
            <gpxtpx:hr>142</gpxtpx:hr>
          </gpxtpx:TrackPointExtension>
        </extensions>
      </trkpt>
      <trkpt lat="22.751991449589827" lon="113.73364054851604">
        <ele>5.596354248933494</ele>
        <time>1970-01-01T00:31:01Z</time>
        <extensions>
          <gpxtpx:TrackPointExtension>
            <gpxtpx:hr>142</gpxtpx:hr>
          </gpxtpx:TrackPointExtension>
        </extensions>
      </trkpt>
      <trkpt lat="22.751972286856628" lon="113.73362610866374">
        <ele>5.657787288539112</ele>
        <time>1970-01-01T00:31:02Z</time>
        <extensions>
          <gpxtpx:TrackPointExtension>
            <gpxtpx:hr>142</gpxtpx:hr>
          </gpxtpx:TrackPointExtension>
        </extensions>
      </trkpt>
      <trkpt lat="22.75195331817643" lon="113.73361264848339">
        <ele>5.709410869516432</ele>
        <time>1970-01-01T00:31:03Z</time>
        <extensions>
          <gpxtpx:TrackPointExtension>
            <gpxtpx:hr>141</gpxtpx:hr>
          </gpxtpx:TrackPointExtension>
        </extensions>
      </trkpt>
      <trkpt lat="22.751934093822165" lon="113.73360048673058">
        <ele>5.757606105878949</ele>
        <time>1970-01-01T00:31:04Z</time>
        <extensions>
          <gpxtpx:TrackPointExtension>
            <gpxtpx:hr>141</gpxtpx:hr>
          </gpxtpx:TrackPointExtension>
        </extensions>
      </trkpt>
      <trkpt lat="22.75191423297238" lon="113.73358879060095">
        <ele>5.809424931183457</ele>
        <time>1970-01-01T00:31:05Z</time>
        <extensions>
          <gpxtpx:TrackPointExtension>
            <gpxtpx:hr>141</gpxtpx:hr>
          </gpxtpx:TrackPointExtension>
        </extensions>
      </trkpt>
      <trkpt lat="22.75189430586739" lon="113.73357627880146">
        <ele>5.843207222409546</ele>
        <time>1970-01-01T00:31:06Z</time>
        <extensions>
          <gpxtpx:TrackPointExtension>
            <gpxtpx:hr>141</gpxtpx:hr>
          </gpxtpx:TrackPointExtension>
        </extensions>
      </trkpt>
      <trkpt lat="22.75187454574821" lon="113.73356270416386">
        <ele>5.884089997038245</ele>
        <time>1970-01-01T00:31:07Z</time>
        <extensions>
          <gpxtpx:TrackPointExtension>
            <gpxtpx:hr>141</gpxtpx:hr>
          </gpxtpx:TrackPointExtension>
        </extensions>
      </trkpt>
      <trkpt lat="22.751855134665522" lon="113.73354839839787">
        <ele>5.922638702206314</ele>
        <time>1970-01-01T00:31:08Z</time>
        <extensions>
          <gpxtpx:TrackPointExtension>
            <gpxtpx:hr>141</gpxtpx:hr>
          </gpxtpx:TrackPointExtension>
        </extensions>
      </trkpt>
      <trkpt lat="22.751835966286546" lon="113.73353384492921">
        <ele>5.968157695606351</ele>
        <time>1970-01-01T00:31:09Z</time>
        <extensions>
          <gpxtpx:TrackPointExtension>
            <gpxtpx:hr>141</gpxtpx:hr>
          </gpxtpx:TrackPointExtension>
        </extensions>
      </trkpt>
      <trkpt lat="22.751816936916583" lon="113.73351933561642">
        <ele>6.021668281406164</ele>
        <time>1970-01-01T00:31:10Z</time>
        <extensions>
          <gpxtpx:TrackPointExtension>
            <gpxtpx:hr>141</gpxtpx:hr>
          </gpxtpx:TrackPointExtension>
        </extensions>
      </trkpt>
      <trkpt lat="22.751797810428577" lon="113.73350468956703">
        <ele>6.075189186260104</ele>
        <time>1970-01-01T00:31:11Z</time>
        <extensions>
          <gpxtpx:TrackPointExtension>
            <gpxtpx:hr>141</gpxtpx:hr>
          </gpxtpx:TrackPointExtension>
        </extensions>
      </trkpt>
      <trkpt lat="22.751778168669325" lon="113.73349015343005">
        <ele>6.134555491618812</ele>
        <time>1970-01-01T00:31:12Z</time>
        <extensions>
          <gpxtpx:TrackPointExtension>
            <gpxtpx:hr>141</gpxtpx:hr>
          </gpxtpx:TrackPointExtension>
        </extensions>
      </trkpt>
      <trkpt lat="22.751758279157674" lon="113.73347586611244">
        <ele>6.187309422530234</ele>
        <time>1970-01-01T00:31:13Z</time>
        <extensions>
          <gpxtpx:TrackPointExtension>
            <gpxtpx:hr>142</gpxtpx:hr>
          </gpxtpx:TrackPointExtension>
        </extensions>
      </trkpt>
      <trkpt lat="22.751739253977462" lon="113.73346163652688">
        <ele>6.239911855198443</ele>
        <time>1970-01-01T00:31:14Z</time>
        <extensions>
          <gpxtpx:TrackPointExtension>
            <gpxtpx:hr>142</gpxtpx:hr>
          </gpxtpx:TrackPointExtension>
        </extensions>
      </trkpt>
      <trkpt lat="22.751720711491185" lon="113.73344679898916">
        <ele>6.284059112891555</ele>
        <time>1970-01-01T00:31:15Z</time>
        <extensions>
          <gpxtpx:TrackPointExtension>
            <gpxtpx:hr>142</gpxtpx:hr>
          </gpxtpx:TrackPointExtension>
        </extensions>
      </trkpt>
      <trkpt lat="22.75170186590411" lon="113.73343164306443">
        <ele>6.317862655967474</ele>
        <time>1970-01-01T00:31:16Z</time>
        <extensions>
          <gpxtpx:TrackPointExtension>
            <gpxtpx:hr>142</gpxtpx:hr>
          </gpxtpx:TrackPointExtension>
        </extensions>
      </trkpt>
      <trkpt lat="22.751682254235764" lon="113.73341679093522">
        <ele>6.342480052262545</ele>
        <time>1970-01-01T00:31:17Z</time>
        <extensions>
          <gpxtpx:TrackPointExtension>
            <gpxtpx:hr>142</gpxtpx:hr>
          </gpxtpx:TrackPointExtension>
        </extensions>
      </trkpt>
      <trkpt lat="22.751662209949963" lon="113.73340200101475">
        <ele>6.354220922105014</ele>
        <time>1970-01-01T00:31:18Z</time>
        <extensions>
          <gpxtpx:TrackPointExtension>
            <gpxtpx:hr>141</gpxtpx:hr>
          </gpxtpx:TrackPointExtension>
        </extensions>
      </trkpt>
      <trkpt lat="22.75164270152991" lon="113.73338719119182">
        <ele>6.358037734404206</ele>
        <time>1970-01-01T00:31:19Z</time>
        <extensions>
          <gpxtpx:TrackPointExtension>
            <gpxtpx:hr>141</gpxtpx:hr>
          </gpxtpx:TrackPointExtension>
        </extensions>
      </trkpt>
      <trkpt lat="22.75162443777852" lon="113.73337269439226">
        <ele>6.347066783346236</ele>
        <time>1970-01-01T00:31:20Z</time>
        <extensions>
          <gpxtpx:TrackPointExtension>
            <gpxtpx:hr>141</gpxtpx:hr>
          </gpxtpx:TrackPointExtension>
        </extensions>
      </trkpt>
      <trkpt lat="22.751607353922573" lon="113.73335844818563">
        <ele>6.312054796144366</ele>
        <time>1970-01-01T00:31:21Z</time>
        <extensions>
          <gpxtpx:TrackPointExtension>
            <gpxtpx:hr>141</gpxtpx:hr>
          </gpxtpx:TrackPointExtension>
        </extensions>
      </trkpt>
      <trkpt lat="22.751590186924812" lon="113.73334423193835">
        <ele>6.271791134029627</ele>
        <time>1970-01-01T00:31:22Z</time>
        <extensions>
          <gpxtpx:TrackPointExtension>
            <gpxtpx:hr>141</gpxtpx:hr>
          </gpxtpx:TrackPointExtension>
        </extensions>
      </trkpt>
      <trkpt lat="22.751571697875807" lon="113.73333047458239">
        <ele>6.22122350987047</ele>
        <time>1970-01-01T00:31:23Z</time>
        <extensions>
          <gpxtpx:TrackPointExtension>
            <gpxtpx:hr>141</gpxtpx:hr>
          </gpxtpx:TrackPointExtension>
        </extensions>
      </trkpt>
      <trkpt lat="22.751551902996425" lon="113.73331729409139">
        <ele>6.160020834766328</ele>
        <time>1970-01-01T00:31:24Z</time>
        <extensions>
          <gpxtpx:TrackPointExtension>
            <gpxtpx:hr>141</gpxtpx:hr>
          </gpxtpx:TrackPointExtension>
        </extensions>
      </trkpt>
      <trkpt lat="22.75153205205927" lon="113.73330374849824">
        <ele>6.102996881119907</ele>
        <time>1970-01-01T00:31:25Z</time>
        <extensions>
          <gpxtpx:TrackPointExtension>
            <gpxtpx:hr>141</gpxtpx:hr>
          </gpxtpx:TrackPointExtension>
        </extensions>
      </trkpt>
      <trkpt lat="22.751512921954905" lon="113.73328948760661">
        <ele>6.053294414654374</ele>
        <time>1970-01-01T00:31:26Z</time>
        <extensions>
          <gpxtpx:TrackPointExtension>
            <gpxtpx:hr>141</gpxtpx:hr>
          </gpxtpx:TrackPointExtension>
        </extensions>
      </trkpt>
      <trkpt lat="22.751493979675313" lon="113.73327427887658">
        <ele>6.026821376755834</ele>
        <time>1970-01-01T00:31:27Z</time>
        <extensions>
          <gpxtpx:TrackPointExtension>
            <gpxtpx:hr>141</gpxtpx:hr>
          </gpxtpx:TrackPointExtension>
        </extensions>
      </trkpt>
      <trkpt lat="22.751474448450946" lon="113.73325839832552">
        <ele>6.006720678880811</ele>
        <time>1970-01-01T00:31:28Z</time>
        <extensions>
          <gpxtpx:TrackPointExtension>
            <gpxtpx:hr>142</gpxtpx:hr>
          </gpxtpx:TrackPointExtension>
        </extensions>
      </trkpt>
      <trkpt lat="22.751454823396664" lon="113.73324303511791">
        <ele>5.997867768630385</ele>
        <time>1970-01-01T00:31:29Z</time>
        <extensions>
          <gpxtpx:TrackPointExtension>
            <gpxtpx:hr>142</gpxtpx:hr>
          </gpxtpx:TrackPointExtension>
        </extensions>
      </trkpt>
      <trkpt lat="22.751436147561698" lon="113.73322875231769">
        <ele>5.9916015630587935</ele>
        <time>1970-01-01T00:31:30Z</time>
        <extensions>
          <gpxtpx:TrackPointExtension>
            <gpxtpx:hr>142</gpxtpx:hr>
          </gpxtpx:TrackPointExtension>
        </extensions>
      </trkpt>
      <trkpt lat="22.75141863614242" lon="113.73321517668826">
        <ele>5.994786236435175</ele>
        <time>1970-01-01T00:31:31Z</time>
        <extensions>
          <gpxtpx:TrackPointExtension>
            <gpxtpx:hr>142</gpxtpx:hr>
          </gpxtpx:TrackPointExtension>
        </extensions>
      </trkpt>
      <trkpt lat="22.75140142758252" lon="113.73320168077234">
        <ele>6.022835264913738</ele>
        <time>1970-01-01T00:31:32Z</time>
        <extensions>
          <gpxtpx:TrackPointExtension>
            <gpxtpx:hr>142</gpxtpx:hr>
          </gpxtpx:TrackPointExtension>
        </extensions>
      </trkpt>
      <trkpt lat="22.751383049206424" lon="113.73318814723962">
        <ele>6.061728301458061</ele>
        <time>1970-01-01T00:31:33Z</time>
        <extensions>
          <gpxtpx:TrackPointExtension>
            <gpxtpx:hr>142</gpxtpx:hr>
          </gpxtpx:TrackPointExtension>
        </extensions>
      </trkpt>
      <trkpt lat="22.75136331905423" lon="113.73317461582732">
        <ele>6.118942900560796</ele>
        <time>1970-01-01T00:31:34Z</time>
        <extensions>
          <gpxtpx:TrackPointExtension>
            <gpxtpx:hr>142</gpxtpx:hr>
          </gpxtpx:TrackPointExtension>
        </extensions>
      </trkpt>
      <trkpt lat="22.751343360033392" lon="113.73316097811568">
        <ele>6.183700838126242</ele>
        <time>1970-01-01T00:31:35Z</time>
        <extensions>
          <gpxtpx:TrackPointExtension>
            <gpxtpx:hr>142</gpxtpx:hr>
          </gpxtpx:TrackPointExtension>
        </extensions>
      </trkpt>
      <trkpt lat="22.751324114153867" lon="113.73314736398534">
        <ele>6.2386360159143806</ele>
        <time>1970-01-01T00:31:36Z</time>
        <extensions>
          <gpxtpx:TrackPointExtension>
            <gpxtpx:hr>142</gpxtpx:hr>
          </gpxtpx:TrackPointExtension>
        </extensions>
      </trkpt>
      <trkpt lat="22.7513054622184" lon="113.73313367603629">
        <ele>6.285218248143792</ele>
        <time>1970-01-01T00:31:37Z</time>
        <extensions>
          <gpxtpx:TrackPointExtension>
            <gpxtpx:hr>142</gpxtpx:hr>
          </gpxtpx:TrackPointExtension>
        </extensions>
      </trkpt>
      <trkpt lat="22.751286528441007" lon="113.73311954460972">
        <ele>6.322497373446822</ele>
        <time>1970-01-01T00:31:38Z</time>
        <extensions>
          <gpxtpx:TrackPointExtension>
            <gpxtpx:hr>141</gpxtpx:hr>
          </gpxtpx:TrackPointExtension>
        </extensions>
      </trkpt>
      <trkpt lat="22.75126735332647" lon="113.73310487273197">
        <ele>6.341533303260803</ele>
        <time>1970-01-01T00:31:39Z</time>
        <extensions>
          <gpxtpx:TrackPointExtension>
            <gpxtpx:hr>141</gpxtpx:hr>
          </gpxtpx:TrackPointExtension>
        </extensions>
      </trkpt>
      <trkpt lat="22.751248182066757" lon="113.73308971323517">
        <ele>6.346577972173691</ele>
        <time>1970-01-01T00:31:40Z</time>
        <extensions>
          <gpxtpx:TrackPointExtension>
            <gpxtpx:hr>141</gpxtpx:hr>
          </gpxtpx:TrackPointExtension>
        </extensions>
      </trkpt>
      <trkpt lat="22.75122859430569" lon="113.73307413989103">
        <ele>6.340054145082831</ele>
        <time>1970-01-01T00:31:41Z</time>
        <extensions>
          <gpxtpx:TrackPointExtension>
            <gpxtpx:hr>141</gpxtpx:hr>
          </gpxtpx:TrackPointExtension>
        </extensions>
      </trkpt>
      <trkpt lat="22.751208634888286" lon="113.7330581570166">
        <ele>6.322299583815038</ele>
        <time>1970-01-01T00:31:42Z</time>
        <extensions>
          <gpxtpx:TrackPointExtension>
            <gpxtpx:hr>141</gpxtpx:hr>
          </gpxtpx:TrackPointExtension>
        </extensions>
      </trkpt>
      <trkpt lat="22.751189003583878" lon="113.73304205808601">
        <ele>6.3003550404682755</ele>
        <time>1970-01-01T00:31:43Z</time>
        <extensions>
          <gpxtpx:TrackPointExtension>
            <gpxtpx:hr>142</gpxtpx:hr>
          </gpxtpx:TrackPointExtension>
        </extensions>
      </trkpt>
      <trkpt lat="22.751169963771325" lon="113.73302650061972">
        <ele>6.270182939246297</ele>
        <time>1970-01-01T00:31:44Z</time>
        <extensions>
          <gpxtpx:TrackPointExtension>
            <gpxtpx:hr>142</gpxtpx:hr>
          </gpxtpx:TrackPointExtension>
        </extensions>
      </trkpt>
      <trkpt lat="22.751151202570345" lon="113.73301151420124">
        <ele>6.246374728158116</ele>
        <time>1970-01-01T00:31:45Z</time>
        <extensions>
          <gpxtpx:TrackPointExtension>
            <gpxtpx:hr>142</gpxtpx:hr>
          </gpxtpx:TrackPointExtension>
        </extensions>
      </trkpt>
      <trkpt lat="22.75113228320574" lon="113.73299652327316">
        <ele>6.197156115435064</ele>
        <time>1970-01-01T00:31:46Z</time>
        <extensions>
          <gpxtpx:TrackPointExtension>
            <gpxtpx:hr>142</gpxtpx:hr>
          </gpxtpx:TrackPointExtension>
        </extensions>
      </trkpt>
      <trkpt lat="22.751113177942454" lon="113.73298193097116">
        <ele>6.158471364527941</ele>
        <time>1970-01-01T00:31:47Z</time>
        <extensions>
          <gpxtpx:TrackPointExtension>
            <gpxtpx:hr>142</gpxtpx:hr>
          </gpxtpx:TrackPointExtension>
        </extensions>
      </trkpt>
      <trkpt lat="22.75109404716714" lon="113.73296777283687">
        <ele>6.134555937722325</ele>
        <time>1970-01-01T00:31:48Z</time>
        <extensions>
          <gpxtpx:TrackPointExtension>
            <gpxtpx:hr>142</gpxtpx:hr>
          </gpxtpx:TrackPointExtension>
        </extensions>
      </trkpt>
      <trkpt lat="22.751075256197176" lon="113.73295368235925">
        <ele>6.125384249724448</ele>
        <time>1970-01-01T00:31:49Z</time>
        <extensions>
          <gpxtpx:TrackPointExtension>
            <gpxtpx:hr>142</gpxtpx:hr>
          </gpxtpx:TrackPointExtension>
        </extensions>
      </trkpt>
      <trkpt lat="22.75105681949312" lon="113.73293995050777">
        <ele>6.139436024241149</ele>
        <time>1970-01-01T00:31:50Z</time>
        <extensions>
          <gpxtpx:TrackPointExtension>
            <gpxtpx:hr>142</gpxtpx:hr>
          </gpxtpx:TrackPointExtension>
        </extensions>
      </trkpt>
      <trkpt lat="22.751038258194633" lon="113.73292667677454">
        <ele>6.176280004903674</ele>
        <time>1970-01-01T00:31:51Z</time>
        <extensions>
          <gpxtpx:TrackPointExtension>
            <gpxtpx:hr>142</gpxtpx:hr>
          </gpxtpx:TrackPointExtension>
        </extensions>
      </trkpt>
      <trkpt lat="22.751019070653847" lon="113.73291339026922">
        <ele>6.219841712154448</ele>
        <time>1970-01-01T00:31:52Z</time>
        <extensions>
          <gpxtpx:TrackPointExtension>
            <gpxtpx:hr>142</gpxtpx:hr>
          </gpxtpx:TrackPointExtension>
        </extensions>
      </trkpt>
      <trkpt lat="22.750999483556534" lon="113.73289982696933">
        <ele>6.271368524990976</ele>
        <time>1970-01-01T00:31:53Z</time>
        <extensions>
          <gpxtpx:TrackPointExtension>
            <gpxtpx:hr>142</gpxtpx:hr>
          </gpxtpx:TrackPointExtension>
        </extensions>
      </trkpt>
      <trkpt lat="22.750980338653505" lon="113.73288621624567">
        <ele>6.324393028393388</ele>
        <time>1970-01-01T00:31:54Z</time>
        <extensions>
          <gpxtpx:TrackPointExtension>
            <gpxtpx:hr>142</gpxtpx:hr>
          </gpxtpx:TrackPointExtension>
        </extensions>
      </trkpt>
      <trkpt lat="22.750961786086414" lon="113.73287262064777">
        <ele>6.384403691627085</ele>
        <time>1970-01-01T00:31:55Z</time>
        <extensions>
          <gpxtpx:TrackPointExtension>
            <gpxtpx:hr>142</gpxtpx:hr>
          </gpxtpx:TrackPointExtension>
        </extensions>
      </trkpt>
      <trkpt lat="22.750943191819722" lon="113.73285907147341">
        <ele>6.448132588528097</ele>
        <time>1970-01-01T00:31:56Z</time>
        <extensions>
          <gpxtpx:TrackPointExtension>
            <gpxtpx:hr>142</gpxtpx:hr>
          </gpxtpx:TrackPointExtension>
        </extensions>
      </trkpt>
      <trkpt lat="22.750924107084874" lon="113.73284543093013">
        <ele>6.531809237785637</ele>
        <time>1970-01-01T00:31:57Z</time>
        <extensions>
          <gpxtpx:TrackPointExtension>
            <gpxtpx:hr>142</gpxtpx:hr>
          </gpxtpx:TrackPointExtension>
        </extensions>
      </trkpt>
      <trkpt lat="22.750905178179785" lon="113.73283168552868">
        <ele>6.6248293267562985</ele>
        <time>1970-01-01T00:31:58Z</time>
        <extensions>
          <gpxtpx:TrackPointExtension>
            <gpxtpx:hr>142</gpxtpx:hr>
          </gpxtpx:TrackPointExtension>
        </extensions>
      </trkpt>
      <trkpt lat="22.750886854865804" lon="113.73281782388649">
        <ele>6.728247907944024</ele>
        <time>1970-01-01T00:31:59Z</time>
        <extensions>
          <gpxtpx:TrackPointExtension>
            <gpxtpx:hr>142</gpxtpx:hr>
          </gpxtpx:TrackPointExtension>
        </extensions>
      </trkpt>
      <trkpt lat="22.750868916901084" lon="113.73280392022119">
        <ele>6.828664411790669</ele>
        <time>1970-01-01T00:32:00Z</time>
        <extensions>
          <gpxtpx:TrackPointExtension>
            <gpxtpx:hr>142</gpxtpx:hr>
          </gpxtpx:TrackPointExtension>
        </extensions>
      </trkpt>
      <trkpt lat="22.75085103512162" lon="113.73278999750157">
        <ele>6.92341997846961</ele>
        <time>1970-01-01T00:32:01Z</time>
        <extensions>
          <gpxtpx:TrackPointExtension>
            <gpxtpx:hr>142</gpxtpx:hr>
          </gpxtpx:TrackPointExtension>
        </extensions>
      </trkpt>
      <trkpt lat="22.750832918698478" lon="113.73277588523229">
        <ele>7.0176094165071845</ele>
        <time>1970-01-01T00:32:02Z</time>
        <extensions>
          <gpxtpx:TrackPointExtension>
            <gpxtpx:hr>142</gpxtpx:hr>
          </gpxtpx:TrackPointExtension>
        </extensions>
      </trkpt>
      <trkpt lat="22.750814499807216" lon="113.73276142577905">
        <ele>7.096567967906594</ele>
        <time>1970-01-01T00:32:03Z</time>
        <extensions>
          <gpxtpx:TrackPointExtension>
            <gpxtpx:hr>142</gpxtpx:hr>
          </gpxtpx:TrackPointExtension>
        </extensions>
      </trkpt>
      <trkpt lat="22.75079600954613" lon="113.73274670629192">
        <ele>7.16797293536365</ele>
        <time>1970-01-01T00:32:04Z</time>
        <extensions>
          <gpxtpx:TrackPointExtension>
            <gpxtpx:hr>142</gpxtpx:hr>
          </gpxtpx:TrackPointExtension>
        </extensions>
      </trkpt>
      <trkpt lat="22.7507774740948" lon="113.73273199875516">
        <ele>7.228198578581214</ele>
        <time>1970-01-01T00:32:05Z</time>
        <extensions>
          <gpxtpx:TrackPointExtension>
            <gpxtpx:hr>142</gpxtpx:hr>
          </gpxtpx:TrackPointExtension>
        </extensions>
      </trkpt>
      <trkpt lat="22.750759124508843" lon="113.73271781767366">
        <ele>7.286810902878642</ele>
        <time>1970-01-01T00:32:06Z</time>
        <extensions>
          <gpxtpx:TrackPointExtension>
            <gpxtpx:hr>142</gpxtpx:hr>
          </gpxtpx:TrackPointExtension>
        </extensions>
      </trkpt>
      <trkpt lat="22.75074103749064" lon="113.73270397418536">
        <ele>7.33772835880518</ele>
        <time>1970-01-01T00:32:07Z</time>
        <extensions>
          <gpxtpx:TrackPointExtension>
            <gpxtpx:hr>142</gpxtpx:hr>
          </gpxtpx:TrackPointExtension>
        </extensions>
      </trkpt>
      <trkpt lat="22.750722496124453" lon="113.7326895232245">
        <ele>7.384005269035697</ele>
        <time>1970-01-01T00:32:08Z</time>
        <extensions>
          <gpxtpx:TrackPointExtension>
            <gpxtpx:hr>142</gpxtpx:hr>
          </gpxtpx:TrackPointExtension>
        </extensions>
      </trkpt>
      <trkpt lat="22.75070263021026" lon="113.73267393129558">
        <ele>7.431114554405212</ele>
        <time>1970-01-01T00:32:09Z</time>
        <extensions>
          <gpxtpx:TrackPointExtension>
            <gpxtpx:hr>142</gpxtpx:hr>
          </gpxtpx:TrackPointExtension>
        </extensions>
      </trkpt>
      <trkpt lat="22.750682217051963" lon="113.73265804792659">
        <ele>7.478181047365069</ele>
        <time>1970-01-01T00:32:10Z</time>
        <extensions>
          <gpxtpx:TrackPointExtension>
            <gpxtpx:hr>142</gpxtpx:hr>
          </gpxtpx:TrackPointExtension>
        </extensions>
      </trkpt>
      <trkpt lat="22.750662618871377" lon="113.7326430169807">
        <ele>7.529470212757587</ele>
        <time>1970-01-01T00:32:11Z</time>
        <extensions>
          <gpxtpx:TrackPointExtension>
            <gpxtpx:hr>142</gpxtpx:hr>
          </gpxtpx:TrackPointExtension>
        </extensions>
      </trkpt>
      <trkpt lat="22.75064426542289" lon="113.73262886625297">
        <ele>7.577868721447885</ele>
        <time>1970-01-01T00:32:12Z</time>
        <extensions>
          <gpxtpx:TrackPointExtension>
            <gpxtpx:hr>141</gpxtpx:hr>
          </gpxtpx:TrackPointExtension>
        </extensions>
      </trkpt>
      <trkpt lat="22.750626328301326" lon="113.73261467450884">
        <ele>7.6222196808084846</ele>
        <time>1970-01-01T00:32:13Z</time>
        <extensions>
          <gpxtpx:TrackPointExtension>
            <gpxtpx:hr>141</gpxtpx:hr>
          </gpxtpx:TrackPointExtension>
        </extensions>
      </trkpt>
      <trkpt lat="22.750608147288585" lon="113.7325999490227">
        <ele>7.667916176840663</ele>
        <time>1970-01-01T00:32:14Z</time>
        <extensions>
          <gpxtpx:TrackPointExtension>
            <gpxtpx:hr>141</gpxtpx:hr>
          </gpxtpx:TrackPointExtension>
        </extensions>
      </trkpt>
      <trkpt lat="22.750589630379864" lon="113.732585155759">
        <ele>7.70514777675271</ele>
        <time>1970-01-01T00:32:15Z</time>
        <extensions>
          <gpxtpx:TrackPointExtension>
            <gpxtpx:hr>141</gpxtpx:hr>
          </gpxtpx:TrackPointExtension>
        </extensions>
      </trkpt>
      <trkpt lat="22.75057088016776" lon="113.73257089179953">
        <ele>7.728706267662346</ele>
        <time>1970-01-01T00:32:16Z</time>
        <extensions>
          <gpxtpx:TrackPointExtension>
            <gpxtpx:hr>141</gpxtpx:hr>
          </gpxtpx:TrackPointExtension>
        </extensions>
      </trkpt>
      <trkpt lat="22.75055184820046" lon="113.73255679122866">
        <ele>7.743657135404646</ele>
        <time>1970-01-01T00:32:17Z</time>
        <extensions>
          <gpxtpx:TrackPointExtension>
            <gpxtpx:hr>141</gpxtpx:hr>
          </gpxtpx:TrackPointExtension>
        </extensions>
      </trkpt>
      <trkpt lat="22.75053242002803" lon="113.73254205909393">
        <ele>7.738887840881944</ele>
        <time>1970-01-01T00:32:18Z</time>
        <extensions>
          <gpxtpx:TrackPointExtension>
            <gpxtpx:hr>141</gpxtpx:hr>
          </gpxtpx:TrackPointExtension>
        </extensions>
      </trkpt>
      <trkpt lat="22.750512529796936" lon="113.73252660911629">
        <ele>7.716140360571444</ele>
        <time>1970-01-01T00:32:19Z</time>
        <extensions>
          <gpxtpx:TrackPointExtension>
            <gpxtpx:hr>141</gpxtpx:hr>
          </gpxtpx:TrackPointExtension>
        </extensions>
      </trkpt>
      <trkpt lat="22.75049234802246" lon="113.7325114139945">
        <ele>7.665256096050143</ele>
        <time>1970-01-01T00:32:20Z</time>
        <extensions>
          <gpxtpx:TrackPointExtension>
            <gpxtpx:hr>141</gpxtpx:hr>
          </gpxtpx:TrackPointExtension>
        </extensions>
      </trkpt>
      <trkpt lat="22.750472596650713" lon="113.73249696019873">
        <ele>7.591484593227506</ele>
        <time>1970-01-01T00:32:21Z</time>
        <extensions>
          <gpxtpx:TrackPointExtension>
            <gpxtpx:hr>141</gpxtpx:hr>
          </gpxtpx:TrackPointExtension>
        </extensions>
      </trkpt>
      <trkpt lat="22.750453748197398" lon="113.73248273427693">
        <ele>7.4929516818374395</ele>
        <time>1970-01-01T00:32:22Z</time>
        <extensions>
          <gpxtpx:TrackPointExtension>
            <gpxtpx:hr>140</gpxtpx:hr>
          </gpxtpx:TrackPointExtension>
        </extensions>
      </trkpt>
      <trkpt lat="22.75043528107472" lon="113.73246850108428">
        <ele>7.377334530465305</ele>
        <time>1970-01-01T00:32:23Z</time>
        <extensions>
          <gpxtpx:TrackPointExtension>
            <gpxtpx:hr>140</gpxtpx:hr>
          </gpxtpx:TrackPointExtension>
        </extensions>
      </trkpt>
      <trkpt lat="22.750416082517297" lon="113.73245444959264">
        <ele>7.248481613583863</ele>
        <time>1970-01-01T00:32:24Z</time>
        <extensions>
          <gpxtpx:TrackPointExtension>
            <gpxtpx:hr>140</gpxtpx:hr>
          </gpxtpx:TrackPointExtension>
        </extensions>
      </trkpt>
      <trkpt lat="22.750395840680603" lon="113.73244139782093">
        <ele>7.1069570779800415</ele>
        <time>1970-01-01T00:32:25Z</time>
        <extensions>
          <gpxtpx:TrackPointExtension>
            <gpxtpx:hr>140</gpxtpx:hr>
          </gpxtpx:TrackPointExtension>
        </extensions>
      </trkpt>
      <trkpt lat="22.750374714950947" lon="113.7324304859637">
        <ele>6.961477194912732</ele>
        <time>1970-01-01T00:32:26Z</time>
        <extensions>
          <gpxtpx:TrackPointExtension>
            <gpxtpx:hr>140</gpxtpx:hr>
          </gpxtpx:TrackPointExtension>
        </extensions>
      </trkpt>
      <trkpt lat="22.750353213383722" lon="113.73242296189441">
        <ele>6.820915528573096</ele>
        <time>1970-01-01T00:32:27Z</time>
        <extensions>
          <gpxtpx:TrackPointExtension>
            <gpxtpx:hr>140</gpxtpx:hr>
          </gpxtpx:TrackPointExtension>
        </extensions>
      </trkpt>
      <trkpt lat="22.750332126061892" lon="113.7324198080772">
        <ele>6.684417264536023</ele>
        <time>1970-01-01T00:32:28Z</time>
        <extensions>
          <gpxtpx:TrackPointExtension>
            <gpxtpx:hr>140</gpxtpx:hr>
          </gpxtpx:TrackPointExtension>
        </extensions>
      </trkpt>
      <trkpt lat="22.750311857079705" lon="113.73242164644496">
        <ele>6.555220148526132</ele>
        <time>1970-01-01T00:32:29Z</time>
        <extensions>
          <gpxtpx:TrackPointExtension>
            <gpxtpx:hr>140</gpxtpx:hr>
          </gpxtpx:TrackPointExtension>
        </extensions>
      </trkpt>
      <trkpt lat="22.750292723826046" lon="113.73242912110729">
        <ele>6.4362202901393175</ele>
        <time>1970-01-01T00:32:30Z</time>
        <extensions>
          <gpxtpx:TrackPointExtension>
            <gpxtpx:hr>140</gpxtpx:hr>
          </gpxtpx:TrackPointExtension>
        </extensions>
      </trkpt>
      <trkpt lat="22.75027561766974" lon="113.73244218432485">
        <ele>6.329965390264988</ele>
        <time>1970-01-01T00:32:31Z</time>
        <extensions>
          <gpxtpx:TrackPointExtension>
            <gpxtpx:hr>140</gpxtpx:hr>
          </gpxtpx:TrackPointExtension>
        </extensions>
      </trkpt>
      <trkpt lat="22.75026191166422" lon="113.73245950304164">
        <ele>6.241731494665146</ele>
        <time>1970-01-01T00:32:32Z</time>
        <extensions>
          <gpxtpx:TrackPointExtension>
            <gpxtpx:hr>140</gpxtpx:hr>
          </gpxtpx:TrackPointExtension>
        </extensions>
      </trkpt>
      <trkpt lat="22.750252484437574" lon="113.73247977031757">
        <ele>6.175178118981421</ele>
        <time>1970-01-01T00:32:33Z</time>
        <extensions>
          <gpxtpx:TrackPointExtension>
            <gpxtpx:hr>140</gpxtpx:hr>
          </gpxtpx:TrackPointExtension>
        </extensions>
      </trkpt>
      <trkpt lat="22.75024836604725" lon="113.73250163181856">
        <ele>6.1266738679260015</ele>
        <time>1970-01-01T00:32:34Z</time>
        <extensions>
          <gpxtpx:TrackPointExtension>
            <gpxtpx:hr>140</gpxtpx:hr>
          </gpxtpx:TrackPointExtension>
        </extensions>
      </trkpt>
      <trkpt lat="22.750250301416568" lon="113.73252455069496">
        <ele>6.099255536682904</ele>
        <time>1970-01-01T00:32:35Z</time>
        <extensions>
          <gpxtpx:TrackPointExtension>
            <gpxtpx:hr>140</gpxtpx:hr>
          </gpxtpx:TrackPointExtension>
        </extensions>
      </trkpt>
      <trkpt lat="22.75025689946054" lon="113.7325480292271">
        <ele>6.092209791764617</ele>
        <time>1970-01-01T00:32:36Z</time>
        <extensions>
          <gpxtpx:TrackPointExtension>
            <gpxtpx:hr>140</gpxtpx:hr>
          </gpxtpx:TrackPointExtension>
        </extensions>
      </trkpt>
      <trkpt lat="22.750266043291212" lon="113.73257130156297">
        <ele>6.103201782330871</ele>
        <time>1970-01-01T00:32:37Z</time>
        <extensions>
          <gpxtpx:TrackPointExtension>
            <gpxtpx:hr>140</gpxtpx:hr>
          </gpxtpx:TrackPointExtension>
        </extensions>
      </trkpt>
      <trkpt lat="22.75027593094061" lon="113.73259323019346">
        <ele>6.129134442657232</ele>
        <time>1970-01-01T00:32:38Z</time>
        <extensions>
          <gpxtpx:TrackPointExtension>
            <gpxtpx:hr>140</gpxtpx:hr>
          </gpxtpx:TrackPointExtension>
        </extensions>
      </trkpt>
      <trkpt lat="22.75028570458279" lon="113.732614203778">
        <ele>6.1675586914643645</ele>
        <time>1970-01-01T00:32:39Z</time>
        <extensions>
          <gpxtpx:TrackPointExtension>
            <gpxtpx:hr>141</gpxtpx:hr>
          </gpxtpx:TrackPointExtension>
        </extensions>
      </trkpt>
      <trkpt lat="22.75029426835301" lon="113.73263532889075">
        <ele>6.220784535631537</ele>
        <time>1970-01-01T00:32:40Z</time>
        <extensions>
          <gpxtpx:TrackPointExtension>
            <gpxtpx:hr>141</gpxtpx:hr>
          </gpxtpx:TrackPointExtension>
        </extensions>
      </trkpt>
      <trkpt lat="22.750301092710703" lon="113.73265678572292">
        <ele>6.284404860809445</ele>
        <time>1970-01-01T00:32:41Z</time>
        <extensions>
          <gpxtpx:TrackPointExtension>
            <gpxtpx:hr>141</gpxtpx:hr>
          </gpxtpx:TrackPointExtension>
        </extensions>
      </trkpt>
      <trkpt lat="22.750307254800976" lon="113.7326783607656">
        <ele>6.355714658275247</ele>
        <time>1970-01-01T00:32:42Z</time>
        <extensions>
          <gpxtpx:TrackPointExtension>
            <gpxtpx:hr>141</gpxtpx:hr>
          </gpxtpx:TrackPointExtension>
        </extensions>
      </trkpt>
      <trkpt lat="22.750314192724186" lon="113.7326999248443">
        <ele>6.4371299324557185</ele>
        <time>1970-01-01T00:32:43Z</time>
        <extensions>
          <gpxtpx:TrackPointExtension>
            <gpxtpx:hr>140</gpxtpx:hr>
          </gpxtpx:TrackPointExtension>
        </extensions>
      </trkpt>
      <trkpt lat="22.750322332883602" lon="113.73272173488877">
        <ele>6.524063121527433</ele>
        <time>1970-01-01T00:32:44Z</time>
        <extensions>
          <gpxtpx:TrackPointExtension>
            <gpxtpx:hr>140</gpxtpx:hr>
          </gpxtpx:TrackPointExtension>
        </extensions>
      </trkpt>
      <trkpt lat="22.75033089206979" lon="113.73274405234721">
        <ele>6.614211527630687</ele>
        <time>1970-01-01T00:32:45Z</time>
        <extensions>
          <gpxtpx:TrackPointExtension>
            <gpxtpx:hr>140</gpxtpx:hr>
          </gpxtpx:TrackPointExtension>
        </extensions>
      </trkpt>
      <trkpt lat="22.7503389978638" lon="113.73276706898054">
        <ele>6.707220179960132</ele>
        <time>1970-01-01T00:32:46Z</time>
        <extensions>
          <gpxtpx:TrackPointExtension>
            <gpxtpx:hr>140</gpxtpx:hr>
          </gpxtpx:TrackPointExtension>
        </extensions>
      </trkpt>
      <trkpt lat="22.75034672636636" lon="113.73279074626416">
        <ele>6.801216979511082</ele>
        <time>1970-01-01T00:32:47Z</time>
        <extensions>
          <gpxtpx:TrackPointExtension>
            <gpxtpx:hr>140</gpxtpx:hr>
          </gpxtpx:TrackPointExtension>
        </extensions>
      </trkpt>
      <trkpt lat="22.750354908034385" lon="113.73281471770697">
        <ele>6.889792872592807</ele>
        <time>1970-01-01T00:32:48Z</time>
        <extensions>
          <gpxtpx:TrackPointExtension>
            <gpxtpx:hr>140</gpxtpx:hr>
          </gpxtpx:TrackPointExtension>
        </extensions>
      </trkpt>
      <trkpt lat="22.750363448602787" lon="113.7328384503092">
        <ele>6.96539450623095</ele>
        <time>1970-01-01T00:32:49Z</time>
        <extensions>
          <gpxtpx:TrackPointExtension>
            <gpxtpx:hr>140</gpxtpx:hr>
          </gpxtpx:TrackPointExtension>
        </extensions>
      </trkpt>
      <trkpt lat="22.750371796309874" lon="113.73286179570447">
        <ele>7.026258650235832</ele>
        <time>1970-01-01T00:32:50Z</time>
        <extensions>
          <gpxtpx:TrackPointExtension>
            <gpxtpx:hr>140</gpxtpx:hr>
          </gpxtpx:TrackPointExtension>
        </extensions>
      </trkpt>
      <trkpt lat="22.750379376003043" lon="113.73288494431384">
        <ele>7.069880808703601</ele>
        <time>1970-01-01T00:32:51Z</time>
        <extensions>
          <gpxtpx:TrackPointExtension>
            <gpxtpx:hr>140</gpxtpx:hr>
          </gpxtpx:TrackPointExtension>
        </extensions>
      </trkpt>
      <trkpt lat="22.750386455646595" lon="113.73290877755959">
        <ele>7.090149907395244</ele>
        <time>1970-01-01T00:32:52Z</time>
        <extensions>
          <gpxtpx:TrackPointExtension>
            <gpxtpx:hr>139</gpxtpx:hr>
          </gpxtpx:TrackPointExtension>
        </extensions>
      </trkpt>
      <trkpt lat="22.750393244050333" lon="113.73293342933758">
        <ele>7.085477128624916</ele>
        <time>1970-01-01T00:32:53Z</time>
        <extensions>
          <gpxtpx:TrackPointExtension>
            <gpxtpx:hr>139</gpxtpx:hr>
          </gpxtpx:TrackPointExtension>
        </extensions>
      </trkpt>
      <trkpt lat="22.750399639923714" lon="113.73295845449924">
        <ele>7.061021455563605</ele>
        <time>1970-01-01T00:32:54Z</time>
        <extensions>
          <gpxtpx:TrackPointExtension>
            <gpxtpx:hr>139</gpxtpx:hr>
          </gpxtpx:TrackPointExtension>
        </extensions>
      </trkpt>
      <trkpt lat="22.75040565564263" lon="113.7329837195917">
        <ele>7.019797658547759</ele>
        <time>1970-01-01T00:32:55Z</time>
        <extensions>
          <gpxtpx:TrackPointExtension>
            <gpxtpx:hr>139</gpxtpx:hr>
          </gpxtpx:TrackPointExtension>
        </extensions>
      </trkpt>
      <trkpt lat="22.75041130798098" lon="113.73300893627211">
        <ele>6.962967944331467</ele>
        <time>1970-01-01T00:32:56Z</time>
        <extensions>
          <gpxtpx:TrackPointExtension>
            <gpxtpx:hr>139</gpxtpx:hr>
          </gpxtpx:TrackPointExtension>
        </extensions>
      </trkpt>
      <trkpt lat="22.75041678339464" lon="113.73303386541808">
        <ele>6.889075309038162</ele>
        <time>1970-01-01T00:32:57Z</time>
        <extensions>
          <gpxtpx:TrackPointExtension>
            <gpxtpx:hr>139</gpxtpx:hr>
          </gpxtpx:TrackPointExtension>
        </extensions>
      </trkpt>
      <trkpt lat="22.750422311312924" lon="113.73305872233368">
        <ele>6.802661104127765</ele>
        <time>1970-01-01T00:32:58Z</time>
        <extensions>
          <gpxtpx:TrackPointExtension>
            <gpxtpx:hr>139</gpxtpx:hr>
          </gpxtpx:TrackPointExtension>
        </extensions>
      </trkpt>
      <trkpt lat="22.750428364782884" lon="113.7330834418743">
        <ele>6.708366625010967</ele>
        <time>1970-01-01T00:32:59Z</time>
        <extensions>
          <gpxtpx:TrackPointExtension>
            <gpxtpx:hr>139</gpxtpx:hr>
          </gpxtpx:TrackPointExtension>
        </extensions>
      </trkpt>
      <trkpt lat="22.75043503326426" lon="113.73310795312013">
        <ele>6.607520893216133</ele>
        <time>1970-01-01T00:33:00Z</time>
        <extensions>
          <gpxtpx:TrackPointExtension>
            <gpxtpx:hr>139</gpxtpx:hr>
          </gpxtpx:TrackPointExtension>
        </extensions>
      </trkpt>
      <trkpt lat="22.7504418817644" lon="113.7331322755369">
        <ele>6.500442732125521</ele>
        <time>1970-01-01T00:33:01Z</time>
        <extensions>
          <gpxtpx:TrackPointExtension>
            <gpxtpx:hr>139</gpxtpx:hr>
          </gpxtpx:TrackPointExtension>
        </extensions>
      </trkpt>
      <trkpt lat="22.75044872555466" lon="113.73315593048483">
        <ele>6.387573146261275</ele>
        <time>1970-01-01T00:33:02Z</time>
        <extensions>
          <gpxtpx:TrackPointExtension>
            <gpxtpx:hr>141</gpxtpx:hr>
          </gpxtpx:TrackPointExtension>
        </extensions>
      </trkpt>
      <trkpt lat="22.750455675274385" lon="113.73317853085194">
        <ele>6.271735766902566</ele>
        <time>1970-01-01T00:33:03Z</time>
        <extensions>
          <gpxtpx:TrackPointExtension>
            <gpxtpx:hr>141</gpxtpx:hr>
          </gpxtpx:TrackPointExtension>
        </extensions>
      </trkpt>
      <trkpt lat="22.750462675987446" lon="113.73320086962731">
        <ele>6.156852603890002</ele>
        <time>1970-01-01T00:33:04Z</time>
        <extensions>
          <gpxtpx:TrackPointExtension>
            <gpxtpx:hr>141</gpxtpx:hr>
          </gpxtpx:TrackPointExtension>
        </extensions>
      </trkpt>
      <trkpt lat="22.75046970769493" lon="113.73322422222385">
        <ele>6.041578848846257</ele>
        <time>1970-01-01T00:33:05Z</time>
        <extensions>
          <gpxtpx:TrackPointExtension>
            <gpxtpx:hr>141</gpxtpx:hr>
          </gpxtpx:TrackPointExtension>
        </extensions>
      </trkpt>
      <trkpt lat="22.7504762851329" lon="113.73324865962796">
        <ele>5.930493864230812</ele>
        <time>1970-01-01T00:33:06Z</time>
        <extensions>
          <gpxtpx:TrackPointExtension>
            <gpxtpx:hr>141</gpxtpx:hr>
          </gpxtpx:TrackPointExtension>
        </extensions>
      </trkpt>
      <trkpt lat="22.75048200295502" lon="113.73327342844796">
        <ele>5.82944736815989</ele>
        <time>1970-01-01T00:33:07Z</time>
        <extensions>
          <gpxtpx:TrackPointExtension>
            <gpxtpx:hr>141</gpxtpx:hr>
          </gpxtpx:TrackPointExtension>
        </extensions>
      </trkpt>
      <trkpt lat="22.750487549805847" lon="113.73329829394842">
        <ele>5.744401301257312</ele>
        <time>1970-01-01T00:33:08Z</time>
        <extensions>
          <gpxtpx:TrackPointExtension>
            <gpxtpx:hr>143</gpxtpx:hr>
          </gpxtpx:TrackPointExtension>
        </extensions>
      </trkpt>
      <trkpt lat="22.750493685279" lon="113.733322992951">
        <ele>5.676139233633876</ele>
        <time>1970-01-01T00:33:09Z</time>
        <extensions>
          <gpxtpx:TrackPointExtension>
            <gpxtpx:hr>143</gpxtpx:hr>
          </gpxtpx:TrackPointExtension>
        </extensions>
      </trkpt>
      <trkpt lat="22.75050076473299" lon="113.73334739164132">
        <ele>5.626776105724275</ele>
        <time>1970-01-01T00:33:10Z</time>
        <extensions>
          <gpxtpx:TrackPointExtension>
            <gpxtpx:hr>143</gpxtpx:hr>
          </gpxtpx:TrackPointExtension>
        </extensions>
      </trkpt>
      <trkpt lat="22.75050806463678" lon="113.73337140948453">
        <ele>5.595306537114084</ele>
        <time>1970-01-01T00:33:11Z</time>
        <extensions>
          <gpxtpx:TrackPointExtension>
            <gpxtpx:hr>143</gpxtpx:hr>
          </gpxtpx:TrackPointExtension>
        </extensions>
      </trkpt>
      <trkpt lat="22.750514777948453" lon="113.73339540435894">
        <ele>5.580278250388801</ele>
        <time>1970-01-01T00:33:12Z</time>
        <extensions>
          <gpxtpx:TrackPointExtension>
            <gpxtpx:hr>143</gpxtpx:hr>
          </gpxtpx:TrackPointExtension>
        </extensions>
      </trkpt>
      <trkpt lat="22.75052071786797" lon="113.73341926685752">
        <ele>5.576629552058876</ele>
        <time>1970-01-01T00:33:13Z</time>
        <extensions>
          <gpxtpx:TrackPointExtension>
            <gpxtpx:hr>143</gpxtpx:hr>
          </gpxtpx:TrackPointExtension>
        </extensions>
      </trkpt>
      <trkpt lat="22.750526387549343" lon="113.7334425441701">
        <ele>5.580112210474908</ele>
        <time>1970-01-01T00:33:14Z</time>
        <extensions>
          <gpxtpx:TrackPointExtension>
            <gpxtpx:hr>143</gpxtpx:hr>
          </gpxtpx:TrackPointExtension>
        </extensions>
      </trkpt>
      <trkpt lat="22.750532455084702" lon="113.73346571954332">
        <ele>5.5858437698334455</ele>
        <time>1970-01-01T00:33:15Z</time>
        <extensions>
          <gpxtpx:TrackPointExtension>
            <gpxtpx:hr>143</gpxtpx:hr>
          </gpxtpx:TrackPointExtension>
        </extensions>
      </trkpt>
      <trkpt lat="22.750539154001423" lon="113.73348970701166">
        <ele>5.5939532946795225</ele>
        <time>1970-01-01T00:33:16Z</time>
        <extensions>
          <gpxtpx:TrackPointExtension>
            <gpxtpx:hr>143</gpxtpx:hr>
          </gpxtpx:TrackPointExtension>
        </extensions>
      </trkpt>
      <trkpt lat="22.750546207279253" lon="113.73351416413753">
        <ele>5.602955046109855</ele>
        <time>1970-01-01T00:33:17Z</time>
        <extensions>
          <gpxtpx:TrackPointExtension>
            <gpxtpx:hr>143</gpxtpx:hr>
          </gpxtpx:TrackPointExtension>
        </extensions>
      </trkpt>
      <trkpt lat="22.75055325755274" lon="113.73353822384885">
        <ele>5.615213633514941</ele>
        <time>1970-01-01T00:33:18Z</time>
        <extensions>
          <gpxtpx:TrackPointExtension>
            <gpxtpx:hr>142</gpxtpx:hr>
          </gpxtpx:TrackPointExtension>
        </extensions>
      </trkpt>
      <trkpt lat="22.750560303578567" lon="113.7335616896135">
        <ele>5.626773534342647</ele>
        <time>1970-01-01T00:33:19Z</time>
        <extensions>
          <gpxtpx:TrackPointExtension>
            <gpxtpx:hr>142</gpxtpx:hr>
          </gpxtpx:TrackPointExtension>
        </extensions>
      </trkpt>
      <trkpt lat="22.75056790039421" lon="113.73358509965526">
        <ele>5.631631509400904</ele>
        <time>1970-01-01T00:33:20Z</time>
        <extensions>
          <gpxtpx:TrackPointExtension>
            <gpxtpx:hr>142</gpxtpx:hr>
          </gpxtpx:TrackPointExtension>
        </extensions>
      </trkpt>
      <trkpt lat="22.75057613657069" lon="113.73360875043795">
        <ele>5.6292548486962914</ele>
        <time>1970-01-01T00:33:21Z</time>
        <extensions>
          <gpxtpx:TrackPointExtension>
            <gpxtpx:hr>142</gpxtpx:hr>
          </gpxtpx:TrackPointExtension>
        </extensions>
      </trkpt>
      <trkpt lat="22.75058469555296" lon="113.73363196173379">
        <ele>5.615847376175225</ele>
        <time>1970-01-01T00:33:22Z</time>
        <extensions>
          <gpxtpx:TrackPointExtension>
            <gpxtpx:hr>142</gpxtpx:hr>
          </gpxtpx:TrackPointExtension>
        </extensions>
      </trkpt>
      <trkpt lat="22.75059355234486" lon="113.7336545420289">
        <ele>5.588521064259112</ele>
        <time>1970-01-01T00:33:23Z</time>
        <extensions>
          <gpxtpx:TrackPointExtension>
            <gpxtpx:hr>142</gpxtpx:hr>
          </gpxtpx:TrackPointExtension>
        </extensions>
      </trkpt>
      <trkpt lat="22.750602471702624" lon="113.7336765946743">
        <ele>5.546799266710877</ele>
        <time>1970-01-01T00:33:24Z</time>
        <extensions>
          <gpxtpx:TrackPointExtension>
            <gpxtpx:hr>142</gpxtpx:hr>
          </gpxtpx:TrackPointExtension>
        </extensions>
      </trkpt>
      <trkpt lat="22.75061138192865" lon="113.73369813862958">
        <ele>5.490704586729407</ele>
        <time>1970-01-01T00:33:25Z</time>
        <extensions>
          <gpxtpx:TrackPointExtension>
            <gpxtpx:hr>142</gpxtpx:hr>
          </gpxtpx:TrackPointExtension>
        </extensions>
      </trkpt>
      <trkpt lat="22.75062031900909" lon="113.73371999856315">
        <ele>5.420039188116789</ele>
        <time>1970-01-01T00:33:26Z</time>
        <extensions>
          <gpxtpx:TrackPointExtension>
            <gpxtpx:hr>142</gpxtpx:hr>
          </gpxtpx:TrackPointExtension>
        </extensions>
      </trkpt>
      <trkpt lat="22.750629040582066" lon="113.733742658077">
        <ele>5.3391012800857425</ele>
        <time>1970-01-01T00:33:27Z</time>
        <extensions>
          <gpxtpx:TrackPointExtension>
            <gpxtpx:hr>142</gpxtpx:hr>
          </gpxtpx:TrackPointExtension>
        </extensions>
      </trkpt>
      <trkpt lat="22.750637456379522" lon="113.73376537646966">
        <ele>5.2556506004184484</ele>
        <time>1970-01-01T00:33:28Z</time>
        <extensions>
          <gpxtpx:TrackPointExtension>
            <gpxtpx:hr>142</gpxtpx:hr>
          </gpxtpx:TrackPointExtension>
        </extensions>
      </trkpt>
      <trkpt lat="22.750646353192007" lon="113.73378757619854">
        <ele>5.179533405229449</ele>
        <time>1970-01-01T00:33:29Z</time>
        <extensions>
          <gpxtpx:TrackPointExtension>
            <gpxtpx:hr>142</gpxtpx:hr>
          </gpxtpx:TrackPointExtension>
        </extensions>
      </trkpt>
      <trkpt lat="22.750656290411573" lon="113.73380934098974">
        <ele>5.123144581913948</ele>
        <time>1970-01-01T00:33:30Z</time>
        <extensions>
          <gpxtpx:TrackPointExtension>
            <gpxtpx:hr>142</gpxtpx:hr>
          </gpxtpx:TrackPointExtension>
        </extensions>
      </trkpt>
      <trkpt lat="22.7506674445518" lon="113.73383083888687">
        <ele>5.0985019858926535</ele>
        <time>1970-01-01T00:33:31Z</time>
        <extensions>
          <gpxtpx:TrackPointExtension>
            <gpxtpx:hr>142</gpxtpx:hr>
          </gpxtpx:TrackPointExtension>
        </extensions>
      </trkpt>
      <trkpt lat="22.750680003265604" lon="113.73385194325886">
        <ele>5.104342721402645</ele>
        <time>1970-01-01T00:33:32Z</time>
        <extensions>
          <gpxtpx:TrackPointExtension>
            <gpxtpx:hr>142</gpxtpx:hr>
          </gpxtpx:TrackPointExtension>
        </extensions>
      </trkpt>
      <trkpt lat="22.750693615350688" lon="113.73387264951928">
        <ele>5.138992173597217</ele>
        <time>1970-01-01T00:33:33Z</time>
        <extensions>
          <gpxtpx:TrackPointExtension>
            <gpxtpx:hr>141</gpxtpx:hr>
          </gpxtpx:TrackPointExtension>
        </extensions>
      </trkpt>
      <trkpt lat="22.75070743096349" lon="113.73389315591702">
        <ele>5.197858499363065</ele>
        <time>1970-01-01T00:33:34Z</time>
        <extensions>
          <gpxtpx:TrackPointExtension>
            <gpxtpx:hr>141</gpxtpx:hr>
          </gpxtpx:TrackPointExtension>
        </extensions>
      </trkpt>
      <trkpt lat="22.750721115511606" lon="113.73391341446253">
        <ele>5.269795305095613</ele>
        <time>1970-01-01T00:33:35Z</time>
        <extensions>
          <gpxtpx:TrackPointExtension>
            <gpxtpx:hr>141</gpxtpx:hr>
          </gpxtpx:TrackPointExtension>
        </extensions>
      </trkpt>
      <trkpt lat="22.750734756580886" lon="113.73393307520513">
        <ele>5.341613417491317</ele>
        <time>1970-01-01T00:33:36Z</time>
        <extensions>
          <gpxtpx:TrackPointExtension>
            <gpxtpx:hr>141</gpxtpx:hr>
          </gpxtpx:TrackPointExtension>
        </extensions>
      </trkpt>
      <trkpt lat="22.750748805000036" lon="113.7339520047639">
        <ele>5.400793310254812</ele>
        <time>1970-01-01T00:33:37Z</time>
        <extensions>
          <gpxtpx:TrackPointExtension>
            <gpxtpx:hr>141</gpxtpx:hr>
          </gpxtpx:TrackPointExtension>
        </extensions>
      </trkpt>
      <trkpt lat="22.750763659856176" lon="113.73397034248116">
        <ele>5.442837646231055</ele>
        <time>1970-01-01T00:33:38Z</time>
        <extensions>
          <gpxtpx:TrackPointExtension>
            <gpxtpx:hr>141</gpxtpx:hr>
          </gpxtpx:TrackPointExtension>
        </extensions>
      </trkpt>
      <trkpt lat="22.750779582490335" lon="113.73398871453288">
        <ele>5.465110642835498</ele>
        <time>1970-01-01T00:33:39Z</time>
        <extensions>
          <gpxtpx:TrackPointExtension>
            <gpxtpx:hr>141</gpxtpx:hr>
          </gpxtpx:TrackPointExtension>
        </extensions>
      </trkpt>
      <trkpt lat="22.75079597890125" lon="113.73400707175304">
        <ele>5.461421986110508</ele>
        <time>1970-01-01T00:33:40Z</time>
        <extensions>
          <gpxtpx:TrackPointExtension>
            <gpxtpx:hr>141</gpxtpx:hr>
          </gpxtpx:TrackPointExtension>
        </extensions>
      </trkpt>
      <trkpt lat="22.750812261410417" lon="113.73402467107348">
        <ele>5.426892150193453</ele>
        <time>1970-01-01T00:33:41Z</time>
        <extensions>
          <gpxtpx:TrackPointExtension>
            <gpxtpx:hr>141</gpxtpx:hr>
          </gpxtpx:TrackPointExtension>
        </extensions>
      </trkpt>
      <trkpt lat="22.75082838318295" lon="113.73404070938892">
        <ele>5.353043724782765</ele>
        <time>1970-01-01T00:33:42Z</time>
        <extensions>
          <gpxtpx:TrackPointExtension>
            <gpxtpx:hr>141</gpxtpx:hr>
          </gpxtpx:TrackPointExtension>
        </extensions>
      </trkpt>
      <trkpt lat="22.750844580149963" lon="113.73405557706704">
        <ele>5.240612621419132</ele>
        <time>1970-01-01T00:33:43Z</time>
        <extensions>
          <gpxtpx:TrackPointExtension>
            <gpxtpx:hr>141</gpxtpx:hr>
          </gpxtpx:TrackPointExtension>
        </extensions>
      </trkpt>
      <trkpt lat="22.75086081330595" lon="113.73407034703524">
        <ele>5.137564528733492</ele>
        <time>1970-01-01T00:33:44Z</time>
        <extensions>
          <gpxtpx:TrackPointExtension>
            <gpxtpx:hr>141</gpxtpx:hr>
          </gpxtpx:TrackPointExtension>
        </extensions>
      </trkpt>
      <trkpt lat="22.750877418275465" lon="113.73408541209248">
        <ele>5.016700442880392</ele>
        <time>1970-01-01T00:33:45Z</time>
        <extensions>
          <gpxtpx:TrackPointExtension>
            <gpxtpx:hr>141</gpxtpx:hr>
          </gpxtpx:TrackPointExtension>
        </extensions>
      </trkpt>
      <trkpt lat="22.750894205291203" lon="113.7341004761138">
        <ele>4.890653098933399</ele>
        <time>1970-01-01T00:33:46Z</time>
        <extensions>
          <gpxtpx:TrackPointExtension>
            <gpxtpx:hr>141</gpxtpx:hr>
          </gpxtpx:TrackPointExtension>
        </extensions>
      </trkpt>
      <trkpt lat="22.75091095234777" lon="113.73411507480043">
        <ele>4.774610780179501</ele>
        <time>1970-01-01T00:33:47Z</time>
        <extensions>
          <gpxtpx:TrackPointExtension>
            <gpxtpx:hr>141</gpxtpx:hr>
          </gpxtpx:TrackPointExtension>
        </extensions>
      </trkpt>
      <trkpt lat="22.75092783659306" lon="113.73412896969175">
        <ele>4.682595542632043</ele>
        <time>1970-01-01T00:33:48Z</time>
        <extensions>
          <gpxtpx:TrackPointExtension>
            <gpxtpx:hr>141</gpxtpx:hr>
          </gpxtpx:TrackPointExtension>
        </extensions>
      </trkpt>
      <trkpt lat="22.750945356733347" lon="113.73414207260231">
        <ele>4.624571601860225</ele>
        <time>1970-01-01T00:33:49Z</time>
        <extensions>
          <gpxtpx:TrackPointExtension>
            <gpxtpx:hr>141</gpxtpx:hr>
          </gpxtpx:TrackPointExtension>
        </extensions>
      </trkpt>
      <trkpt lat="22.750964101048577" lon="113.73415409477846">
        <ele>4.6058775978162885</ele>
        <time>1970-01-01T00:33:50Z</time>
        <extensions>
          <gpxtpx:TrackPointExtension>
            <gpxtpx:hr>141</gpxtpx:hr>
          </gpxtpx:TrackPointExtension>
        </extensions>
      </trkpt>
      <trkpt lat="22.750984362426287" lon="113.73416480155511">
        <ele>4.629594344645739</ele>
        <time>1970-01-01T00:33:51Z</time>
        <extensions>
          <gpxtpx:TrackPointExtension>
            <gpxtpx:hr>141</gpxtpx:hr>
          </gpxtpx:TrackPointExtension>
        </extensions>
      </trkpt>
      <trkpt lat="22.751005480505583" lon="113.73417441349811">
        <ele>4.696938167326152</ele>
        <time>1970-01-01T00:33:52Z</time>
        <extensions>
          <gpxtpx:TrackPointExtension>
            <gpxtpx:hr>143</gpxtpx:hr>
          </gpxtpx:TrackPointExtension>
        </extensions>
      </trkpt>
      <trkpt lat="22.75102666695917" lon="113.7341832618187">
        <ele>4.80394665338099</ele>
        <time>1970-01-01T00:33:53Z</time>
        <extensions>
          <gpxtpx:TrackPointExtension>
            <gpxtpx:hr>143</gpxtpx:hr>
          </gpxtpx:TrackPointExtension>
        </extensions>
      </trkpt>
      <trkpt lat="22.751047876883142" lon="113.7341915708493">
        <ele>4.9359391164034605</ele>
        <time>1970-01-01T00:33:54Z</time>
        <extensions>
          <gpxtpx:TrackPointExtension>
            <gpxtpx:hr>143</gpxtpx:hr>
          </gpxtpx:TrackPointExtension>
        </extensions>
      </trkpt>
      <trkpt lat="22.751069288917726" lon="113.73419949662522">
        <ele>5.070821245200932</ele>
        <time>1970-01-01T00:33:55Z</time>
        <extensions>
          <gpxtpx:TrackPointExtension>
            <gpxtpx:hr>143</gpxtpx:hr>
          </gpxtpx:TrackPointExtension>
        </extensions>
      </trkpt>
      <trkpt lat="22.751090854941697" lon="113.73420687925633">
        <ele>5.191600575111806</ele>
        <time>1970-01-01T00:33:56Z</time>
        <extensions>
          <gpxtpx:TrackPointExtension>
            <gpxtpx:hr>143</gpxtpx:hr>
          </gpxtpx:TrackPointExtension>
        </extensions>
      </trkpt>
      <trkpt lat="22.751112761615644" lon="113.73421373496747">
        <ele>5.290709475055337</ele>
        <time>1970-01-01T00:33:57Z</time>
        <extensions>
          <gpxtpx:TrackPointExtension>
            <gpxtpx:hr>143</gpxtpx:hr>
          </gpxtpx:TrackPointExtension>
        </extensions>
      </trkpt>
      <trkpt lat="22.751135302302888" lon="113.73422018350571">
        <ele>5.366744983009994</ele>
        <time>1970-01-01T00:33:58Z</time>
        <extensions>
          <gpxtpx:TrackPointExtension>
            <gpxtpx:hr>143</gpxtpx:hr>
          </gpxtpx:TrackPointExtension>
        </extensions>
      </trkpt>
      <trkpt lat="22.751158455378757" lon="113.7342262701232">
        <ele>5.4215856194496155</ele>
        <time>1970-01-01T00:33:59Z</time>
        <extensions>
          <gpxtpx:TrackPointExtension>
            <gpxtpx:hr>143</gpxtpx:hr>
          </gpxtpx:TrackPointExtension>
        </extensions>
      </trkpt>
      <trkpt lat="22.75118155432077" lon="113.73423211356501">
        <ele>5.458464535884559</ele>
        <time>1970-01-01T00:34:00Z</time>
        <extensions>
          <gpxtpx:TrackPointExtension>
            <gpxtpx:hr>143</gpxtpx:hr>
          </gpxtpx:TrackPointExtension>
        </extensions>
      </trkpt>
      <trkpt lat="22.751204335016286" lon="113.73423762623442">
        <ele>5.481131941080093</ele>
        <time>1970-01-01T00:34:01Z</time>
        <extensions>
          <gpxtpx:TrackPointExtension>
            <gpxtpx:hr>143</gpxtpx:hr>
          </gpxtpx:TrackPointExtension>
        </extensions>
      </trkpt>
      <trkpt lat="22.75122724452696" lon="113.73424222537115">
        <ele>5.493243847042322</ele>
        <time>1970-01-01T00:34:02Z</time>
        <extensions>
          <gpxtpx:TrackPointExtension>
            <gpxtpx:hr>143</gpxtpx:hr>
          </gpxtpx:TrackPointExtension>
        </extensions>
      </trkpt>
      <trkpt lat="22.751250585402186" lon="113.73424561413694">
        <ele>5.498158240690827</ele>
        <time>1970-01-01T00:34:03Z</time>
        <extensions>
          <gpxtpx:TrackPointExtension>
            <gpxtpx:hr>142</gpxtpx:hr>
          </gpxtpx:TrackPointExtension>
        </extensions>
      </trkpt>
      <trkpt lat="22.75127461776827" lon="113.7342482914826">
        <ele>5.498811947181821</ele>
        <time>1970-01-01T00:34:04Z</time>
        <extensions>
          <gpxtpx:TrackPointExtension>
            <gpxtpx:hr>142</gpxtpx:hr>
          </gpxtpx:TrackPointExtension>
        </extensions>
      </trkpt>
      <trkpt lat="22.75129942422787" lon="113.73425050964211">
        <ele>5.497678456827998</ele>
        <time>1970-01-01T00:34:05Z</time>
        <extensions>
          <gpxtpx:TrackPointExtension>
            <gpxtpx:hr>142</gpxtpx:hr>
          </gpxtpx:TrackPointExtension>
        </extensions>
      </trkpt>
      <trkpt lat="22.751323992481048" lon="113.73425289013694">
        <ele>5.49661167897284</ele>
        <time>1970-01-01T00:34:06Z</time>
        <extensions>
          <gpxtpx:TrackPointExtension>
            <gpxtpx:hr>142</gpxtpx:hr>
          </gpxtpx:TrackPointExtension>
        </extensions>
      </trkpt>
      <trkpt lat="22.751347036308307" lon="113.73425605416845">
        <ele>5.496901838108897</ele>
        <time>1970-01-01T00:34:07Z</time>
        <extensions>
          <gpxtpx:TrackPointExtension>
            <gpxtpx:hr>143</gpxtpx:hr>
          </gpxtpx:TrackPointExtension>
        </extensions>
      </trkpt>
      <trkpt lat="22.751369192604706" lon="113.73426006080626">
        <ele>5.4993069637566805</ele>
        <time>1970-01-01T00:34:08Z</time>
        <extensions>
          <gpxtpx:TrackPointExtension>
            <gpxtpx:hr>143</gpxtpx:hr>
          </gpxtpx:TrackPointExtension>
        </extensions>
      </trkpt>
      <trkpt lat="22.751392071799135" lon="113.73426452402894">
        <ele>5.504158644936979</ele>
        <time>1970-01-01T00:34:09Z</time>
        <extensions>
          <gpxtpx:TrackPointExtension>
            <gpxtpx:hr>143</gpxtpx:hr>
          </gpxtpx:TrackPointExtension>
        </extensions>
      </trkpt>
      <trkpt lat="22.75141562713962" lon="113.73426857358571">
        <ele>5.511404422111809</ele>
        <time>1970-01-01T00:34:10Z</time>
        <extensions>
          <gpxtpx:TrackPointExtension>
            <gpxtpx:hr>143</gpxtpx:hr>
          </gpxtpx:TrackPointExtension>
        </extensions>
      </trkpt>
      <trkpt lat="22.751438523030274" lon="113.73427184137036">
        <ele>5.5207978105172515</ele>
        <time>1970-01-01T00:34:11Z</time>
        <extensions>
          <gpxtpx:TrackPointExtension>
            <gpxtpx:hr>143</gpxtpx:hr>
          </gpxtpx:TrackPointExtension>
        </extensions>
      </trkpt>
      <trkpt lat="22.751460388562204" lon="113.73427434069615">
        <ele>5.531967619433999</ele>
        <time>1970-01-01T00:34:12Z</time>
        <extensions>
          <gpxtpx:TrackPointExtension>
            <gpxtpx:hr>143</gpxtpx:hr>
          </gpxtpx:TrackPointExtension>
        </extensions>
      </trkpt>
      <trkpt lat="22.75148143546771" lon="113.73427636641873">
        <ele>5.544506133534014</ele>
        <time>1970-01-01T00:34:13Z</time>
        <extensions>
          <gpxtpx:TrackPointExtension>
            <gpxtpx:hr>143</gpxtpx:hr>
          </gpxtpx:TrackPointExtension>
        </extensions>
      </trkpt>
      <trkpt lat="22.751501920883154" lon="113.73427818881531">
        <ele>5.558036985807121</ele>
        <time>1970-01-01T00:34:14Z</time>
        <extensions>
          <gpxtpx:TrackPointExtension>
            <gpxtpx:hr>143</gpxtpx:hr>
          </gpxtpx:TrackPointExtension>
        </extensions>
      </trkpt>
      <trkpt lat="22.751522780979833" lon="113.73427979951022">
        <ele>5.572415517643094</ele>
        <time>1970-01-01T00:34:15Z</time>
        <extensions>
          <gpxtpx:TrackPointExtension>
            <gpxtpx:hr>143</gpxtpx:hr>
          </gpxtpx:TrackPointExtension>
        </extensions>
      </trkpt>
      <trkpt lat="22.751544499656813" lon="113.73428160989793">
        <ele>5.5874719908460975</ele>
        <time>1970-01-01T00:34:16Z</time>
        <extensions>
          <gpxtpx:TrackPointExtension>
            <gpxtpx:hr>143</gpxtpx:hr>
          </gpxtpx:TrackPointExtension>
        </extensions>
      </trkpt>
      <trkpt lat="22.751566924956624" lon="113.73428400554418">
        <ele>5.603060775436461</ele>
        <time>1970-01-01T00:34:17Z</time>
        <extensions>
          <gpxtpx:TrackPointExtension>
            <gpxtpx:hr>143</gpxtpx:hr>
          </gpxtpx:TrackPointExtension>
        </extensions>
      </trkpt>
      <trkpt lat="22.75159011075051" lon="113.7342868257683">
        <ele>5.61905565764755</ele>
        <time>1970-01-01T00:34:18Z</time>
        <extensions>
          <gpxtpx:TrackPointExtension>
            <gpxtpx:hr>143</gpxtpx:hr>
          </gpxtpx:TrackPointExtension>
        </extensions>
      </trkpt>
      <trkpt lat="22.75161379747232" lon="113.73428995402885">
        <ele>5.635229485109448</ele>
        <time>1970-01-01T00:34:19Z</time>
        <extensions>
          <gpxtpx:TrackPointExtension>
            <gpxtpx:hr>143</gpxtpx:hr>
          </gpxtpx:TrackPointExtension>
        </extensions>
      </trkpt>
      <trkpt lat="22.75163733908589" lon="113.73429292013545">
        <ele>5.651215057820082</ele>
        <time>1970-01-01T00:34:20Z</time>
        <extensions>
          <gpxtpx:TrackPointExtension>
            <gpxtpx:hr>143</gpxtpx:hr>
          </gpxtpx:TrackPointExtension>
        </extensions>
      </trkpt>
      <trkpt lat="22.75165987371837" lon="113.73429506243865">
        <ele>5.666576862335205</ele>
        <time>1970-01-01T00:34:21Z</time>
        <extensions>
          <gpxtpx:TrackPointExtension>
            <gpxtpx:hr>143</gpxtpx:hr>
          </gpxtpx:TrackPointExtension>
        </extensions>
      </trkpt>
      <trkpt lat="22.75168152942729" lon="113.73429620271465">
        <ele>5.680848118849099</ele>
        <time>1970-01-01T00:34:22Z</time>
        <extensions>
          <gpxtpx:TrackPointExtension>
            <gpxtpx:hr>142</gpxtpx:hr>
          </gpxtpx:TrackPointExtension>
        </extensions>
      </trkpt>
      <trkpt lat="22.751703217498623" lon="113.73429658043193">
        <ele>5.693535392172635</ele>
        <time>1970-01-01T00:34:23Z</time>
        <extensions>
          <gpxtpx:TrackPointExtension>
            <gpxtpx:hr>142</gpxtpx:hr>
          </gpxtpx:TrackPointExtension>
        </extensions>
      </trkpt>
      <trkpt lat="22.75172524487348" lon="113.73429649407116">
        <ele>5.70424535125494</ele>
        <time>1970-01-01T00:34:24Z</time>
        <extensions>
          <gpxtpx:TrackPointExtension>
            <gpxtpx:hr>142</gpxtpx:hr>
          </gpxtpx:TrackPointExtension>
        </extensions>
      </trkpt>
      <trkpt lat="22.751747876529915" lon="113.73429646889139">
        <ele>5.712784082628787</ele>
        <time>1970-01-01T00:34:25Z</time>
        <extensions>
          <gpxtpx:TrackPointExtension>
            <gpxtpx:hr>142</gpxtpx:hr>
          </gpxtpx:TrackPointExtension>
        </extensions>
      </trkpt>
      <trkpt lat="22.751771591332933" lon="113.73429704120694">
        <ele>5.719244834966958</ele>
        <time>1970-01-01T00:34:26Z</time>
        <extensions>
          <gpxtpx:TrackPointExtension>
            <gpxtpx:hr>142</gpxtpx:hr>
          </gpxtpx:TrackPointExtension>
        </extensions>
      </trkpt>
      <trkpt lat="22.75179611050277" lon="113.7342983962476">
        <ele>5.723977069370449</ele>
        <time>1970-01-01T00:34:27Z</time>
        <extensions>
          <gpxtpx:TrackPointExtension>
            <gpxtpx:hr>142</gpxtpx:hr>
          </gpxtpx:TrackPointExtension>
        </extensions>
      </trkpt>
      <trkpt lat="22.751820850828803" lon="113.73430018976642">
        <ele>5.727435035631061</ele>
        <time>1970-01-01T00:34:28Z</time>
        <extensions>
          <gpxtpx:TrackPointExtension>
            <gpxtpx:hr>142</gpxtpx:hr>
          </gpxtpx:TrackPointExtension>
        </extensions>
      </trkpt>
      <trkpt lat="22.7518451219035" lon="113.73430230168479">
        <ele>5.730219530873001</ele>
        <time>1970-01-01T00:34:29Z</time>
        <extensions>
          <gpxtpx:TrackPointExtension>
            <gpxtpx:hr>142</gpxtpx:hr>
          </gpxtpx:TrackPointExtension>
        </extensions>
      </trkpt>
      <trkpt lat="22.75186819742889" lon="113.73430524098751">
        <ele>5.732890363782644</ele>
        <time>1970-01-01T00:34:30Z</time>
        <extensions>
          <gpxtpx:TrackPointExtension>
            <gpxtpx:hr>142</gpxtpx:hr>
          </gpxtpx:TrackPointExtension>
        </extensions>
      </trkpt>
      <trkpt lat="22.751890038935237" lon="113.73430871962412">
        <ele>5.735875006765127</ele>
        <time>1970-01-01T00:34:31Z</time>
        <extensions>
          <gpxtpx:TrackPointExtension>
            <gpxtpx:hr>142</gpxtpx:hr>
          </gpxtpx:TrackPointExtension>
        </extensions>
      </trkpt>
      <trkpt lat="22.75191156592374" lon="113.73431189856174">
        <ele>5.739445921964943</ele>
        <time>1970-01-01T00:34:32Z</time>
        <extensions>
          <gpxtpx:TrackPointExtension>
            <gpxtpx:hr>142</gpxtpx:hr>
          </gpxtpx:TrackPointExtension>
        </extensions>
      </trkpt>
      <trkpt lat="22.751933776647657" lon="113.73431428238281">
        <ele>5.743843495845795</ele>
        <time>1970-01-01T00:34:33Z</time>
        <extensions>
          <gpxtpx:TrackPointExtension>
            <gpxtpx:hr>142</gpxtpx:hr>
          </gpxtpx:TrackPointExtension>
        </extensions>
      </trkpt>
      <trkpt lat="22.75195668335686" lon="113.73431555291096">
        <ele>5.749106696806848</ele>
        <time>1970-01-01T00:34:34Z</time>
        <extensions>
          <gpxtpx:TrackPointExtension>
            <gpxtpx:hr>142</gpxtpx:hr>
          </gpxtpx:TrackPointExtension>
        </extensions>
      </trkpt>
      <trkpt lat="22.75197977744611" lon="113.7343160593435">
        <ele>5.755192514508963</ele>
        <time>1970-01-01T00:34:35Z</time>
        <extensions>
          <gpxtpx:TrackPointExtension>
            <gpxtpx:hr>142</gpxtpx:hr>
          </gpxtpx:TrackPointExtension>
        </extensions>
      </trkpt>
      <trkpt lat="22.75200273294489" lon="113.7343168094533">
        <ele>5.762022856622934</ele>
        <time>1970-01-01T00:34:36Z</time>
        <extensions>
          <gpxtpx:TrackPointExtension>
            <gpxtpx:hr>142</gpxtpx:hr>
          </gpxtpx:TrackPointExtension>
        </extensions>
      </trkpt>
      <trkpt lat="22.75202527547926" lon="113.7343188196342">
        <ele>5.769482558593154</ele>
        <time>1970-01-01T00:34:37Z</time>
        <extensions>
          <gpxtpx:TrackPointExtension>
            <gpxtpx:hr>142</gpxtpx:hr>
          </gpxtpx:TrackPointExtension>
        </extensions>
      </trkpt>
      <trkpt lat="22.752047628874365" lon="113.73432226108886">
        <ele>5.777278933674097</ele>
        <time>1970-01-01T00:34:38Z</time>
        <extensions>
          <gpxtpx:TrackPointExtension>
            <gpxtpx:hr>143</gpxtpx:hr>
          </gpxtpx:TrackPointExtension>
        </extensions>
      </trkpt>
      <trkpt lat="22.752070351646996" lon="113.73432668843519">
        <ele>5.785136437043548</ele>
        <time>1970-01-01T00:34:39Z</time>
        <extensions>
          <gpxtpx:TrackPointExtension>
            <gpxtpx:hr>143</gpxtpx:hr>
          </gpxtpx:TrackPointExtension>
        </extensions>
      </trkpt>
      <trkpt lat="22.75209356805733" lon="113.7343318964434">
        <ele>5.792802813462913</ele>
        <time>1970-01-01T00:34:40Z</time>
        <extensions>
          <gpxtpx:TrackPointExtension>
            <gpxtpx:hr>143</gpxtpx:hr>
          </gpxtpx:TrackPointExtension>
        </extensions>
      </trkpt>
      <trkpt lat="22.752117320628464" lon="113.7343376866158">
        <ele>5.800088091753423</ele>
        <time>1970-01-01T00:34:41Z</time>
        <extensions>
          <gpxtpx:TrackPointExtension>
            <gpxtpx:hr>143</gpxtpx:hr>
          </gpxtpx:TrackPointExtension>
        </extensions>
      </trkpt>
      <trkpt lat="22.752141646760805" lon="113.73434383583175">
        <ele>5.806778455153108</ele>
        <time>1970-01-01T00:34:42Z</time>
        <extensions>
          <gpxtpx:TrackPointExtension>
            <gpxtpx:hr>143</gpxtpx:hr>
          </gpxtpx:TrackPointExtension>
        </extensions>
      </trkpt>
      <trkpt lat="22.752166383112503" lon="113.73435057756805">
        <ele>5.812882353551686</ele>
        <time>1970-01-01T00:34:43Z</time>
        <extensions>
          <gpxtpx:TrackPointExtension>
            <gpxtpx:hr>143</gpxtpx:hr>
          </gpxtpx:TrackPointExtension>
        </extensions>
      </trkpt>
      <trkpt lat="22.75219091046546" lon="113.73435845257511">
        <ele>5.818569032475352</ele>
        <time>1970-01-01T00:34:44Z</time>
        <extensions>
          <gpxtpx:TrackPointExtension>
            <gpxtpx:hr>143</gpxtpx:hr>
          </gpxtpx:TrackPointExtension>
        </extensions>
      </trkpt>
      <trkpt lat="22.75221450079521" lon="113.73436777044128">
        <ele>5.824091728776693</ele>
        <time>1970-01-01T00:34:45Z</time>
        <extensions>
          <gpxtpx:TrackPointExtension>
            <gpxtpx:hr>143</gpxtpx:hr>
          </gpxtpx:TrackPointExtension>
        </extensions>
      </trkpt>
      <trkpt lat="22.752237051428462" lon="113.73437864781211">
        <ele>5.829719479195774</ele>
        <time>1970-01-01T00:34:46Z</time>
        <extensions>
          <gpxtpx:TrackPointExtension>
            <gpxtpx:hr>144</gpxtpx:hr>
          </gpxtpx:TrackPointExtension>
        </extensions>
      </trkpt>
      <trkpt lat="22.752259290246354" lon="113.73439056837564">
        <ele>5.835690542124212</ele>
        <time>1970-01-01T00:34:47Z</time>
        <extensions>
          <gpxtpx:TrackPointExtension>
            <gpxtpx:hr>144</gpxtpx:hr>
          </gpxtpx:TrackPointExtension>
        </extensions>
      </trkpt>
      <trkpt lat="22.752281340483005" lon="113.73440300714122">
        <ele>5.842025096528232</ele>
        <time>1970-01-01T00:34:48Z</time>
        <extensions>
          <gpxtpx:TrackPointExtension>
            <gpxtpx:hr>144</gpxtpx:hr>
          </gpxtpx:TrackPointExtension>
        </extensions>
      </trkpt>
      <trkpt lat="22.75230274486084" lon="113.73441610003327">
        <ele>5.848498151637614</ele>
        <time>1970-01-01T00:34:49Z</time>
        <extensions>
          <gpxtpx:TrackPointExtension>
            <gpxtpx:hr>144</gpxtpx:hr>
          </gpxtpx:TrackPointExtension>
        </extensions>
      </trkpt>
      <trkpt lat="22.752323986901274" lon="113.73442994849172">
        <ele>5.854755365289748</ele>
        <time>1970-01-01T00:34:50Z</time>
        <extensions>
          <gpxtpx:TrackPointExtension>
            <gpxtpx:hr>144</gpxtpx:hr>
          </gpxtpx:TrackPointExtension>
        </extensions>
      </trkpt>
      <trkpt lat="22.752345415998754" lon="113.73444465237745">
        <ele>5.860411172732711</ele>
        <time>1970-01-01T00:34:51Z</time>
        <extensions>
          <gpxtpx:TrackPointExtension>
            <gpxtpx:hr>144</gpxtpx:hr>
          </gpxtpx:TrackPointExtension>
        </extensions>
      </trkpt>
      <trkpt lat="22.752366306653215" lon="113.73446027638546">
        <ele>5.8652080511674285</ele>
        <time>1970-01-01T00:34:52Z</time>
        <extensions>
          <gpxtpx:TrackPointExtension>
            <gpxtpx:hr>144</gpxtpx:hr>
          </gpxtpx:TrackPointExtension>
        </extensions>
      </trkpt>
      <trkpt lat="22.75238643586623" lon="113.73447679415128">
        <ele>5.869091146625578</ele>
        <time>1970-01-01T00:34:53Z</time>
        <extensions>
          <gpxtpx:TrackPointExtension>
            <gpxtpx:hr>145</gpxtpx:hr>
          </gpxtpx:TrackPointExtension>
        </extensions>
      </trkpt>
      <trkpt lat="22.752405841132575" lon="113.7344939656566">
        <ele>5.872226256877184</ele>
        <time>1970-01-01T00:34:54Z</time>
        <extensions>
          <gpxtpx:TrackPointExtension>
            <gpxtpx:hr>145</gpxtpx:hr>
          </gpxtpx:TrackPointExtension>
        </extensions>
      </trkpt>
      <trkpt lat="22.752424420176965" lon="113.73451161076864">
        <ele>5.874917894601822</ele>
        <time>1970-01-01T00:34:55Z</time>
        <extensions>
          <gpxtpx:TrackPointExtension>
            <gpxtpx:hr>145</gpxtpx:hr>
          </gpxtpx:TrackPointExtension>
        </extensions>
      </trkpt>
      <trkpt lat="22.75244191145498" lon="113.7345303123786">
        <ele>5.877614943310618</ele>
        <time>1970-01-01T00:34:56Z</time>
        <extensions>
          <gpxtpx:TrackPointExtension>
            <gpxtpx:hr>145</gpxtpx:hr>
          </gpxtpx:TrackPointExtension>
        </extensions>
      </trkpt>
      <trkpt lat="22.75245771573489" lon="113.73455052239038">
        <ele>5.8806215189397335</ele>
        <time>1970-01-01T00:34:57Z</time>
        <extensions>
          <gpxtpx:TrackPointExtension>
            <gpxtpx:hr>145</gpxtpx:hr>
          </gpxtpx:TrackPointExtension>
        </extensions>
      </trkpt>
      <trkpt lat="22.7524718510688" lon="113.7345718343839">
        <ele>5.8840921418741345</ele>
        <time>1970-01-01T00:34:58Z</time>
        <extensions>
          <gpxtpx:TrackPointExtension>
            <gpxtpx:hr>145</gpxtpx:hr>
          </gpxtpx:TrackPointExtension>
        </extensions>
      </trkpt>
      <trkpt lat="22.752484968278573" lon="113.73459388560468">
        <ele>5.888033341616392</ele>
        <time>1970-01-01T00:34:59Z</time>
        <extensions>
          <gpxtpx:TrackPointExtension>
            <gpxtpx:hr>145</gpxtpx:hr>
          </gpxtpx:TrackPointExtension>
        </extensions>
      </trkpt>
      <trkpt lat="22.75249772380753" lon="113.73461699578645">
        <ele>5.892243351787329</ele>
        <time>1970-01-01T00:35:00Z</time>
        <extensions>
          <gpxtpx:TrackPointExtension>
            <gpxtpx:hr>145</gpxtpx:hr>
          </gpxtpx:TrackPointExtension>
        </extensions>
      </trkpt>
      <trkpt lat="22.75250983017649" lon="113.73464197469802">
        <ele>5.89640757907182</ele>
        <time>1970-01-01T00:35:01Z</time>
        <extensions>
          <gpxtpx:TrackPointExtension>
            <gpxtpx:hr>145</gpxtpx:hr>
          </gpxtpx:TrackPointExtension>
        </extensions>
      </trkpt>
      <trkpt lat="22.752521084087103" lon="113.73466776882846">
        <ele>5.900098904967308</ele>
        <time>1970-01-01T00:35:02Z</time>
        <extensions>
          <gpxtpx:TrackPointExtension>
            <gpxtpx:hr>144</gpxtpx:hr>
          </gpxtpx:TrackPointExtension>
        </extensions>
      </trkpt>
      <trkpt lat="22.75253214727833" lon="113.73469206927078">
        <ele>5.902830987237394</ele>
        <time>1970-01-01T00:35:03Z</time>
        <extensions>
          <gpxtpx:TrackPointExtension>
            <gpxtpx:hr>144</gpxtpx:hr>
          </gpxtpx:TrackPointExtension>
        </extensions>
      </trkpt>
      <trkpt lat="22.752543744552934" lon="113.73471474110735">
        <ele>5.904140419326723</ele>
        <time>1970-01-01T00:35:04Z</time>
        <extensions>
          <gpxtpx:TrackPointExtension>
            <gpxtpx:hr>144</gpxtpx:hr>
          </gpxtpx:TrackPointExtension>
        </extensions>
      </trkpt>
      <trkpt lat="22.752555965742687" lon="113.73473703008915">
        <ele>5.9036380695179105</ele>
        <time>1970-01-01T00:35:05Z</time>
        <extensions>
          <gpxtpx:TrackPointExtension>
            <gpxtpx:hr>144</gpxtpx:hr>
          </gpxtpx:TrackPointExtension>
        </extensions>
      </trkpt>
      <trkpt lat="22.752567836001756" lon="113.73475993516253">
        <ele>5.901005166582763</ele>
        <time>1970-01-01T00:35:06Z</time>
        <extensions>
          <gpxtpx:TrackPointExtension>
            <gpxtpx:hr>145</gpxtpx:hr>
          </gpxtpx:TrackPointExtension>
        </extensions>
      </trkpt>
      <trkpt lat="22.752578293161836" lon="113.7347835584077">
        <ele>5.896147713065147</ele>
        <time>1970-01-01T00:35:07Z</time>
        <extensions>
          <gpxtpx:TrackPointExtension>
            <gpxtpx:hr>145</gpxtpx:hr>
          </gpxtpx:TrackPointExtension>
        </extensions>
      </trkpt>
      <trkpt lat="22.752587059241453" lon="113.73480764739966">
        <ele>5.88924360089004</ele>
        <time>1970-01-01T00:35:08Z</time>
        <extensions>
          <gpxtpx:TrackPointExtension>
            <gpxtpx:hr>145</gpxtpx:hr>
          </gpxtpx:TrackPointExtension>
        </extensions>
      </trkpt>
      <trkpt lat="22.752594822062925" lon="113.73483162880206">
        <ele>5.880561638623476</ele>
        <time>1970-01-01T00:35:09Z</time>
        <extensions>
          <gpxtpx:TrackPointExtension>
            <gpxtpx:hr>145</gpxtpx:hr>
          </gpxtpx:TrackPointExtension>
        </extensions>
      </trkpt>
      <trkpt lat="22.75260233059706" lon="113.73485493817323">
        <ele>5.870501964353025</ele>
        <time>1970-01-01T00:35:10Z</time>
        <extensions>
          <gpxtpx:TrackPointExtension>
            <gpxtpx:hr>145</gpxtpx:hr>
          </gpxtpx:TrackPointExtension>
        </extensions>
      </trkpt>
      <trkpt lat="22.75260977534437" lon="113.73487821486971">
        <ele>5.859575140289962</ele>
        <time>1970-01-01T00:35:11Z</time>
        <extensions>
          <gpxtpx:TrackPointExtension>
            <gpxtpx:hr>145</gpxtpx:hr>
          </gpxtpx:TrackPointExtension>
        </extensions>
      </trkpt>
      <trkpt lat="22.752617469021033" lon="113.7349023323029">
        <ele>5.848353571258485</ele>
        <time>1970-01-01T00:35:12Z</time>
        <extensions>
          <gpxtpx:TrackPointExtension>
            <gpxtpx:hr>144</gpxtpx:hr>
          </gpxtpx:TrackPointExtension>
        </extensions>
      </trkpt>
      <trkpt lat="22.752625521655716" lon="113.73492686826435">
        <ele>5.837353645823896</ele>
        <time>1970-01-01T00:35:13Z</time>
        <extensions>
          <gpxtpx:TrackPointExtension>
            <gpxtpx:hr>144</gpxtpx:hr>
          </gpxtpx:TrackPointExtension>
        </extensions>
      </trkpt>
      <trkpt lat="22.752634341179554" lon="113.73495029115738">
        <ele>5.827087276615202</ele>
        <time>1970-01-01T00:35:14Z</time>
        <extensions>
          <gpxtpx:TrackPointExtension>
            <gpxtpx:hr>144</gpxtpx:hr>
          </gpxtpx:TrackPointExtension>
        </extensions>
      </trkpt>
      <trkpt lat="22.75264464140898" lon="113.73497230894546">
        <ele>5.817982620559633</ele>
        <time>1970-01-01T00:35:15Z</time>
        <extensions>
          <gpxtpx:TrackPointExtension>
            <gpxtpx:hr>144</gpxtpx:hr>
          </gpxtpx:TrackPointExtension>
        </extensions>
      </trkpt>
      <trkpt lat="22.752656550061342" lon="113.7349938665011">
        <ele>5.8103064354509115</ele>
        <time>1970-01-01T00:35:16Z</time>
        <extensions>
          <gpxtpx:TrackPointExtension>
            <gpxtpx:hr>144</gpxtpx:hr>
          </gpxtpx:TrackPointExtension>
        </extensions>
      </trkpt>
      <trkpt lat="22.752669348896497" lon="113.73501464484464">
        <ele>5.804082424379885</ele>
        <time>1970-01-01T00:35:17Z</time>
        <extensions>
          <gpxtpx:TrackPointExtension>
            <gpxtpx:hr>144</gpxtpx:hr>
          </gpxtpx:TrackPointExtension>
        </extensions>
      </trkpt>
      <trkpt lat="22.75268255041097" lon="113.73503358445917">
        <ele>5.799048740416765</ele>
        <time>1970-01-01T00:35:18Z</time>
        <extensions>
          <gpxtpx:TrackPointExtension>
            <gpxtpx:hr>144</gpxtpx:hr>
          </gpxtpx:TrackPointExtension>
        </extensions>
      </trkpt>
      <trkpt lat="22.752696259104404" lon="113.7350508355412">
        <ele>5.794857359491289</ele>
        <time>1970-01-01T00:35:19Z</time>
        <extensions>
          <gpxtpx:TrackPointExtension>
            <gpxtpx:hr>144</gpxtpx:hr>
          </gpxtpx:TrackPointExtension>
        </extensions>
      </trkpt>
      <trkpt lat="22.752710666520866" lon="113.73506711183857">
        <ele>5.790946451947093</ele>
        <time>1970-01-01T00:35:20Z</time>
        <extensions>
          <gpxtpx:TrackPointExtension>
            <gpxtpx:hr>144</gpxtpx:hr>
          </gpxtpx:TrackPointExtension>
        </extensions>
      </trkpt>
      <trkpt lat="22.752726137908137" lon="113.73508223803562">
        <ele>5.786668390035629</ele>
        <time>1970-01-01T00:35:21Z</time>
        <extensions>
          <gpxtpx:TrackPointExtension>
            <gpxtpx:hr>144</gpxtpx:hr>
          </gpxtpx:TrackPointExtension>
        </extensions>
      </trkpt>
      <trkpt lat="22.752743241820298" lon="113.73509550519198">
        <ele>5.781368131749332</ele>
        <time>1970-01-01T00:35:22Z</time>
        <extensions>
          <gpxtpx:TrackPointExtension>
            <gpxtpx:hr>143</gpxtpx:hr>
          </gpxtpx:TrackPointExtension>
        </extensions>
      </trkpt>
      <trkpt lat="22.75276180790803" lon="113.73510690483975">
        <ele>5.774805650115013</ele>
        <time>1970-01-01T00:35:23Z</time>
        <extensions>
          <gpxtpx:TrackPointExtension>
            <gpxtpx:hr>143</gpxtpx:hr>
          </gpxtpx:TrackPointExtension>
        </extensions>
      </trkpt>
      <trkpt lat="22.75278091580561" lon="113.73511669777841">
        <ele>5.7667177002877</ele>
        <time>1970-01-01T00:35:24Z</time>
        <extensions>
          <gpxtpx:TrackPointExtension>
            <gpxtpx:hr>143</gpxtpx:hr>
          </gpxtpx:TrackPointExtension>
        </extensions>
      </trkpt>
      <trkpt lat="22.752800257989826" lon="113.73512486850824">
        <ele>5.757054595276713</ele>
        <time>1970-01-01T00:35:25Z</time>
        <extensions>
          <gpxtpx:TrackPointExtension>
            <gpxtpx:hr>143</gpxtpx:hr>
          </gpxtpx:TrackPointExtension>
        </extensions>
      </trkpt>
      <trkpt lat="22.752820118390687" lon="113.73513201058935">
        <ele>5.746036193333566</ele>
        <time>1970-01-01T00:35:26Z</time>
        <extensions>
          <gpxtpx:TrackPointExtension>
            <gpxtpx:hr>143</gpxtpx:hr>
          </gpxtpx:TrackPointExtension>
        </extensions>
      </trkpt>
      <trkpt lat="22.7528408045616" lon="113.735138410736">
        <ele>5.734085976146162</ele>
        <time>1970-01-01T00:35:27Z</time>
        <extensions>
          <gpxtpx:TrackPointExtension>
            <gpxtpx:hr>142</gpxtpx:hr>
          </gpxtpx:TrackPointExtension>
        </extensions>
      </trkpt>
      <trkpt lat="22.75286208836754" lon="113.73514359062752">
        <ele>5.721672171726823</ele>
        <time>1970-01-01T00:35:28Z</time>
        <extensions>
          <gpxtpx:TrackPointExtension>
            <gpxtpx:hr>142</gpxtpx:hr>
          </gpxtpx:TrackPointExtension>
        </extensions>
      </trkpt>
      <trkpt lat="22.75288399507738" lon="113.73514723264252">
        <ele>5.709494329057634</ele>
        <time>1970-01-01T00:35:29Z</time>
        <extensions>
          <gpxtpx:TrackPointExtension>
            <gpxtpx:hr>142</gpxtpx:hr>
          </gpxtpx:TrackPointExtension>
        </extensions>
      </trkpt>
      <trkpt lat="22.752905953233668" lon="113.73514878200405">
        <ele>5.698512291535735</ele>
        <time>1970-01-01T00:35:30Z</time>
        <extensions>
          <gpxtpx:TrackPointExtension>
            <gpxtpx:hr>142</gpxtpx:hr>
          </gpxtpx:TrackPointExtension>
        </extensions>
      </trkpt>
      <trkpt lat="22.752927613580344" lon="113.73514872428781">
        <ele>5.689827465452254</ele>
        <time>1970-01-01T00:35:31Z</time>
        <extensions>
          <gpxtpx:TrackPointExtension>
            <gpxtpx:hr>142</gpxtpx:hr>
          </gpxtpx:TrackPointExtension>
        </extensions>
      </trkpt>
      <trkpt lat="22.752949174390647" lon="113.73514781216433">
        <ele>5.684340606443584</ele>
        <time>1970-01-01T00:35:32Z</time>
        <extensions>
          <gpxtpx:TrackPointExtension>
            <gpxtpx:hr>143</gpxtpx:hr>
          </gpxtpx:TrackPointExtension>
        </extensions>
      </trkpt>
      <trkpt lat="22.752970628718028" lon="113.73514587194424">
        <ele>5.682682694867253</ele>
        <time>1970-01-01T00:35:33Z</time>
        <extensions>
          <gpxtpx:TrackPointExtension>
            <gpxtpx:hr>143</gpxtpx:hr>
          </gpxtpx:TrackPointExtension>
        </extensions>
      </trkpt>
      <trkpt lat="22.752991707798696" lon="113.73514246207918">
        <ele>5.685091309249401</ele>
        <time>1970-01-01T00:35:34Z</time>
        <extensions>
          <gpxtpx:TrackPointExtension>
            <gpxtpx:hr>143</gpxtpx:hr>
          </gpxtpx:TrackPointExtension>
        </extensions>
      </trkpt>
      <trkpt lat="22.753012618570228" lon="113.73513744139849">
        <ele>5.6913664834573865</ele>
        <time>1970-01-01T00:35:35Z</time>
        <extensions>
          <gpxtpx:TrackPointExtension>
            <gpxtpx:hr>143</gpxtpx:hr>
          </gpxtpx:TrackPointExtension>
        </extensions>
      </trkpt>
      <trkpt lat="22.753033299983034" lon="113.73513124668527">
        <ele>5.7008271291852</ele>
        <time>1970-01-01T00:35:36Z</time>
        <extensions>
          <gpxtpx:TrackPointExtension>
            <gpxtpx:hr>143</gpxtpx:hr>
          </gpxtpx:TrackPointExtension>
        </extensions>
      </trkpt>
      <trkpt lat="22.753053630799545" lon="113.73512424571335">
        <ele>5.712776604108512</ele>
        <time>1970-01-01T00:35:37Z</time>
        <extensions>
          <gpxtpx:TrackPointExtension>
            <gpxtpx:hr>143</gpxtpx:hr>
          </gpxtpx:TrackPointExtension>
        </extensions>
      </trkpt>
      <trkpt lat="22.753073354243813" lon="113.73511634204843">
        <ele>5.726516253314912</ele>
        <time>1970-01-01T00:35:38Z</time>
        <extensions>
          <gpxtpx:TrackPointExtension>
            <gpxtpx:hr>142</gpxtpx:hr>
          </gpxtpx:TrackPointExtension>
        </extensions>
      </trkpt>
      <trkpt lat="22.75309211729668" lon="113.73510638109413">
        <ele>5.741399893537164</ele>
        <time>1970-01-01T00:35:39Z</time>
        <extensions>
          <gpxtpx:TrackPointExtension>
            <gpxtpx:hr>142</gpxtpx:hr>
          </gpxtpx:TrackPointExtension>
        </extensions>
      </trkpt>
      <trkpt lat="22.753110177088672" lon="113.73509404237679">
        <ele>5.756773930974305</ele>
        <time>1970-01-01T00:35:40Z</time>
        <extensions>
          <gpxtpx:TrackPointExtension>
            <gpxtpx:hr>142</gpxtpx:hr>
          </gpxtpx:TrackPointExtension>
        </extensions>
      </trkpt>
      <trkpt lat="22.753127799361856" lon="113.73507992972698">
        <ele>5.772219762206078</ele>
        <time>1970-01-01T00:35:41Z</time>
        <extensions>
          <gpxtpx:TrackPointExtension>
            <gpxtpx:hr>142</gpxtpx:hr>
          </gpxtpx:TrackPointExtension>
        </extensions>
      </trkpt>
      <trkpt lat="22.753144773028893" lon="113.73506489724863">
        <ele>5.787139268592</ele>
        <time>1970-01-01T00:35:42Z</time>
        <extensions>
          <gpxtpx:TrackPointExtension>
            <gpxtpx:hr>142</gpxtpx:hr>
          </gpxtpx:TrackPointExtension>
        </extensions>
      </trkpt>
      <trkpt lat="22.753160581066183" lon="113.73504925940756">
        <ele>5.801107347011566</ele>
        <time>1970-01-01T00:35:43Z</time>
        <extensions>
          <gpxtpx:TrackPointExtension>
            <gpxtpx:hr>141</gpxtpx:hr>
          </gpxtpx:TrackPointExtension>
        </extensions>
      </trkpt>
      <trkpt lat="22.753175126226644" lon="113.73503274315408">
        <ele>5.813977332785726</ele>
        <time>1970-01-01T00:35:44Z</time>
        <extensions>
          <gpxtpx:TrackPointExtension>
            <gpxtpx:hr>141</gpxtpx:hr>
          </gpxtpx:TrackPointExtension>
        </extensions>
      </trkpt>
      <trkpt lat="22.753188506718793" lon="113.73501532976302">
        <ele>5.826096395030618</ele>
        <time>1970-01-01T00:35:45Z</time>
        <extensions>
          <gpxtpx:TrackPointExtension>
            <gpxtpx:hr>141</gpxtpx:hr>
          </gpxtpx:TrackPointExtension>
        </extensions>
      </trkpt>
      <trkpt lat="22.753200434816435" lon="113.73499695160206">
        <ele>5.8376628793776035</ele>
        <time>1970-01-01T00:35:46Z</time>
        <extensions>
          <gpxtpx:TrackPointExtension>
            <gpxtpx:hr>141</gpxtpx:hr>
          </gpxtpx:TrackPointExtension>
        </extensions>
      </trkpt>
      <trkpt lat="22.753210920852425" lon="113.7349773266392">
        <ele>5.849381184205413</ele>
        <time>1970-01-01T00:35:47Z</time>
        <extensions>
          <gpxtpx:TrackPointExtension>
            <gpxtpx:hr>141</gpxtpx:hr>
          </gpxtpx:TrackPointExtension>
        </extensions>
      </trkpt>
      <trkpt lat="22.75322040287717" lon="113.73495621126908">
        <ele>5.862014560028911</ele>
        <time>1970-01-01T00:35:48Z</time>
        <extensions>
          <gpxtpx:TrackPointExtension>
            <gpxtpx:hr>141</gpxtpx:hr>
          </gpxtpx:TrackPointExtension>
        </extensions>
      </trkpt>
      <trkpt lat="22.753228619521895" lon="113.7349334730327">
        <ele>5.875996500253677</ele>
        <time>1970-01-01T00:35:49Z</time>
        <extensions>
          <gpxtpx:TrackPointExtension>
            <gpxtpx:hr>141</gpxtpx:hr>
          </gpxtpx:TrackPointExtension>
        </extensions>
      </trkpt>
      <trkpt lat="22.753234670355738" lon="113.73490956155975">
        <ele>5.891611346974969</ele>
        <time>1970-01-01T00:35:50Z</time>
        <extensions>
          <gpxtpx:TrackPointExtension>
            <gpxtpx:hr>141</gpxtpx:hr>
          </gpxtpx:TrackPointExtension>
        </extensions>
      </trkpt>
      <trkpt lat="22.75323816190416" lon="113.73488517364571">
        <ele>5.908375541679561</ele>
        <time>1970-01-01T00:35:51Z</time>
        <extensions>
          <gpxtpx:TrackPointExtension>
            <gpxtpx:hr>141</gpxtpx:hr>
          </gpxtpx:TrackPointExtension>
        </extensions>
      </trkpt>
      <trkpt lat="22.75323963518517" lon="113.73486061569474">
        <ele>5.92509023565799</ele>
        <time>1970-01-01T00:35:52Z</time>
        <extensions>
          <gpxtpx:TrackPointExtension>
            <gpxtpx:hr>141</gpxtpx:hr>
          </gpxtpx:TrackPointExtension>
        </extensions>
      </trkpt>
      <trkpt lat="22.753239486526837" lon="113.73483610938045">
        <ele>5.939933774061501</ele>
        <time>1970-01-01T00:35:53Z</time>
        <extensions>
          <gpxtpx:TrackPointExtension>
            <gpxtpx:hr>141</gpxtpx:hr>
          </gpxtpx:TrackPointExtension>
        </extensions>
      </trkpt>
      <trkpt lat="22.75323762844515" lon="113.73481224495829">
        <ele>5.950870265252888</ele>
        <time>1970-01-01T00:35:54Z</time>
        <extensions>
          <gpxtpx:TrackPointExtension>
            <gpxtpx:hr>141</gpxtpx:hr>
          </gpxtpx:TrackPointExtension>
        </extensions>
      </trkpt>
      <trkpt lat="22.75323384199054" lon="113.73478948712452">
        <ele>5.955748506821692</ele>
        <time>1970-01-01T00:35:55Z</time>
        <extensions>
          <gpxtpx:TrackPointExtension>
            <gpxtpx:hr>141</gpxtpx:hr>
          </gpxtpx:TrackPointExtension>
        </extensions>
      </trkpt>
      <trkpt lat="22.753228223469048" lon="113.73476765971144">
        <ele>5.953273789957166</ele>
        <time>1970-01-01T00:35:56Z</time>
        <extensions>
          <gpxtpx:TrackPointExtension>
            <gpxtpx:hr>141</gpxtpx:hr>
          </gpxtpx:TrackPointExtension>
        </extensions>
      </trkpt>
      <trkpt lat="22.75322100412293" lon="113.73474642257686">
        <ele>5.942945864982903</ele>
        <time>1970-01-01T00:35:57Z</time>
        <extensions>
          <gpxtpx:TrackPointExtension>
            <gpxtpx:hr>140</gpxtpx:hr>
          </gpxtpx:TrackPointExtension>
        </extensions>
      </trkpt>
      <trkpt lat="22.7532123978202" lon="113.73472549157586">
        <ele>5.925087595358491</ele>
        <time>1970-01-01T00:35:58Z</time>
        <extensions>
          <gpxtpx:TrackPointExtension>
            <gpxtpx:hr>140</gpxtpx:hr>
          </gpxtpx:TrackPointExtension>
        </extensions>
      </trkpt>
      <trkpt lat="22.75320274457891" lon="113.73470480484647">
        <ele>5.901005056686699</ele>
        <time>1970-01-01T00:35:59Z</time>
        <extensions>
          <gpxtpx:TrackPointExtension>
            <gpxtpx:hr>140</gpxtpx:hr>
          </gpxtpx:TrackPointExtension>
        </extensions>
      </trkpt>
      <trkpt lat="22.753192309733198" lon="113.73468441284076">
        <ele>5.872602320276201</ele>
        <time>1970-01-01T00:36:00Z</time>
        <extensions>
          <gpxtpx:TrackPointExtension>
            <gpxtpx:hr>140</gpxtpx:hr>
          </gpxtpx:TrackPointExtension>
        </extensions>
      </trkpt>
      <trkpt lat="22.753180965387063" lon="113.73466418485474">
        <ele>5.842213026247919</ele>
        <time>1970-01-01T00:36:01Z</time>
        <extensions>
          <gpxtpx:TrackPointExtension>
            <gpxtpx:hr>140</gpxtpx:hr>
          </gpxtpx:TrackPointExtension>
        </extensions>
      </trkpt>
      <trkpt lat="22.753169070132927" lon="113.73464422840365">
        <ele>5.812276382930577</ele>
        <time>1970-01-01T00:36:02Z</time>
        <extensions>
          <gpxtpx:TrackPointExtension>
            <gpxtpx:hr>140</gpxtpx:hr>
          </gpxtpx:TrackPointExtension>
        </extensions>
      </trkpt>
      <trkpt lat="22.7531574796447" lon="113.7346246603201">
        <ele>5.785000262781978</ele>
        <time>1970-01-01T00:36:03Z</time>
        <extensions>
          <gpxtpx:TrackPointExtension>
            <gpxtpx:hr>140</gpxtpx:hr>
          </gpxtpx:TrackPointExtension>
        </extensions>
      </trkpt>
      <trkpt lat="22.753146309701197" lon="113.7346054115447">
        <ele>5.762079012580216</ele>
        <time>1970-01-01T00:36:04Z</time>
        <extensions>
          <gpxtpx:TrackPointExtension>
            <gpxtpx:hr>140</gpxtpx:hr>
          </gpxtpx:TrackPointExtension>
        </extensions>
      </trkpt>
      <trkpt lat="22.753134387832034" lon="113.73458649469221">
        <ele>5.7446136977523565</ele>
        <time>1970-01-01T00:36:05Z</time>
        <extensions>
          <gpxtpx:TrackPointExtension>
            <gpxtpx:hr>140</gpxtpx:hr>
          </gpxtpx:TrackPointExtension>
        </extensions>
      </trkpt>
      <trkpt lat="22.753121481289426" lon="113.73456771819964">
        <ele>5.733039854094386</ele>
        <time>1970-01-01T00:36:06Z</time>
        <extensions>
          <gpxtpx:TrackPointExtension>
            <gpxtpx:hr>140</gpxtpx:hr>
          </gpxtpx:TrackPointExtension>
        </extensions>
      </trkpt>
      <trkpt lat="22.75310790660578" lon="113.73454887126543">
        <ele>5.7272210186347365</ele>
        <time>1970-01-01T00:36:07Z</time>
        <extensions>
          <gpxtpx:TrackPointExtension>
            <gpxtpx:hr>140</gpxtpx:hr>
          </gpxtpx:TrackPointExtension>
        </extensions>
      </trkpt>
      <trkpt lat="22.75309359610854" lon="113.73453022285942">
        <ele>5.726766936480999</ele>
        <time>1970-01-01T00:36:08Z</time>
        <extensions>
          <gpxtpx:TrackPointExtension>
            <gpxtpx:hr>140</gpxtpx:hr>
          </gpxtpx:TrackPointExtension>
        </extensions>
      </trkpt>
      <trkpt lat="22.753078677393706" lon="113.73451173067761">
        <ele>5.730730473995209</ele>
        <time>1970-01-01T00:36:09Z</time>
        <extensions>
          <gpxtpx:TrackPointExtension>
            <gpxtpx:hr>140</gpxtpx:hr>
          </gpxtpx:TrackPointExtension>
        </extensions>
      </trkpt>
      <trkpt lat="22.7530637840954" lon="113.7344930850493">
        <ele>5.737959390506148</ele>
        <time>1970-01-01T00:36:10Z</time>
        <extensions>
          <gpxtpx:TrackPointExtension>
            <gpxtpx:hr>140</gpxtpx:hr>
          </gpxtpx:TrackPointExtension>
        </extensions>
      </trkpt>
      <trkpt lat="22.753049048965853" lon="113.73447425388296">
        <ele>5.747297833673656</ele>
        <time>1970-01-01T00:36:11Z</time>
        <extensions>
          <gpxtpx:TrackPointExtension>
            <gpxtpx:hr>140</gpxtpx:hr>
          </gpxtpx:TrackPointExtension>
        </extensions>
      </trkpt>
      <trkpt lat="22.753034025819304" lon="113.73445533872236">
        <ele>5.757769200950861</ele>
        <time>1970-01-01T00:36:12Z</time>
        <extensions>
          <gpxtpx:TrackPointExtension>
            <gpxtpx:hr>140</gpxtpx:hr>
          </gpxtpx:TrackPointExtension>
        </extensions>
      </trkpt>
      <trkpt lat="22.75301843806277" lon="113.73443681747315">
        <ele>5.768496262840927</ele>
        <time>1970-01-01T00:36:13Z</time>
        <extensions>
          <gpxtpx:TrackPointExtension>
            <gpxtpx:hr>140</gpxtpx:hr>
          </gpxtpx:TrackPointExtension>
        </extensions>
      </trkpt>
      <trkpt lat="22.75300239429201" lon="113.73441911420821">
        <ele>5.7788104098290205</ele>
        <time>1970-01-01T00:36:14Z</time>
        <extensions>
          <gpxtpx:TrackPointExtension>
            <gpxtpx:hr>140</gpxtpx:hr>
          </gpxtpx:TrackPointExtension>
        </extensions>
      </trkpt>
      <trkpt lat="22.752985791200047" lon="113.73440234966726">
        <ele>5.788287848234177</ele>
        <time>1970-01-01T00:36:15Z</time>
        <extensions>
          <gpxtpx:TrackPointExtension>
            <gpxtpx:hr>140</gpxtpx:hr>
          </gpxtpx:TrackPointExtension>
        </extensions>
      </trkpt>
      <trkpt lat="22.75296812389874" lon="113.73438616697284">
        <ele>5.796710041351616</ele>
        <time>1970-01-01T00:36:16Z</time>
        <extensions>
          <gpxtpx:TrackPointExtension>
            <gpxtpx:hr>140</gpxtpx:hr>
          </gpxtpx:TrackPointExtension>
        </extensions>
      </trkpt>
      <trkpt lat="22.752949880844778" lon="113.73437067454049">
        <ele>5.803838917054236</ele>
        <time>1970-01-01T00:36:17Z</time>
        <extensions>
          <gpxtpx:TrackPointExtension>
            <gpxtpx:hr>140</gpxtpx:hr>
          </gpxtpx:TrackPointExtension>
        </extensions>
      </trkpt>
      <trkpt lat="22.75293160170868" lon="113.73435666133703">
        <ele>5.809793755412102</ele>
        <time>1970-01-01T00:36:18Z</time>
        <extensions>
          <gpxtpx:TrackPointExtension>
            <gpxtpx:hr>140</gpxtpx:hr>
          </gpxtpx:TrackPointExtension>
        </extensions>
      </trkpt>
      <trkpt lat="22.75291313106191" lon="113.73434350255887">
        <ele>5.814784076064825</ele>
        <time>1970-01-01T00:36:19Z</time>
        <extensions>
          <gpxtpx:TrackPointExtension>
            <gpxtpx:hr>140</gpxtpx:hr>
          </gpxtpx:TrackPointExtension>
        </extensions>
      </trkpt>
      <trkpt lat="22.752894553882058" lon="113.73433000794125">
        <ele>5.8189672296866775</ele>
        <time>1970-01-01T00:36:20Z</time>
        <extensions>
          <gpxtpx:TrackPointExtension>
            <gpxtpx:hr>140</gpxtpx:hr>
          </gpxtpx:TrackPointExtension>
        </extensions>
      </trkpt>
      <trkpt lat="22.752876372134335" lon="113.73431596956696">
        <ele>5.822216405533254</ele>
        <time>1970-01-01T00:36:21Z</time>
        <extensions>
          <gpxtpx:TrackPointExtension>
            <gpxtpx:hr>140</gpxtpx:hr>
          </gpxtpx:TrackPointExtension>
        </extensions>
      </trkpt>
      <trkpt lat="22.752859153193484" lon="113.73430186586012">
        <ele>5.824402174912393</ele>
        <time>1970-01-01T00:36:22Z</time>
        <extensions>
          <gpxtpx:TrackPointExtension>
            <gpxtpx:hr>140</gpxtpx:hr>
          </gpxtpx:TrackPointExtension>
        </extensions>
      </trkpt>
      <trkpt lat="22.75284267132139" lon="113.73428811147883">
        <ele>5.825075114145875</ele>
        <time>1970-01-01T00:36:23Z</time>
        <extensions>
          <gpxtpx:TrackPointExtension>
            <gpxtpx:hr>142</gpxtpx:hr>
          </gpxtpx:TrackPointExtension>
        </extensions>
      </trkpt>
      <trkpt lat="22.752826337013527" lon="113.7342744560061">
        <ele>5.823763336986303</ele>
        <time>1970-01-01T00:36:24Z</time>
        <extensions>
          <gpxtpx:TrackPointExtension>
            <gpxtpx:hr>142</gpxtpx:hr>
          </gpxtpx:TrackPointExtension>
        </extensions>
      </trkpt>
      <trkpt lat="22.752810181188917" lon="113.73426073783476">
        <ele>5.820146565325558</ele>
        <time>1970-01-01T00:36:25Z</time>
        <extensions>
          <gpxtpx:TrackPointExtension>
            <gpxtpx:hr>142</gpxtpx:hr>
          </gpxtpx:TrackPointExtension>
        </extensions>
      </trkpt>
      <trkpt lat="22.752794044670534" lon="113.73424724696366">
        <ele>5.814175038598478</ele>
        <time>1970-01-01T00:36:26Z</time>
        <extensions>
          <gpxtpx:TrackPointExtension>
            <gpxtpx:hr>142</gpxtpx:hr>
          </gpxtpx:TrackPointExtension>
        </extensions>
      </trkpt>
      <trkpt lat="22.752777299344274" lon="113.7342343893111">
        <ele>5.8062716936692595</ele>
        <time>1970-01-01T00:36:27Z</time>
        <extensions>
          <gpxtpx:TrackPointExtension>
            <gpxtpx:hr>142</gpxtpx:hr>
          </gpxtpx:TrackPointExtension>
        </extensions>
      </trkpt>
      <trkpt lat="22.7527596862119" lon="113.734221823273">
        <ele>5.797351556830108</ele>
        <time>1970-01-01T00:36:28Z</time>
        <extensions>
          <gpxtpx:TrackPointExtension>
            <gpxtpx:hr>143</gpxtpx:hr>
          </gpxtpx:TrackPointExtension>
        </extensions>
      </trkpt>
      <trkpt lat="22.75274178305877" lon="113.73420897845388">
        <ele>5.788569742813706</ele>
        <time>1970-01-01T00:36:29Z</time>
        <extensions>
          <gpxtpx:TrackPointExtension>
            <gpxtpx:hr>143</gpxtpx:hr>
          </gpxtpx:TrackPointExtension>
        </extensions>
      </trkpt>
      <trkpt lat="22.75272386552187" lon="113.7341957760347">
        <ele>5.781030946411192</ele>
        <time>1970-01-01T00:36:30Z</time>
        <extensions>
          <gpxtpx:TrackPointExtension>
            <gpxtpx:hr>143</gpxtpx:hr>
          </gpxtpx:TrackPointExtension>
        </extensions>
      </trkpt>
      <trkpt lat="22.75270544796871" lon="113.73418217121605">
        <ele>5.775529578328133</ele>
        <time>1970-01-01T00:36:31Z</time>
        <extensions>
          <gpxtpx:TrackPointExtension>
            <gpxtpx:hr>142</gpxtpx:hr>
          </gpxtpx:TrackPointExtension>
        </extensions>
      </trkpt>
      <trkpt lat="22.752686491865713" lon="113.73416839692436">
        <ele>5.772619214840233</ele>
        <time>1970-01-01T00:36:32Z</time>
        <extensions>
          <gpxtpx:TrackPointExtension>
            <gpxtpx:hr>142</gpxtpx:hr>
          </gpxtpx:TrackPointExtension>
        </extensions>
      </trkpt>
      <trkpt lat="22.752667426198048" lon="113.73415472607037">
        <ele>5.772441199980676</ele>
        <time>1970-01-01T00:36:33Z</time>
        <extensions>
          <gpxtpx:TrackPointExtension>
            <gpxtpx:hr>142</gpxtpx:hr>
          </gpxtpx:TrackPointExtension>
        </extensions>
      </trkpt>
      <trkpt lat="22.75264819755587" lon="113.73414115619087">
        <ele>5.774750505574048</ele>
        <time>1970-01-01T00:36:34Z</time>
        <extensions>
          <gpxtpx:TrackPointExtension>
            <gpxtpx:hr>142</gpxtpx:hr>
          </gpxtpx:TrackPointExtension>
        </extensions>
      </trkpt>
      <trkpt lat="22.752628785191174" lon="113.73412778948685">
        <ele>5.7789794690907</ele>
        <time>1970-01-01T00:36:35Z</time>
        <extensions>
          <gpxtpx:TrackPointExtension>
            <gpxtpx:hr>142</gpxtpx:hr>
          </gpxtpx:TrackPointExtension>
        </extensions>
      </trkpt>
      <trkpt lat="22.75260955750063" lon="113.73411458535105">
        <ele>5.784311542287469</ele>
        <time>1970-01-01T00:36:36Z</time>
        <extensions>
          <gpxtpx:TrackPointExtension>
            <gpxtpx:hr>142</gpxtpx:hr>
          </gpxtpx:TrackPointExtension>
        </extensions>
      </trkpt>
      <trkpt lat="22.752590453435158" lon="113.73410134095218">
        <ele>5.7901156432926655</ele>
        <time>1970-01-01T00:36:37Z</time>
        <extensions>
          <gpxtpx:TrackPointExtension>
            <gpxtpx:hr>142</gpxtpx:hr>
          </gpxtpx:TrackPointExtension>
        </extensions>
      </trkpt>
      <trkpt lat="22.752571022590647" lon="113.7340874501612">
        <ele>5.796040462329984</ele>
        <time>1970-01-01T00:36:38Z</time>
        <extensions>
          <gpxtpx:TrackPointExtension>
            <gpxtpx:hr>140</gpxtpx:hr>
          </gpxtpx:TrackPointExtension>
        </extensions>
      </trkpt>
      <trkpt lat="22.75255126193958" lon="113.73407250357668">
        <ele>5.8021024921908975</ele>
        <time>1970-01-01T00:36:39Z</time>
        <extensions>
          <gpxtpx:TrackPointExtension>
            <gpxtpx:hr>140</gpxtpx:hr>
          </gpxtpx:TrackPointExtension>
        </extensions>
      </trkpt>
      <trkpt lat="22.752531777499634" lon="113.73405702692438">
        <ele>5.808290406130254</ele>
        <time>1970-01-01T00:36:40Z</time>
        <extensions>
          <gpxtpx:TrackPointExtension>
            <gpxtpx:hr>140</gpxtpx:hr>
          </gpxtpx:TrackPointExtension>
        </extensions>
      </trkpt>
      <trkpt lat="22.75251299451178" lon="113.73404173572744">
        <ele>5.814847824163735</ele>
        <time>1970-01-01T00:36:41Z</time>
        <extensions>
          <gpxtpx:TrackPointExtension>
            <gpxtpx:hr>140</gpxtpx:hr>
          </gpxtpx:TrackPointExtension>
        </extensions>
      </trkpt>
      <trkpt lat="22.752494495333835" lon="113.7340266734031">
        <ele>5.821737451478839</ele>
        <time>1970-01-01T00:36:42Z</time>
        <extensions>
          <gpxtpx:TrackPointExtension>
            <gpxtpx:hr>140</gpxtpx:hr>
          </gpxtpx:TrackPointExtension>
        </extensions>
      </trkpt>
      <trkpt lat="22.752475759319456" lon="113.73401146068333">
        <ele>5.828665398992598</ele>
        <time>1970-01-01T00:36:43Z</time>
        <extensions>
          <gpxtpx:TrackPointExtension>
            <gpxtpx:hr>140</gpxtpx:hr>
          </gpxtpx:TrackPointExtension>
        </extensions>
      </trkpt>
      <trkpt lat="22.752456589712537" lon="113.73399626742484">
        <ele>5.83512503746897</ele>
        <time>1970-01-01T00:36:44Z</time>
        <extensions>
          <gpxtpx:TrackPointExtension>
            <gpxtpx:hr>140</gpxtpx:hr>
          </gpxtpx:TrackPointExtension>
        </extensions>
      </trkpt>
      <trkpt lat="22.752437175288993" lon="113.73398168411467">
        <ele>5.840722798369825</ele>
        <time>1970-01-01T00:36:45Z</time>
        <extensions>
          <gpxtpx:TrackPointExtension>
            <gpxtpx:hr>142</gpxtpx:hr>
          </gpxtpx:TrackPointExtension>
        </extensions>
      </trkpt>
      <trkpt lat="22.752417676708266" lon="113.73396789274545">
        <ele>5.844872858375311</ele>
        <time>1970-01-01T00:36:46Z</time>
        <extensions>
          <gpxtpx:TrackPointExtension>
            <gpxtpx:hr>142</gpxtpx:hr>
          </gpxtpx:TrackPointExtension>
        </extensions>
      </trkpt>
      <trkpt lat="22.75239821001192" lon="113.7339540897078">
        <ele>5.846743211150169</ele>
        <time>1970-01-01T00:36:47Z</time>
        <extensions>
          <gpxtpx:TrackPointExtension>
            <gpxtpx:hr>142</gpxtpx:hr>
          </gpxtpx:TrackPointExtension>
        </extensions>
      </trkpt>
      <trkpt lat="22.752378559232692" lon="113.73393974567774">
        <ele>5.8454294465482235</ele>
        <time>1970-01-01T00:36:48Z</time>
        <extensions>
          <gpxtpx:TrackPointExtension>
            <gpxtpx:hr>142</gpxtpx:hr>
          </gpxtpx:TrackPointExtension>
        </extensions>
      </trkpt>
      <trkpt lat="22.752358323892082" lon="113.73392466873659">
        <ele>5.840342104434967</ele>
        <time>1970-01-01T00:36:49Z</time>
        <extensions>
          <gpxtpx:TrackPointExtension>
            <gpxtpx:hr>142</gpxtpx:hr>
          </gpxtpx:TrackPointExtension>
        </extensions>
      </trkpt>
      <trkpt lat="22.752338009111572" lon="113.73390873538645">
        <ele>5.831234355457127</ele>
        <time>1970-01-01T00:36:50Z</time>
        <extensions>
          <gpxtpx:TrackPointExtension>
            <gpxtpx:hr>142</gpxtpx:hr>
          </gpxtpx:TrackPointExtension>
        </extensions>
      </trkpt>
      <trkpt lat="22.752318792445294" lon="113.73389314002576">
        <ele>5.818227746523917</ele>
        <time>1970-01-01T00:36:51Z</time>
        <extensions>
          <gpxtpx:TrackPointExtension>
            <gpxtpx:hr>142</gpxtpx:hr>
          </gpxtpx:TrackPointExtension>
        </extensions>
      </trkpt>
      <trkpt lat="22.75230026990481" lon="113.73387821727385">
        <ele>5.801934954710305</ele>
        <time>1970-01-01T00:36:52Z</time>
        <extensions>
          <gpxtpx:TrackPointExtension>
            <gpxtpx:hr>143</gpxtpx:hr>
          </gpxtpx:TrackPointExtension>
        </extensions>
      </trkpt>
      <trkpt lat="22.7522816104315" lon="113.73386330628634">
        <ele>5.783443380147219</ele>
        <time>1970-01-01T00:36:53Z</time>
        <extensions>
          <gpxtpx:TrackPointExtension>
            <gpxtpx:hr>143</gpxtpx:hr>
          </gpxtpx:TrackPointExtension>
        </extensions>
      </trkpt>
      <trkpt lat="22.75226231342391" lon="113.73384831544898">
        <ele>5.763625250197947</ele>
        <time>1970-01-01T00:36:54Z</time>
        <extensions>
          <gpxtpx:TrackPointExtension>
            <gpxtpx:hr>143</gpxtpx:hr>
          </gpxtpx:TrackPointExtension>
        </extensions>
      </trkpt>
      <trkpt lat="22.752242201087896" lon="113.73383321424586">
        <ele>5.743352348916233</ele>
        <time>1970-01-01T00:36:55Z</time>
        <extensions>
          <gpxtpx:TrackPointExtension>
            <gpxtpx:hr>143</gpxtpx:hr>
          </gpxtpx:TrackPointExtension>
        </extensions>
      </trkpt>
      <trkpt lat="22.75222237939521" lon="113.73381794323022">
        <ele>5.723422843031585</ele>
        <time>1970-01-01T00:36:56Z</time>
        <extensions>
          <gpxtpx:TrackPointExtension>
            <gpxtpx:hr>143</gpxtpx:hr>
          </gpxtpx:TrackPointExtension>
        </extensions>
      </trkpt>
      <trkpt lat="22.752204326467933" lon="113.73380221658564">
        <ele>5.704631271772087</ele>
        <time>1970-01-01T00:36:57Z</time>
        <extensions>
          <gpxtpx:TrackPointExtension>
            <gpxtpx:hr>143</gpxtpx:hr>
          </gpxtpx:TrackPointExtension>
        </extensions>
      </trkpt>
      <trkpt lat="22.75218673472656" lon="113.73378563451574">
        <ele>5.687611813656986</ele>
        <time>1970-01-01T00:36:58Z</time>
        <extensions>
          <gpxtpx:TrackPointExtension>
            <gpxtpx:hr>143</gpxtpx:hr>
          </gpxtpx:TrackPointExtension>
        </extensions>
      </trkpt>
      <trkpt lat="22.752167859841634" lon="113.73376866943495">
        <ele>5.673132217489183</ele>
        <time>1970-01-01T00:36:59Z</time>
        <extensions>
          <gpxtpx:TrackPointExtension>
            <gpxtpx:hr>145</gpxtpx:hr>
          </gpxtpx:TrackPointExtension>
        </extensions>
      </trkpt>
      <trkpt lat="22.752148718285245" lon="113.73375190220773">
        <ele>5.661906816065311</ele>
        <time>1970-01-01T00:37:00Z</time>
        <extensions>
          <gpxtpx:TrackPointExtension>
            <gpxtpx:hr>145</gpxtpx:hr>
          </gpxtpx:TrackPointExtension>
        </extensions>
      </trkpt>
      <trkpt lat="22.752130197823863" lon="113.73373586872026">
        <ele>5.654397282749414</ele>
        <time>1970-01-01T00:37:01Z</time>
        <extensions>
          <gpxtpx:TrackPointExtension>
            <gpxtpx:hr>145</gpxtpx:hr>
          </gpxtpx:TrackPointExtension>
        </extensions>
      </trkpt>
      <trkpt lat="22.752112015800687" lon="113.73372096876601">
        <ele>5.650622349232435</ele>
        <time>1970-01-01T00:37:02Z</time>
        <extensions>
          <gpxtpx:TrackPointExtension>
            <gpxtpx:hr>145</gpxtpx:hr>
          </gpxtpx:TrackPointExtension>
        </extensions>
      </trkpt>
      <trkpt lat="22.75209392129603" lon="113.73370691389354">
        <ele>5.650106985121965</ele>
        <time>1970-01-01T00:37:03Z</time>
        <extensions>
          <gpxtpx:TrackPointExtension>
            <gpxtpx:hr>145</gpxtpx:hr>
          </gpxtpx:TrackPointExtension>
        </extensions>
      </trkpt>
      <trkpt lat="22.752075561791873" lon="113.73369353749744">
        <ele>5.651895275339484</ele>
        <time>1970-01-01T00:37:04Z</time>
        <extensions>
          <gpxtpx:TrackPointExtension>
            <gpxtpx:hr>145</gpxtpx:hr>
          </gpxtpx:TrackPointExtension>
        </extensions>
      </trkpt>
      <trkpt lat="22.7520568540011" lon="113.73368047967284">
        <ele>5.654685627669096</ele>
        <time>1970-01-01T00:37:05Z</time>
        <extensions>
          <gpxtpx:TrackPointExtension>
            <gpxtpx:hr>145</gpxtpx:hr>
          </gpxtpx:TrackPointExtension>
        </extensions>
      </trkpt>
      <trkpt lat="22.75203787932362" lon="113.73366731215451">
        <ele>5.657093293964863</ele>
        <time>1970-01-01T00:37:06Z</time>
        <extensions>
          <gpxtpx:TrackPointExtension>
            <gpxtpx:hr>145</gpxtpx:hr>
          </gpxtpx:TrackPointExtension>
        </extensions>
      </trkpt>
      <trkpt lat="22.75201873071899" lon="113.73365362173163">
        <ele>5.657876465469599</ele>
        <time>1970-01-01T00:37:07Z</time>
        <extensions>
          <gpxtpx:TrackPointExtension>
            <gpxtpx:hr>145</gpxtpx:hr>
          </gpxtpx:TrackPointExtension>
        </extensions>
      </trkpt>
      <trkpt lat="22.7519992008682" lon="113.73363970029722">
        <ele>5.656461091712117</ele>
        <time>1970-01-01T00:37:08Z</time>
        <extensions>
          <gpxtpx:TrackPointExtension>
            <gpxtpx:hr>144</gpxtpx:hr>
          </gpxtpx:TrackPointExtension>
        </extensions>
      </trkpt>
      <trkpt lat="22.751979415400452" lon="113.73362622247271">
        <ele>5.652568738907576</ele>
        <time>1970-01-01T00:37:09Z</time>
        <extensions>
          <gpxtpx:TrackPointExtension>
            <gpxtpx:hr>144</gpxtpx:hr>
          </gpxtpx:TrackPointExtension>
        </extensions>
      </trkpt>
      <trkpt lat="22.75195969108922" lon="113.73361314748472">
        <ele>5.646466278471053</ele>
        <time>1970-01-01T00:37:10Z</time>
        <extensions>
          <gpxtpx:TrackPointExtension>
            <gpxtpx:hr>144</gpxtpx:hr>
          </gpxtpx:TrackPointExtension>
        </extensions>
      </trkpt>
      <trkpt lat="22.751940127468686" lon="113.73360002024934">
        <ele>5.638998307287693</ele>
        <time>1970-01-01T00:37:11Z</time>
        <extensions>
          <gpxtpx:TrackPointExtension>
            <gpxtpx:hr>144</gpxtpx:hr>
          </gpxtpx:TrackPointExtension>
        </extensions>
      </trkpt>
      <trkpt lat="22.751920834847958" lon="113.73358665764857">
        <ele>5.631520710885525</ele>
        <time>1970-01-01T00:37:12Z</time>
        <extensions>
          <gpxtpx:TrackPointExtension>
            <gpxtpx:hr>144</gpxtpx:hr>
          </gpxtpx:TrackPointExtension>
        </extensions>
      </trkpt>
      <trkpt lat="22.751902152993118" lon="113.7335733056752">
        <ele>5.624882151372731</ele>
        <time>1970-01-01T00:37:13Z</time>
        <extensions>
          <gpxtpx:TrackPointExtension>
            <gpxtpx:hr>143</gpxtpx:hr>
          </gpxtpx:TrackPointExtension>
        </extensions>
      </trkpt>
      <trkpt lat="22.751883627651456" lon="113.73356008574166">
        <ele>5.620004057884216</ele>
        <time>1970-01-01T00:37:14Z</time>
        <extensions>
          <gpxtpx:TrackPointExtension>
            <gpxtpx:hr>143</gpxtpx:hr>
          </gpxtpx:TrackPointExtension>
        </extensions>
      </trkpt>
      <trkpt lat="22.751865008891357" lon="113.7335462234169">
        <ele>5.617752334102988</ele>
        <time>1970-01-01T00:37:15Z</time>
        <extensions>
          <gpxtpx:TrackPointExtension>
            <gpxtpx:hr>143</gpxtpx:hr>
          </gpxtpx:TrackPointExtension>
        </extensions>
      </trkpt>
      <trkpt lat="22.751847028991527" lon="113.73353197976928">
        <ele>5.618633805774152</ele>
        <time>1970-01-01T00:37:16Z</time>
        <extensions>
          <gpxtpx:TrackPointExtension>
            <gpxtpx:hr>143</gpxtpx:hr>
          </gpxtpx:TrackPointExtension>
        </extensions>
      </trkpt>
      <trkpt lat="22.751829843744744" lon="113.7335183344813">
        <ele>5.622904134914279</ele>
        <time>1970-01-01T00:37:17Z</time>
        <extensions>
          <gpxtpx:TrackPointExtension>
            <gpxtpx:hr>143</gpxtpx:hr>
          </gpxtpx:TrackPointExtension>
        </extensions>
      </trkpt>
      <trkpt lat="22.751812408583856" lon="113.73350473033159">
        <ele>5.630176909267902</ele>
        <time>1970-01-01T00:37:18Z</time>
        <extensions>
          <gpxtpx:TrackPointExtension>
            <gpxtpx:hr>143</gpxtpx:hr>
          </gpxtpx:TrackPointExtension>
        </extensions>
      </trkpt>
      <trkpt lat="22.75179405231768" lon="113.73349050504164">
        <ele>5.639437874779105</ele>
        <time>1970-01-01T00:37:19Z</time>
        <extensions>
          <gpxtpx:TrackPointExtension>
            <gpxtpx:hr>142</gpxtpx:hr>
          </gpxtpx:TrackPointExtension>
        </extensions>
      </trkpt>
      <trkpt lat="22.751775056000067" lon="113.73347537022217">
        <ele>5.649062931537628</ele>
        <time>1970-01-01T00:37:20Z</time>
        <extensions>
          <gpxtpx:TrackPointExtension>
            <gpxtpx:hr>142</gpxtpx:hr>
          </gpxtpx:TrackPointExtension>
        </extensions>
      </trkpt>
      <trkpt lat="22.751756158113288" lon="113.73345986472832">
        <ele>5.656954416073859</ele>
        <time>1970-01-01T00:37:21Z</time>
        <extensions>
          <gpxtpx:TrackPointExtension>
            <gpxtpx:hr>142</gpxtpx:hr>
          </gpxtpx:TrackPointExtension>
        </extensions>
      </trkpt>
      <trkpt lat="22.75173744753594" lon="113.73344459618936">
        <ele>5.661000989377499</ele>
        <time>1970-01-01T00:37:22Z</time>
        <extensions>
          <gpxtpx:TrackPointExtension>
            <gpxtpx:hr>142</gpxtpx:hr>
          </gpxtpx:TrackPointExtension>
        </extensions>
      </trkpt>
      <trkpt lat="22.751719116334588" lon="113.73342985624592">
        <ele>5.6598221361637115</ele>
        <time>1970-01-01T00:37:23Z</time>
        <extensions>
          <gpxtpx:TrackPointExtension>
            <gpxtpx:hr>142</gpxtpx:hr>
          </gpxtpx:TrackPointExtension>
        </extensions>
      </trkpt>
      <trkpt lat="22.75170102739652" lon="113.73341548624006">
        <ele>5.652778544463217</ele>
        <time>1970-01-01T00:37:24Z</time>
        <extensions>
          <gpxtpx:TrackPointExtension>
            <gpxtpx:hr>142</gpxtpx:hr>
          </gpxtpx:TrackPointExtension>
        </extensions>
      </trkpt>
      <trkpt lat="22.751682979565736" lon="113.73340106247171">
        <ele>5.639828664250672</ele>
        <time>1970-01-01T00:37:25Z</time>
        <extensions>
          <gpxtpx:TrackPointExtension>
            <gpxtpx:hr>142</gpxtpx:hr>
          </gpxtpx:TrackPointExtension>
        </extensions>
      </trkpt>
      <trkpt lat="22.751664830447808" lon="113.73338633756266">
        <ele>5.62139196973294</ele>
        <time>1970-01-01T00:37:26Z</time>
        <extensions>
          <gpxtpx:TrackPointExtension>
            <gpxtpx:hr>142</gpxtpx:hr>
          </gpxtpx:TrackPointExtension>
        </extensions>
      </trkpt>
      <trkpt lat="22.751646279327886" lon="113.7333721333459">
        <ele>5.598186301998794</ele>
        <time>1970-01-01T00:37:27Z</time>
        <extensions>
          <gpxtpx:TrackPointExtension>
            <gpxtpx:hr>142</gpxtpx:hr>
          </gpxtpx:TrackPointExtension>
        </extensions>
      </trkpt>
      <trkpt lat="22.751627414631056" lon="113.73335906567824">
        <ele>5.57127601467073</ele>
        <time>1970-01-01T00:37:28Z</time>
        <extensions>
          <gpxtpx:TrackPointExtension>
            <gpxtpx:hr>142</gpxtpx:hr>
          </gpxtpx:TrackPointExtension>
        </extensions>
      </trkpt>
      <trkpt lat="22.75160880093053" lon="113.73334665936574">
        <ele>5.541979039087892</ele>
        <time>1970-01-01T00:37:29Z</time>
        <extensions>
          <gpxtpx:TrackPointExtension>
            <gpxtpx:hr>142</gpxtpx:hr>
          </gpxtpx:TrackPointExtension>
        </extensions>
      </trkpt>
      <trkpt lat="22.751590059252802" lon="113.73333396495526">
        <ele>5.511571176350117</ele>
        <time>1970-01-01T00:37:30Z</time>
        <extensions>
          <gpxtpx:TrackPointExtension>
            <gpxtpx:hr>142</gpxtpx:hr>
          </gpxtpx:TrackPointExtension>
        </extensions>
      </trkpt>
      <trkpt lat="22.751570672146396" lon="113.7333207460874">
        <ele>5.481425331905484</ele>
        <time>1970-01-01T00:37:31Z</time>
        <extensions>
          <gpxtpx:TrackPointExtension>
            <gpxtpx:hr>142</gpxtpx:hr>
          </gpxtpx:TrackPointExtension>
        </extensions>
      </trkpt>
      <trkpt lat="22.751550804299843" lon="113.73330683648092">
        <ele>5.452624238096178</ele>
        <time>1970-01-01T00:37:32Z</time>
        <extensions>
          <gpxtpx:TrackPointExtension>
            <gpxtpx:hr>142</gpxtpx:hr>
          </gpxtpx:TrackPointExtension>
        </extensions>
      </trkpt>
      <trkpt lat="22.75153092490422" lon="113.73329250619355">
        <ele>5.425955481827259</ele>
        <time>1970-01-01T00:37:33Z</time>
        <extensions>
          <gpxtpx:TrackPointExtension>
            <gpxtpx:hr>142</gpxtpx:hr>
          </gpxtpx:TrackPointExtension>
        </extensions>
      </trkpt>
      <trkpt lat="22.7515110267218" lon="113.73327824122893">
        <ele>5.4020698592066765</ele>
        <time>1970-01-01T00:37:34Z</time>
        <extensions>
          <gpxtpx:TrackPointExtension>
            <gpxtpx:hr>142</gpxtpx:hr>
          </gpxtpx:TrackPointExtension>
        </extensions>
      </trkpt>
      <trkpt lat="22.751491472347666" lon="113.73326430400667">
        <ele>5.381526844576001</ele>
        <time>1970-01-01T00:37:35Z</time>
        <extensions>
          <gpxtpx:TrackPointExtension>
            <gpxtpx:hr>142</gpxtpx:hr>
          </gpxtpx:TrackPointExtension>
        </extensions>
      </trkpt>
      <trkpt lat="22.751472409034175" lon="113.73325034488478">
        <ele>5.364769142121077</ele>
        <time>1970-01-01T00:37:36Z</time>
        <extensions>
          <gpxtpx:TrackPointExtension>
            <gpxtpx:hr>142</gpxtpx:hr>
          </gpxtpx:TrackPointExtension>
        </extensions>
      </trkpt>
      <trkpt lat="22.7514532411424" lon="113.73323575404915">
        <ele>5.3521628668531775</ele>
        <time>1970-01-01T00:37:37Z</time>
        <extensions>
          <gpxtpx:TrackPointExtension>
            <gpxtpx:hr>142</gpxtpx:hr>
          </gpxtpx:TrackPointExtension>
        </extensions>
      </trkpt>
      <trkpt lat="22.751433931023843" lon="113.73322064660971">
        <ele>5.3439414435997605</ele>
        <time>1970-01-01T00:37:38Z</time>
        <extensions>
          <gpxtpx:TrackPointExtension>
            <gpxtpx:hr>142</gpxtpx:hr>
          </gpxtpx:TrackPointExtension>
        </extensions>
      </trkpt>
      <trkpt lat="22.75141498767952" lon="113.73320566016783">
        <ele>5.3402027655392885</ele>
        <time>1970-01-01T00:37:39Z</time>
        <extensions>
          <gpxtpx:TrackPointExtension>
            <gpxtpx:hr>142</gpxtpx:hr>
          </gpxtpx:TrackPointExtension>
        </extensions>
      </trkpt>
      <trkpt lat="22.751396186449163" lon="113.73319124268012">
        <ele>5.34089782834053</ele>
        <time>1970-01-01T00:37:40Z</time>
        <extensions>
          <gpxtpx:TrackPointExtension>
            <gpxtpx:hr>142</gpxtpx:hr>
          </gpxtpx:TrackPointExtension>
        </extensions>
      </trkpt>
      <trkpt lat="22.751376853755467" lon="113.73317709639403">
        <ele>5.3457773309201</ele>
        <time>1970-01-01T00:37:41Z</time>
        <extensions>
          <gpxtpx:TrackPointExtension>
            <gpxtpx:hr>142</gpxtpx:hr>
          </gpxtpx:TrackPointExtension>
        </extensions>
      </trkpt>
      <trkpt lat="22.751356702028783" lon="113.73316259368139">
        <ele>5.354459693655372</ele>
        <time>1970-01-01T00:37:42Z</time>
        <extensions>
          <gpxtpx:TrackPointExtension>
            <gpxtpx:hr>142</gpxtpx:hr>
          </gpxtpx:TrackPointExtension>
        </extensions>
      </trkpt>
      <trkpt lat="22.751336352707217" lon="113.73314810591783">
        <ele>5.3664920115843415</ele>
        <time>1970-01-01T00:37:43Z</time>
        <extensions>
          <gpxtpx:TrackPointExtension>
            <gpxtpx:hr>142</gpxtpx:hr>
          </gpxtpx:TrackPointExtension>
        </extensions>
      </trkpt>
      <trkpt lat="22.751316266822343" lon="113.73313440802104">
        <ele>5.380907858721912</ele>
        <time>1970-01-01T00:37:44Z</time>
        <extensions>
          <gpxtpx:TrackPointExtension>
            <gpxtpx:hr>143</gpxtpx:hr>
          </gpxtpx:TrackPointExtension>
        </extensions>
      </trkpt>
      <trkpt lat="22.751296504344324" lon="113.73312157719494">
        <ele>5.396779797039926</ele>
        <time>1970-01-01T00:37:45Z</time>
        <extensions>
          <gpxtpx:TrackPointExtension>
            <gpxtpx:hr>143</gpxtpx:hr>
          </gpxtpx:TrackPointExtension>
        </extensions>
      </trkpt>
      <trkpt lat="22.751277096124394" lon="113.73310908099612">
        <ele>5.413172737695277</ele>
        <time>1970-01-01T00:37:46Z</time>
        <extensions>
          <gpxtpx:TrackPointExtension>
            <gpxtpx:hr>143</gpxtpx:hr>
          </gpxtpx:TrackPointExtension>
        </extensions>
      </trkpt>
      <trkpt lat="22.751258011416883" lon="113.73309603725333">
        <ele>5.4291255213320255</ele>
        <time>1970-01-01T00:37:47Z</time>
        <extensions>
          <gpxtpx:TrackPointExtension>
            <gpxtpx:hr>143</gpxtpx:hr>
          </gpxtpx:TrackPointExtension>
        </extensions>
      </trkpt>
      <trkpt lat="22.751238846558785" lon="113.73308202273441">
        <ele>5.44346141256392</ele>
        <time>1970-01-01T00:37:48Z</time>
        <extensions>
          <gpxtpx:TrackPointExtension>
            <gpxtpx:hr>143</gpxtpx:hr>
          </gpxtpx:TrackPointExtension>
        </extensions>
      </trkpt>
      <trkpt lat="22.751219443582617" lon="113.73306712822115">
        <ele>5.455469028092921</ele>
        <time>1970-01-01T00:37:49Z</time>
        <extensions>
          <gpxtpx:TrackPointExtension>
            <gpxtpx:hr>143</gpxtpx:hr>
          </gpxtpx:TrackPointExtension>
        </extensions>
      </trkpt>
      <trkpt lat="22.751200381256158" lon="113.73305122101098">
        <ele>5.464420980773866</ele>
        <time>1970-01-01T00:37:50Z</time>
        <extensions>
          <gpxtpx:TrackPointExtension>
            <gpxtpx:hr>143</gpxtpx:hr>
          </gpxtpx:TrackPointExtension>
        </extensions>
      </trkpt>
      <trkpt lat="22.751182203082628" lon="113.73303501708286">
        <ele>5.4697633711621165</ele>
        <time>1970-01-01T00:37:51Z</time>
        <extensions>
          <gpxtpx:TrackPointExtension>
            <gpxtpx:hr>143</gpxtpx:hr>
          </gpxtpx:TrackPointExtension>
        </extensions>
      </trkpt>
      <trkpt lat="22.75116413214503" lon="113.73301916186489">
        <ele>5.471304030157626</ele>
        <time>1970-01-01T00:37:52Z</time>
        <extensions>
          <gpxtpx:TrackPointExtension>
            <gpxtpx:hr>143</gpxtpx:hr>
          </gpxtpx:TrackPointExtension>
        </extensions>
      </trkpt>
      <trkpt lat="22.751145860621914" lon="113.73300401510556">
        <ele>5.469482329674065</ele>
        <time>1970-01-01T00:37:53Z</time>
        <extensions>
          <gpxtpx:TrackPointExtension>
            <gpxtpx:hr>143</gpxtpx:hr>
          </gpxtpx:TrackPointExtension>
        </extensions>
      </trkpt>
      <trkpt lat="22.751127274539424" lon="113.73298924422271">
        <ele>5.465047067962587</ele>
        <time>1970-01-01T00:37:54Z</time>
        <extensions>
          <gpxtpx:TrackPointExtension>
            <gpxtpx:hr>143</gpxtpx:hr>
          </gpxtpx:TrackPointExtension>
        </extensions>
      </trkpt>
      <trkpt lat="22.751107815721586" lon="113.73297411193136">
        <ele>5.459187927655876</ele>
        <time>1970-01-01T00:37:55Z</time>
        <extensions>
          <gpxtpx:TrackPointExtension>
            <gpxtpx:hr>143</gpxtpx:hr>
          </gpxtpx:TrackPointExtension>
        </extensions>
      </trkpt>
      <trkpt lat="22.751088041415453" lon="113.73295859242403">
        <ele>5.453308536671102</ele>
        <time>1970-01-01T00:37:56Z</time>
        <extensions>
          <gpxtpx:TrackPointExtension>
            <gpxtpx:hr>143</gpxtpx:hr>
          </gpxtpx:TrackPointExtension>
        </extensions>
      </trkpt>
      <trkpt lat="22.751068796841388" lon="113.73294314495742">
        <ele>5.44871820975095</ele>
        <time>1970-01-01T00:37:57Z</time>
        <extensions>
          <gpxtpx:TrackPointExtension>
            <gpxtpx:hr>143</gpxtpx:hr>
          </gpxtpx:TrackPointExtension>
        </extensions>
      </trkpt>
      <trkpt lat="22.7510505447091" lon="113.73292831938427">
        <ele>5.4463716465979815</ele>
        <time>1970-01-01T00:37:58Z</time>
        <extensions>
          <gpxtpx:TrackPointExtension>
            <gpxtpx:hr>141</gpxtpx:hr>
          </gpxtpx:TrackPointExtension>
        </extensions>
      </trkpt>
      <trkpt lat="22.751032918823622" lon="113.73291447170068">
        <ele>5.446465692482889</ele>
        <time>1970-01-01T00:37:59Z</time>
        <extensions>
          <gpxtpx:TrackPointExtension>
            <gpxtpx:hr>141</gpxtpx:hr>
          </gpxtpx:TrackPointExtension>
        </extensions>
      </trkpt>
      <trkpt lat="22.751014869741798" lon="113.73290135201155">
        <ele>5.448563976213336</ele>
        <time>1970-01-01T00:38:00Z</time>
        <extensions>
          <gpxtpx:TrackPointExtension>
            <gpxtpx:hr>141</gpxtpx:hr>
          </gpxtpx:TrackPointExtension>
        </extensions>
      </trkpt>
      <trkpt lat="22.75099599425426" lon="113.73288855589267">
        <ele>5.451810819096863</ele>
        <time>1970-01-01T00:38:01Z</time>
        <extensions>
          <gpxtpx:TrackPointExtension>
            <gpxtpx:hr>141</gpxtpx:hr>
          </gpxtpx:TrackPointExtension>
        </extensions>
      </trkpt>
      <trkpt lat="22.750976670438728" lon="113.73287612122262">
        <ele>5.455282078124583</ele>
        <time>1970-01-01T00:38:02Z</time>
        <extensions>
          <gpxtpx:TrackPointExtension>
            <gpxtpx:hr>141</gpxtpx:hr>
          </gpxtpx:TrackPointExtension>
        </extensions>
      </trkpt>
      <trkpt lat="22.750957714188047" lon="113.73286356393609">
        <ele>5.458013919182122</ele>
        <time>1970-01-01T00:38:03Z</time>
        <extensions>
          <gpxtpx:TrackPointExtension>
            <gpxtpx:hr>141</gpxtpx:hr>
          </gpxtpx:TrackPointExtension>
        </extensions>
      </trkpt>
      <trkpt lat="22.750939616519876" lon="113.732850622675">
        <ele>5.459482382982969</ele>
        <time>1970-01-01T00:38:04Z</time>
        <extensions>
          <gpxtpx:TrackPointExtension>
            <gpxtpx:hr>141</gpxtpx:hr>
          </gpxtpx:TrackPointExtension>
        </extensions>
      </trkpt>
      <trkpt lat="22.750921755547076" lon="113.73283716809837">
        <ele>5.459533647634089</ele>
        <time>1970-01-01T00:38:05Z</time>
        <extensions>
          <gpxtpx:TrackPointExtension>
            <gpxtpx:hr>141</gpxtpx:hr>
          </gpxtpx:TrackPointExtension>
        </extensions>
      </trkpt>
      <trkpt lat="22.750903208872025" lon="113.73282299566435">
        <ele>5.458207565359771</ele>
        <time>1970-01-01T00:38:06Z</time>
        <extensions>
          <gpxtpx:TrackPointExtension>
            <gpxtpx:hr>141</gpxtpx:hr>
          </gpxtpx:TrackPointExtension>
        </extensions>
      </trkpt>
      <trkpt lat="22.75088419399921" lon="113.73280867322602">
        <ele>5.4559542229399085</ele>
        <time>1970-01-01T00:38:07Z</time>
        <extensions>
          <gpxtpx:TrackPointExtension>
            <gpxtpx:hr>141</gpxtpx:hr>
          </gpxtpx:TrackPointExtension>
        </extensions>
      </trkpt>
      <trkpt lat="22.750865147464577" lon="113.73279486753405">
        <ele>5.453619752079248</ele>
        <time>1970-01-01T00:38:08Z</time>
        <extensions>
          <gpxtpx:TrackPointExtension>
            <gpxtpx:hr>142</gpxtpx:hr>
          </gpxtpx:TrackPointExtension>
        </extensions>
      </trkpt>
      <trkpt lat="22.75084561389725" lon="113.73278125306814">
        <ele>5.452093451283872</ele>
        <time>1970-01-01T00:38:09Z</time>
        <extensions>
          <gpxtpx:TrackPointExtension>
            <gpxtpx:hr>142</gpxtpx:hr>
          </gpxtpx:TrackPointExtension>
        </extensions>
      </trkpt>
      <trkpt lat="22.750825623890425" lon="113.73276729167995">
        <ele>5.452164282090962</ele>
        <time>1970-01-01T00:38:10Z</time>
        <extensions>
          <gpxtpx:TrackPointExtension>
            <gpxtpx:hr>142</gpxtpx:hr>
          </gpxtpx:TrackPointExtension>
        </extensions>
      </trkpt>
      <trkpt lat="22.750806035008008" lon="113.73275298397535">
        <ele>5.454637384973466</ele>
        <time>1970-01-01T00:38:11Z</time>
        <extensions>
          <gpxtpx:TrackPointExtension>
            <gpxtpx:hr>142</gpxtpx:hr>
          </gpxtpx:TrackPointExtension>
        </extensions>
      </trkpt>
      <trkpt lat="22.750787532728417" lon="113.73273852618894">
        <ele>5.459870179183781</ele>
        <time>1970-01-01T00:38:12Z</time>
        <extensions>
          <gpxtpx:TrackPointExtension>
            <gpxtpx:hr>142</gpxtpx:hr>
          </gpxtpx:TrackPointExtension>
        </extensions>
      </trkpt>
      <trkpt lat="22.75076963745483" lon="113.73272420858433">
        <ele>5.467869658023119</ele>
        <time>1970-01-01T00:38:13Z</time>
        <extensions>
          <gpxtpx:TrackPointExtension>
            <gpxtpx:hr>142</gpxtpx:hr>
          </gpxtpx:TrackPointExtension>
        </extensions>
      </trkpt>
      <trkpt lat="22.750751469352522" lon="113.73270991190803">
        <ele>5.478172931820154</ele>
        <time>1970-01-01T00:38:14Z</time>
        <extensions>
          <gpxtpx:TrackPointExtension>
            <gpxtpx:hr>142</gpxtpx:hr>
          </gpxtpx:TrackPointExtension>
        </extensions>
      </trkpt>
      <trkpt lat="22.75073271312807" lon="113.73269526918092">
        <ele>5.489832928404212</ele>
        <time>1970-01-01T00:38:15Z</time>
        <extensions>
          <gpxtpx:TrackPointExtension>
            <gpxtpx:hr>142</gpxtpx:hr>
          </gpxtpx:TrackPointExtension>
        </extensions>
      </trkpt>
      <trkpt lat="22.75071336939373" lon="113.73268018347026">
        <ele>5.501471947878599</ele>
        <time>1970-01-01T00:38:16Z</time>
        <extensions>
          <gpxtpx:TrackPointExtension>
            <gpxtpx:hr>142</gpxtpx:hr>
          </gpxtpx:TrackPointExtension>
        </extensions>
      </trkpt>
      <trkpt lat="22.750693757631772" lon="113.73266496224947">
        <ele>5.5116852363571525</ele>
        <time>1970-01-01T00:38:17Z</time>
        <extensions>
          <gpxtpx:TrackPointExtension>
            <gpxtpx:hr>142</gpxtpx:hr>
          </gpxtpx:TrackPointExtension>
        </extensions>
      </trkpt>
      <trkpt lat="22.750674374751277" lon="113.73265001025173">
        <ele>5.5192280281335115</ele>
        <time>1970-01-01T00:38:18Z</time>
        <extensions>
          <gpxtpx:TrackPointExtension>
            <gpxtpx:hr>142</gpxtpx:hr>
          </gpxtpx:TrackPointExtension>
        </extensions>
      </trkpt>
      <trkpt lat="22.750655284717183" lon="113.73263564634814">
        <ele>5.523278946988285</ele>
        <time>1970-01-01T00:38:19Z</time>
        <extensions>
          <gpxtpx:TrackPointExtension>
            <gpxtpx:hr>142</gpxtpx:hr>
          </gpxtpx:TrackPointExtension>
        </extensions>
      </trkpt>
      <trkpt lat="22.750636181227062" lon="113.73262185138395">
        <ele>5.5234620943665504</ele>
        <time>1970-01-01T00:38:20Z</time>
        <extensions>
          <gpxtpx:TrackPointExtension>
            <gpxtpx:hr>142</gpxtpx:hr>
          </gpxtpx:TrackPointExtension>
        </extensions>
      </trkpt>
      <trkpt lat="22.750617047864477" lon="113.73260802031636">
        <ele>5.519740683026612</ele>
        <time>1970-01-01T00:38:21Z</time>
        <extensions>
          <gpxtpx:TrackPointExtension>
            <gpxtpx:hr>142</gpxtpx:hr>
          </gpxtpx:TrackPointExtension>
        </extensions>
      </trkpt>
      <trkpt lat="22.750597777004916" lon="113.73259374792423">
        <ele>5.512622634880245</ele>
        <time>1970-01-01T00:38:22Z</time>
        <extensions>
          <gpxtpx:TrackPointExtension>
            <gpxtpx:hr>142</gpxtpx:hr>
          </gpxtpx:TrackPointExtension>
        </extensions>
      </trkpt>
      <trkpt lat="22.750577678158937" lon="113.73257917191052">
        <ele>5.502913190983236</ele>
        <time>1970-01-01T00:38:23Z</time>
        <extensions>
          <gpxtpx:TrackPointExtension>
            <gpxtpx:hr>142</gpxtpx:hr>
          </gpxtpx:TrackPointExtension>
        </extensions>
      </trkpt>
      <trkpt lat="22.750557141503922" lon="113.7325643938587">
        <ele>5.491524676792324</ele>
        <time>1970-01-01T00:38:24Z</time>
        <extensions>
          <gpxtpx:TrackPointExtension>
            <gpxtpx:hr>142</gpxtpx:hr>
          </gpxtpx:TrackPointExtension>
        </extensions>
      </trkpt>
      <trkpt lat="22.750536947491497" lon="113.7325490672942">
        <ele>5.479382702149451</ele>
        <time>1970-01-01T00:38:25Z</time>
        <extensions>
          <gpxtpx:TrackPointExtension>
            <gpxtpx:hr>142</gpxtpx:hr>
          </gpxtpx:TrackPointExtension>
        </extensions>
      </trkpt>
      <trkpt lat="22.750517187825952" lon="113.73253326790363">
        <ele>5.467339367605746</ele>
        <time>1970-01-01T00:38:26Z</time>
        <extensions>
          <gpxtpx:TrackPointExtension>
            <gpxtpx:hr>142</gpxtpx:hr>
          </gpxtpx:TrackPointExtension>
        </extensions>
      </trkpt>
      <trkpt lat="22.75049828210636" lon="113.7325175639579">
        <ele>5.455998431891203</ele>
        <time>1970-01-01T00:38:27Z</time>
        <extensions>
          <gpxtpx:TrackPointExtension>
            <gpxtpx:hr>142</gpxtpx:hr>
          </gpxtpx:TrackPointExtension>
        </extensions>
      </trkpt>
      <trkpt lat="22.75048030187" lon="113.73250218885498">
        <ele>5.445763670839369</ele>
        <time>1970-01-01T00:38:28Z</time>
        <extensions>
          <gpxtpx:TrackPointExtension>
            <gpxtpx:hr>142</gpxtpx:hr>
          </gpxtpx:TrackPointExtension>
        </extensions>
      </trkpt>
      <trkpt lat="22.75046248331944" lon="113.7324866138079">
        <ele>5.436902544461191</ele>
        <time>1970-01-01T00:38:29Z</time>
        <extensions>
          <gpxtpx:TrackPointExtension>
            <gpxtpx:hr>142</gpxtpx:hr>
          </gpxtpx:TrackPointExtension>
        </extensions>
      </trkpt>
      <trkpt lat="22.75044430606824" lon="113.73247076075322">
        <ele>5.429765233770013</ele>
        <time>1970-01-01T00:38:30Z</time>
        <extensions>
          <gpxtpx:TrackPointExtension>
            <gpxtpx:hr>142</gpxtpx:hr>
          </gpxtpx:TrackPointExtension>
        </extensions>
      </trkpt>
      <trkpt lat="22.75042592750538" lon="113.73245539704628">
        <ele>5.424505151808262</ele>
        <time>1970-01-01T00:38:31Z</time>
        <extensions>
          <gpxtpx:TrackPointExtension>
            <gpxtpx:hr>144</gpxtpx:hr>
          </gpxtpx:TrackPointExtension>
        </extensions>
      </trkpt>
      <trkpt lat="22.75040747661963" lon="113.73244131200269">
        <ele>5.4210733491927385</ele>
        <time>1970-01-01T00:38:32Z</time>
        <extensions>
          <gpxtpx:TrackPointExtension>
            <gpxtpx:hr>144</gpxtpx:hr>
          </gpxtpx:TrackPointExtension>
        </extensions>
      </trkpt>
      <trkpt lat="22.750389646876705" lon="113.73242880416944">
        <ele>5.419293322600424</ele>
        <time>1970-01-01T00:38:33Z</time>
        <extensions>
          <gpxtpx:TrackPointExtension>
            <gpxtpx:hr>144</gpxtpx:hr>
          </gpxtpx:TrackPointExtension>
        </extensions>
      </trkpt>
      <trkpt lat="22.75037390676205" lon="113.73241751354537">
        <ele>5.41901383176446</ele>
        <time>1970-01-01T00:38:34Z</time>
        <extensions>
          <gpxtpx:TrackPointExtension>
            <gpxtpx:hr>144</gpxtpx:hr>
          </gpxtpx:TrackPointExtension>
        </extensions>
      </trkpt>
      <trkpt lat="22.750360944957446" lon="113.73240766567658">
        <ele>5.4199480805546045</ele>
        <time>1970-01-01T00:38:35Z</time>
        <extensions>
          <gpxtpx:TrackPointExtension>
            <gpxtpx:hr>144</gpxtpx:hr>
          </gpxtpx:TrackPointExtension>
        </extensions>
      </trkpt>
      <trkpt lat="22.75035367667522" lon="113.73240159889909">
        <ele>5.4219493279233575</ele>
        <time>1970-01-01T00:38:36Z</time>
        <extensions>
          <gpxtpx:TrackPointExtension>
            <gpxtpx:hr>144</gpxtpx:hr>
          </gpxtpx:TrackPointExtension>
        </extensions>
      </trkpt>
      <trkpt lat="22.750355558337453" lon="113.7324032736125">
        <ele>5.42502033803612</ele>
        <time>1970-01-01T00:38:37Z</time>
        <extensions>
          <gpxtpx:TrackPointExtension>
            <gpxtpx:hr>144</gpxtpx:hr>
          </gpxtpx:TrackPointExtension>
        </extensions>
      </trkpt>
      <trkpt lat="22.75036899436334" lon="113.7324133900756">
        <ele>5.429192150011659</ele>
        <time>1970-01-01T00:38:38Z</time>
        <extensions>
          <gpxtpx:TrackPointExtension>
            <gpxtpx:hr>143</gpxtpx:hr>
          </gpxtpx:TrackPointExtension>
        </extensions>
      </trkpt>
      <trkpt lat="22.750390535770613" lon="113.73242769974055">
        <ele>5.434376795776188</ele>
        <time>1970-01-01T00:38:39Z</time>
        <extensions>
          <gpxtpx:TrackPointExtension>
            <gpxtpx:hr>143</gpxtpx:hr>
          </gpxtpx:TrackPointExtension>
        </extensions>
      </trkpt>
      <trkpt lat="22.750412655433866" lon="113.73244203320954">
        <ele>5.4404654344543815</ele>
        <time>1970-01-01T00:38:40Z</time>
        <extensions>
          <gpxtpx:TrackPointExtension>
            <gpxtpx:hr>143</gpxtpx:hr>
          </gpxtpx:TrackPointExtension>
        </extensions>
      </trkpt>
      <trkpt lat="22.75043371106489" lon="113.73245510902788">
        <ele>5.447200417518616</ele>
        <time>1970-01-01T00:38:41Z</time>
        <extensions>
          <gpxtpx:TrackPointExtension>
            <gpxtpx:hr>143</gpxtpx:hr>
          </gpxtpx:TrackPointExtension>
        </extensions>
      </trkpt>
      <trkpt lat="22.750454279516887" lon="113.73246680782991">
        <ele>5.4541754657402635</ele>
        <time>1970-01-01T00:38:42Z</time>
        <extensions>
          <gpxtpx:TrackPointExtension>
            <gpxtpx:hr>143</gpxtpx:hr>
          </gpxtpx:TrackPointExtension>
        </extensions>
      </trkpt>
      <trkpt lat="22.75047479037749" lon="113.73247737397823">
        <ele>5.460928851738572</ele>
        <time>1970-01-01T00:38:43Z</time>
        <extensions>
          <gpxtpx:TrackPointExtension>
            <gpxtpx:hr>143</gpxtpx:hr>
          </gpxtpx:TrackPointExtension>
        </extensions>
      </trkpt>
      <trkpt lat="22.750495608203924" lon="113.73248717415919">
        <ele>5.46713996399194</ele>
        <time>1970-01-01T00:38:44Z</time>
        <extensions>
          <gpxtpx:TrackPointExtension>
            <gpxtpx:hr>143</gpxtpx:hr>
          </gpxtpx:TrackPointExtension>
        </extensions>
      </trkpt>
      <trkpt lat="22.75051654020761" lon="113.73249692004397">
        <ele>5.472637349739671</ele>
        <time>1970-01-01T00:38:45Z</time>
        <extensions>
          <gpxtpx:TrackPointExtension>
            <gpxtpx:hr>143</gpxtpx:hr>
          </gpxtpx:TrackPointExtension>
        </extensions>
      </trkpt>
      <trkpt lat="22.750537270180846" lon="113.73250724885031">
        <ele>5.477442647330463</ele>
        <time>1970-01-01T00:38:46Z</time>
        <extensions>
          <gpxtpx:TrackPointExtension>
            <gpxtpx:hr>143</gpxtpx:hr>
          </gpxtpx:TrackPointExtension>
        </extensions>
      </trkpt>
      <trkpt lat="22.750557278996208" lon="113.73251806286154">
        <ele>5.481755464337766</ele>
        <time>1970-01-01T00:38:47Z</time>
        <extensions>
          <gpxtpx:TrackPointExtension>
            <gpxtpx:hr>143</gpxtpx:hr>
          </gpxtpx:TrackPointExtension>
        </extensions>
      </trkpt>
      <trkpt lat="22.750576190196433" lon="113.73252886863617">
        <ele>5.485869942232966</ele>
        <time>1970-01-01T00:38:48Z</time>
        <extensions>
          <gpxtpx:TrackPointExtension>
            <gpxtpx:hr>143</gpxtpx:hr>
          </gpxtpx:TrackPointExtension>
        </extensions>
      </trkpt>
      <trkpt lat="22.75059490948207" lon="113.7325402056576">
        <ele>5.487191413529217</ele>
        <time>1970-01-01T00:38:49Z</time>
        <extensions>
          <gpxtpx:TrackPointExtension>
            <gpxtpx:hr>143</gpxtpx:hr>
          </gpxtpx:TrackPointExtension>
        </extensions>
      </trkpt>
      <trkpt lat="22.750613673213532" lon="113.73255311106759">
        <ele>5.4920074148103595</ele>
        <time>1970-01-01T00:38:50Z</time>
        <extensions>
          <gpxtpx:TrackPointExtension>
            <gpxtpx:hr>143</gpxtpx:hr>
          </gpxtpx:TrackPointExtension>
        </extensions>
      </trkpt>
      <trkpt lat="22.75063288964391" lon="113.73256765780104">
        <ele>5.500699907541275</ele>
        <time>1970-01-01T00:38:51Z</time>
        <extensions>
          <gpxtpx:TrackPointExtension>
            <gpxtpx:hr>143</gpxtpx:hr>
          </gpxtpx:TrackPointExtension>
        </extensions>
      </trkpt>
      <trkpt lat="22.75065264916033" lon="113.73258228638645">
        <ele>5.509115203283727</ele>
        <time>1970-01-01T00:38:52Z</time>
        <extensions>
          <gpxtpx:TrackPointExtension>
            <gpxtpx:hr>143</gpxtpx:hr>
          </gpxtpx:TrackPointExtension>
        </extensions>
      </trkpt>
      <trkpt lat="22.750671667125296" lon="113.73259628722654">
        <ele>5.517253020778298</ele>
        <time>1970-01-01T00:38:53Z</time>
        <extensions>
          <gpxtpx:TrackPointExtension>
            <gpxtpx:hr>144</gpxtpx:hr>
          </gpxtpx:TrackPointExtension>
        </extensions>
      </trkpt>
      <trkpt lat="22.750689123694464" lon="113.73261069636486">
        <ele>5.5254997396841645</ele>
        <time>1970-01-01T00:38:54Z</time>
        <extensions>
          <gpxtpx:TrackPointExtension>
            <gpxtpx:hr>144</gpxtpx:hr>
          </gpxtpx:TrackPointExtension>
        </extensions>
      </trkpt>
      <trkpt lat="22.750706194198354" lon="113.73262597229683">
        <ele>5.533014728687704</ele>
        <time>1970-01-01T00:38:55Z</time>
        <extensions>
          <gpxtpx:TrackPointExtension>
            <gpxtpx:hr>144</gpxtpx:hr>
          </gpxtpx:TrackPointExtension>
        </extensions>
      </trkpt>
      <trkpt lat="22.75072400508386" lon="113.73264117709932">
        <ele>5.541534146293998</ele>
        <time>1970-01-01T00:38:56Z</time>
        <extensions>
          <gpxtpx:TrackPointExtension>
            <gpxtpx:hr>144</gpxtpx:hr>
          </gpxtpx:TrackPointExtension>
        </extensions>
      </trkpt>
      <trkpt lat="22.750742356480973" lon="113.7326547740076">
        <ele>5.550459185615182</ele>
        <time>1970-01-01T00:38:57Z</time>
        <extensions>
          <gpxtpx:TrackPointExtension>
            <gpxtpx:hr>144</gpxtpx:hr>
          </gpxtpx:TrackPointExtension>
        </extensions>
      </trkpt>
      <trkpt lat="22.7507611164238" lon="113.73266700289193">
        <ele>5.559147627092898</ele>
        <time>1970-01-01T00:38:58Z</time>
        <extensions>
          <gpxtpx:TrackPointExtension>
            <gpxtpx:hr>144</gpxtpx:hr>
          </gpxtpx:TrackPointExtension>
        </extensions>
      </trkpt>
      <trkpt lat="22.750780574384375" lon="113.73268017373782">
        <ele>5.560022712685168</ele>
        <time>1970-01-01T00:38:59Z</time>
        <extensions>
          <gpxtpx:TrackPointExtension>
            <gpxtpx:hr>144</gpxtpx:hr>
          </gpxtpx:TrackPointExtension>
        </extensions>
      </trkpt>
      <trkpt lat="22.750799945822884" lon="113.73269411904035">
        <ele>5.551392688415945</ele>
        <time>1970-01-01T00:39:00Z</time>
        <extensions>
          <gpxtpx:TrackPointExtension>
            <gpxtpx:hr>144</gpxtpx:hr>
          </gpxtpx:TrackPointExtension>
        </extensions>
      </trkpt>
      <trkpt lat="22.750817845915517" lon="113.73270729328453">
        <ele>5.534788186661899</ele>
        <time>1970-01-01T00:39:01Z</time>
        <extensions>
          <gpxtpx:TrackPointExtension>
            <gpxtpx:hr>144</gpxtpx:hr>
          </gpxtpx:TrackPointExtension>
        </extensions>
      </trkpt>
      <trkpt lat="22.750834400524862" lon="113.73271969069424">
        <ele>5.51706022862345</ele>
        <time>1970-01-01T00:39:02Z</time>
        <extensions>
          <gpxtpx:TrackPointExtension>
            <gpxtpx:hr>144</gpxtpx:hr>
          </gpxtpx:TrackPointExtension>
        </extensions>
      </trkpt>
      <trkpt lat="22.750850571728705" lon="113.73273163465768">
        <ele>5.495160427875817</ele>
        <time>1970-01-01T00:39:03Z</time>
        <extensions>
          <gpxtpx:TrackPointExtension>
            <gpxtpx:hr>143</gpxtpx:hr>
          </gpxtpx:TrackPointExtension>
        </extensions>
      </trkpt>
      <trkpt lat="22.750866816841643" lon="113.73274355752261">
        <ele>5.476495372131467</ele>
        <time>1970-01-01T00:39:04Z</time>
        <extensions>
          <gpxtpx:TrackPointExtension>
            <gpxtpx:hr>143</gpxtpx:hr>
          </gpxtpx:TrackPointExtension>
        </extensions>
      </trkpt>
      <trkpt lat="22.750883551307826" lon="113.73275560630458">
        <ele>5.457175498828292</ele>
        <time>1970-01-01T00:39:05Z</time>
        <extensions>
          <gpxtpx:TrackPointExtension>
            <gpxtpx:hr>143</gpxtpx:hr>
          </gpxtpx:TrackPointExtension>
        </extensions>
      </trkpt>
      <trkpt lat="22.750900533895223" lon="113.73276741108118">
        <ele>5.433835404925048</ele>
        <time>1970-01-01T00:39:06Z</time>
        <extensions>
          <gpxtpx:TrackPointExtension>
            <gpxtpx:hr>143</gpxtpx:hr>
          </gpxtpx:TrackPointExtension>
        </extensions>
      </trkpt>
      <trkpt lat="22.750917678539384" lon="113.73277920705861">
        <ele>5.40365656465292</ele>
        <time>1970-01-01T00:39:07Z</time>
        <extensions>
          <gpxtpx:TrackPointExtension>
            <gpxtpx:hr>143</gpxtpx:hr>
          </gpxtpx:TrackPointExtension>
        </extensions>
      </trkpt>
      <trkpt lat="22.750934954034648" lon="113.7327913161569">
        <ele>5.367605612613261</ele>
        <time>1970-01-01T00:39:08Z</time>
        <extensions>
          <gpxtpx:TrackPointExtension>
            <gpxtpx:hr>143</gpxtpx:hr>
          </gpxtpx:TrackPointExtension>
        </extensions>
      </trkpt>
      <trkpt lat="22.750951949587176" lon="113.73280361071785">
        <ele>5.327423144131899</ele>
        <time>1970-01-01T00:39:09Z</time>
        <extensions>
          <gpxtpx:TrackPointExtension>
            <gpxtpx:hr>143</gpxtpx:hr>
          </gpxtpx:TrackPointExtension>
        </extensions>
      </trkpt>
      <trkpt lat="22.750969255825208" lon="113.7328163345833">
        <ele>5.286042638123035</ele>
        <time>1970-01-01T00:39:10Z</time>
        <extensions>
          <gpxtpx:TrackPointExtension>
            <gpxtpx:hr>143</gpxtpx:hr>
          </gpxtpx:TrackPointExtension>
        </extensions>
      </trkpt>
      <trkpt lat="22.75098736849899" lon="113.73282985907457">
        <ele>5.248786089941859</ele>
        <time>1970-01-01T00:39:11Z</time>
        <extensions>
          <gpxtpx:TrackPointExtension>
            <gpxtpx:hr>143</gpxtpx:hr>
          </gpxtpx:TrackPointExtension>
        </extensions>
      </trkpt>
      <trkpt lat="22.751005714189187" lon="113.73284406274178">
        <ele>5.218343131244183</ele>
        <time>1970-01-01T00:39:12Z</time>
        <extensions>
          <gpxtpx:TrackPointExtension>
            <gpxtpx:hr>143</gpxtpx:hr>
          </gpxtpx:TrackPointExtension>
        </extensions>
      </trkpt>
      <trkpt lat="22.75102387332425" lon="113.73285862488429">
        <ele>5.192713706754148</ele>
        <time>1970-01-01T00:39:13Z</time>
        <extensions>
          <gpxtpx:TrackPointExtension>
            <gpxtpx:hr>142</gpxtpx:hr>
          </gpxtpx:TrackPointExtension>
        </extensions>
      </trkpt>
      <trkpt lat="22.751041785810518" lon="113.73287332674806">
        <ele>5.166158081032336</ele>
        <time>1970-01-01T00:39:14Z</time>
        <extensions>
          <gpxtpx:TrackPointExtension>
            <gpxtpx:hr>142</gpxtpx:hr>
          </gpxtpx:TrackPointExtension>
        </extensions>
      </trkpt>
      <trkpt lat="22.75105970874788" lon="113.7328882385654">
        <ele>5.137835683301091</ele>
        <time>1970-01-01T00:39:15Z</time>
        <extensions>
          <gpxtpx:TrackPointExtension>
            <gpxtpx:hr>142</gpxtpx:hr>
          </gpxtpx:TrackPointExtension>
        </extensions>
      </trkpt>
      <trkpt lat="22.75107737943637" lon="113.73290309355511">
        <ele>5.108555356040597</ele>
        <time>1970-01-01T00:39:16Z</time>
        <extensions>
          <gpxtpx:TrackPointExtension>
            <gpxtpx:hr>142</gpxtpx:hr>
          </gpxtpx:TrackPointExtension>
        </extensions>
      </trkpt>
      <trkpt lat="22.751095109302902" lon="113.73291782498964">
        <ele>5.082663117907941</ele>
        <time>1970-01-01T00:39:17Z</time>
        <extensions>
          <gpxtpx:TrackPointExtension>
            <gpxtpx:hr>142</gpxtpx:hr>
          </gpxtpx:TrackPointExtension>
        </extensions>
      </trkpt>
      <trkpt lat="22.751113616286815" lon="113.73293239313713">
        <ele>5.063942494802177</ele>
        <time>1970-01-01T00:39:18Z</time>
        <extensions>
          <gpxtpx:TrackPointExtension>
            <gpxtpx:hr>143</gpxtpx:hr>
          </gpxtpx:TrackPointExtension>
        </extensions>
      </trkpt>
      <trkpt lat="22.75113246113137" lon="113.73294659832314">
        <ele>5.053717226721346</ele>
        <time>1970-01-01T00:39:19Z</time>
        <extensions>
          <gpxtpx:TrackPointExtension>
            <gpxtpx:hr>143</gpxtpx:hr>
          </gpxtpx:TrackPointExtension>
        </extensions>
      </trkpt>
      <trkpt lat="22.75115138082154" lon="113.73296057610366">
        <ele>5.048674907535315</ele>
        <time>1970-01-01T00:39:20Z</time>
        <extensions>
          <gpxtpx:TrackPointExtension>
            <gpxtpx:hr>143</gpxtpx:hr>
          </gpxtpx:TrackPointExtension>
        </extensions>
      </trkpt>
      <trkpt lat="22.75117053036687" lon="113.7329742933891">
        <ele>5.046187752857804</ele>
        <time>1970-01-01T00:39:21Z</time>
        <extensions>
          <gpxtpx:TrackPointExtension>
            <gpxtpx:hr>143</gpxtpx:hr>
          </gpxtpx:TrackPointExtension>
        </extensions>
      </trkpt>
      <trkpt lat="22.75118951028812" lon="113.7329875324982">
        <ele>5.043466802686453</ele>
        <time>1970-01-01T00:39:22Z</time>
        <extensions>
          <gpxtpx:TrackPointExtension>
            <gpxtpx:hr>143</gpxtpx:hr>
          </gpxtpx:TrackPointExtension>
        </extensions>
      </trkpt>
      <trkpt lat="22.751207953900106" lon="113.73300053423407">
        <ele>5.04070586245507</ele>
        <time>1970-01-01T00:39:23Z</time>
        <extensions>
          <gpxtpx:TrackPointExtension>
            <gpxtpx:hr>143</gpxtpx:hr>
          </gpxtpx:TrackPointExtension>
        </extensions>
      </trkpt>
      <trkpt lat="22.751225959389608" lon="113.73301346676384">
        <ele>5.037460384890437</ele>
        <time>1970-01-01T00:39:24Z</time>
        <extensions>
          <gpxtpx:TrackPointExtension>
            <gpxtpx:hr>144</gpxtpx:hr>
          </gpxtpx:TrackPointExtension>
        </extensions>
      </trkpt>
      <trkpt lat="22.751243829744443" lon="113.7330264597968">
        <ele>5.038652244023979</ele>
        <time>1970-01-01T00:39:25Z</time>
        <extensions>
          <gpxtpx:TrackPointExtension>
            <gpxtpx:hr>144</gpxtpx:hr>
          </gpxtpx:TrackPointExtension>
        </extensions>
      </trkpt>
      <trkpt lat="22.75126209474556" lon="113.7330402050299">
        <ele>5.046524359844625</ele>
        <time>1970-01-01T00:39:26Z</time>
        <extensions>
          <gpxtpx:TrackPointExtension>
            <gpxtpx:hr>144</gpxtpx:hr>
          </gpxtpx:TrackPointExtension>
        </extensions>
      </trkpt>
      <trkpt lat="22.751280717924665" lon="113.73305467061515">
        <ele>5.056868929415941</ele>
        <time>1970-01-01T00:39:27Z</time>
        <extensions>
          <gpxtpx:TrackPointExtension>
            <gpxtpx:hr>144</gpxtpx:hr>
          </gpxtpx:TrackPointExtension>
        </extensions>
      </trkpt>
      <trkpt lat="22.751299223738396" lon="113.73306936501791">
        <ele>5.0683581763878465</ele>
        <time>1970-01-01T00:39:28Z</time>
        <extensions>
          <gpxtpx:TrackPointExtension>
            <gpxtpx:hr>144</gpxtpx:hr>
          </gpxtpx:TrackPointExtension>
        </extensions>
      </trkpt>
      <trkpt lat="22.751317323907454" lon="113.73308389257225">
        <ele>5.07944601867348</ele>
        <time>1970-01-01T00:39:29Z</time>
        <extensions>
          <gpxtpx:TrackPointExtension>
            <gpxtpx:hr>144</gpxtpx:hr>
          </gpxtpx:TrackPointExtension>
        </extensions>
      </trkpt>
      <trkpt lat="22.75133506352709" lon="113.7330978999836">
        <ele>5.090476963669062</ele>
        <time>1970-01-01T00:39:30Z</time>
        <extensions>
          <gpxtpx:TrackPointExtension>
            <gpxtpx:hr>144</gpxtpx:hr>
          </gpxtpx:TrackPointExtension>
        </extensions>
      </trkpt>
      <trkpt lat="22.751352368803303" lon="113.73311107173026">
        <ele>5.101627474650741</ele>
        <time>1970-01-01T00:39:31Z</time>
        <extensions>
          <gpxtpx:TrackPointExtension>
            <gpxtpx:hr>144</gpxtpx:hr>
          </gpxtpx:TrackPointExtension>
        </extensions>
      </trkpt>
      <trkpt lat="22.75136963209926" lon="113.7331237845744">
        <ele>5.112781219184399</ele>
        <time>1970-01-01T00:39:32Z</time>
        <extensions>
          <gpxtpx:TrackPointExtension>
            <gpxtpx:hr>144</gpxtpx:hr>
          </gpxtpx:TrackPointExtension>
        </extensions>
      </trkpt>
      <trkpt lat="22.751387192008885" lon="113.73313672672394">
        <ele>5.121273076161742</ele>
        <time>1970-01-01T00:39:33Z</time>
        <extensions>
          <gpxtpx:TrackPointExtension>
            <gpxtpx:hr>144</gpxtpx:hr>
          </gpxtpx:TrackPointExtension>
        </extensions>
      </trkpt>
      <trkpt lat="22.751404311308736" lon="113.73314981567283">
        <ele>5.132439527660608</ele>
        <time>1970-01-01T00:39:34Z</time>
        <extensions>
          <gpxtpx:TrackPointExtension>
            <gpxtpx:hr>144</gpxtpx:hr>
          </gpxtpx:TrackPointExtension>
        </extensions>
      </trkpt>
      <trkpt lat="22.751420610440334" lon="113.73316288985549">
        <ele>5.1381739703938365</ele>
        <time>1970-01-01T00:39:35Z</time>
        <extensions>
          <gpxtpx:TrackPointExtension>
            <gpxtpx:hr>144</gpxtpx:hr>
          </gpxtpx:TrackPointExtension>
        </extensions>
      </trkpt>
      <trkpt lat="22.751436833447116" lon="113.73317587769796">
        <ele>5.142156066372991</ele>
        <time>1970-01-01T00:39:36Z</time>
        <extensions>
          <gpxtpx:TrackPointExtension>
            <gpxtpx:hr>144</gpxtpx:hr>
          </gpxtpx:TrackPointExtension>
        </extensions>
      </trkpt>
      <trkpt lat="22.751453753070102" lon="113.73318856052941">
        <ele>5.139609080739319</ele>
        <time>1970-01-01T00:39:37Z</time>
        <extensions>
          <gpxtpx:TrackPointExtension>
            <gpxtpx:hr>144</gpxtpx:hr>
          </gpxtpx:TrackPointExtension>
        </extensions>
      </trkpt>
      <trkpt lat="22.751471288318537" lon="113.73320078588458">
        <ele>5.129619249142706</ele>
        <time>1970-01-01T00:39:38Z</time>
        <extensions>
          <gpxtpx:TrackPointExtension>
            <gpxtpx:hr>144</gpxtpx:hr>
          </gpxtpx:TrackPointExtension>
        </extensions>
      </trkpt>
      <trkpt lat="22.7514889136731" lon="113.73321252230032">
        <ele>5.111857332289219</ele>
        <time>1970-01-01T00:39:39Z</time>
        <extensions>
          <gpxtpx:TrackPointExtension>
            <gpxtpx:hr>142</gpxtpx:hr>
          </gpxtpx:TrackPointExtension>
        </extensions>
      </trkpt>
      <trkpt lat="22.751506756261413" lon="113.73322419253208">
        <ele>5.086618963629007</ele>
        <time>1970-01-01T00:39:40Z</time>
        <extensions>
          <gpxtpx:TrackPointExtension>
            <gpxtpx:hr>142</gpxtpx:hr>
          </gpxtpx:TrackPointExtension>
        </extensions>
      </trkpt>
      <trkpt lat="22.751524544382026" lon="113.73323607336188">
        <ele>5.055431735701859</ele>
        <time>1970-01-01T00:39:41Z</time>
        <extensions>
          <gpxtpx:TrackPointExtension>
            <gpxtpx:hr>142</gpxtpx:hr>
          </gpxtpx:TrackPointExtension>
        </extensions>
      </trkpt>
      <trkpt lat="22.751541813323318" lon="113.7332479343433">
        <ele>5.021065080538392</ele>
        <time>1970-01-01T00:39:42Z</time>
        <extensions>
          <gpxtpx:TrackPointExtension>
            <gpxtpx:hr>142</gpxtpx:hr>
          </gpxtpx:TrackPointExtension>
        </extensions>
      </trkpt>
      <trkpt lat="22.751558369002897" lon="113.73325937403665">
        <ele>4.986585934646428</ele>
        <time>1970-01-01T00:39:43Z</time>
        <extensions>
          <gpxtpx:TrackPointExtension>
            <gpxtpx:hr>142</gpxtpx:hr>
          </gpxtpx:TrackPointExtension>
        </extensions>
      </trkpt>
      <trkpt lat="22.75157481588578" lon="113.7332705817049">
        <ele>4.9537034928798676</ele>
        <time>1970-01-01T00:39:44Z</time>
        <extensions>
          <gpxtpx:TrackPointExtension>
            <gpxtpx:hr>142</gpxtpx:hr>
          </gpxtpx:TrackPointExtension>
        </extensions>
      </trkpt>
      <trkpt lat="22.75159129283119" lon="113.7332817004321">
        <ele>4.922351759858429</ele>
        <time>1970-01-01T00:39:45Z</time>
        <extensions>
          <gpxtpx:TrackPointExtension>
            <gpxtpx:hr>142</gpxtpx:hr>
          </gpxtpx:TrackPointExtension>
        </extensions>
      </trkpt>
    </trkseg>
  </trk>
</gpx>