<?xml version="1.0" encoding="UTF-8"?>
<gpx xmlns="http://www.topografix.com/GPX/1/1" xmlns:gpxtpx="http://www.garmin.com/xmlschemas/TrackPointExtension/v1" xmlns:xsi="http://www.w3.org/2001/XMLSchema-instance" xsi:schemaLocation="http://www.topografix.com/GPX/1/1 http://www.topografix.com/GPX/1/1/gpx.xsd" version="1.1" creator="gpx.py -- https://github.com/tkrajina/gpxpy">
  <trk>
    <name>gpx from keep</name>
    <type>Run</type>
    <trkseg>
      <trkpt lat="22.756175597610685" lon="113.73480472885018">
        <ele>1.5728060137480497</ele>
        <time>7638-04-16T20:08:30.100006Z</time>
      </trkpt>
      <trkpt lat="22.756175230872746" lon="113.73482129606965">
        <ele>1.5688828295096755</ele>
        <time>1970-01-01T00:00:00.900000Z</time>
      </trkpt>
      <trkpt lat="22.756177044829673" lon="113.73484179684623">
        <ele>1.562593912705779</ele>
        <time>1970-01-01T00:00:01.900000Z</time>
      </trkpt>
      <trkpt lat="22.75618123187755" lon="113.73486822566085">
        <ele>1.556480510160327</ele>
        <time>1970-01-01T00:00:03Z</time>
      </trkpt>
      <trkpt lat="22.756186221704034" lon="113.73489751779408">
        <ele>1.551447439007461</ele>
        <time>1970-01-01T00:00:04Z</time>
      </trkpt>
      <trkpt lat="22.75618678262027" lon="113.7349265639342">
        <ele>1.5493183424696326</ele>
        <time>1970-01-01T00:00:05Z</time>
      </trkpt>
      <trkpt lat="22.75617952159682" lon="113.73495463573208">
        <ele>1.5488951215520501</ele>
        <time>1970-01-01T00:00:06Z</time>
      </trkpt>
      <trkpt lat="22.75616803493464" lon="113.73498144106912">
        <ele>1.54891406185925</ele>
        <time>1970-01-01T00:00:07Z</time>
      </trkpt>
      <trkpt lat="22.75615820831943" lon="113.73500807956735">
        <ele>1.549275616183877</ele>
        <time>1970-01-01T00:00:08Z</time>
      </trkpt>
      <trkpt lat="22.75615346309357" lon="113.73503485207013">
        <ele>1.5496692657470703</ele>
        <time>1970-01-01T00:00:09Z</time>
      </trkpt>
      <trkpt lat="22.756153027720003" lon="113.73506138239684">
        <ele>1.5529330484569073</ele>
        <time>1970-01-01T00:00:10Z</time>
      </trkpt>
      <trkpt lat="22.75615297663017" lon="113.73508732588719">
        <ele>1.5602120105177164</ele>
        <time>1970-01-01T00:00:11Z</time>
      </trkpt>
      <trkpt lat="22.75615129386195" lon="113.73511288291773">
        <ele>1.5744719915091991</ele>
        <time>1970-01-01T00:00:12Z</time>
      </trkpt>
      <trkpt lat="22.75614479024911" lon="113.7351368460426">
        <ele>1.5931105809286237</ele>
        <time>1970-01-01T00:00:13Z</time>
      </trkpt>
      <trkpt lat="22.756127775129148" lon="113.73515057594501">
        <ele>1.6124718775972724</ele>
        <time>1970-01-01T00:00:14Z</time>
      </trkpt>
      <trkpt lat="22.756103096063125" lon="113.73515114952684">
        <ele>1.6358619118109345</ele>
        <time>1970-01-01T00:00:15Z</time>
      </trkpt>
      <trkpt lat="22.75608009648053" lon="113.73513874953898">
        <ele>1.6633647102862597</ele>
        <time>1970-01-01T00:00:16Z</time>
      </trkpt>
      <trkpt lat="22.756058800934" lon="113.73511857547152">
        <ele>1.6912500262260437</ele>
        <time>1970-01-01T00:00:17Z</time>
      </trkpt>
      <trkpt lat="22.756044656697306" lon="113.73510576912292">
        <ele>1.7104255426675081</ele>
        <time>1970-01-01T00:00:17.600000Z</time>
      </trkpt>
      <trkpt lat="22.7560224956496" lon="113.73508578354745">
        <ele>1.736817722208798</ele>
        <time>1970-01-01T00:00:18.600000Z</time>
      </trkpt>
      <trkpt lat="22.75599901703581" lon="113.73506535089857">
        <ele>1.7631392274051905</ele>
        <time>1970-01-01T00:00:19.600000Z</time>
      </trkpt>
      <trkpt lat="22.755974487568896" lon="113.73504495976769">
        <ele>1.7872867807745934</ele>
        <time>1970-01-01T00:00:20.600000Z</time>
      </trkpt>
      <trkpt lat="22.75595003815693" lon="113.73502313609973">
        <ele>1.869978646747768</ele>
        <time>1970-01-01T00:00:21.600000Z</time>
      </trkpt>
      <trkpt lat="22.75592637381992" lon="113.7350016938845">
        <ele>1.9415083825588226</ele>
        <time>1970-01-01T00:00:22.600000Z</time>
      </trkpt>
      <trkpt lat="22.7559036809125" lon="113.73498056480061">
        <ele>2.0269674910232425</ele>
        <time>1970-01-01T00:00:23.600000Z</time>
      </trkpt>
      <trkpt lat="22.755881427239782" lon="113.73496055921599">
        <ele>2.1212244974449277</ele>
        <time>1970-01-01T00:00:24.600000Z</time>
      </trkpt>
      <trkpt lat="22.755858505370757" lon="113.73494212180346">
        <ele>2.227067810483277</ele>
        <time>1970-01-01T00:00:25.600000Z</time>
      </trkpt>
      <trkpt lat="22.755835514706902" lon="113.73492348443001">
        <ele>2.3438072465360165</ele>
        <time>1970-01-01T00:00:26.600000Z</time>
      </trkpt>
      <trkpt lat="22.7558123616043" lon="113.7349051361149">
        <ele>2.4690421568229795</ele>
        <time>1970-01-01T00:00:27.600000Z</time>
      </trkpt>
      <trkpt lat="22.7557892999234" lon="113.73488649596713">
        <ele>2.6009197821840644</ele>
        <time>1970-01-01T00:00:28.600000Z</time>
      </trkpt>
      <trkpt lat="22.755766633498347" lon="113.7348671385486">
        <ele>2.7380628306418657</ele>
        <time>1970-01-01T00:00:29.600000Z</time>
      </trkpt>
      <trkpt lat="22.755744446520552" lon="113.7348469165156">
        <ele>2.875288994051516</ele>
        <time>1970-01-01T00:00:30.600000Z</time>
      </trkpt>
      <trkpt lat="22.75572233687756" lon="113.73482556351313">
        <ele>3.0039813304319978</ele>
        <time>1970-01-01T00:00:31.600000Z</time>
      </trkpt>
      <trkpt lat="22.755699758403093" lon="113.73480471050351">
        <ele>3.1177027514204383</ele>
        <time>1970-01-01T00:00:32.600000Z</time>
      </trkpt>
      <trkpt lat="22.755676959810234" lon="113.7347857463031">
        <ele>3.2122235521674156</ele>
        <time>1970-01-01T00:00:33.600000Z</time>
      </trkpt>
      <trkpt lat="22.755654613900422" lon="113.73476788968843">
        <ele>3.2832492431625724</ele>
        <time>1970-01-01T00:00:34.600000Z</time>
      </trkpt>
      <trkpt lat="22.755633028899457" lon="113.73474987073743">
        <ele>3.3318153461441398</ele>
        <time>1970-01-01T00:00:35.600000Z</time>
      </trkpt>
      <trkpt lat="22.755611731379005" lon="113.73473134351714">
        <ele>3.3593318117782474</ele>
        <time>1970-01-01T00:00:36.600000Z</time>
      </trkpt>
      <trkpt lat="22.75558994838125" lon="113.73471320101159">
        <ele>3.3693828964605927</ele>
        <time>1970-01-01T00:00:37.600000Z</time>
      </trkpt>
      <trkpt lat="22.755567607254985" lon="113.73469661418517">
        <ele>3.367709002457559</ele>
        <time>1970-01-01T00:00:38.600000Z</time>
      </trkpt>
      <trkpt lat="22.755545448793665" lon="113.73468164428782">
        <ele>3.3560302425175905</ele>
        <time>1970-01-01T00:00:39.600000Z</time>
      </trkpt>
      <trkpt lat="22.75552402537379" lon="113.7346673531324">
        <ele>3.336345521733165</ele>
        <time>1970-01-01T00:00:40.600000Z</time>
      </trkpt>
      <trkpt lat="22.755502670971037" lon="113.73465296131324">
        <ele>3.312026245519519</ele>
        <time>1970-01-01T00:00:41.600000Z</time>
      </trkpt>
      <trkpt lat="22.75548118306772" lon="113.73463777113109">
        <ele>3.2841296810656786</ele>
        <time>1970-01-01T00:00:42.600000Z</time>
      </trkpt>
      <trkpt lat="22.755460002684718" lon="113.73462128750359">
        <ele>3.254257177002728</ele>
        <time>1970-01-01T00:00:43.600000Z</time>
      </trkpt>
      <trkpt lat="22.755439136418556" lon="113.73460410198396">
        <ele>3.2228875095024705</ele>
        <time>1970-01-01T00:00:44.600000Z</time>
      </trkpt>
      <trkpt lat="22.755418661389943" lon="113.73458703314951">
        <ele>3.1893671294674277</ele>
        <time>1970-01-01T00:00:45.600000Z</time>
      </trkpt>
      <trkpt lat="22.755398055224862" lon="113.73457052033555">
        <ele>3.1570710008963943</ele>
        <time>1970-01-01T00:00:46.600000Z</time>
      </trkpt>
      <trkpt lat="22.755377269163343" lon="113.73455437555035">
        <ele>3.12571067456156</ele>
        <time>1970-01-01T00:00:47.600000Z</time>
      </trkpt>
      <trkpt lat="22.755356310893223" lon="113.73453812862705">
        <ele>3.0938167590647936</ele>
        <time>1970-01-01T00:00:48.600000Z</time>
      </trkpt>
      <trkpt lat="22.75533519739619" lon="113.73452136647543">
        <ele>3.0609648479148746</ele>
        <time>1970-01-01T00:00:49.600000Z</time>
      </trkpt>
      <trkpt lat="22.755314224268286" lon="113.73450383767214">
        <ele>3.026439158245921</ele>
        <time>1970-01-01T00:00:50.600000Z</time>
      </trkpt>
      <trkpt lat="22.75529366703421" lon="113.73448628912548">
        <ele>2.9874383565038443</ele>
        <time>1970-01-01T00:00:51.600000Z</time>
      </trkpt>
      <trkpt lat="22.75527390766804" lon="113.73447024728414">
        <ele>2.9400849621742964</ele>
        <time>1970-01-01T00:00:52.600000Z</time>
      </trkpt>
      <trkpt lat="22.755254920957753" lon="113.73445802185736">
        <ele>2.882715644314885</ele>
        <time>1970-01-01T00:00:53.600000Z</time>
      </trkpt>
      <trkpt lat="22.755238385004468" lon="113.73445215907898">
        <ele>2.8155688708648086</ele>
        <time>1970-01-01T00:00:54.600000Z</time>
      </trkpt>
      <trkpt lat="22.755227171147336" lon="113.73445615554888">
        <ele>2.738647916354239</ele>
        <time>1970-01-01T00:00:55.600000Z</time>
      </trkpt>
      <trkpt lat="22.755224130168024" lon="113.73447169680162">
        <ele>2.6567780626937747</ele>
        <time>1970-01-01T00:00:56.600000Z</time>
      </trkpt>
      <trkpt lat="22.75523166591157" lon="113.73449494813137">
        <ele>2.5753141548484564</ele>
        <time>1970-01-01T00:00:57.600000Z</time>
      </trkpt>
      <trkpt lat="22.75524767467168" lon="113.73452096216525">
        <ele>2.495543960481882</ele>
        <time>1970-01-01T00:00:58.600000Z</time>
      </trkpt>
      <trkpt lat="22.75526632486468" lon="113.73454644406824">
        <ele>2.415525235235691</ele>
        <time>1970-01-01T00:00:59.600000Z</time>
      </trkpt>
      <trkpt lat="22.75528328246851" lon="113.73457037250726">
        <ele>2.337486518546939</ele>
        <time>1970-01-01T00:01:00.600000Z</time>
      </trkpt>
      <trkpt lat="22.755298384383742" lon="113.73459368353022">
        <ele>2.263889658264816</ele>
        <time>1970-01-01T00:01:01.600000Z</time>
      </trkpt>
      <trkpt lat="22.755312674995565" lon="113.73461729025794">
        <ele>2.198640593327582</ele>
        <time>1970-01-01T00:01:02.600000Z</time>
      </trkpt>
      <trkpt lat="22.75532636331152" lon="113.73464141838532">
        <ele>2.141660583205521</ele>
        <time>1970-01-01T00:01:03.600000Z</time>
      </trkpt>
      <trkpt lat="22.75533969076048" lon="113.73466610705097">
        <ele>2.093158512376249</ele>
        <time>1970-01-01T00:01:04.600000Z</time>
      </trkpt>
      <trkpt lat="22.75535270426282" lon="113.7346916127214">
        <ele>2.057938667014241</ele>
        <time>1970-01-01T00:01:05.600000Z</time>
      </trkpt>
      <trkpt lat="22.75536548279203" lon="113.73471779902404">
        <ele>2.0366827296093106</ele>
        <time>1970-01-01T00:01:06.600000Z</time>
      </trkpt>
      <trkpt lat="22.755376272097212" lon="113.73474463347713">
        <ele>2.032188049517572</ele>
        <time>1970-01-01T00:01:07.600000Z</time>
      </trkpt>
      <trkpt lat="22.75538234052736" lon="113.73477230664702">
        <ele>2.04898832552135</ele>
        <time>1970-01-01T00:01:08.600000Z</time>
      </trkpt>
      <trkpt lat="22.75538040201853" lon="113.73479950503253">
        <ele>2.0897587407380342</ele>
        <time>1970-01-01T00:01:09.600000Z</time>
      </trkpt>
      <trkpt lat="22.755367374077682" lon="113.73482047304168">
        <ele>2.155472232028842</ele>
        <time>1970-01-01T00:01:10.600000Z</time>
      </trkpt>
      <trkpt lat="22.755344285215763" lon="113.73482618351889">
        <ele>2.2405474204570055</ele>
        <time>1970-01-01T00:01:11.600000Z</time>
      </trkpt>
      <trkpt lat="22.755316556823292" lon="113.73481544116608">
        <ele>2.333394101820886</ele>
        <time>1970-01-01T00:01:12.600000Z</time>
      </trkpt>
      <trkpt lat="22.75528936191334" lon="113.73479599202248">
        <ele>2.425021436996758</ele>
        <time>1970-01-01T00:01:13.600000Z</time>
      </trkpt>
      <trkpt lat="22.755263582516427" lon="113.73477496492342">
        <ele>2.5090262265875936</ele>
        <time>1970-01-01T00:01:14.600000Z</time>
      </trkpt>
      <trkpt lat="22.75523759938094" lon="113.73475573322946">
        <ele>2.581514778546989</ele>
        <time>1970-01-01T00:01:15.600000Z</time>
      </trkpt>
      <trkpt lat="22.755210760351883" lon="113.73473850543846">
        <ele>2.6439955150708556</ele>
        <time>1970-01-01T00:01:16.600000Z</time>
      </trkpt>
      <trkpt lat="22.755183760470064" lon="113.73472271747254">
        <ele>2.701192538253963</ele>
        <time>1970-01-01T00:01:17.600000Z</time>
      </trkpt>
      <trkpt lat="22.755158012160024" lon="113.73470788872733">
        <ele>2.756129643879831</ele>
        <time>1970-01-01T00:01:18.600000Z</time>
      </trkpt>
      <trkpt lat="22.755134410389125" lon="113.73469328467932">
        <ele>2.812797175720334</ele>
        <time>1970-01-01T00:01:19.600000Z</time>
      </trkpt>
      <trkpt lat="22.75511178569173" lon="113.73467819477104">
        <ele>2.872762095183134</ele>
        <time>1970-01-01T00:01:20.600000Z</time>
      </trkpt>
      <trkpt lat="22.755088914725164" lon="113.73466227470509">
        <ele>2.931557525880635</ele>
        <time>1970-01-01T00:01:21.600000Z</time>
      </trkpt>
      <trkpt lat="22.75506528411002" lon="113.73464626952196">
        <ele>2.984318940900266</ele>
        <time>1970-01-01T00:01:22.600000Z</time>
      </trkpt>
      <trkpt lat="22.75504066380273" lon="113.73463157258765">
        <ele>3.027792892418802</ele>
        <time>1970-01-01T00:01:23.600000Z</time>
      </trkpt>
      <trkpt lat="22.755015786600058" lon="113.73461835486397">
        <ele>3.056544864550233</ele>
        <time>1970-01-01T00:01:24.600000Z</time>
      </trkpt>
      <trkpt lat="22.754991344322068" lon="113.73460539765723">
        <ele>3.064308694563806</ele>
        <time>1970-01-01T00:01:25.600000Z</time>
      </trkpt>
      <trkpt lat="22.754967793308975" lon="113.73459143224255">
        <ele>3.0553135806694627</ele>
        <time>1970-01-01T00:01:26.600000Z</time>
      </trkpt>
      <trkpt lat="22.754944901445494" lon="113.73457597052943">
        <ele>3.0297439685091376</ele>
        <time>1970-01-01T00:01:27.600000Z</time>
      </trkpt>
      <trkpt lat="22.754922211381974" lon="113.73455900153316">
        <ele>2.9907782627269626</ele>
        <time>1970-01-01T00:01:28.600000Z</time>
      </trkpt>
      <trkpt lat="22.75490045550488" lon="113.73454062110977">
        <ele>2.9404705818742514</ele>
        <time>1970-01-01T00:01:29.600000Z</time>
      </trkpt>
      <trkpt lat="22.754880147070406" lon="113.73452087779829">
        <ele>2.8797219302505255</ele>
        <time>1970-01-01T00:01:30.600000Z</time>
      </trkpt>
      <trkpt lat="22.754861219713906" lon="113.73449987348255">
        <ele>2.810231958515942</ele>
        <time>1970-01-01T00:01:31.600000Z</time>
      </trkpt>
      <trkpt lat="22.754842877823453" lon="113.73447833532599">
        <ele>2.7335027512162924</ele>
        <time>1970-01-01T00:01:32.600000Z</time>
      </trkpt>
      <trkpt lat="22.754825061223965" lon="113.73445646537446">
        <ele>2.6514607882127166</ele>
        <time>1970-01-01T00:01:33.600000Z</time>
      </trkpt>
      <trkpt lat="22.754808413909497" lon="113.73443366484996">
        <ele>2.5686966506764293</ele>
        <time>1970-01-01T00:01:34.600000Z</time>
      </trkpt>
      <trkpt lat="22.754792688272" lon="113.73441054784004">
        <ele>2.49102689512074</ele>
        <time>1970-01-01T00:01:35.600000Z</time>
      </trkpt>
      <trkpt lat="22.754777149720574" lon="113.73438792100906">
        <ele>2.4247575076296926</ele>
        <time>1970-01-01T00:01:36.600000Z</time>
      </trkpt>
      <trkpt lat="22.754761023071307" lon="113.73436566781552">
        <ele>2.374376803636551</ele>
        <time>1970-01-01T00:01:37.600000Z</time>
      </trkpt>
      <trkpt lat="22.754743512217967" lon="113.73434430083478">
        <ele>2.3400374725461006</ele>
        <time>1970-01-01T00:01:38.600000Z</time>
      </trkpt>
      <trkpt lat="22.754723996238216" lon="113.73432443703152">
        <ele>2.323167122900486</ele>
        <time>1970-01-01T00:01:39.600000Z</time>
      </trkpt>
      <trkpt lat="22.754702836507086" lon="113.73430590534186">
        <ele>2.327357324771583</ele>
        <time>1970-01-01T00:01:40.600000Z</time>
      </trkpt>
      <trkpt lat="22.754680824084335" lon="113.73428901176253">
        <ele>2.349683767184615</ele>
        <time>1970-01-01T00:01:41.600000Z</time>
      </trkpt>
      <trkpt lat="22.7546585991039" lon="113.73427472364482">
        <ele>2.385702384635806</ele>
        <time>1970-01-01T00:01:42.600000Z</time>
      </trkpt>
      <trkpt lat="22.75463833320842" lon="113.73426256979496">
        <ele>2.428182801231742</ele>
        <time>1970-01-01T00:01:43.600000Z</time>
      </trkpt>
      <trkpt lat="22.75462022590603" lon="113.73425049795348">
        <ele>2.4638940999284387</ele>
        <time>1970-01-01T00:01:44.600000Z</time>
      </trkpt>
      <trkpt lat="22.754601597497295" lon="113.73423635133298">
        <ele>2.4864272559061646</ele>
        <time>1970-01-01T00:01:45.600000Z</time>
      </trkpt>
      <trkpt lat="22.754580764221977" lon="113.7342195149192">
        <ele>2.4916285099461675</ele>
        <time>1970-01-01T00:01:46.600000Z</time>
      </trkpt>
      <trkpt lat="22.754557250810834" lon="113.73420078300322">
        <ele>2.4813802242279053</ele>
        <time>1970-01-01T00:01:47.600000Z</time>
      </trkpt>
      <trkpt lat="22.754532150303632" lon="113.7341810916817">
        <ele>2.463565530255437</ele>
        <time>1970-01-01T00:01:48.600000Z</time>
      </trkpt>
      <trkpt lat="22.754507555106752" lon="113.73416060390498">
        <ele>2.446329653263092</ele>
        <time>1970-01-01T00:01:49.600000Z</time>
      </trkpt>
      <trkpt lat="22.75448568521211" lon="113.7341386703757">
        <ele>2.434201874770224</ele>
        <time>1970-01-01T00:01:50.600000Z</time>
      </trkpt>
      <trkpt lat="22.75446653543768" lon="113.73411533823644">
        <ele>2.427952074445784</ele>
        <time>1970-01-01T00:01:51.600000Z</time>
      </trkpt>
      <trkpt lat="22.754448703380497" lon="113.73409174399842">
        <ele>2.4276002142578363</ele>
        <time>1970-01-01T00:01:52.600000Z</time>
      </trkpt>
      <trkpt lat="22.754430946667025" lon="113.73406897124693">
        <ele>2.4313652394339442</ele>
        <time>1970-01-01T00:01:53.600000Z</time>
      </trkpt>
      <trkpt lat="22.754413177712145" lon="113.73404840213915">
        <ele>2.4368855636566877</ele>
        <time>1970-01-01T00:01:54.600000Z</time>
      </trkpt>
      <trkpt lat="22.754394976516732" lon="113.73403115363666">
        <ele>2.445864364504814</ele>
        <time>1970-01-01T00:01:55.600000Z</time>
      </trkpt>
      <trkpt lat="22.754374595574724" lon="113.73401701284122">
        <ele>2.459543338045478</ele>
        <time>1970-01-01T00:01:56.600000Z</time>
      </trkpt>
      <trkpt lat="22.75435080590527" lon="113.73400552760246">
        <ele>2.478979816660285</ele>
        <time>1970-01-01T00:01:57.600000Z</time>
      </trkpt>
      <trkpt lat="22.754323818234205" lon="113.73399588492406">
        <ele>2.5074684722349048</ele>
        <time>1970-01-01T00:01:58.600000Z</time>
      </trkpt>
      <trkpt lat="22.754295647516066" lon="113.73398683345633">
        <ele>2.547687755897641</ele>
        <time>1970-01-01T00:01:59.600000Z</time>
      </trkpt>
      <trkpt lat="22.754268506753757" lon="113.7339778650694">
        <ele>2.5998294120654464</ele>
        <time>1970-01-01T00:02:00.600000Z</time>
      </trkpt>
      <trkpt lat="22.754242649026832" lon="113.73396945856479">
        <ele>2.6652555568143725</ele>
        <time>1970-01-01T00:02:01.600000Z</time>
      </trkpt>
      <trkpt lat="22.754217373839218" lon="113.73396236273157">
        <ele>2.739526402205229</ele>
        <time>1970-01-01T00:02:02.600000Z</time>
      </trkpt>
      <trkpt lat="22.754192436409326" lon="113.73395586657483">
        <ele>2.8177738655358553</ele>
        <time>1970-01-01T00:02:03.600000Z</time>
      </trkpt>
      <trkpt lat="22.75416762290927" lon="113.73394869342857">
        <ele>2.8987261429429054</ele>
        <time>1970-01-01T00:02:04.600000Z</time>
      </trkpt>
      <trkpt lat="22.754142848285397" lon="113.73394019728842">
        <ele>2.978280150331557</ele>
        <time>1970-01-01T00:02:05.600000Z</time>
      </trkpt>
      <trkpt lat="22.754118193392568" lon="113.7339306849695">
        <ele>3.051558619365096</ele>
        <time>1970-01-01T00:02:06.600000Z</time>
      </trkpt>
      <trkpt lat="22.75409335768347" lon="113.73392039222381">
        <ele>3.1155438032001257</ele>
        <time>1970-01-01T00:02:07.600000Z</time>
      </trkpt>
      <trkpt lat="22.75406839018082" lon="113.73390859460481">
        <ele>3.164311678148806</ele>
        <time>1970-01-01T00:02:08.600000Z</time>
      </trkpt>
      <trkpt lat="22.75404407064676" lon="113.73389505737099">
        <ele>3.190301727503538</ele>
        <time>1970-01-01T00:02:09.600000Z</time>
      </trkpt>
      <trkpt lat="22.754020840111558" lon="113.73387958025083">
        <ele>3.1886913320049644</ele>
        <time>1970-01-01T00:02:10.600000Z</time>
      </trkpt>
      <trkpt lat="22.753998498582586" lon="113.73386237847808">
        <ele>3.156026544049382</ele>
        <time>1970-01-01T00:02:11.600000Z</time>
      </trkpt>
      <trkpt lat="22.753977146483717" lon="113.73384377962118">
        <ele>3.0932022277265787</ele>
        <time>1970-01-01T00:02:12.600000Z</time>
      </trkpt>
      <trkpt lat="22.753957012247927" lon="113.73382441685203">
        <ele>3.0038168067112565</ele>
        <time>1970-01-01T00:02:13.600000Z</time>
      </trkpt>
      <trkpt lat="22.753937853575266" lon="113.73380447724314">
        <ele>2.892239587381482</ele>
        <time>1970-01-01T00:02:14.600000Z</time>
      </trkpt>
      <trkpt lat="22.753919283765462" lon="113.73378437771535">
        <ele>2.765538170002401</ele>
        <time>1970-01-01T00:02:15.600000Z</time>
      </trkpt>
      <trkpt lat="22.75389986051739" lon="113.73376558278527">
        <ele>2.631555350497365</ele>
        <time>1970-01-01T00:02:16.600000Z</time>
      </trkpt>
      <trkpt lat="22.753878771289394" lon="113.7337484070406">
        <ele>2.498011015355587</ele>
        <time>1970-01-01T00:02:17.600000Z</time>
      </trkpt>
      <trkpt lat="22.753856984345628" lon="113.73373291144888">
        <ele>2.3706567650660872</ele>
        <time>1970-01-01T00:02:18.600000Z</time>
      </trkpt>
      <trkpt lat="22.753835286991976" lon="113.7337183464105">
        <ele>2.2544640209525824</ele>
        <time>1970-01-01T00:02:19.600000Z</time>
      </trkpt>
      <trkpt lat="22.7538139081062" lon="113.73370360128568">
        <ele>2.1502288952469826</ele>
        <time>1970-01-01T00:02:20.600000Z</time>
      </trkpt>
      <trkpt lat="22.753792883366025" lon="113.73368799944458">
        <ele>2.0569930458441377</ele>
        <time>1970-01-01T00:02:21.600000Z</time>
      </trkpt>
      <trkpt lat="22.753772067004288" lon="113.7336708247042">
        <ele>1.9737781379371881</ele>
        <time>1970-01-01T00:02:22.600000Z</time>
      </trkpt>
      <trkpt lat="22.75375167095894" lon="113.73365266792123">
        <ele>1.8992178020998836</ele>
        <time>1970-01-01T00:02:23.600000Z</time>
      </trkpt>
      <trkpt lat="22.753731690162457" lon="113.73363412585785">
        <ele>1.8321246402338147</ele>
        <time>1970-01-01T00:02:24.600000Z</time>
      </trkpt>
      <trkpt lat="22.75371147597485" lon="113.7336151931866">
        <ele>1.7721456289291382</ele>
        <time>1970-01-01T00:02:25.600000Z</time>
      </trkpt>
      <trkpt lat="22.75369141229074" lon="113.73359571798144">
        <ele>1.7176164276897907</ele>
        <time>1970-01-01T00:02:26.600000Z</time>
      </trkpt>
      <trkpt lat="22.753672082438452" lon="113.7335750454274">
        <ele>1.6703170984983444</ele>
        <time>1970-01-01T00:02:27.600000Z</time>
      </trkpt>
      <trkpt lat="22.75365371374435" lon="113.7335526081373">
        <ele>1.6292696613818407</ele>
        <time>1970-01-01T00:02:28.600000Z</time>
      </trkpt>
      <trkpt lat="22.753636703476406" lon="113.73352849885006">
        <ele>1.5936373118311167</ele>
        <time>1970-01-01T00:02:29.600000Z</time>
      </trkpt>
      <trkpt lat="22.75362088797062" lon="113.73350350717375">
        <ele>1.5658659832552075</ele>
        <time>1970-01-01T00:02:30.600000Z</time>
      </trkpt>
      <trkpt lat="22.753605880395433" lon="113.73347845598181">
        <ele>1.54599030315876</ele>
        <time>1970-01-01T00:02:31.600000Z</time>
      </trkpt>
      <trkpt lat="22.753590938617556" lon="113.73345354926181">
        <ele>1.5347966272383928</ele>
        <time>1970-01-01T00:02:32.600000Z</time>
      </trkpt>
      <trkpt lat="22.75357580578812" lon="113.73342882111774">
        <ele>1.532170644029975</ele>
        <time>1970-01-01T00:02:33.600000Z</time>
        <extensions>
          <gpxtpx:TrackPointExtension>
            <gpxtpx:hr>120</gpxtpx:hr>
          </gpxtpx:TrackPointExtension>
        </extensions>
      </trkpt>
      <trkpt lat="22.753560539381343" lon="113.73340470931174">
        <ele>1.5365543812513351</ele>
        <time>1970-01-01T00:02:34.600000Z</time>
        <extensions>
          <gpxtpx:TrackPointExtension>
            <gpxtpx:hr>120</gpxtpx:hr>
          </gpxtpx:TrackPointExtension>
        </extensions>
      </trkpt>
      <trkpt lat="22.753545215209723" lon="113.73338152672122">
        <ele>1.5490533448755741</ele>
        <time>1970-01-01T00:02:35.600000Z</time>
        <extensions>
          <gpxtpx:TrackPointExtension>
            <gpxtpx:hr>120</gpxtpx:hr>
          </gpxtpx:TrackPointExtension>
        </extensions>
      </trkpt>
      <trkpt lat="22.753530094180846" lon="113.73335950850039">
        <ele>1.5708424234762788</ele>
        <time>1970-01-01T00:02:36.600000Z</time>
        <extensions>
          <gpxtpx:TrackPointExtension>
            <gpxtpx:hr>120</gpxtpx:hr>
          </gpxtpx:TrackPointExtension>
        </extensions>
      </trkpt>
      <trkpt lat="22.753514344315736" lon="113.73333816778535">
        <ele>1.6003529569134116</ele>
        <time>1970-01-01T00:02:37.600000Z</time>
        <extensions>
          <gpxtpx:TrackPointExtension>
            <gpxtpx:hr>120</gpxtpx:hr>
          </gpxtpx:TrackPointExtension>
        </extensions>
      </trkpt>
      <trkpt lat="22.753497081295418" lon="113.73331701083717">
        <ele>1.6335840672254562</ele>
        <time>1970-01-01T00:02:38.600000Z</time>
        <extensions>
          <gpxtpx:TrackPointExtension>
            <gpxtpx:hr>120</gpxtpx:hr>
          </gpxtpx:TrackPointExtension>
        </extensions>
      </trkpt>
      <trkpt lat="22.753478439655183" lon="113.73329648480242">
        <ele>1.6693762196227908</ele>
        <time>1970-01-01T00:02:39.600000Z</time>
        <extensions>
          <gpxtpx:TrackPointExtension>
            <gpxtpx:hr>120</gpxtpx:hr>
          </gpxtpx:TrackPointExtension>
        </extensions>
      </trkpt>
      <trkpt lat="22.75345890140445" lon="113.73327725648643">
        <ele>1.703572423197329</ele>
        <time>1970-01-01T00:02:40.600000Z</time>
        <extensions>
          <gpxtpx:TrackPointExtension>
            <gpxtpx:hr>120</gpxtpx:hr>
          </gpxtpx:TrackPointExtension>
        </extensions>
      </trkpt>
      <trkpt lat="22.7534389305196" lon="113.73325937836887">
        <ele>1.7313394248485565</ele>
        <time>1970-01-01T00:02:41.600000Z</time>
        <extensions>
          <gpxtpx:TrackPointExtension>
            <gpxtpx:hr>120</gpxtpx:hr>
          </gpxtpx:TrackPointExtension>
        </extensions>
      </trkpt>
      <trkpt lat="22.75341855477049" lon="113.73324216353225">
        <ele>1.7520177913829684</ele>
        <time>1970-01-01T00:02:42.600000Z</time>
        <extensions>
          <gpxtpx:TrackPointExtension>
            <gpxtpx:hr>120</gpxtpx:hr>
          </gpxtpx:TrackPointExtension>
        </extensions>
      </trkpt>
      <trkpt lat="22.75339810173672" lon="113.73322504732293">
        <ele>1.7627475494518876</ele>
        <time>1970-01-01T00:02:43.600000Z</time>
        <extensions>
          <gpxtpx:TrackPointExtension>
            <gpxtpx:hr>120</gpxtpx:hr>
          </gpxtpx:TrackPointExtension>
        </extensions>
      </trkpt>
      <trkpt lat="22.753377760397946" lon="113.7332082141671">
        <ele>1.7625287370756269</ele>
        <time>1970-01-01T00:02:44.600000Z</time>
        <extensions>
          <gpxtpx:TrackPointExtension>
            <gpxtpx:hr>120</gpxtpx:hr>
          </gpxtpx:TrackPointExtension>
        </extensions>
      </trkpt>
      <trkpt lat="22.753357567377872" lon="113.7331930775014">
        <ele>1.7531793108209968</ele>
        <time>1970-01-01T00:02:45.600000Z</time>
        <extensions>
          <gpxtpx:TrackPointExtension>
            <gpxtpx:hr>120</gpxtpx:hr>
          </gpxtpx:TrackPointExtension>
        </extensions>
      </trkpt>
      <trkpt lat="22.753336249533305" lon="113.73318143947434">
        <ele>1.7346736835315824</ele>
        <time>1970-01-01T00:02:46.600000Z</time>
        <extensions>
          <gpxtpx:TrackPointExtension>
            <gpxtpx:hr>120</gpxtpx:hr>
          </gpxtpx:TrackPointExtension>
        </extensions>
      </trkpt>
      <trkpt lat="22.753311248212704" lon="113.73317338039946">
        <ele>1.710810906253755</ele>
        <time>1970-01-01T00:02:47.600000Z</time>
        <extensions>
          <gpxtpx:TrackPointExtension>
            <gpxtpx:hr>120</gpxtpx:hr>
          </gpxtpx:TrackPointExtension>
        </extensions>
      </trkpt>
      <trkpt lat="22.753283371777666" lon="113.73316680703844">
        <ele>1.6830172035843134</ele>
        <time>1970-01-01T00:02:48.600000Z</time>
        <extensions>
          <gpxtpx:TrackPointExtension>
            <gpxtpx:hr>120</gpxtpx:hr>
          </gpxtpx:TrackPointExtension>
        </extensions>
      </trkpt>
      <trkpt lat="22.753256141643742" lon="113.7331597009056">
        <ele>1.655368996784091</ele>
        <time>1970-01-01T00:02:49.600000Z</time>
        <extensions>
          <gpxtpx:TrackPointExtension>
            <gpxtpx:hr>117</gpxtpx:hr>
          </gpxtpx:TrackPointExtension>
        </extensions>
      </trkpt>
      <trkpt lat="22.753231258651525" lon="113.73315174155955">
        <ele>1.6308496659621596</ele>
        <time>1970-01-01T00:02:50.600000Z</time>
        <extensions>
          <gpxtpx:TrackPointExtension>
            <gpxtpx:hr>117</gpxtpx:hr>
          </gpxtpx:TrackPointExtension>
        </extensions>
      </trkpt>
      <trkpt lat="22.753207793003117" lon="113.73314368520734">
        <ele>1.6124873152002692</ele>
        <time>1970-01-01T00:02:51.600000Z</time>
        <extensions>
          <gpxtpx:TrackPointExtension>
            <gpxtpx:hr>117</gpxtpx:hr>
          </gpxtpx:TrackPointExtension>
        </extensions>
      </trkpt>
      <trkpt lat="22.753183971870403" lon="113.73313566498756">
        <ele>1.6023145923390985</ele>
        <time>1970-01-01T00:02:52.600000Z</time>
        <extensions>
          <gpxtpx:TrackPointExtension>
            <gpxtpx:hr>117</gpxtpx:hr>
          </gpxtpx:TrackPointExtension>
        </extensions>
      </trkpt>
      <trkpt lat="22.753159875502824" lon="113.73312734044697">
        <ele>1.600118201225996</ele>
        <time>1970-01-01T00:02:53.600000Z</time>
        <extensions>
          <gpxtpx:TrackPointExtension>
            <gpxtpx:hr>117</gpxtpx:hr>
          </gpxtpx:TrackPointExtension>
        </extensions>
      </trkpt>
      <trkpt lat="22.753135971828925" lon="113.73311825292397">
        <ele>1.6063772486522794</ele>
        <time>1970-01-01T00:02:54.600000Z</time>
        <extensions>
          <gpxtpx:TrackPointExtension>
            <gpxtpx:hr>117</gpxtpx:hr>
          </gpxtpx:TrackPointExtension>
        </extensions>
      </trkpt>
      <trkpt lat="22.753112668211916" lon="113.73310810723315">
        <ele>1.622272901237011</ele>
        <time>1970-01-01T00:02:55.600000Z</time>
        <extensions>
          <gpxtpx:TrackPointExtension>
            <gpxtpx:hr>117</gpxtpx:hr>
          </gpxtpx:TrackPointExtension>
        </extensions>
      </trkpt>
      <trkpt lat="22.753089427367243" lon="113.73309770180131">
        <ele>1.6488764164969325</ele>
        <time>1970-01-01T00:02:56.600000Z</time>
        <extensions>
          <gpxtpx:TrackPointExtension>
            <gpxtpx:hr>117</gpxtpx:hr>
          </gpxtpx:TrackPointExtension>
        </extensions>
      </trkpt>
      <trkpt lat="22.75306443492377" lon="113.7330880580678">
        <ele>1.6892007058486342</ele>
        <time>1970-01-01T00:02:57.600000Z</time>
        <extensions>
          <gpxtpx:TrackPointExtension>
            <gpxtpx:hr>120</gpxtpx:hr>
          </gpxtpx:TrackPointExtension>
        </extensions>
      </trkpt>
      <trkpt lat="22.75303718273299" lon="113.73307843401777">
        <ele>1.7434693966060877</ele>
        <time>1970-01-01T00:02:58.600000Z</time>
        <extensions>
          <gpxtpx:TrackPointExtension>
            <gpxtpx:hr>120</gpxtpx:hr>
          </gpxtpx:TrackPointExtension>
        </extensions>
      </trkpt>
      <trkpt lat="22.75300930522637" lon="113.73306690886606">
        <ele>1.8091547405347228</ele>
        <time>1970-01-01T00:02:59.600000Z</time>
        <extensions>
          <gpxtpx:TrackPointExtension>
            <gpxtpx:hr>120</gpxtpx:hr>
          </gpxtpx:TrackPointExtension>
        </extensions>
      </trkpt>
      <trkpt lat="22.75298351920591" lon="113.73305303355802">
        <ele>1.8847606992349029</ele>
        <time>1970-01-01T00:03:00.600000Z</time>
        <extensions>
          <gpxtpx:TrackPointExtension>
            <gpxtpx:hr>120</gpxtpx:hr>
          </gpxtpx:TrackPointExtension>
        </extensions>
      </trkpt>
      <trkpt lat="22.752960743095635" lon="113.73303806175414">
        <ele>1.96674320474267</ele>
        <time>1970-01-01T00:03:01.600000Z</time>
        <extensions>
          <gpxtpx:TrackPointExtension>
            <gpxtpx:hr>113</gpxtpx:hr>
          </gpxtpx:TrackPointExtension>
        </extensions>
      </trkpt>
      <trkpt lat="22.752939376361986" lon="113.73302255768947">
        <ele>2.0485666999593377</ele>
        <time>1970-01-01T00:03:02.600000Z</time>
        <extensions>
          <gpxtpx:TrackPointExtension>
            <gpxtpx:hr>113</gpxtpx:hr>
          </gpxtpx:TrackPointExtension>
        </extensions>
      </trkpt>
      <trkpt lat="22.752917831944295" lon="113.7330061108581">
        <ele>2.126318173483014</ele>
        <time>1970-01-01T00:03:03.600000Z</time>
        <extensions>
          <gpxtpx:TrackPointExtension>
            <gpxtpx:hr>113</gpxtpx:hr>
          </gpxtpx:TrackPointExtension>
        </extensions>
      </trkpt>
      <trkpt lat="22.75289539355396" lon="113.73298880322002">
        <ele>2.1994457403197885</ele>
        <time>1970-01-01T00:03:04.600000Z</time>
        <extensions>
          <gpxtpx:TrackPointExtension>
            <gpxtpx:hr>113</gpxtpx:hr>
          </gpxtpx:TrackPointExtension>
        </extensions>
      </trkpt>
      <trkpt lat="22.75287169432837" lon="113.73297151253581">
        <ele>2.265429025515914</ele>
        <time>1970-01-01T00:03:05.600000Z</time>
        <extensions>
          <gpxtpx:TrackPointExtension>
            <gpxtpx:hr>113</gpxtpx:hr>
          </gpxtpx:TrackPointExtension>
        </extensions>
      </trkpt>
      <trkpt lat="22.752847729681683" lon="113.73295466820257">
        <ele>2.3219721717759967</ele>
        <time>1970-01-01T00:03:06.600000Z</time>
        <extensions>
          <gpxtpx:TrackPointExtension>
            <gpxtpx:hr>113</gpxtpx:hr>
          </gpxtpx:TrackPointExtension>
        </extensions>
      </trkpt>
      <trkpt lat="22.752824383918195" lon="113.73293773251537">
        <ele>2.3657720973715186</ele>
        <time>1970-01-01T00:03:07.600000Z</time>
        <extensions>
          <gpxtpx:TrackPointExtension>
            <gpxtpx:hr>123</gpxtpx:hr>
          </gpxtpx:TrackPointExtension>
        </extensions>
      </trkpt>
      <trkpt lat="22.75280242047481" lon="113.73292101011201">
        <ele>2.394357201643288</ele>
        <time>1970-01-01T00:03:08.600000Z</time>
        <extensions>
          <gpxtpx:TrackPointExtension>
            <gpxtpx:hr>123</gpxtpx:hr>
          </gpxtpx:TrackPointExtension>
        </extensions>
      </trkpt>
      <trkpt lat="22.75278135547951" lon="113.73290477895982">
        <ele>2.408339973539114</ele>
        <time>1970-01-01T00:03:09.600000Z</time>
        <extensions>
          <gpxtpx:TrackPointExtension>
            <gpxtpx:hr>123</gpxtpx:hr>
          </gpxtpx:TrackPointExtension>
        </extensions>
      </trkpt>
      <trkpt lat="22.752760208118147" lon="113.73288875154647">
        <ele>2.4123444268479943</ele>
        <time>1970-01-01T00:03:10.600000Z</time>
        <extensions>
          <gpxtpx:TrackPointExtension>
            <gpxtpx:hr>123</gpxtpx:hr>
          </gpxtpx:TrackPointExtension>
        </extensions>
      </trkpt>
      <trkpt lat="22.75273910917627" lon="113.73287251222324">
        <ele>2.4091124143451452</ele>
        <time>1970-01-01T00:03:11.600000Z</time>
        <extensions>
          <gpxtpx:TrackPointExtension>
            <gpxtpx:hr>123</gpxtpx:hr>
          </gpxtpx:TrackPointExtension>
        </extensions>
      </trkpt>
      <trkpt lat="22.752718441438965" lon="113.73285595984213">
        <ele>2.399408628232777</ele>
        <time>1970-01-01T00:03:12.600000Z</time>
        <extensions>
          <gpxtpx:TrackPointExtension>
            <gpxtpx:hr>123</gpxtpx:hr>
          </gpxtpx:TrackPointExtension>
        </extensions>
      </trkpt>
      <trkpt lat="22.752698646118255" lon="113.73283973298868">
        <ele>2.390132648870349</ele>
        <time>1970-01-01T00:03:13.600000Z</time>
        <extensions>
          <gpxtpx:TrackPointExtension>
            <gpxtpx:hr>123</gpxtpx:hr>
          </gpxtpx:TrackPointExtension>
        </extensions>
      </trkpt>
      <trkpt lat="22.752679320131115" lon="113.73282351190294">
        <ele>2.3855117028579116</ele>
        <time>1970-01-01T00:03:14.600000Z</time>
        <extensions>
          <gpxtpx:TrackPointExtension>
            <gpxtpx:hr>123</gpxtpx:hr>
          </gpxtpx:TrackPointExtension>
        </extensions>
      </trkpt>
      <trkpt lat="22.75265973182675" lon="113.73280724514503">
        <ele>2.385489147156477</ele>
        <time>1970-01-01T00:03:15.600000Z</time>
        <extensions>
          <gpxtpx:TrackPointExtension>
            <gpxtpx:hr>123</gpxtpx:hr>
          </gpxtpx:TrackPointExtension>
        </extensions>
      </trkpt>
      <trkpt lat="22.752639821367445" lon="113.73279214048665">
        <ele>2.3904310120269656</ele>
        <time>1970-01-01T00:03:16.600000Z</time>
        <extensions>
          <gpxtpx:TrackPointExtension>
            <gpxtpx:hr>123</gpxtpx:hr>
          </gpxtpx:TrackPointExtension>
        </extensions>
      </trkpt>
      <trkpt lat="22.75261944323388" lon="113.73277813482994">
        <ele>2.3997197477146983</ele>
        <time>1970-01-01T00:03:17.600000Z</time>
        <extensions>
          <gpxtpx:TrackPointExtension>
            <gpxtpx:hr>123</gpxtpx:hr>
          </gpxtpx:TrackPointExtension>
        </extensions>
      </trkpt>
      <trkpt lat="22.75259917161935" lon="113.73276378841769">
        <ele>2.4154088562354445</ele>
        <time>1970-01-01T00:03:18.600000Z</time>
        <extensions>
          <gpxtpx:TrackPointExtension>
            <gpxtpx:hr>125</gpxtpx:hr>
          </gpxtpx:TrackPointExtension>
        </extensions>
      </trkpt>
      <trkpt lat="22.752579186705777" lon="113.73274787546718">
        <ele>2.439915440045297</ele>
        <time>1970-01-01T00:03:19.600000Z</time>
        <extensions>
          <gpxtpx:TrackPointExtension>
            <gpxtpx:hr>125</gpxtpx:hr>
          </gpxtpx:TrackPointExtension>
        </extensions>
      </trkpt>
      <trkpt lat="22.75255896107874" lon="113.73273026891421">
        <ele>2.472009312361479</ele>
        <time>1970-01-01T00:03:20.600000Z</time>
        <extensions>
          <gpxtpx:TrackPointExtension>
            <gpxtpx:hr>125</gpxtpx:hr>
          </gpxtpx:TrackPointExtension>
        </extensions>
      </trkpt>
      <trkpt lat="22.752538851850982" lon="113.73271200775152">
        <ele>2.5092735504731536</ele>
        <time>1970-01-01T00:03:21.600000Z</time>
        <extensions>
          <gpxtpx:TrackPointExtension>
            <gpxtpx:hr>125</gpxtpx:hr>
          </gpxtpx:TrackPointExtension>
        </extensions>
      </trkpt>
      <trkpt lat="22.752519392231413" lon="113.73269383691965">
        <ele>2.54902686458081</ele>
        <time>1970-01-01T00:03:22.600000Z</time>
        <extensions>
          <gpxtpx:TrackPointExtension>
            <gpxtpx:hr>125</gpxtpx:hr>
          </gpxtpx:TrackPointExtension>
        </extensions>
      </trkpt>
      <trkpt lat="22.752500790579965" lon="113.73267514195771">
        <ele>2.585319612175226</ele>
        <time>1970-01-01T00:03:23.600000Z</time>
        <extensions>
          <gpxtpx:TrackPointExtension>
            <gpxtpx:hr>125</gpxtpx:hr>
          </gpxtpx:TrackPointExtension>
        </extensions>
      </trkpt>
      <trkpt lat="22.752482434014084" lon="113.73265557604627">
        <ele>2.6133991349488497</ele>
        <time>1970-01-01T00:03:24.600000Z</time>
        <extensions>
          <gpxtpx:TrackPointExtension>
            <gpxtpx:hr>125</gpxtpx:hr>
          </gpxtpx:TrackPointExtension>
        </extensions>
      </trkpt>
      <trkpt lat="22.752464096547314" lon="113.73263568210268">
        <ele>2.6280402494594455</ele>
        <time>1970-01-01T00:03:25.600000Z</time>
        <extensions>
          <gpxtpx:TrackPointExtension>
            <gpxtpx:hr>125</gpxtpx:hr>
          </gpxtpx:TrackPointExtension>
        </extensions>
      </trkpt>
      <trkpt lat="22.752445860993404" lon="113.7326156846077">
        <ele>2.6254003597423434</ele>
        <time>1970-01-01T00:03:26.600000Z</time>
        <extensions>
          <gpxtpx:TrackPointExtension>
            <gpxtpx:hr>125</gpxtpx:hr>
          </gpxtpx:TrackPointExtension>
        </extensions>
      </trkpt>
      <trkpt lat="22.752427619823916" lon="113.73259507564315">
        <ele>2.607506480999291</ele>
        <time>1970-01-01T00:03:27.600000Z</time>
        <extensions>
          <gpxtpx:TrackPointExtension>
            <gpxtpx:hr>120</gpxtpx:hr>
          </gpxtpx:TrackPointExtension>
        </extensions>
      </trkpt>
      <trkpt lat="22.75241005551015" lon="113.7325738829423">
        <ele>2.577261225320399</ele>
        <time>1970-01-01T00:03:28.600000Z</time>
        <extensions>
          <gpxtpx:TrackPointExtension>
            <gpxtpx:hr>120</gpxtpx:hr>
          </gpxtpx:TrackPointExtension>
        </extensions>
      </trkpt>
      <trkpt lat="22.752392685996533" lon="113.73255319923747">
        <ele>2.535641375929117</ele>
        <time>1970-01-01T00:03:29.600000Z</time>
        <extensions>
          <gpxtpx:TrackPointExtension>
            <gpxtpx:hr>120</gpxtpx:hr>
          </gpxtpx:TrackPointExtension>
        </extensions>
      </trkpt>
      <trkpt lat="22.752374538423553" lon="113.73253422126531">
        <ele>2.484188796952367</ele>
        <time>1970-01-01T00:03:30.600000Z</time>
        <extensions>
          <gpxtpx:TrackPointExtension>
            <gpxtpx:hr>120</gpxtpx:hr>
          </gpxtpx:TrackPointExtension>
        </extensions>
      </trkpt>
      <trkpt lat="22.752355259561877" lon="113.73251710725403">
        <ele>2.420477141626179</ele>
        <time>1970-01-01T00:03:31.600000Z</time>
        <extensions>
          <gpxtpx:TrackPointExtension>
            <gpxtpx:hr>120</gpxtpx:hr>
          </gpxtpx:TrackPointExtension>
        </extensions>
      </trkpt>
      <trkpt lat="22.752334685672754" lon="113.7325009743697">
        <ele>2.345255651511252</ele>
        <time>1970-01-01T00:03:32.600000Z</time>
        <extensions>
          <gpxtpx:TrackPointExtension>
            <gpxtpx:hr>120</gpxtpx:hr>
          </gpxtpx:TrackPointExtension>
        </extensions>
      </trkpt>
      <trkpt lat="22.75231387331696" lon="113.73248485035205">
        <ele>2.262705944478512</ele>
        <time>1970-01-01T00:03:33.600000Z</time>
        <extensions>
          <gpxtpx:TrackPointExtension>
            <gpxtpx:hr>120</gpxtpx:hr>
          </gpxtpx:TrackPointExtension>
        </extensions>
      </trkpt>
      <trkpt lat="22.752293696455514" lon="113.73246795367419">
        <ele>2.176515101455152</ele>
        <time>1970-01-01T00:03:34.600000Z</time>
        <extensions>
          <gpxtpx:TrackPointExtension>
            <gpxtpx:hr>120</gpxtpx:hr>
          </gpxtpx:TrackPointExtension>
        </extensions>
      </trkpt>
      <trkpt lat="22.752274354935864" lon="113.73245054338481">
        <ele>2.089565117843449</ele>
        <time>1970-01-01T00:03:35.600000Z</time>
        <extensions>
          <gpxtpx:TrackPointExtension>
            <gpxtpx:hr>120</gpxtpx:hr>
          </gpxtpx:TrackPointExtension>
        </extensions>
      </trkpt>
      <trkpt lat="22.75225502618975" lon="113.73243326241158">
        <ele>2.0060068108141422</ele>
        <time>1970-01-01T00:03:36.600000Z</time>
        <extensions>
          <gpxtpx:TrackPointExtension>
            <gpxtpx:hr>120</gpxtpx:hr>
          </gpxtpx:TrackPointExtension>
        </extensions>
      </trkpt>
      <trkpt lat="22.752234852782745" lon="113.732416263069">
        <ele>1.9266652343794703</ele>
        <time>1970-01-01T00:03:37.600000Z</time>
        <extensions>
          <gpxtpx:TrackPointExtension>
            <gpxtpx:hr>120</gpxtpx:hr>
          </gpxtpx:TrackPointExtension>
        </extensions>
      </trkpt>
      <trkpt lat="22.75221401774451" lon="113.73239957518572">
        <ele>1.8527827039361</ele>
        <time>1970-01-01T00:03:38.600000Z</time>
        <extensions>
          <gpxtpx:TrackPointExtension>
            <gpxtpx:hr>123</gpxtpx:hr>
          </gpxtpx:TrackPointExtension>
        </extensions>
      </trkpt>
      <trkpt lat="22.75219264626431" lon="113.73238306846416">
        <ele>1.7867255872115493</ele>
        <time>1970-01-01T00:03:39.600000Z</time>
        <extensions>
          <gpxtpx:TrackPointExtension>
            <gpxtpx:hr>123</gpxtpx:hr>
          </gpxtpx:TrackPointExtension>
        </extensions>
      </trkpt>
      <trkpt lat="22.752171319793487" lon="113.73236664398414">
        <ele>1.7286771656945348</ele>
        <time>1970-01-01T00:03:40.600000Z</time>
        <extensions>
          <gpxtpx:TrackPointExtension>
            <gpxtpx:hr>123</gpxtpx:hr>
          </gpxtpx:TrackPointExtension>
        </extensions>
      </trkpt>
      <trkpt lat="22.752149930802876" lon="113.73234993588939">
        <ele>1.6777011035010219</ele>
        <time>1970-01-01T00:03:41.600000Z</time>
        <extensions>
          <gpxtpx:TrackPointExtension>
            <gpxtpx:hr>123</gpxtpx:hr>
          </gpxtpx:TrackPointExtension>
        </extensions>
      </trkpt>
      <trkpt lat="22.75212828755135" lon="113.73233301618725">
        <ele>1.6377095822244883</ele>
        <time>1970-01-01T00:03:42.600000Z</time>
        <extensions>
          <gpxtpx:TrackPointExtension>
            <gpxtpx:hr>123</gpxtpx:hr>
          </gpxtpx:TrackPointExtension>
        </extensions>
      </trkpt>
      <trkpt lat="22.75210685106883" lon="113.73231642907423">
        <ele>1.6069388063624501</ele>
        <time>1970-01-01T00:03:43.600000Z</time>
        <extensions>
          <gpxtpx:TrackPointExtension>
            <gpxtpx:hr>123</gpxtpx:hr>
          </gpxtpx:TrackPointExtension>
        </extensions>
      </trkpt>
      <trkpt lat="22.752085470540358" lon="113.73230000833699">
        <ele>1.58388009108603</ele>
        <time>1970-01-01T00:03:44.600000Z</time>
        <extensions>
          <gpxtpx:TrackPointExtension>
            <gpxtpx:hr>125</gpxtpx:hr>
          </gpxtpx:TrackPointExtension>
        </extensions>
      </trkpt>
      <trkpt lat="22.752064463349637" lon="113.73228358001928">
        <ele>1.5685063498094678</ele>
        <time>1970-01-01T00:03:45.600000Z</time>
        <extensions>
          <gpxtpx:TrackPointExtension>
            <gpxtpx:hr>125</gpxtpx:hr>
          </gpxtpx:TrackPointExtension>
        </extensions>
      </trkpt>
      <trkpt lat="22.75204449471474" lon="113.73226705957003">
        <ele>1.5597485583275557</ele>
        <time>1970-01-01T00:03:46.600000Z</time>
        <extensions>
          <gpxtpx:TrackPointExtension>
            <gpxtpx:hr>125</gpxtpx:hr>
          </gpxtpx:TrackPointExtension>
        </extensions>
      </trkpt>
      <trkpt lat="22.75202532695727" lon="113.73225077905043">
        <ele>1.561248768121004</ele>
        <time>1970-01-01T00:03:47.600000Z</time>
        <extensions>
          <gpxtpx:TrackPointExtension>
            <gpxtpx:hr>125</gpxtpx:hr>
          </gpxtpx:TrackPointExtension>
        </extensions>
      </trkpt>
      <trkpt lat="22.752005652586625" lon="113.73223492248073">
        <ele>1.5769058065488935</ele>
        <time>1970-01-01T00:03:48.600000Z</time>
        <extensions>
          <gpxtpx:TrackPointExtension>
            <gpxtpx:hr>125</gpxtpx:hr>
          </gpxtpx:TrackPointExtension>
        </extensions>
      </trkpt>
      <trkpt lat="22.751985232405403" lon="113.73221934520662">
        <ele>1.604585607536137</ele>
        <time>1970-01-01T00:03:49.600000Z</time>
        <extensions>
          <gpxtpx:TrackPointExtension>
            <gpxtpx:hr>125</gpxtpx:hr>
          </gpxtpx:TrackPointExtension>
        </extensions>
      </trkpt>
      <trkpt lat="22.75196479535688" lon="113.73220399224432">
        <ele>1.6420217351987958</ele>
        <time>1970-01-01T00:03:50.600000Z</time>
        <extensions>
          <gpxtpx:TrackPointExtension>
            <gpxtpx:hr>126</gpxtpx:hr>
          </gpxtpx:TrackPointExtension>
        </extensions>
      </trkpt>
      <trkpt lat="22.751944358218726" lon="113.73218871442086">
        <ele>1.6871404126286507</ele>
        <time>1970-01-01T00:03:51.600000Z</time>
        <extensions>
          <gpxtpx:TrackPointExtension>
            <gpxtpx:hr>126</gpxtpx:hr>
          </gpxtpx:TrackPointExtension>
        </extensions>
      </trkpt>
      <trkpt lat="22.751923792987732" lon="113.73217343036896">
        <ele>1.7358583007007837</ele>
        <time>1970-01-01T00:03:52.600000Z</time>
        <extensions>
          <gpxtpx:TrackPointExtension>
            <gpxtpx:hr>126</gpxtpx:hr>
          </gpxtpx:TrackPointExtension>
        </extensions>
      </trkpt>
      <trkpt lat="22.751902605847395" lon="113.73215815289625">
        <ele>1.7841382967308164</ele>
        <time>1970-01-01T00:03:53.600000Z</time>
        <extensions>
          <gpxtpx:TrackPointExtension>
            <gpxtpx:hr>126</gpxtpx:hr>
          </gpxtpx:TrackPointExtension>
        </extensions>
      </trkpt>
      <trkpt lat="22.751881091015907" lon="113.73214276272098">
        <ele>1.8285899199545383</ele>
        <time>1970-01-01T00:03:54.600000Z</time>
        <extensions>
          <gpxtpx:TrackPointExtension>
            <gpxtpx:hr>125</gpxtpx:hr>
          </gpxtpx:TrackPointExtension>
        </extensions>
      </trkpt>
      <trkpt lat="22.75185998512303" lon="113.7321267349011">
        <ele>1.8671112172305584</ele>
        <time>1970-01-01T00:03:55.600000Z</time>
        <extensions>
          <gpxtpx:TrackPointExtension>
            <gpxtpx:hr>125</gpxtpx:hr>
          </gpxtpx:TrackPointExtension>
        </extensions>
      </trkpt>
      <trkpt lat="22.751839750297123" lon="113.73211043688147">
        <ele>1.8975268602371216</ele>
        <time>1970-01-01T00:03:56.600000Z</time>
        <extensions>
          <gpxtpx:TrackPointExtension>
            <gpxtpx:hr>125</gpxtpx:hr>
          </gpxtpx:TrackPointExtension>
        </extensions>
      </trkpt>
      <trkpt lat="22.751819767205344" lon="113.73209459866922">
        <ele>1.916908704675734</ele>
        <time>1970-01-01T00:03:57.600000Z</time>
        <extensions>
          <gpxtpx:TrackPointExtension>
            <gpxtpx:hr>125</gpxtpx:hr>
          </gpxtpx:TrackPointExtension>
        </extensions>
      </trkpt>
      <trkpt lat="22.751799009918976" lon="113.73207933265435">
        <ele>1.9237437602132559</ele>
        <time>1970-01-01T00:03:58.600000Z</time>
        <extensions>
          <gpxtpx:TrackPointExtension>
            <gpxtpx:hr>125</gpxtpx:hr>
          </gpxtpx:TrackPointExtension>
        </extensions>
      </trkpt>
      <trkpt lat="22.75177767278753" lon="113.7320643533783">
        <ele>1.917411313392222</ele>
        <time>1970-01-01T00:03:59.600000Z</time>
        <extensions>
          <gpxtpx:TrackPointExtension>
            <gpxtpx:hr>123</gpxtpx:hr>
          </gpxtpx:TrackPointExtension>
        </extensions>
      </trkpt>
      <trkpt lat="22.751756034384893" lon="113.732048794124">
        <ele>1.8972497414797544</ele>
        <time>1970-01-01T00:04:00.600000Z</time>
        <extensions>
          <gpxtpx:TrackPointExtension>
            <gpxtpx:hr>123</gpxtpx:hr>
          </gpxtpx:TrackPointExtension>
        </extensions>
      </trkpt>
      <trkpt lat="22.751734724758798" lon="113.73203223078826">
        <ele>1.8634696658700705</ele>
        <time>1970-01-01T00:04:01.600000Z</time>
        <extensions>
          <gpxtpx:TrackPointExtension>
            <gpxtpx:hr>123</gpxtpx:hr>
          </gpxtpx:TrackPointExtension>
        </extensions>
      </trkpt>
      <trkpt lat="22.751713461069162" lon="113.7320147903606">
        <ele>1.8173047667369246</ele>
        <time>1970-01-01T00:04:02.600000Z</time>
        <extensions>
          <gpxtpx:TrackPointExtension>
            <gpxtpx:hr>123</gpxtpx:hr>
          </gpxtpx:TrackPointExtension>
        </extensions>
      </trkpt>
      <trkpt lat="22.75169172552361" lon="113.73199698290506">
        <ele>1.7620361670851707</ele>
        <time>1970-01-01T00:04:03.600000Z</time>
        <extensions>
          <gpxtpx:TrackPointExtension>
            <gpxtpx:hr>123</gpxtpx:hr>
          </gpxtpx:TrackPointExtension>
        </extensions>
      </trkpt>
      <trkpt lat="22.75167005720038" lon="113.73197959174553">
        <ele>1.7028050916269422</ele>
        <time>1970-01-01T00:04:04.600000Z</time>
        <extensions>
          <gpxtpx:TrackPointExtension>
            <gpxtpx:hr>126</gpxtpx:hr>
          </gpxtpx:TrackPointExtension>
        </extensions>
      </trkpt>
      <trkpt lat="22.751648475400714" lon="113.73196293280107">
        <ele>1.6412450466305017</ele>
        <time>1970-01-01T00:04:05.600000Z</time>
        <extensions>
          <gpxtpx:TrackPointExtension>
            <gpxtpx:hr>126</gpxtpx:hr>
          </gpxtpx:TrackPointExtension>
        </extensions>
      </trkpt>
      <trkpt lat="22.751626964157158" lon="113.73194671958382">
        <ele>1.5767392320558429</ele>
        <time>1970-01-01T00:04:06.600000Z</time>
        <extensions>
          <gpxtpx:TrackPointExtension>
            <gpxtpx:hr>126</gpxtpx:hr>
          </gpxtpx:TrackPointExtension>
        </extensions>
      </trkpt>
      <trkpt lat="22.751605513376425" lon="113.73193016484613">
        <ele>1.510950731113553</ele>
        <time>1970-01-01T00:04:07.600000Z</time>
        <extensions>
          <gpxtpx:TrackPointExtension>
            <gpxtpx:hr>126</gpxtpx:hr>
          </gpxtpx:TrackPointExtension>
        </extensions>
      </trkpt>
      <trkpt lat="22.75158430639884" lon="113.73191289809857">
        <ele>1.4439822090789676</ele>
        <time>1970-01-01T00:04:08.600000Z</time>
        <extensions>
          <gpxtpx:TrackPointExtension>
            <gpxtpx:hr>126</gpxtpx:hr>
          </gpxtpx:TrackPointExtension>
        </extensions>
      </trkpt>
      <trkpt lat="22.751564149384077" lon="113.73189592307597">
        <ele>1.3769122110679746</ele>
        <time>1970-01-01T00:04:09.600000Z</time>
        <extensions>
          <gpxtpx:TrackPointExtension>
            <gpxtpx:hr>126</gpxtpx:hr>
          </gpxtpx:TrackPointExtension>
        </extensions>
      </trkpt>
      <trkpt lat="22.751545382725375" lon="113.73187981763681">
        <ele>1.3132363939657807</ele>
        <time>1970-01-01T00:04:10.600000Z</time>
        <extensions>
          <gpxtpx:TrackPointExtension>
            <gpxtpx:hr>126</gpxtpx:hr>
          </gpxtpx:TrackPointExtension>
        </extensions>
      </trkpt>
      <trkpt lat="22.751526901198897" lon="113.73186448787135">
        <ele>1.2547268643975258</ele>
        <time>1970-01-01T00:04:11.600000Z</time>
        <extensions>
          <gpxtpx:TrackPointExtension>
            <gpxtpx:hr>126</gpxtpx:hr>
          </gpxtpx:TrackPointExtension>
        </extensions>
      </trkpt>
      <trkpt lat="22.75150763535871" lon="113.73184982764506">
        <ele>1.2059580888599157</ele>
        <time>1970-01-01T00:04:12.600000Z</time>
        <extensions>
          <gpxtpx:TrackPointExtension>
            <gpxtpx:hr>123</gpxtpx:hr>
          </gpxtpx:TrackPointExtension>
        </extensions>
      </trkpt>
      <trkpt lat="22.751487484772166" lon="113.73183537003085">
        <ele>1.1702730702236295</ele>
        <time>1970-01-01T00:04:13.600000Z</time>
        <extensions>
          <gpxtpx:TrackPointExtension>
            <gpxtpx:hr>123</gpxtpx:hr>
          </gpxtpx:TrackPointExtension>
        </extensions>
      </trkpt>
      <trkpt lat="22.751466515482786" lon="113.7318207985536">
        <ele>1.1461755484342575</ele>
        <time>1970-01-01T00:04:14.600000Z</time>
        <extensions>
          <gpxtpx:TrackPointExtension>
            <gpxtpx:hr>123</gpxtpx:hr>
          </gpxtpx:TrackPointExtension>
        </extensions>
      </trkpt>
      <trkpt lat="22.751445341599286" lon="113.73180558917846">
        <ele>1.1322490107268095</ele>
        <time>1970-01-01T00:04:15.600000Z</time>
        <extensions>
          <gpxtpx:TrackPointExtension>
            <gpxtpx:hr>123</gpxtpx:hr>
          </gpxtpx:TrackPointExtension>
        </extensions>
      </trkpt>
      <trkpt lat="22.751424541105706" lon="113.73178924135624">
        <ele>1.1287095425650477</ele>
        <time>1970-01-01T00:04:16.600000Z</time>
        <extensions>
          <gpxtpx:TrackPointExtension>
            <gpxtpx:hr>123</gpxtpx:hr>
          </gpxtpx:TrackPointExtension>
        </extensions>
      </trkpt>
      <trkpt lat="22.751404382433755" lon="113.73177195974425">
        <ele>1.1361605217680335</ele>
        <time>1970-01-01T00:04:17.600000Z</time>
        <extensions>
          <gpxtpx:TrackPointExtension>
            <gpxtpx:hr>123</gpxtpx:hr>
          </gpxtpx:TrackPointExtension>
        </extensions>
      </trkpt>
      <trkpt lat="22.75138431600576" lon="113.73175482931002">
        <ele>1.1545455707237124</ele>
        <time>1970-01-01T00:04:18.600000Z</time>
        <extensions>
          <gpxtpx:TrackPointExtension>
            <gpxtpx:hr>123</gpxtpx:hr>
          </gpxtpx:TrackPointExtension>
        </extensions>
      </trkpt>
      <trkpt lat="22.75136422324326" lon="113.73173841571572">
        <ele>1.1816300954669714</ele>
        <time>1970-01-01T00:04:19.600000Z</time>
        <extensions>
          <gpxtpx:TrackPointExtension>
            <gpxtpx:hr>126</gpxtpx:hr>
          </gpxtpx:TrackPointExtension>
        </extensions>
      </trkpt>
      <trkpt lat="22.751344268815327" lon="113.73172265752744">
        <ele>1.2153050750494003</ele>
        <time>1970-01-01T00:04:20.600000Z</time>
        <extensions>
          <gpxtpx:TrackPointExtension>
            <gpxtpx:hr>126</gpxtpx:hr>
          </gpxtpx:TrackPointExtension>
        </extensions>
      </trkpt>
      <trkpt lat="22.751324115652288" lon="113.73170701389951">
        <ele>1.2570630218833685</ele>
        <time>1970-01-01T00:04:21.600000Z</time>
        <extensions>
          <gpxtpx:TrackPointExtension>
            <gpxtpx:hr>126</gpxtpx:hr>
          </gpxtpx:TrackPointExtension>
        </extensions>
      </trkpt>
      <trkpt lat="22.751303903336737" lon="113.73169116202006">
        <ele>1.3060518773272634</ele>
        <time>1970-01-01T00:04:22.600000Z</time>
        <extensions>
          <gpxtpx:TrackPointExtension>
            <gpxtpx:hr>126</gpxtpx:hr>
          </gpxtpx:TrackPointExtension>
        </extensions>
      </trkpt>
      <trkpt lat="22.75128393509962" lon="113.73167557526418">
        <ele>1.3607314731925726</ele>
        <time>1970-01-01T00:04:23.600000Z</time>
        <extensions>
          <gpxtpx:TrackPointExtension>
            <gpxtpx:hr>126</gpxtpx:hr>
          </gpxtpx:TrackPointExtension>
        </extensions>
      </trkpt>
      <trkpt lat="22.75126433042522" lon="113.73166007634187">
        <ele>1.4209777088835835</ele>
        <time>1970-01-01T00:04:24.600000Z</time>
        <extensions>
          <gpxtpx:TrackPointExtension>
            <gpxtpx:hr>126</gpxtpx:hr>
          </gpxtpx:TrackPointExtension>
        </extensions>
      </trkpt>
      <trkpt lat="22.751244315516225" lon="113.7316443360667">
        <ele>1.4892400670796633</ele>
        <time>1970-01-01T00:04:25.600000Z</time>
        <extensions>
          <gpxtpx:TrackPointExtension>
            <gpxtpx:hr>126</gpxtpx:hr>
          </gpxtpx:TrackPointExtension>
        </extensions>
      </trkpt>
      <trkpt lat="22.751223820962114" lon="113.73162856425242">
        <ele>1.5657893316820264</ele>
        <time>1970-01-01T00:04:26.600000Z</time>
        <extensions>
          <gpxtpx:TrackPointExtension>
            <gpxtpx:hr>123</gpxtpx:hr>
          </gpxtpx:TrackPointExtension>
        </extensions>
      </trkpt>
      <trkpt lat="22.751203075628435" lon="113.73161275577186">
        <ele>1.6472225151956081</ele>
        <time>1970-01-01T00:04:27.600000Z</time>
        <extensions>
          <gpxtpx:TrackPointExtension>
            <gpxtpx:hr>123</gpxtpx:hr>
          </gpxtpx:TrackPointExtension>
        </extensions>
      </trkpt>
      <trkpt lat="22.751182216150514" lon="113.7315968111632">
        <ele>1.7346811695024371</ele>
        <time>1970-01-01T00:04:28.600000Z</time>
        <extensions>
          <gpxtpx:TrackPointExtension>
            <gpxtpx:hr>123</gpxtpx:hr>
          </gpxtpx:TrackPointExtension>
        </extensions>
      </trkpt>
      <trkpt lat="22.75116195500379" lon="113.73158091664078">
        <ele>1.8306059865280986</ele>
        <time>1970-01-01T00:04:29.600000Z</time>
        <extensions>
          <gpxtpx:TrackPointExtension>
            <gpxtpx:hr>123</gpxtpx:hr>
          </gpxtpx:TrackPointExtension>
        </extensions>
      </trkpt>
      <trkpt lat="22.75114246120183" lon="113.73156549000852">
        <ele>1.9374483693391085</ele>
        <time>1970-01-01T00:04:30.600000Z</time>
        <extensions>
          <gpxtpx:TrackPointExtension>
            <gpxtpx:hr>123</gpxtpx:hr>
          </gpxtpx:TrackPointExtension>
        </extensions>
      </trkpt>
      <trkpt lat="22.75112332164355" lon="113.73155029106435">
        <ele>2.056220850907266</ele>
        <time>1970-01-01T00:04:31.600000Z</time>
        <extensions>
          <gpxtpx:TrackPointExtension>
            <gpxtpx:hr>123</gpxtpx:hr>
          </gpxtpx:TrackPointExtension>
        </extensions>
      </trkpt>
      <trkpt lat="22.75110418103102" lon="113.73153283028242">
        <ele>2.1866735899820924</ele>
        <time>1970-01-01T00:04:32.600000Z</time>
        <extensions>
          <gpxtpx:TrackPointExtension>
            <gpxtpx:hr>123</gpxtpx:hr>
          </gpxtpx:TrackPointExtension>
        </extensions>
      </trkpt>
      <trkpt lat="22.75108576255555" lon="113.73151169838256">
        <ele>2.325924570672214</ele>
        <time>1970-01-01T00:04:33.600000Z</time>
        <extensions>
          <gpxtpx:TrackPointExtension>
            <gpxtpx:hr>123</gpxtpx:hr>
          </gpxtpx:TrackPointExtension>
        </extensions>
      </trkpt>
      <trkpt lat="22.751069115342705" lon="113.73148894805236">
        <ele>2.469437482766807</ele>
        <time>1970-01-01T00:04:34.600000Z</time>
        <extensions>
          <gpxtpx:TrackPointExtension>
            <gpxtpx:hr>123</gpxtpx:hr>
          </gpxtpx:TrackPointExtension>
        </extensions>
      </trkpt>
      <trkpt lat="22.751054369337844" lon="113.7314669888157">
        <ele>2.6110290782526135</ele>
        <time>1970-01-01T00:04:35.600000Z</time>
        <extensions>
          <gpxtpx:TrackPointExtension>
            <gpxtpx:hr>123</gpxtpx:hr>
          </gpxtpx:TrackPointExtension>
        </extensions>
      </trkpt>
      <trkpt lat="22.75104014047053" lon="113.73144584779209">
        <ele>2.7430786853656173</ele>
        <time>1970-01-01T00:04:36.600000Z</time>
        <extensions>
          <gpxtpx:TrackPointExtension>
            <gpxtpx:hr>123</gpxtpx:hr>
          </gpxtpx:TrackPointExtension>
        </extensions>
      </trkpt>
      <trkpt lat="22.751025930437457" lon="113.73142440981943">
        <ele>2.860562453046441</ele>
        <time>1970-01-01T00:04:37.600000Z</time>
        <extensions>
          <gpxtpx:TrackPointExtension>
            <gpxtpx:hr>123</gpxtpx:hr>
          </gpxtpx:TrackPointExtension>
        </extensions>
      </trkpt>
      <trkpt lat="22.75101263015743" lon="113.7314030505299">
        <ele>2.9595241714268923</ele>
        <time>1970-01-01T00:04:38.600000Z</time>
        <extensions>
          <gpxtpx:TrackPointExtension>
            <gpxtpx:hr>123</gpxtpx:hr>
          </gpxtpx:TrackPointExtension>
        </extensions>
      </trkpt>
      <trkpt lat="22.751000287578407" lon="113.73138207698793">
        <ele>3.0370766054838896</ele>
        <time>1970-01-01T00:04:39.600000Z</time>
        <extensions>
          <gpxtpx:TrackPointExtension>
            <gpxtpx:hr>123</gpxtpx:hr>
          </gpxtpx:TrackPointExtension>
        </extensions>
      </trkpt>
      <trkpt lat="22.75098862992053" lon="113.73136086258057">
        <ele>3.091864712536335</ele>
        <time>1970-01-01T00:04:40.600000Z</time>
        <extensions>
          <gpxtpx:TrackPointExtension>
            <gpxtpx:hr>123</gpxtpx:hr>
          </gpxtpx:TrackPointExtension>
        </extensions>
      </trkpt>
      <trkpt lat="22.75097690025296" lon="113.73133947837303">
        <ele>3.1229778146371245</ele>
        <time>1970-01-01T00:04:41.600000Z</time>
        <extensions>
          <gpxtpx:TrackPointExtension>
            <gpxtpx:hr>123</gpxtpx:hr>
          </gpxtpx:TrackPointExtension>
        </extensions>
      </trkpt>
      <trkpt lat="22.75096472342161" lon="113.73131976660807">
        <ele>3.135475873015821</ele>
        <time>1970-01-01T00:04:42.600000Z</time>
        <extensions>
          <gpxtpx:TrackPointExtension>
            <gpxtpx:hr>123</gpxtpx:hr>
          </gpxtpx:TrackPointExtension>
        </extensions>
      </trkpt>
      <trkpt lat="22.750950983626897" lon="113.73130322364929">
        <ele>3.1356499129906297</ele>
        <time>1970-01-01T00:04:43.600000Z</time>
        <extensions>
          <gpxtpx:TrackPointExtension>
            <gpxtpx:hr>122</gpxtpx:hr>
          </gpxtpx:TrackPointExtension>
        </extensions>
      </trkpt>
      <trkpt lat="22.75093426498449" lon="113.73128901743917">
        <ele>3.129700878635049</ele>
        <time>1970-01-01T00:04:44.600000Z</time>
        <extensions>
          <gpxtpx:TrackPointExtension>
            <gpxtpx:hr>122</gpxtpx:hr>
          </gpxtpx:TrackPointExtension>
        </extensions>
      </trkpt>
      <trkpt lat="22.750914988596012" lon="113.73127543884333">
        <ele>3.123596233315766</ele>
        <time>1970-01-01T00:04:45.600000Z</time>
        <extensions>
          <gpxtpx:TrackPointExtension>
            <gpxtpx:hr>122</gpxtpx:hr>
          </gpxtpx:TrackPointExtension>
        </extensions>
      </trkpt>
      <trkpt lat="22.750894727827784" lon="113.73126138981605">
        <ele>3.1191747914999723</ele>
        <time>1970-01-01T00:04:46.600000Z</time>
        <extensions>
          <gpxtpx:TrackPointExtension>
            <gpxtpx:hr>122</gpxtpx:hr>
          </gpxtpx:TrackPointExtension>
        </extensions>
      </trkpt>
      <trkpt lat="22.750874998169746" lon="113.73124676064502">
        <ele>3.11834570299834</ele>
        <time>1970-01-01T00:04:47.600000Z</time>
        <extensions>
          <gpxtpx:TrackPointExtension>
            <gpxtpx:hr>122</gpxtpx:hr>
          </gpxtpx:TrackPointExtension>
        </extensions>
      </trkpt>
      <trkpt lat="22.750856387890014" lon="113.73123204313512">
        <ele>3.122729799710214</ele>
        <time>1970-01-01T00:04:48.600000Z</time>
        <extensions>
          <gpxtpx:TrackPointExtension>
            <gpxtpx:hr>122</gpxtpx:hr>
          </gpxtpx:TrackPointExtension>
        </extensions>
      </trkpt>
      <trkpt lat="22.750838582643745" lon="113.73121770057423">
        <ele>3.1315394258126616</ele>
        <time>1970-01-01T00:04:49.600000Z</time>
        <extensions>
          <gpxtpx:TrackPointExtension>
            <gpxtpx:hr>123</gpxtpx:hr>
          </gpxtpx:TrackPointExtension>
        </extensions>
      </trkpt>
      <trkpt lat="22.75082036128879" lon="113.73120332502114">
        <ele>3.1445160154253244</ele>
        <time>1970-01-01T00:04:50.600000Z</time>
        <extensions>
          <gpxtpx:TrackPointExtension>
            <gpxtpx:hr>123</gpxtpx:hr>
          </gpxtpx:TrackPointExtension>
        </extensions>
      </trkpt>
      <trkpt lat="22.750801732771414" lon="113.7311883974974">
        <ele>3.164331540465355</ele>
        <time>1970-01-01T00:04:51.600000Z</time>
        <extensions>
          <gpxtpx:TrackPointExtension>
            <gpxtpx:hr>123</gpxtpx:hr>
          </gpxtpx:TrackPointExtension>
        </extensions>
      </trkpt>
      <trkpt lat="22.750783087661684" lon="113.73117290378067">
        <ele>3.1907397573813796</ele>
        <time>1970-01-01T00:04:52.600000Z</time>
        <extensions>
          <gpxtpx:TrackPointExtension>
            <gpxtpx:hr>123</gpxtpx:hr>
          </gpxtpx:TrackPointExtension>
        </extensions>
      </trkpt>
      <trkpt lat="22.75076426210917" lon="113.73115703792561">
        <ele>3.2218336472287774</ele>
        <time>1970-01-01T00:04:53.600000Z</time>
        <extensions>
          <gpxtpx:TrackPointExtension>
            <gpxtpx:hr>123</gpxtpx:hr>
          </gpxtpx:TrackPointExtension>
        </extensions>
      </trkpt>
      <trkpt lat="22.7507450160004" lon="113.73114131294648">
        <ele>3.254400842823088</ele>
        <time>1970-01-01T00:04:54.600000Z</time>
        <extensions>
          <gpxtpx:TrackPointExtension>
            <gpxtpx:hr>128</gpxtpx:hr>
          </gpxtpx:TrackPointExtension>
        </extensions>
      </trkpt>
      <trkpt lat="22.75072534455546" lon="113.73112612857034">
        <ele>3.2855143174529076</ele>
        <time>1970-01-01T00:04:55.600000Z</time>
        <extensions>
          <gpxtpx:TrackPointExtension>
            <gpxtpx:hr>128</gpxtpx:hr>
          </gpxtpx:TrackPointExtension>
        </extensions>
      </trkpt>
      <trkpt lat="22.750705348810328" lon="113.73111110396906">
        <ele>3.3113838648423553</ele>
        <time>1970-01-01T00:04:56.600000Z</time>
        <extensions>
          <gpxtpx:TrackPointExtension>
            <gpxtpx:hr>128</gpxtpx:hr>
          </gpxtpx:TrackPointExtension>
        </extensions>
      </trkpt>
      <trkpt lat="22.750684903137113" lon="113.73109550649265">
        <ele>3.3301018700003624</ele>
        <time>1970-01-01T00:04:57.600000Z</time>
        <extensions>
          <gpxtpx:TrackPointExtension>
            <gpxtpx:hr>128</gpxtpx:hr>
          </gpxtpx:TrackPointExtension>
        </extensions>
      </trkpt>
      <trkpt lat="22.750664252391836" lon="113.73107949429875">
        <ele>3.3419023267924786</ele>
        <time>1970-01-01T00:04:58.600000Z</time>
        <extensions>
          <gpxtpx:TrackPointExtension>
            <gpxtpx:hr>127</gpxtpx:hr>
          </gpxtpx:TrackPointExtension>
        </extensions>
      </trkpt>
      <trkpt lat="22.750643229919277" lon="113.73106383670749">
        <ele>3.3444013986736536</ele>
        <time>1970-01-01T00:04:59.600000Z</time>
        <extensions>
          <gpxtpx:TrackPointExtension>
            <gpxtpx:hr>127</gpxtpx:hr>
          </gpxtpx:TrackPointExtension>
        </extensions>
      </trkpt>
      <trkpt lat="22.750621741916767" lon="113.73104930643441">
        <ele>3.3379648262634873</ele>
        <time>1970-01-01T00:05:00.600000Z</time>
        <extensions>
          <gpxtpx:TrackPointExtension>
            <gpxtpx:hr>127</gpxtpx:hr>
          </gpxtpx:TrackPointExtension>
        </extensions>
      </trkpt>
      <trkpt lat="22.75059986939701" lon="113.73103691069262">
        <ele>3.3227723510935903</ele>
        <time>1970-01-01T00:05:01.600000Z</time>
        <extensions>
          <gpxtpx:TrackPointExtension>
            <gpxtpx:hr>127</gpxtpx:hr>
          </gpxtpx:TrackPointExtension>
        </extensions>
      </trkpt>
      <trkpt lat="22.750578338276867" lon="113.73102782086994">
        <ele>3.29616766795516</ele>
        <time>1970-01-01T00:05:02.600000Z</time>
        <extensions>
          <gpxtpx:TrackPointExtension>
            <gpxtpx:hr>127</gpxtpx:hr>
          </gpxtpx:TrackPointExtension>
        </extensions>
      </trkpt>
      <trkpt lat="22.750558039991034" lon="113.73102371363488">
        <ele>3.258432229049504</ele>
        <time>1970-01-01T00:05:03.600000Z</time>
        <extensions>
          <gpxtpx:TrackPointExtension>
            <gpxtpx:hr>127</gpxtpx:hr>
          </gpxtpx:TrackPointExtension>
        </extensions>
      </trkpt>
      <trkpt lat="22.750541477762233" lon="113.73102600852981">
        <ele>3.2125013507902622</ele>
        <time>1970-01-01T00:05:04.600000Z</time>
        <extensions>
          <gpxtpx:TrackPointExtension>
            <gpxtpx:hr>127</gpxtpx:hr>
          </gpxtpx:TrackPointExtension>
        </extensions>
      </trkpt>
      <trkpt lat="22.750527136839537" lon="113.73103865811">
        <ele>3.1614696634933352</ele>
        <time>1970-01-01T00:05:05.600000Z</time>
        <extensions>
          <gpxtpx:TrackPointExtension>
            <gpxtpx:hr>127</gpxtpx:hr>
          </gpxtpx:TrackPointExtension>
        </extensions>
      </trkpt>
      <trkpt lat="22.750511687146666" lon="113.73106101428614">
        <ele>3.1110670138150454</ele>
        <time>1970-01-01T00:05:06.600000Z</time>
        <extensions>
          <gpxtpx:TrackPointExtension>
            <gpxtpx:hr>127</gpxtpx:hr>
          </gpxtpx:TrackPointExtension>
        </extensions>
      </trkpt>
      <trkpt lat="22.750496348015574" lon="113.73108593800451">
        <ele>3.0691871885210276</ele>
        <time>1970-01-01T00:05:07.600000Z</time>
        <extensions>
          <gpxtpx:TrackPointExtension>
            <gpxtpx:hr>127</gpxtpx:hr>
          </gpxtpx:TrackPointExtension>
        </extensions>
      </trkpt>
      <trkpt lat="22.750481522039735" lon="113.73110893512367">
        <ele>3.043762763030827</ele>
        <time>1970-01-01T00:05:08.600000Z</time>
        <extensions>
          <gpxtpx:TrackPointExtension>
            <gpxtpx:hr>127</gpxtpx:hr>
          </gpxtpx:TrackPointExtension>
        </extensions>
      </trkpt>
      <trkpt lat="22.750466841894067" lon="113.73112904906363">
        <ele>3.0390687407925725</ele>
        <time>1970-01-01T00:05:09.600000Z</time>
        <extensions>
          <gpxtpx:TrackPointExtension>
            <gpxtpx:hr>127</gpxtpx:hr>
          </gpxtpx:TrackPointExtension>
        </extensions>
      </trkpt>
      <trkpt lat="22.750452047853436" lon="113.73114724087469">
        <ele>3.059131891466677</ele>
        <time>1970-01-01T00:05:10.600000Z</time>
        <extensions>
          <gpxtpx:TrackPointExtension>
            <gpxtpx:hr>127</gpxtpx:hr>
          </gpxtpx:TrackPointExtension>
        </extensions>
      </trkpt>
      <trkpt lat="22.750436759998543" lon="113.73116459608957">
        <ele>3.101621855981648</ele>
        <time>1970-01-01T00:05:11.600000Z</time>
        <extensions>
          <gpxtpx:TrackPointExtension>
            <gpxtpx:hr>127</gpxtpx:hr>
          </gpxtpx:TrackPointExtension>
        </extensions>
      </trkpt>
      <trkpt lat="22.75042063643703" lon="113.73118176336372">
        <ele>3.163559701293707</ele>
        <time>1970-01-01T00:05:12.600000Z</time>
        <extensions>
          <gpxtpx:TrackPointExtension>
            <gpxtpx:hr>127</gpxtpx:hr>
          </gpxtpx:TrackPointExtension>
        </extensions>
      </trkpt>
      <trkpt lat="22.75040346956549" lon="113.73119862734808">
        <ele>3.2443267814815044</ele>
        <time>1970-01-01T00:05:13.600000Z</time>
        <extensions>
          <gpxtpx:TrackPointExtension>
            <gpxtpx:hr>127</gpxtpx:hr>
          </gpxtpx:TrackPointExtension>
        </extensions>
      </trkpt>
      <trkpt lat="22.750385492661685" lon="113.7312156959368">
        <ele>3.3386479914188385</ele>
        <time>1970-01-01T00:05:14.600000Z</time>
        <extensions>
          <gpxtpx:TrackPointExtension>
            <gpxtpx:hr>127</gpxtpx:hr>
          </gpxtpx:TrackPointExtension>
        </extensions>
      </trkpt>
      <trkpt lat="22.75036702131963" lon="113.73123303759152">
        <ele>3.4392916997894645</ele>
        <time>1970-01-01T00:05:15.600000Z</time>
        <extensions>
          <gpxtpx:TrackPointExtension>
            <gpxtpx:hr>127</gpxtpx:hr>
          </gpxtpx:TrackPointExtension>
        </extensions>
      </trkpt>
      <trkpt lat="22.750348086887318" lon="113.73125059519671">
        <ele>3.540568843483925</ele>
        <time>1970-01-01T00:05:16.600000Z</time>
        <extensions>
          <gpxtpx:TrackPointExtension>
            <gpxtpx:hr>127</gpxtpx:hr>
          </gpxtpx:TrackPointExtension>
        </extensions>
      </trkpt>
      <trkpt lat="22.750328849296547" lon="113.73126828885958">
        <ele>3.6394473062828183</ele>
        <time>1970-01-01T00:05:17.600000Z</time>
        <extensions>
          <gpxtpx:TrackPointExtension>
            <gpxtpx:hr>127</gpxtpx:hr>
          </gpxtpx:TrackPointExtension>
        </extensions>
      </trkpt>
      <trkpt lat="22.75030969075537" lon="113.73128636882016">
        <ele>3.732225730083883</ele>
        <time>1970-01-01T00:05:18.600000Z</time>
        <extensions>
          <gpxtpx:TrackPointExtension>
            <gpxtpx:hr>127</gpxtpx:hr>
          </gpxtpx:TrackPointExtension>
        </extensions>
      </trkpt>
      <trkpt lat="22.75029121909583" lon="113.73130518650636">
        <ele>3.814451082609594</ele>
        <time>1970-01-01T00:05:19.600000Z</time>
        <extensions>
          <gpxtpx:TrackPointExtension>
            <gpxtpx:hr>127</gpxtpx:hr>
          </gpxtpx:TrackPointExtension>
        </extensions>
      </trkpt>
      <trkpt lat="22.75027415661335" lon="113.73132516979639">
        <ele>3.883258176036179</ele>
        <time>1970-01-01T00:05:20.600000Z</time>
        <extensions>
          <gpxtpx:TrackPointExtension>
            <gpxtpx:hr>127</gpxtpx:hr>
          </gpxtpx:TrackPointExtension>
        </extensions>
      </trkpt>
      <trkpt lat="22.750258871946084" lon="113.73134623101708">
        <ele>3.938150182366371</ele>
        <time>1970-01-01T00:05:21.600000Z</time>
        <extensions>
          <gpxtpx:TrackPointExtension>
            <gpxtpx:hr>127</gpxtpx:hr>
          </gpxtpx:TrackPointExtension>
        </extensions>
      </trkpt>
      <trkpt lat="22.75024465932023" lon="113.73136751721881">
        <ele>3.9821314085274935</ele>
        <time>1970-01-01T00:05:22.600000Z</time>
        <extensions>
          <gpxtpx:TrackPointExtension>
            <gpxtpx:hr>127</gpxtpx:hr>
          </gpxtpx:TrackPointExtension>
        </extensions>
      </trkpt>
      <trkpt lat="22.750230316451834" lon="113.73138818430698">
        <ele>4.019618694670498</ele>
        <time>1970-01-01T00:05:23.600000Z</time>
        <extensions>
          <gpxtpx:TrackPointExtension>
            <gpxtpx:hr>127</gpxtpx:hr>
          </gpxtpx:TrackPointExtension>
        </extensions>
      </trkpt>
      <trkpt lat="22.750215539697592" lon="113.73140742627177">
        <ele>4.053129702806473</ele>
        <time>1970-01-01T00:05:24.600000Z</time>
        <extensions>
          <gpxtpx:TrackPointExtension>
            <gpxtpx:hr>127</gpxtpx:hr>
          </gpxtpx:TrackPointExtension>
        </extensions>
      </trkpt>
      <trkpt lat="22.750199586061157" lon="113.73142652040681">
        <ele>4.086771200411022</ele>
        <time>1970-01-01T00:05:25.600000Z</time>
        <extensions>
          <gpxtpx:TrackPointExtension>
            <gpxtpx:hr>127</gpxtpx:hr>
          </gpxtpx:TrackPointExtension>
        </extensions>
      </trkpt>
      <trkpt lat="22.750181962419056" lon="113.73144682242183">
        <ele>4.12445767223835</ele>
        <time>1970-01-01T00:05:26.600000Z</time>
        <extensions>
          <gpxtpx:TrackPointExtension>
            <gpxtpx:hr>126</gpxtpx:hr>
          </gpxtpx:TrackPointExtension>
        </extensions>
      </trkpt>
      <trkpt lat="22.75016376635927" lon="113.73146732394578">
        <ele>4.1630930583924055</ele>
        <time>1970-01-01T00:05:27.600000Z</time>
        <extensions>
          <gpxtpx:TrackPointExtension>
            <gpxtpx:hr>126</gpxtpx:hr>
          </gpxtpx:TrackPointExtension>
        </extensions>
      </trkpt>
      <trkpt lat="22.750145361835916" lon="113.73148702357223">
        <ele>4.196379229426384</ele>
        <time>1970-01-01T00:05:28.600000Z</time>
        <extensions>
          <gpxtpx:TrackPointExtension>
            <gpxtpx:hr>126</gpxtpx:hr>
          </gpxtpx:TrackPointExtension>
        </extensions>
      </trkpt>
      <trkpt lat="22.750126357188797" lon="113.73150613107761">
        <ele>4.217494615353644</ele>
        <time>1970-01-01T00:05:29.600000Z</time>
        <extensions>
          <gpxtpx:TrackPointExtension>
            <gpxtpx:hr>126</gpxtpx:hr>
          </gpxtpx:TrackPointExtension>
        </extensions>
      </trkpt>
      <trkpt lat="22.75010702716353" lon="113.73152449540115">
        <ele>4.221943016164005</ele>
        <time>1970-01-01T00:05:30.600000Z</time>
        <extensions>
          <gpxtpx:TrackPointExtension>
            <gpxtpx:hr>126</gpxtpx:hr>
          </gpxtpx:TrackPointExtension>
        </extensions>
      </trkpt>
      <trkpt lat="22.750087299474856" lon="113.73154141276582">
        <ele>4.209677238017321</ele>
        <time>1970-01-01T00:05:31.600000Z</time>
        <extensions>
          <gpxtpx:TrackPointExtension>
            <gpxtpx:hr>126</gpxtpx:hr>
          </gpxtpx:TrackPointExtension>
        </extensions>
      </trkpt>
      <trkpt lat="22.750067563102235" lon="113.7315572120582">
        <ele>4.1769075663760304</ele>
        <time>1970-01-01T00:05:32.600000Z</time>
        <extensions>
          <gpxtpx:TrackPointExtension>
            <gpxtpx:hr>126</gpxtpx:hr>
          </gpxtpx:TrackPointExtension>
        </extensions>
      </trkpt>
      <trkpt lat="22.750048866700432" lon="113.73157297407576">
        <ele>4.120906263589859</ele>
        <time>1970-01-01T00:05:33.600000Z</time>
        <extensions>
          <gpxtpx:TrackPointExtension>
            <gpxtpx:hr>126</gpxtpx:hr>
          </gpxtpx:TrackPointExtension>
        </extensions>
      </trkpt>
      <trkpt lat="22.750031477410197" lon="113.73159004552004">
        <ele>4.038598866201937</ele>
        <time>1970-01-01T00:05:34.600000Z</time>
        <extensions>
          <gpxtpx:TrackPointExtension>
            <gpxtpx:hr>126</gpxtpx:hr>
          </gpxtpx:TrackPointExtension>
        </extensions>
      </trkpt>
      <trkpt lat="22.750015123815626" lon="113.73160876036869">
        <ele>3.928591266274452</ele>
        <time>1970-01-01T00:05:35.600000Z</time>
        <extensions>
          <gpxtpx:TrackPointExtension>
            <gpxtpx:hr>126</gpxtpx:hr>
          </gpxtpx:TrackPointExtension>
        </extensions>
      </trkpt>
      <trkpt lat="22.74999849862702" lon="113.7316282027597">
        <ele>3.7919997964054346</ele>
        <time>1970-01-01T00:05:36.600000Z</time>
        <extensions>
          <gpxtpx:TrackPointExtension>
            <gpxtpx:hr>126</gpxtpx:hr>
          </gpxtpx:TrackPointExtension>
        </extensions>
      </trkpt>
      <trkpt lat="22.749981119572958" lon="113.73164790034934">
        <ele>3.6308614760637283</ele>
        <time>1970-01-01T00:05:37.600000Z</time>
        <extensions>
          <gpxtpx:TrackPointExtension>
            <gpxtpx:hr>126</gpxtpx:hr>
          </gpxtpx:TrackPointExtension>
        </extensions>
      </trkpt>
      <trkpt lat="22.749963813440093" lon="113.7316673640822">
        <ele>3.453636326827109</ele>
        <time>1970-01-01T00:05:38.600000Z</time>
        <extensions>
          <gpxtpx:TrackPointExtension>
            <gpxtpx:hr>126</gpxtpx:hr>
          </gpxtpx:TrackPointExtension>
        </extensions>
      </trkpt>
      <trkpt lat="22.749946752278674" lon="113.73168701127906">
        <ele>3.27037497702986</ele>
        <time>1970-01-01T00:05:39.600000Z</time>
        <extensions>
          <gpxtpx:TrackPointExtension>
            <gpxtpx:hr>126</gpxtpx:hr>
          </gpxtpx:TrackPointExtension>
        </extensions>
      </trkpt>
      <trkpt lat="22.749929068932357" lon="113.73170679781911">
        <ele>3.091446854174137</ele>
        <time>1970-01-01T00:05:40.600000Z</time>
        <extensions>
          <gpxtpx:TrackPointExtension>
            <gpxtpx:hr>126</gpxtpx:hr>
          </gpxtpx:TrackPointExtension>
        </extensions>
      </trkpt>
      <trkpt lat="22.749910752749074" lon="113.73172624901015">
        <ele>2.928365346044302</ele>
        <time>1970-01-01T00:05:41.600000Z</time>
        <extensions>
          <gpxtpx:TrackPointExtension>
            <gpxtpx:hr>127</gpxtpx:hr>
          </gpxtpx:TrackPointExtension>
        </extensions>
      </trkpt>
      <trkpt lat="22.749892730091368" lon="113.73174553846347">
        <ele>2.789309094659984</ele>
        <time>1970-01-01T00:05:42.600000Z</time>
        <extensions>
          <gpxtpx:TrackPointExtension>
            <gpxtpx:hr>127</gpxtpx:hr>
          </gpxtpx:TrackPointExtension>
        </extensions>
      </trkpt>
      <trkpt lat="22.749874882441773" lon="113.73176546758569">
        <ele>2.6816565692424774</ele>
        <time>1970-01-01T00:05:43.600000Z</time>
        <extensions>
          <gpxtpx:TrackPointExtension>
            <gpxtpx:hr>127</gpxtpx:hr>
          </gpxtpx:TrackPointExtension>
        </extensions>
      </trkpt>
      <trkpt lat="22.749856868739506" lon="113.7317859064038">
        <ele>2.608601856045425</ele>
        <time>1970-01-01T00:05:44.600000Z</time>
        <extensions>
          <gpxtpx:TrackPointExtension>
            <gpxtpx:hr>127</gpxtpx:hr>
          </gpxtpx:TrackPointExtension>
        </extensions>
      </trkpt>
      <trkpt lat="22.749838694914633" lon="113.73180607374532">
        <ele>2.5672208415344357</ele>
        <time>1970-01-01T00:05:45.600000Z</time>
        <extensions>
          <gpxtpx:TrackPointExtension>
            <gpxtpx:hr>127</gpxtpx:hr>
          </gpxtpx:TrackPointExtension>
        </extensions>
      </trkpt>
      <trkpt lat="22.749820137981615" lon="113.73182558566809">
        <ele>2.5520849404856563</ele>
        <time>1970-01-01T00:05:46.600000Z</time>
        <extensions>
          <gpxtpx:TrackPointExtension>
            <gpxtpx:hr>127</gpxtpx:hr>
          </gpxtpx:TrackPointExtension>
        </extensions>
      </trkpt>
      <trkpt lat="22.749800907272057" lon="113.73184372649811">
        <ele>2.55429495498538</ele>
        <time>1970-01-01T00:05:47.600000Z</time>
        <extensions>
          <gpxtpx:TrackPointExtension>
            <gpxtpx:hr>127</gpxtpx:hr>
          </gpxtpx:TrackPointExtension>
        </extensions>
      </trkpt>
      <trkpt lat="22.74978101819219" lon="113.73186078334886">
        <ele>2.5646681748330593</ele>
        <time>1970-01-01T00:05:48.600000Z</time>
        <extensions>
          <gpxtpx:TrackPointExtension>
            <gpxtpx:hr>129</gpxtpx:hr>
          </gpxtpx:TrackPointExtension>
        </extensions>
      </trkpt>
      <trkpt lat="22.74976068723523" lon="113.73187768425889">
        <ele>2.5738020027056336</ele>
        <time>1970-01-01T00:05:49.600000Z</time>
        <extensions>
          <gpxtpx:TrackPointExtension>
            <gpxtpx:hr>129</gpxtpx:hr>
          </gpxtpx:TrackPointExtension>
        </extensions>
      </trkpt>
      <trkpt lat="22.749740232883685" lon="113.73189583111547">
        <ele>2.5725516378879547</ele>
        <time>1970-01-01T00:05:50.600000Z</time>
        <extensions>
          <gpxtpx:TrackPointExtension>
            <gpxtpx:hr>129</gpxtpx:hr>
          </gpxtpx:TrackPointExtension>
        </extensions>
      </trkpt>
      <trkpt lat="22.749720834299616" lon="113.73191543919935">
        <ele>2.556331186555326</ele>
        <time>1970-01-01T00:05:51.600000Z</time>
        <extensions>
          <gpxtpx:TrackPointExtension>
            <gpxtpx:hr>129</gpxtpx:hr>
          </gpxtpx:TrackPointExtension>
        </extensions>
      </trkpt>
      <trkpt lat="22.749704930118508" lon="113.73193585865508">
        <ele>2.5203940412029624</ele>
        <time>1970-01-01T00:05:52.600000Z</time>
        <extensions>
          <gpxtpx:TrackPointExtension>
            <gpxtpx:hr>129</gpxtpx:hr>
          </gpxtpx:TrackPointExtension>
        </extensions>
      </trkpt>
      <trkpt lat="22.749693966199917" lon="113.73195590676605">
        <ele>2.4622304989024997</ele>
        <time>1970-01-01T00:05:53.600000Z</time>
        <extensions>
          <gpxtpx:TrackPointExtension>
            <gpxtpx:hr>129</gpxtpx:hr>
          </gpxtpx:TrackPointExtension>
        </extensions>
      </trkpt>
      <trkpt lat="22.74968820305326" lon="113.7319724962935">
        <ele>2.38167514372617</ele>
        <time>1970-01-01T00:05:54.600000Z</time>
        <extensions>
          <gpxtpx:TrackPointExtension>
            <gpxtpx:hr>129</gpxtpx:hr>
          </gpxtpx:TrackPointExtension>
        </extensions>
      </trkpt>
      <trkpt lat="22.74968801791591" lon="113.7319858428806">
        <ele>2.2823616601526737</ele>
        <time>1970-01-01T00:05:55.600000Z</time>
        <extensions>
          <gpxtpx:TrackPointExtension>
            <gpxtpx:hr>129</gpxtpx:hr>
          </gpxtpx:TrackPointExtension>
        </extensions>
      </trkpt>
      <trkpt lat="22.74969139534465" lon="113.73199515095082">
        <ele>2.172456960193813</ele>
        <time>1970-01-01T00:05:56.600000Z</time>
        <extensions>
          <gpxtpx:TrackPointExtension>
            <gpxtpx:hr>129</gpxtpx:hr>
          </gpxtpx:TrackPointExtension>
        </extensions>
      </trkpt>
      <trkpt lat="22.7497027021579" lon="113.73200817437528">
        <ele>2.059293153695762</ele>
        <time>1970-01-01T00:05:57.600000Z</time>
        <extensions>
          <gpxtpx:TrackPointExtension>
            <gpxtpx:hr>129</gpxtpx:hr>
          </gpxtpx:TrackPointExtension>
        </extensions>
      </trkpt>
      <trkpt lat="22.749723306054204" lon="113.73202964389569">
        <ele>1.9467302793636918</ele>
        <time>1970-01-01T00:05:58.600000Z</time>
        <extensions>
          <gpxtpx:TrackPointExtension>
            <gpxtpx:hr>129</gpxtpx:hr>
          </gpxtpx:TrackPointExtension>
        </extensions>
      </trkpt>
      <trkpt lat="22.749747614168655" lon="113.73205122533336">
        <ele>1.8423683708533645</ele>
        <time>1970-01-01T00:05:59.600000Z</time>
        <extensions>
          <gpxtpx:TrackPointExtension>
            <gpxtpx:hr>129</gpxtpx:hr>
          </gpxtpx:TrackPointExtension>
        </extensions>
      </trkpt>
      <trkpt lat="22.749773324324583" lon="113.73206990397223">
        <ele>1.753771529532969</ele>
        <time>1970-01-01T00:06:00.600000Z</time>
        <extensions>
          <gpxtpx:TrackPointExtension>
            <gpxtpx:hr>129</gpxtpx:hr>
          </gpxtpx:TrackPointExtension>
        </extensions>
      </trkpt>
      <trkpt lat="22.749797920670716" lon="113.73208606139264">
        <ele>1.6860239263623953</ele>
        <time>1970-01-01T00:06:01.600000Z</time>
        <extensions>
          <gpxtpx:TrackPointExtension>
            <gpxtpx:hr>128</gpxtpx:hr>
          </gpxtpx:TrackPointExtension>
        </extensions>
      </trkpt>
      <trkpt lat="22.7498205168882" lon="113.73210165990177">
        <ele>1.6421663658693433</ele>
        <time>1970-01-01T00:06:02.600000Z</time>
        <extensions>
          <gpxtpx:TrackPointExtension>
            <gpxtpx:hr>128</gpxtpx:hr>
          </gpxtpx:TrackPointExtension>
        </extensions>
      </trkpt>
      <trkpt lat="22.749841771512195" lon="113.73211714137105">
        <ele>1.6268531093373895</ele>
        <time>1970-01-01T00:06:03.600000Z</time>
        <extensions>
          <gpxtpx:TrackPointExtension>
            <gpxtpx:hr>128</gpxtpx:hr>
          </gpxtpx:TrackPointExtension>
        </extensions>
      </trkpt>
      <trkpt lat="22.74986287825177" lon="113.7321315014417">
        <ele>1.6432208437472582</ele>
        <time>1970-01-01T00:06:04.600000Z</time>
        <extensions>
          <gpxtpx:TrackPointExtension>
            <gpxtpx:hr>128</gpxtpx:hr>
          </gpxtpx:TrackPointExtension>
        </extensions>
      </trkpt>
      <trkpt lat="22.749884021490683" lon="113.73214358009558">
        <ele>1.6914207795634866</ele>
        <time>1970-01-01T00:06:05.600000Z</time>
        <extensions>
          <gpxtpx:TrackPointExtension>
            <gpxtpx:hr>128</gpxtpx:hr>
          </gpxtpx:TrackPointExtension>
        </extensions>
      </trkpt>
      <trkpt lat="22.749906083412466" lon="113.73215349498598">
        <ele>1.7651923289522529</ele>
        <time>1970-01-01T00:06:06.600000Z</time>
        <extensions>
          <gpxtpx:TrackPointExtension>
            <gpxtpx:hr>128</gpxtpx:hr>
          </gpxtpx:TrackPointExtension>
        </extensions>
      </trkpt>
      <trkpt lat="22.74992971957033" lon="113.73216312323693">
        <ele>1.857632459141314</ele>
        <time>1970-01-01T00:06:07.600000Z</time>
        <extensions>
          <gpxtpx:TrackPointExtension>
            <gpxtpx:hr>128</gpxtpx:hr>
          </gpxtpx:TrackPointExtension>
        </extensions>
      </trkpt>
      <trkpt lat="22.7499539470655" lon="113.73217429178246">
        <ele>1.9637022772803903</ele>
        <time>1970-01-01T00:06:08.600000Z</time>
        <extensions>
          <gpxtpx:TrackPointExtension>
            <gpxtpx:hr>129</gpxtpx:hr>
          </gpxtpx:TrackPointExtension>
        </extensions>
      </trkpt>
      <trkpt lat="22.749976853156177" lon="113.73218736874952">
        <ele>2.0812677359208465</ele>
        <time>1970-01-01T00:06:09.600000Z</time>
        <extensions>
          <gpxtpx:TrackPointExtension>
            <gpxtpx:hr>129</gpxtpx:hr>
          </gpxtpx:TrackPointExtension>
        </extensions>
      </trkpt>
      <trkpt lat="22.74999854709936" lon="113.73220259966301">
        <ele>2.2078026551753283</ele>
        <time>1970-01-01T00:06:10.600000Z</time>
        <extensions>
          <gpxtpx:TrackPointExtension>
            <gpxtpx:hr>129</gpxtpx:hr>
          </gpxtpx:TrackPointExtension>
        </extensions>
      </trkpt>
      <trkpt lat="22.75002018376394" lon="113.73222051721507">
        <ele>2.3371353605762124</ele>
        <time>1970-01-01T00:06:11.600000Z</time>
        <extensions>
          <gpxtpx:TrackPointExtension>
            <gpxtpx:hr>129</gpxtpx:hr>
          </gpxtpx:TrackPointExtension>
        </extensions>
      </trkpt>
      <trkpt lat="22.750041091951527" lon="113.73224018277445">
        <ele>2.4619204057380557</ele>
        <time>1970-01-01T00:06:12.600000Z</time>
        <extensions>
          <gpxtpx:TrackPointExtension>
            <gpxtpx:hr>129</gpxtpx:hr>
          </gpxtpx:TrackPointExtension>
        </extensions>
      </trkpt>
      <trkpt lat="22.750060576065056" lon="113.73225921480493">
        <ele>2.573907461948693</ele>
        <time>1970-01-01T00:06:13.600000Z</time>
        <extensions>
          <gpxtpx:TrackPointExtension>
            <gpxtpx:hr>128</gpxtpx:hr>
          </gpxtpx:TrackPointExtension>
        </extensions>
      </trkpt>
      <trkpt lat="22.750078838408378" lon="113.73227617140317">
        <ele>2.663988064043224</ele>
        <time>1970-01-01T00:06:14.600000Z</time>
        <extensions>
          <gpxtpx:TrackPointExtension>
            <gpxtpx:hr>128</gpxtpx:hr>
          </gpxtpx:TrackPointExtension>
        </extensions>
      </trkpt>
      <trkpt lat="22.75009767012883" lon="113.73229184744785">
        <ele>2.7272482560947537</ele>
        <time>1970-01-01T00:06:15.600000Z</time>
        <extensions>
          <gpxtpx:TrackPointExtension>
            <gpxtpx:hr>128</gpxtpx:hr>
          </gpxtpx:TrackPointExtension>
        </extensions>
      </trkpt>
      <trkpt lat="22.750118215673467" lon="113.73230728488794">
        <ele>2.7640469297766685</ele>
        <time>1970-01-01T00:06:16.600000Z</time>
        <extensions>
          <gpxtpx:TrackPointExtension>
            <gpxtpx:hr>128</gpxtpx:hr>
          </gpxtpx:TrackPointExtension>
        </extensions>
      </trkpt>
      <trkpt lat="22.75014005908484" lon="113.73232284301022">
        <ele>2.7819542409852147</ele>
        <time>1970-01-01T00:06:17.600000Z</time>
        <extensions>
          <gpxtpx:TrackPointExtension>
            <gpxtpx:hr>128</gpxtpx:hr>
          </gpxtpx:TrackPointExtension>
        </extensions>
      </trkpt>
      <trkpt lat="22.750162117572426" lon="113.73233805070572">
        <ele>2.790540083311498</ele>
        <time>1970-01-01T00:06:18.600000Z</time>
        <extensions>
          <gpxtpx:TrackPointExtension>
            <gpxtpx:hr>130</gpxtpx:hr>
          </gpxtpx:TrackPointExtension>
        </extensions>
      </trkpt>
      <trkpt lat="22.750183411829838" lon="113.73235224832462">
        <ele>2.797958238981664</ele>
        <time>1970-01-01T00:06:19.600000Z</time>
        <extensions>
          <gpxtpx:TrackPointExtension>
            <gpxtpx:hr>130</gpxtpx:hr>
          </gpxtpx:TrackPointExtension>
        </extensions>
      </trkpt>
      <trkpt lat="22.750204170113637" lon="113.73236506340854">
        <ele>2.809357887133956</ele>
        <time>1970-01-01T00:06:20.600000Z</time>
        <extensions>
          <gpxtpx:TrackPointExtension>
            <gpxtpx:hr>130</gpxtpx:hr>
          </gpxtpx:TrackPointExtension>
        </extensions>
      </trkpt>
      <trkpt lat="22.750225129522015" lon="113.73237621204831">
        <ele>2.832864297553897</ele>
        <time>1970-01-01T00:06:21.600000Z</time>
        <extensions>
          <gpxtpx:TrackPointExtension>
            <gpxtpx:hr>130</gpxtpx:hr>
          </gpxtpx:TrackPointExtension>
        </extensions>
      </trkpt>
      <trkpt lat="22.7502470788291" lon="113.7323855434822">
        <ele>2.871238112449646</ele>
        <time>1970-01-01T00:06:22.600000Z</time>
        <extensions>
          <gpxtpx:TrackPointExtension>
            <gpxtpx:hr>130</gpxtpx:hr>
          </gpxtpx:TrackPointExtension>
        </extensions>
      </trkpt>
      <trkpt lat="22.750270069171687" lon="113.7323941762691">
        <ele>2.9249997893348336</ele>
        <time>1970-01-01T00:06:23.600000Z</time>
        <extensions>
          <gpxtpx:TrackPointExtension>
            <gpxtpx:hr>130</gpxtpx:hr>
          </gpxtpx:TrackPointExtension>
        </extensions>
      </trkpt>
      <trkpt lat="22.750293977983166" lon="113.73240320400956">
        <ele>2.994191225618124</ele>
        <time>1970-01-01T00:06:24.600000Z</time>
        <extensions>
          <gpxtpx:TrackPointExtension>
            <gpxtpx:hr>130</gpxtpx:hr>
          </gpxtpx:TrackPointExtension>
        </extensions>
      </trkpt>
      <trkpt lat="22.750318167364306" lon="113.73241278572246">
        <ele>3.0757101736962795</ele>
        <time>1970-01-01T00:06:25.600000Z</time>
        <extensions>
          <gpxtpx:TrackPointExtension>
            <gpxtpx:hr>130</gpxtpx:hr>
          </gpxtpx:TrackPointExtension>
        </extensions>
      </trkpt>
      <trkpt lat="22.750342085071708" lon="113.73242405228476">
        <ele>3.163302928209305</ele>
        <time>1970-01-01T00:06:26.600000Z</time>
        <extensions>
          <gpxtpx:TrackPointExtension>
            <gpxtpx:hr>130</gpxtpx:hr>
          </gpxtpx:TrackPointExtension>
        </extensions>
      </trkpt>
      <trkpt lat="22.750364837056335" lon="113.7324379845257">
        <ele>3.2506631733849645</ele>
        <time>1970-01-01T00:06:27.600000Z</time>
        <extensions>
          <gpxtpx:TrackPointExtension>
            <gpxtpx:hr>130</gpxtpx:hr>
          </gpxtpx:TrackPointExtension>
        </extensions>
      </trkpt>
      <trkpt lat="22.750385911223706" lon="113.73245417827468">
        <ele>3.3272624909877777</ele>
        <time>1970-01-01T00:06:28.600000Z</time>
        <extensions>
          <gpxtpx:TrackPointExtension>
            <gpxtpx:hr>130</gpxtpx:hr>
          </gpxtpx:TrackPointExtension>
        </extensions>
      </trkpt>
      <trkpt lat="22.750406595232256" lon="113.73247099681325">
        <ele>3.384057533927262</ele>
        <time>1970-01-01T00:06:29.600000Z</time>
        <extensions>
          <gpxtpx:TrackPointExtension>
            <gpxtpx:hr>130</gpxtpx:hr>
          </gpxtpx:TrackPointExtension>
        </extensions>
      </trkpt>
      <trkpt lat="22.750427842265385" lon="113.73248709707475">
        <ele>3.4196564611047506</ele>
        <time>1970-01-01T00:06:30.600000Z</time>
        <extensions>
          <gpxtpx:TrackPointExtension>
            <gpxtpx:hr>130</gpxtpx:hr>
          </gpxtpx:TrackPointExtension>
        </extensions>
      </trkpt>
      <trkpt lat="22.750449882573466" lon="113.73250214802157">
        <ele>3.432127923704684</ele>
        <time>1970-01-01T00:06:31.600000Z</time>
        <extensions>
          <gpxtpx:TrackPointExtension>
            <gpxtpx:hr>130</gpxtpx:hr>
          </gpxtpx:TrackPointExtension>
        </extensions>
      </trkpt>
      <trkpt lat="22.75047235907602" lon="113.73251692483299">
        <ele>3.422881919890642</ele>
        <time>1970-01-01T00:06:32.600000Z</time>
        <extensions>
          <gpxtpx:TrackPointExtension>
            <gpxtpx:hr>130</gpxtpx:hr>
          </gpxtpx:TrackPointExtension>
        </extensions>
      </trkpt>
      <trkpt lat="22.75049473443946" lon="113.73253285839998">
        <ele>3.395168316550553</ele>
        <time>1970-01-01T00:06:33.600000Z</time>
        <extensions>
          <gpxtpx:TrackPointExtension>
            <gpxtpx:hr>130</gpxtpx:hr>
          </gpxtpx:TrackPointExtension>
        </extensions>
      </trkpt>
      <trkpt lat="22.75051623158173" lon="113.73254997669716">
        <ele>3.3517010491341352</ele>
        <time>1970-01-01T00:06:34.600000Z</time>
        <extensions>
          <gpxtpx:TrackPointExtension>
            <gpxtpx:hr>131</gpxtpx:hr>
          </gpxtpx:TrackPointExtension>
        </extensions>
      </trkpt>
      <trkpt lat="22.750536827038665" lon="113.73256765769848">
        <ele>3.2954501463100314</ele>
        <time>1970-01-01T00:06:35.600000Z</time>
        <extensions>
          <gpxtpx:TrackPointExtension>
            <gpxtpx:hr>131</gpxtpx:hr>
          </gpxtpx:TrackPointExtension>
        </extensions>
      </trkpt>
      <trkpt lat="22.750557029739205" lon="113.73258563050796">
        <ele>3.2290142104029655</ele>
        <time>1970-01-01T00:06:36.600000Z</time>
        <extensions>
          <gpxtpx:TrackPointExtension>
            <gpxtpx:hr>131</gpxtpx:hr>
          </gpxtpx:TrackPointExtension>
        </extensions>
      </trkpt>
      <trkpt lat="22.750576823695177" lon="113.73260338071472">
        <ele>3.1573149748146534</ele>
        <time>1970-01-01T00:06:37.600000Z</time>
        <extensions>
          <gpxtpx:TrackPointExtension>
            <gpxtpx:hr>131</gpxtpx:hr>
          </gpxtpx:TrackPointExtension>
        </extensions>
      </trkpt>
      <trkpt lat="22.750596777063038" lon="113.73262057563936">
        <ele>3.085791889578104</ele>
        <time>1970-01-01T00:06:38.600000Z</time>
        <extensions>
          <gpxtpx:TrackPointExtension>
            <gpxtpx:hr>131</gpxtpx:hr>
          </gpxtpx:TrackPointExtension>
        </extensions>
      </trkpt>
      <trkpt lat="22.750617252222348" lon="113.73263651242705">
        <ele>3.0158604457974434</ele>
        <time>1970-01-01T00:06:39.600000Z</time>
        <extensions>
          <gpxtpx:TrackPointExtension>
            <gpxtpx:hr>131</gpxtpx:hr>
          </gpxtpx:TrackPointExtension>
        </extensions>
      </trkpt>
      <trkpt lat="22.750638865447318" lon="113.73265124425305">
        <ele>2.9502635607495904</ele>
        <time>1970-01-01T00:06:40.600000Z</time>
        <extensions>
          <gpxtpx:TrackPointExtension>
            <gpxtpx:hr>131</gpxtpx:hr>
          </gpxtpx:TrackPointExtension>
        </extensions>
      </trkpt>
      <trkpt lat="22.750661137225755" lon="113.7326656974556">
        <ele>2.892499311827123</ele>
        <time>1970-01-01T00:06:41.600000Z</time>
        <extensions>
          <gpxtpx:TrackPointExtension>
            <gpxtpx:hr>132</gpxtpx:hr>
          </gpxtpx:TrackPointExtension>
        </extensions>
      </trkpt>
      <trkpt lat="22.750682485637533" lon="113.73268056573659">
        <ele>2.843985455110669</ele>
        <time>1970-01-01T00:06:42.600000Z</time>
        <extensions>
          <gpxtpx:TrackPointExtension>
            <gpxtpx:hr>132</gpxtpx:hr>
          </gpxtpx:TrackPointExtension>
        </extensions>
      </trkpt>
      <trkpt lat="22.75070317152543" lon="113.73269662402896">
        <ele>2.8046280201524496</ele>
        <time>1970-01-01T00:06:43.600000Z</time>
        <extensions>
          <gpxtpx:TrackPointExtension>
            <gpxtpx:hr>132</gpxtpx:hr>
          </gpxtpx:TrackPointExtension>
        </extensions>
      </trkpt>
      <trkpt lat="22.750723719758817" lon="113.73271347975107">
        <ele>2.774522829800844</ele>
        <time>1970-01-01T00:06:44.600000Z</time>
        <extensions>
          <gpxtpx:TrackPointExtension>
            <gpxtpx:hr>132</gpxtpx:hr>
          </gpxtpx:TrackPointExtension>
        </extensions>
      </trkpt>
      <trkpt lat="22.750743400901044" lon="113.73272965918117">
        <ele>2.7526788162067533</ele>
        <time>1970-01-01T00:06:45.600000Z</time>
        <extensions>
          <gpxtpx:TrackPointExtension>
            <gpxtpx:hr>132</gpxtpx:hr>
          </gpxtpx:TrackPointExtension>
        </extensions>
      </trkpt>
      <trkpt lat="22.750760981233196" lon="113.73274401574623">
        <ele>2.7364473082125187</ele>
        <time>1970-01-01T00:06:46.600000Z</time>
        <extensions>
          <gpxtpx:TrackPointExtension>
            <gpxtpx:hr>132</gpxtpx:hr>
          </gpxtpx:TrackPointExtension>
        </extensions>
      </trkpt>
      <trkpt lat="22.75077659855433" lon="113.73275619600739">
        <ele>2.7248779321089387</ele>
        <time>1970-01-01T00:06:47.600000Z</time>
        <extensions>
          <gpxtpx:TrackPointExtension>
            <gpxtpx:hr>132</gpxtpx:hr>
          </gpxtpx:TrackPointExtension>
        </extensions>
      </trkpt>
      <trkpt lat="22.75078885155757" lon="113.7327642106914">
        <ele>2.7206950215622783</ele>
        <time>1970-01-01T00:06:48.600000Z</time>
        <extensions>
          <gpxtpx:TrackPointExtension>
            <gpxtpx:hr>131</gpxtpx:hr>
          </gpxtpx:TrackPointExtension>
        </extensions>
      </trkpt>
      <trkpt lat="22.750793215080346" lon="113.73276536618742">
        <ele>2.729842344298959</ele>
        <time>1970-01-01T00:06:49.600000Z</time>
        <extensions>
          <gpxtpx:TrackPointExtension>
            <gpxtpx:hr>131</gpxtpx:hr>
          </gpxtpx:TrackPointExtension>
        </extensions>
      </trkpt>
      <trkpt lat="22.75079077247372" lon="113.73276192341643">
        <ele>2.7585948845371604</ele>
        <time>1970-01-01T00:06:50.600000Z</time>
        <extensions>
          <gpxtpx:TrackPointExtension>
            <gpxtpx:hr>131</gpxtpx:hr>
          </gpxtpx:TrackPointExtension>
        </extensions>
      </trkpt>
      <trkpt lat="22.75078727259861" lon="113.73275812886212">
        <ele>2.808048801496625</ele>
        <time>1970-01-01T00:06:51.600000Z</time>
        <extensions>
          <gpxtpx:TrackPointExtension>
            <gpxtpx:hr>131</gpxtpx:hr>
          </gpxtpx:TrackPointExtension>
        </extensions>
      </trkpt>
      <trkpt lat="22.750784957112515" lon="113.7327553571793">
        <ele>2.8741509998217225</ele>
        <time>1970-01-01T00:06:52.600000Z</time>
        <extensions>
          <gpxtpx:TrackPointExtension>
            <gpxtpx:hr>131</gpxtpx:hr>
          </gpxtpx:TrackPointExtension>
        </extensions>
      </trkpt>
      <trkpt lat="22.75078375926317" lon="113.73275351718075">
        <ele>2.9514541337266564</ele>
        <time>1970-01-01T00:06:53.600000Z</time>
        <extensions>
          <gpxtpx:TrackPointExtension>
            <gpxtpx:hr>131</gpxtpx:hr>
          </gpxtpx:TrackPointExtension>
        </extensions>
      </trkpt>
      <trkpt lat="22.750783485259756" lon="113.73275251918436">
        <ele>3.0301394751295447</ele>
        <time>1970-01-01T00:06:54.600000Z</time>
        <extensions>
          <gpxtpx:TrackPointExtension>
            <gpxtpx:hr>131</gpxtpx:hr>
          </gpxtpx:TrackPointExtension>
        </extensions>
      </trkpt>
      <trkpt lat="22.75080164016227" lon="113.73276595475426">
        <ele>3.2581643322482705</ele>
        <time>1970-01-01T00:06:58.600000Z</time>
        <extensions>
          <gpxtpx:TrackPointExtension>
            <gpxtpx:hr>130</gpxtpx:hr>
          </gpxtpx:TrackPointExtension>
        </extensions>
      </trkpt>
      <trkpt lat="22.750818847757785" lon="113.73277831490338">
        <ele>3.2662295447662473</ele>
        <time>1970-01-01T00:06:59.600000Z</time>
        <extensions>
          <gpxtpx:TrackPointExtension>
            <gpxtpx:hr>130</gpxtpx:hr>
          </gpxtpx:TrackPointExtension>
        </extensions>
      </trkpt>
      <trkpt lat="22.750844298554775" lon="113.7327959542727">
        <ele>3.2393708527088165</ele>
        <time>1970-01-01T00:07:00.600000Z</time>
        <extensions>
          <gpxtpx:TrackPointExtension>
            <gpxtpx:hr>130</gpxtpx:hr>
          </gpxtpx:TrackPointExtension>
        </extensions>
      </trkpt>
      <trkpt lat="22.750873432030293" lon="113.73281707156565">
        <ele>3.1751753026619554</ele>
        <time>1970-01-01T00:07:01.600000Z</time>
        <extensions>
          <gpxtpx:TrackPointExtension>
            <gpxtpx:hr>130</gpxtpx:hr>
          </gpxtpx:TrackPointExtension>
        </extensions>
      </trkpt>
      <trkpt lat="22.750900018137262" lon="113.73283790748236">
        <ele>3.076505606994033</ele>
        <time>1970-01-01T00:07:02.600000Z</time>
        <extensions>
          <gpxtpx:TrackPointExtension>
            <gpxtpx:hr>130</gpxtpx:hr>
          </gpxtpx:TrackPointExtension>
        </extensions>
      </trkpt>
      <trkpt lat="22.750923059890376" lon="113.73285710852787">
        <ele>2.949937912635505</ele>
        <time>1970-01-01T00:07:03.600000Z</time>
        <extensions>
          <gpxtpx:TrackPointExtension>
            <gpxtpx:hr>127</gpxtpx:hr>
          </gpxtpx:TrackPointExtension>
        </extensions>
      </trkpt>
      <trkpt lat="22.750945538692704" lon="113.73287500662556">
        <ele>2.804252781905234</ele>
        <time>1970-01-01T00:07:04.600000Z</time>
        <extensions>
          <gpxtpx:TrackPointExtension>
            <gpxtpx:hr>127</gpxtpx:hr>
          </gpxtpx:TrackPointExtension>
        </extensions>
      </trkpt>
      <trkpt lat="22.750968930013716" lon="113.73289208026604">
        <ele>2.6491199107840657</ele>
        <time>1970-01-01T00:07:05.600000Z</time>
        <extensions>
          <gpxtpx:TrackPointExtension>
            <gpxtpx:hr>127</gpxtpx:hr>
          </gpxtpx:TrackPointExtension>
        </extensions>
      </trkpt>
      <trkpt lat="22.750991830659615" lon="113.7329088372633">
        <ele>2.490097289904952</ele>
        <time>1970-01-01T00:07:06.600000Z</time>
        <extensions>
          <gpxtpx:TrackPointExtension>
            <gpxtpx:hr>127</gpxtpx:hr>
          </gpxtpx:TrackPointExtension>
        </extensions>
      </trkpt>
      <trkpt lat="22.7510139788243" lon="113.73292561970558">
        <ele>2.330531463958323</ele>
        <time>1970-01-01T00:07:07.600000Z</time>
        <extensions>
          <gpxtpx:TrackPointExtension>
            <gpxtpx:hr>127</gpxtpx:hr>
          </gpxtpx:TrackPointExtension>
        </extensions>
      </trkpt>
      <trkpt lat="22.75103603143943" lon="113.73294284553525">
        <ele>2.17420391831547</ele>
        <time>1970-01-01T00:07:08.600000Z</time>
        <extensions>
          <gpxtpx:TrackPointExtension>
            <gpxtpx:hr>127</gpxtpx:hr>
          </gpxtpx:TrackPointExtension>
        </extensions>
      </trkpt>
      <trkpt lat="22.75105848900386" lon="113.73296061159301">
        <ele>2.026465271599591</ele>
        <time>1970-01-01T00:07:09.600000Z</time>
        <extensions>
          <gpxtpx:TrackPointExtension>
            <gpxtpx:hr>127</gpxtpx:hr>
          </gpxtpx:TrackPointExtension>
        </extensions>
      </trkpt>
      <trkpt lat="22.7510813821958" lon="113.73297887929354">
        <ele>1.8935007750988007</ele>
        <time>1970-01-01T00:07:10.600000Z</time>
        <extensions>
          <gpxtpx:TrackPointExtension>
            <gpxtpx:hr>129</gpxtpx:hr>
          </gpxtpx:TrackPointExtension>
        </extensions>
      </trkpt>
      <trkpt lat="22.751104306516233" lon="113.73299747663482">
        <ele>1.7835494158789515</ele>
        <time>1970-01-01T00:07:11.600000Z</time>
        <extensions>
          <gpxtpx:TrackPointExtension>
            <gpxtpx:hr>129</gpxtpx:hr>
          </gpxtpx:TrackPointExtension>
        </extensions>
      </trkpt>
      <trkpt lat="22.751127194062004" lon="113.73301581651079">
        <ele>1.7022715006023645</ele>
        <time>1970-01-01T00:07:12.600000Z</time>
        <extensions>
          <gpxtpx:TrackPointExtension>
            <gpxtpx:hr>129</gpxtpx:hr>
          </gpxtpx:TrackPointExtension>
        </extensions>
      </trkpt>
      <trkpt lat="22.75115024466955" lon="113.73303387439911">
        <ele>1.6520646857097745</ele>
        <time>1970-01-01T00:07:13.600000Z</time>
        <extensions>
          <gpxtpx:TrackPointExtension>
            <gpxtpx:hr>130</gpxtpx:hr>
          </gpxtpx:TrackPointExtension>
        </extensions>
      </trkpt>
      <trkpt lat="22.751173217834758" lon="113.73305123876881">
        <ele>1.636796846985817</ele>
        <time>1970-01-01T00:07:14.600000Z</time>
        <extensions>
          <gpxtpx:TrackPointExtension>
            <gpxtpx:hr>130</gpxtpx:hr>
          </gpxtpx:TrackPointExtension>
        </extensions>
      </trkpt>
      <trkpt lat="22.751195551242695" lon="113.73306802376933">
        <ele>1.6566231790930033</ele>
        <time>1970-01-01T00:07:15.600000Z</time>
        <extensions>
          <gpxtpx:TrackPointExtension>
            <gpxtpx:hr>130</gpxtpx:hr>
          </gpxtpx:TrackPointExtension>
        </extensions>
      </trkpt>
      <trkpt lat="22.751217617607434" lon="113.73308479763118">
        <ele>1.7046393333002925</ele>
        <time>1970-01-01T00:07:16.600000Z</time>
        <extensions>
          <gpxtpx:TrackPointExtension>
            <gpxtpx:hr>130</gpxtpx:hr>
          </gpxtpx:TrackPointExtension>
        </extensions>
      </trkpt>
      <trkpt lat="22.751240179715428" lon="113.73310155205081">
        <ele>1.7753197075799108</ele>
        <time>1970-01-01T00:07:17.600000Z</time>
        <extensions>
          <gpxtpx:TrackPointExtension>
            <gpxtpx:hr>130</gpxtpx:hr>
          </gpxtpx:TrackPointExtension>
        </extensions>
      </trkpt>
      <trkpt lat="22.75126334819986" lon="113.73311862523617">
        <ele>1.8628695867955685</ele>
        <time>1970-01-01T00:07:18.600000Z</time>
        <extensions>
          <gpxtpx:TrackPointExtension>
            <gpxtpx:hr>130</gpxtpx:hr>
          </gpxtpx:TrackPointExtension>
        </extensions>
      </trkpt>
      <trkpt lat="22.751286932191427" lon="113.73313561338318">
        <ele>1.9579291865229607</ele>
        <time>1970-01-01T00:07:19.600000Z</time>
        <extensions>
          <gpxtpx:TrackPointExtension>
            <gpxtpx:hr>130</gpxtpx:hr>
          </gpxtpx:TrackPointExtension>
        </extensions>
      </trkpt>
      <trkpt lat="22.751310740288762" lon="113.73315260119132">
        <ele>2.0542863495647907</ele>
        <time>1970-01-01T00:07:20.600000Z</time>
        <extensions>
          <gpxtpx:TrackPointExtension>
            <gpxtpx:hr>130</gpxtpx:hr>
          </gpxtpx:TrackPointExtension>
        </extensions>
      </trkpt>
      <trkpt lat="22.751335084720004" lon="113.73317055101494">
        <ele>2.1508362079039216</ele>
        <time>1970-01-01T00:07:21.600000Z</time>
        <extensions>
          <gpxtpx:TrackPointExtension>
            <gpxtpx:hr>129</gpxtpx:hr>
          </gpxtpx:TrackPointExtension>
        </extensions>
      </trkpt>
      <trkpt lat="22.75135992980115" lon="113.7331888317793">
        <ele>2.2436436153948307</ele>
        <time>1970-01-01T00:07:22.600000Z</time>
        <extensions>
          <gpxtpx:TrackPointExtension>
            <gpxtpx:hr>129</gpxtpx:hr>
          </gpxtpx:TrackPointExtension>
        </extensions>
      </trkpt>
      <trkpt lat="22.751384675073464" lon="113.73320675472371">
        <ele>2.3323296764865518</ele>
        <time>1970-01-01T00:07:23.600000Z</time>
        <extensions>
          <gpxtpx:TrackPointExtension>
            <gpxtpx:hr>129</gpxtpx:hr>
          </gpxtpx:TrackPointExtension>
        </extensions>
      </trkpt>
      <trkpt lat="22.75140907403897" lon="113.73322365347364">
        <ele>2.418850311078131</ele>
        <time>1970-01-01T00:07:24.600000Z</time>
        <extensions>
          <gpxtpx:TrackPointExtension>
            <gpxtpx:hr>129</gpxtpx:hr>
          </gpxtpx:TrackPointExtension>
        </extensions>
      </trkpt>
      <trkpt lat="22.751433108779963" lon="113.7332398585876">
        <ele>2.5005542133003473</ele>
        <time>1970-01-01T00:07:25.600000Z</time>
        <extensions>
          <gpxtpx:TrackPointExtension>
            <gpxtpx:hr>129</gpxtpx:hr>
          </gpxtpx:TrackPointExtension>
        </extensions>
      </trkpt>
      <trkpt lat="22.751456847347534" lon="113.73325680862072">
        <ele>2.5750653259456158</ele>
        <time>1970-01-01T00:07:26.600000Z</time>
        <extensions>
          <gpxtpx:TrackPointExtension>
            <gpxtpx:hr>130</gpxtpx:hr>
          </gpxtpx:TrackPointExtension>
        </extensions>
      </trkpt>
      <trkpt lat="22.75148048568011" lon="113.73327419294604">
        <ele>2.6424280926585197</ele>
        <time>1970-01-01T00:07:27.600000Z</time>
        <extensions>
          <gpxtpx:TrackPointExtension>
            <gpxtpx:hr>130</gpxtpx:hr>
          </gpxtpx:TrackPointExtension>
        </extensions>
      </trkpt>
      <trkpt lat="22.75150366716056" lon="113.73329184000615">
        <ele>2.7015251833945513</ele>
        <time>1970-01-01T00:07:28.600000Z</time>
        <extensions>
          <gpxtpx:TrackPointExtension>
            <gpxtpx:hr>130</gpxtpx:hr>
          </gpxtpx:TrackPointExtension>
        </extensions>
      </trkpt>
      <trkpt lat="22.751526014584755" lon="113.7333095749933">
        <ele>2.7512560952454805</ele>
        <time>1970-01-01T00:07:29.600000Z</time>
        <extensions>
          <gpxtpx:TrackPointExtension>
            <gpxtpx:hr>130</gpxtpx:hr>
          </gpxtpx:TrackPointExtension>
        </extensions>
      </trkpt>
      <trkpt lat="22.751547513826598" lon="113.7333270941866">
        <ele>2.791188814677298</ele>
        <time>1970-01-01T00:07:30.600000Z</time>
        <extensions>
          <gpxtpx:TrackPointExtension>
            <gpxtpx:hr>130</gpxtpx:hr>
          </gpxtpx:TrackPointExtension>
        </extensions>
      </trkpt>
      <trkpt lat="22.751568840406968" lon="113.73334485498683">
        <ele>2.8204245464876294</ele>
        <time>1970-01-01T00:07:31.600000Z</time>
        <extensions>
          <gpxtpx:TrackPointExtension>
            <gpxtpx:hr>130</gpxtpx:hr>
          </gpxtpx:TrackPointExtension>
        </extensions>
      </trkpt>
      <trkpt lat="22.751590760726092" lon="113.73336258599359">
        <ele>2.83805120177567</ele>
        <time>1970-01-01T00:07:32.600000Z</time>
        <extensions>
          <gpxtpx:TrackPointExtension>
            <gpxtpx:hr>131</gpxtpx:hr>
          </gpxtpx:TrackPointExtension>
        </extensions>
      </trkpt>
      <trkpt lat="22.751613493068433" lon="113.73338028908259">
        <ele>2.8456177804619074</ele>
        <time>1970-01-01T00:07:33.600000Z</time>
        <extensions>
          <gpxtpx:TrackPointExtension>
            <gpxtpx:hr>131</gpxtpx:hr>
          </gpxtpx:TrackPointExtension>
        </extensions>
      </trkpt>
      <trkpt lat="22.751636839820666" lon="113.73339755714619">
        <ele>2.844349174760282</ele>
        <time>1970-01-01T00:07:34.600000Z</time>
        <extensions>
          <gpxtpx:TrackPointExtension>
            <gpxtpx:hr>131</gpxtpx:hr>
          </gpxtpx:TrackPointExtension>
        </extensions>
      </trkpt>
      <trkpt lat="22.75166071347885" lon="113.73341474225626">
        <ele>2.835724708624184</ele>
        <time>1970-01-01T00:07:35.600000Z</time>
        <extensions>
          <gpxtpx:TrackPointExtension>
            <gpxtpx:hr>131</gpxtpx:hr>
          </gpxtpx:TrackPointExtension>
        </extensions>
      </trkpt>
      <trkpt lat="22.75168488107249" lon="113.73343272234074">
        <ele>2.826915086247027</ele>
        <time>1970-01-01T00:07:36.600000Z</time>
        <extensions>
          <gpxtpx:TrackPointExtension>
            <gpxtpx:hr>131</gpxtpx:hr>
          </gpxtpx:TrackPointExtension>
        </extensions>
      </trkpt>
      <trkpt lat="22.75170873101656" lon="113.73345082351912">
        <ele>2.8228661995381117</ele>
        <time>1970-01-01T00:07:37.600000Z</time>
        <extensions>
          <gpxtpx:TrackPointExtension>
            <gpxtpx:hr>131</gpxtpx:hr>
          </gpxtpx:TrackPointExtension>
        </extensions>
      </trkpt>
      <trkpt lat="22.751732478112125" lon="113.73346936675429">
        <ele>2.8258347464725375</ele>
        <time>1970-01-01T00:07:38.600000Z</time>
        <extensions>
          <gpxtpx:TrackPointExtension>
            <gpxtpx:hr>132</gpxtpx:hr>
          </gpxtpx:TrackPointExtension>
        </extensions>
      </trkpt>
      <trkpt lat="22.751756391037258" lon="113.73348844507795">
        <ele>2.8377520702779293</ele>
        <time>1970-01-01T00:07:39.600000Z</time>
        <extensions>
          <gpxtpx:TrackPointExtension>
            <gpxtpx:hr>132</gpxtpx:hr>
          </gpxtpx:TrackPointExtension>
        </extensions>
      </trkpt>
      <trkpt lat="22.751780272949834" lon="113.73350690304339">
        <ele>2.8603493981063366</ele>
        <time>1970-01-01T00:07:40.600000Z</time>
        <extensions>
          <gpxtpx:TrackPointExtension>
            <gpxtpx:hr>132</gpxtpx:hr>
          </gpxtpx:TrackPointExtension>
        </extensions>
      </trkpt>
      <trkpt lat="22.751804040046625" lon="113.733524776478">
        <ele>2.892570685595274</ele>
        <time>1970-01-01T00:07:41.600000Z</time>
        <extensions>
          <gpxtpx:TrackPointExtension>
            <gpxtpx:hr>132</gpxtpx:hr>
          </gpxtpx:TrackPointExtension>
        </extensions>
      </trkpt>
      <trkpt lat="22.751827745887933" lon="113.7335422662044">
        <ele>2.935718291439116</ele>
        <time>1970-01-01T00:07:42.600000Z</time>
        <extensions>
          <gpxtpx:TrackPointExtension>
            <gpxtpx:hr>133</gpxtpx:hr>
          </gpxtpx:TrackPointExtension>
        </extensions>
      </trkpt>
      <trkpt lat="22.751851736012927" lon="113.73356000684653">
        <ele>2.9932039082050323</ele>
        <time>1970-01-01T00:07:43.600000Z</time>
        <extensions>
          <gpxtpx:TrackPointExtension>
            <gpxtpx:hr>133</gpxtpx:hr>
          </gpxtpx:TrackPointExtension>
        </extensions>
      </trkpt>
      <trkpt lat="22.751876040557743" lon="113.73357881463865">
        <ele>3.0687799667939544</ele>
        <time>1970-01-01T00:07:44.600000Z</time>
        <extensions>
          <gpxtpx:TrackPointExtension>
            <gpxtpx:hr>133</gpxtpx:hr>
          </gpxtpx:TrackPointExtension>
        </extensions>
      </trkpt>
      <trkpt lat="22.751900095045396" lon="113.73359789989821">
        <ele>3.1637885197997093</ele>
        <time>1970-01-01T00:07:45.600000Z</time>
        <extensions>
          <gpxtpx:TrackPointExtension>
            <gpxtpx:hr>133</gpxtpx:hr>
          </gpxtpx:TrackPointExtension>
        </extensions>
      </trkpt>
      <trkpt lat="22.751923535877232" lon="113.73361697582851">
        <ele>3.2810110356658697</ele>
        <time>1970-01-01T00:07:46.600000Z</time>
        <extensions>
          <gpxtpx:TrackPointExtension>
            <gpxtpx:hr>133</gpxtpx:hr>
          </gpxtpx:TrackPointExtension>
        </extensions>
      </trkpt>
      <trkpt lat="22.751946447383926" lon="113.73363557671537">
        <ele>3.4183107893913984</ele>
        <time>1970-01-01T00:07:47.600000Z</time>
        <extensions>
          <gpxtpx:TrackPointExtension>
            <gpxtpx:hr>133</gpxtpx:hr>
          </gpxtpx:TrackPointExtension>
        </extensions>
      </trkpt>
      <trkpt lat="22.7519688324904" lon="113.73365235189576">
        <ele>3.572565750218928</ele>
        <time>1970-01-01T00:07:48.600000Z</time>
        <extensions>
          <gpxtpx:TrackPointExtension>
            <gpxtpx:hr>133</gpxtpx:hr>
          </gpxtpx:TrackPointExtension>
        </extensions>
      </trkpt>
      <trkpt lat="22.751991170714668" lon="113.73366778662668">
        <ele>3.7404796378687024</ele>
        <time>1970-01-01T00:07:49.600000Z</time>
        <extensions>
          <gpxtpx:TrackPointExtension>
            <gpxtpx:hr>133</gpxtpx:hr>
          </gpxtpx:TrackPointExtension>
        </extensions>
      </trkpt>
      <trkpt lat="22.752014427667877" lon="113.73368311573728">
        <ele>3.9166339952498674</ele>
        <time>1970-01-01T00:07:50.600000Z</time>
        <extensions>
          <gpxtpx:TrackPointExtension>
            <gpxtpx:hr>133</gpxtpx:hr>
          </gpxtpx:TrackPointExtension>
        </extensions>
      </trkpt>
      <trkpt lat="22.752038734432908" lon="113.73369913654467">
        <ele>4.096009245142341</ele>
        <time>1970-01-01T00:07:51.600000Z</time>
        <extensions>
          <gpxtpx:TrackPointExtension>
            <gpxtpx:hr>133</gpxtpx:hr>
          </gpxtpx:TrackPointExtension>
        </extensions>
      </trkpt>
      <trkpt lat="22.752063565610527" lon="113.73371567001219">
        <ele>4.274612497538328</ele>
        <time>1970-01-01T00:07:52.600000Z</time>
        <extensions>
          <gpxtpx:TrackPointExtension>
            <gpxtpx:hr>134</gpxtpx:hr>
          </gpxtpx:TrackPointExtension>
        </extensions>
      </trkpt>
      <trkpt lat="22.752088452319924" lon="113.73373204691953">
        <ele>4.4471139051020145</ele>
        <time>1970-01-01T00:07:53.600000Z</time>
        <extensions>
          <gpxtpx:TrackPointExtension>
            <gpxtpx:hr>134</gpxtpx:hr>
          </gpxtpx:TrackPointExtension>
        </extensions>
      </trkpt>
      <trkpt lat="22.75211358816452" lon="113.7337484447806">
        <ele>4.609182246029377</ele>
        <time>1970-01-01T00:07:54.600000Z</time>
        <extensions>
          <gpxtpx:TrackPointExtension>
            <gpxtpx:hr>134</gpxtpx:hr>
          </gpxtpx:TrackPointExtension>
        </extensions>
      </trkpt>
      <trkpt lat="22.752138751758228" lon="113.73376483086984">
        <ele>4.754993982613087</ele>
        <time>1970-01-01T00:07:55.600000Z</time>
        <extensions>
          <gpxtpx:TrackPointExtension>
            <gpxtpx:hr>134</gpxtpx:hr>
          </gpxtpx:TrackPointExtension>
        </extensions>
      </trkpt>
      <trkpt lat="22.752163256227544" lon="113.73378149544617">
        <ele>4.880256509408355</ele>
        <time>1970-01-01T00:07:56.600000Z</time>
        <extensions>
          <gpxtpx:TrackPointExtension>
            <gpxtpx:hr>134</gpxtpx:hr>
          </gpxtpx:TrackPointExtension>
        </extensions>
      </trkpt>
      <trkpt lat="22.752187528065566" lon="113.73379816362205">
        <ele>4.9810067461803555</ele>
        <time>1970-01-01T00:07:57.600000Z</time>
        <extensions>
          <gpxtpx:TrackPointExtension>
            <gpxtpx:hr>133</gpxtpx:hr>
          </gpxtpx:TrackPointExtension>
        </extensions>
      </trkpt>
      <trkpt lat="22.752211868546308" lon="113.73381463090425">
        <ele>5.051847486756742</ele>
        <time>1970-01-01T00:07:58.600000Z</time>
        <extensions>
          <gpxtpx:TrackPointExtension>
            <gpxtpx:hr>133</gpxtpx:hr>
          </gpxtpx:TrackPointExtension>
        </extensions>
      </trkpt>
      <trkpt lat="22.75223588314151" lon="113.73383126297497">
        <ele>5.089588904753327</ele>
        <time>1970-01-01T00:07:59.600000Z</time>
        <extensions>
          <gpxtpx:TrackPointExtension>
            <gpxtpx:hr>133</gpxtpx:hr>
          </gpxtpx:TrackPointExtension>
        </extensions>
      </trkpt>
      <trkpt lat="22.752258952825017" lon="113.73384769158596">
        <ele>5.094796990044415</ele>
        <time>1970-01-01T00:08:00.600000Z</time>
        <extensions>
          <gpxtpx:TrackPointExtension>
            <gpxtpx:hr>133</gpxtpx:hr>
          </gpxtpx:TrackPointExtension>
        </extensions>
      </trkpt>
      <trkpt lat="22.752280759181808" lon="113.73386388105875">
        <ele>5.071738691069186</ele>
        <time>1970-01-01T00:08:01.600000Z</time>
        <extensions>
          <gpxtpx:TrackPointExtension>
            <gpxtpx:hr>133</gpxtpx:hr>
          </gpxtpx:TrackPointExtension>
        </extensions>
      </trkpt>
      <trkpt lat="22.75230232447854" lon="113.73388046225523">
        <ele>5.02450234349817</ele>
        <time>1970-01-01T00:08:02.600000Z</time>
        <extensions>
          <gpxtpx:TrackPointExtension>
            <gpxtpx:hr>133</gpxtpx:hr>
          </gpxtpx:TrackPointExtension>
        </extensions>
      </trkpt>
      <trkpt lat="22.752324214979442" lon="113.73389823637643">
        <ele>4.95587810035795</ele>
        <time>1970-01-01T00:08:03.600000Z</time>
        <extensions>
          <gpxtpx:TrackPointExtension>
            <gpxtpx:hr>134</gpxtpx:hr>
          </gpxtpx:TrackPointExtension>
        </extensions>
      </trkpt>
      <trkpt lat="22.75234593052221" lon="113.73391718404699">
        <ele>4.869434581138194</ele>
        <time>1970-01-01T00:08:04.600000Z</time>
        <extensions>
          <gpxtpx:TrackPointExtension>
            <gpxtpx:hr>134</gpxtpx:hr>
          </gpxtpx:TrackPointExtension>
        </extensions>
      </trkpt>
      <trkpt lat="22.75236744641141" lon="113.73393679982165">
        <ele>4.770663909614086</ele>
        <time>1970-01-01T00:08:05.600000Z</time>
        <extensions>
          <gpxtpx:TrackPointExtension>
            <gpxtpx:hr>134</gpxtpx:hr>
          </gpxtpx:TrackPointExtension>
        </extensions>
      </trkpt>
      <trkpt lat="22.752389077364285" lon="113.7339566071572">
        <ele>4.662462821230292</ele>
        <time>1970-01-01T00:08:06.600000Z</time>
        <extensions>
          <gpxtpx:TrackPointExtension>
            <gpxtpx:hr>134</gpxtpx:hr>
          </gpxtpx:TrackPointExtension>
        </extensions>
      </trkpt>
      <trkpt lat="22.752410915069753" lon="113.7339758707514">
        <ele>4.543409165926278</ele>
        <time>1970-01-01T00:08:07.600000Z</time>
        <extensions>
          <gpxtpx:TrackPointExtension>
            <gpxtpx:hr>134</gpxtpx:hr>
          </gpxtpx:TrackPointExtension>
        </extensions>
      </trkpt>
      <trkpt lat="22.752433011568485" lon="113.73399479469425">
        <ele>4.412794039584696</ele>
        <time>1970-01-01T00:08:08.600000Z</time>
        <extensions>
          <gpxtpx:TrackPointExtension>
            <gpxtpx:hr>136</gpxtpx:hr>
          </gpxtpx:TrackPointExtension>
        </extensions>
      </trkpt>
      <trkpt lat="22.75245547869531" lon="113.73401320584804">
        <ele>4.274477794766426</ele>
        <time>1970-01-01T00:08:09.600000Z</time>
        <extensions>
          <gpxtpx:TrackPointExtension>
            <gpxtpx:hr>136</gpxtpx:hr>
          </gpxtpx:TrackPointExtension>
        </extensions>
      </trkpt>
      <trkpt lat="22.752478465995225" lon="113.7340310823379">
        <ele>4.131199296563864</ele>
        <time>1970-01-01T00:08:10.600000Z</time>
        <extensions>
          <gpxtpx:TrackPointExtension>
            <gpxtpx:hr>136</gpxtpx:hr>
          </gpxtpx:TrackPointExtension>
        </extensions>
      </trkpt>
      <trkpt lat="22.752501681398286" lon="113.73404844053367">
        <ele>3.983886926434934</ele>
        <time>1970-01-01T00:08:11.600000Z</time>
        <extensions>
          <gpxtpx:TrackPointExtension>
            <gpxtpx:hr>136</gpxtpx:hr>
          </gpxtpx:TrackPointExtension>
        </extensions>
      </trkpt>
      <trkpt lat="22.75252487693167" lon="113.73406502659688">
        <ele>3.8328114757314324</ele>
        <time>1970-01-01T00:08:12.600000Z</time>
        <extensions>
          <gpxtpx:TrackPointExtension>
            <gpxtpx:hr>136</gpxtpx:hr>
          </gpxtpx:TrackPointExtension>
        </extensions>
      </trkpt>
      <trkpt lat="22.752548447860864" lon="113.73408116263575">
        <ele>3.678764445707202</ele>
        <time>1970-01-01T00:08:13.600000Z</time>
        <extensions>
          <gpxtpx:TrackPointExtension>
            <gpxtpx:hr>136</gpxtpx:hr>
          </gpxtpx:TrackPointExtension>
        </extensions>
      </trkpt>
      <trkpt lat="22.752572585127517" lon="113.73409672560733">
        <ele>3.5245074378326535</ele>
        <time>1970-01-01T00:08:14.600000Z</time>
        <extensions>
          <gpxtpx:TrackPointExtension>
            <gpxtpx:hr>136</gpxtpx:hr>
          </gpxtpx:TrackPointExtension>
        </extensions>
      </trkpt>
      <trkpt lat="22.75259721678643" lon="113.73411212329299">
        <ele>3.3724509086459875</ele>
        <time>1970-01-01T00:08:15.600000Z</time>
        <extensions>
          <gpxtpx:TrackPointExtension>
            <gpxtpx:hr>136</gpxtpx:hr>
          </gpxtpx:TrackPointExtension>
        </extensions>
      </trkpt>
      <trkpt lat="22.75262171282078" lon="113.73412723984745">
        <ele>3.22757959831506</ele>
        <time>1970-01-01T00:08:16.600000Z</time>
        <extensions>
          <gpxtpx:TrackPointExtension>
            <gpxtpx:hr>136</gpxtpx:hr>
          </gpxtpx:TrackPointExtension>
        </extensions>
      </trkpt>
      <trkpt lat="22.75264521167641" lon="113.7341423759624">
        <ele>3.0964567186310887</ele>
        <time>1970-01-01T00:08:17.600000Z</time>
        <extensions>
          <gpxtpx:TrackPointExtension>
            <gpxtpx:hr>136</gpxtpx:hr>
          </gpxtpx:TrackPointExtension>
        </extensions>
      </trkpt>
      <trkpt lat="22.752667944622956" lon="113.73415854598021">
        <ele>2.980292740277946</ele>
        <time>1970-01-01T00:08:18.600000Z</time>
        <extensions>
          <gpxtpx:TrackPointExtension>
            <gpxtpx:hr>136</gpxtpx:hr>
          </gpxtpx:TrackPointExtension>
        </extensions>
      </trkpt>
      <trkpt lat="22.75269084718129" lon="113.73417622423544">
        <ele>2.8785699354484677</ele>
        <time>1970-01-01T00:08:19.600000Z</time>
        <extensions>
          <gpxtpx:TrackPointExtension>
            <gpxtpx:hr>136</gpxtpx:hr>
          </gpxtpx:TrackPointExtension>
        </extensions>
      </trkpt>
      <trkpt lat="22.75271436115329" lon="113.73419471097291">
        <ele>2.7882838370278478</ele>
        <time>1970-01-01T00:08:20.600000Z</time>
        <extensions>
          <gpxtpx:TrackPointExtension>
            <gpxtpx:hr>136</gpxtpx:hr>
          </gpxtpx:TrackPointExtension>
        </extensions>
      </trkpt>
      <trkpt lat="22.75273820797344" lon="113.7342126391123">
        <ele>2.7069230265915394</ele>
        <time>1970-01-01T00:08:21.600000Z</time>
        <extensions>
          <gpxtpx:TrackPointExtension>
            <gpxtpx:hr>136</gpxtpx:hr>
          </gpxtpx:TrackPointExtension>
        </extensions>
      </trkpt>
      <trkpt lat="22.75276168878618" lon="113.73422983110001">
        <ele>2.6362574687227607</ele>
        <time>1970-01-01T00:08:22.600000Z</time>
        <extensions>
          <gpxtpx:TrackPointExtension>
            <gpxtpx:hr>136</gpxtpx:hr>
          </gpxtpx:TrackPointExtension>
        </extensions>
      </trkpt>
      <trkpt lat="22.75278425364835" lon="113.73424648426604">
        <ele>2.578419379889965</ele>
        <time>1970-01-01T00:08:23.600000Z</time>
        <extensions>
          <gpxtpx:TrackPointExtension>
            <gpxtpx:hr>136</gpxtpx:hr>
          </gpxtpx:TrackPointExtension>
        </extensions>
      </trkpt>
      <trkpt lat="22.75280627533809" lon="113.73426331487471">
        <ele>2.538964760489762</ele>
        <time>1970-01-01T00:08:24.600000Z</time>
        <extensions>
          <gpxtpx:TrackPointExtension>
            <gpxtpx:hr>136</gpxtpx:hr>
          </gpxtpx:TrackPointExtension>
        </extensions>
      </trkpt>
      <trkpt lat="22.752828543800895" lon="113.73428049683129">
        <ele>2.522447343915701</ele>
        <time>1970-01-01T00:08:25.600000Z</time>
        <extensions>
          <gpxtpx:TrackPointExtension>
            <gpxtpx:hr>136</gpxtpx:hr>
          </gpxtpx:TrackPointExtension>
        </extensions>
      </trkpt>
      <trkpt lat="22.752851134539" lon="113.73429797004985">
        <ele>2.526974108070135</ele>
        <time>1970-01-01T00:08:26.600000Z</time>
        <extensions>
          <gpxtpx:TrackPointExtension>
            <gpxtpx:hr>136</gpxtpx:hr>
          </gpxtpx:TrackPointExtension>
        </extensions>
      </trkpt>
      <trkpt lat="22.752873374223295" lon="113.73431559322776">
        <ele>2.547959243878722</ele>
        <time>1970-01-01T00:08:27.600000Z</time>
        <extensions>
          <gpxtpx:TrackPointExtension>
            <gpxtpx:hr>136</gpxtpx:hr>
          </gpxtpx:TrackPointExtension>
        </extensions>
      </trkpt>
      <trkpt lat="22.752894960332277" lon="113.73433286730884">
        <ele>2.580578861758113</ele>
        <time>1970-01-01T00:08:28.600000Z</time>
        <extensions>
          <gpxtpx:TrackPointExtension>
            <gpxtpx:hr>136</gpxtpx:hr>
          </gpxtpx:TrackPointExtension>
        </extensions>
      </trkpt>
      <trkpt lat="22.752916355612243" lon="113.73435016200897">
        <ele>2.6207013372331858</ele>
        <time>1970-01-01T00:08:29.600000Z</time>
        <extensions>
          <gpxtpx:TrackPointExtension>
            <gpxtpx:hr>136</gpxtpx:hr>
          </gpxtpx:TrackPointExtension>
        </extensions>
      </trkpt>
      <trkpt lat="22.752937691916074" lon="113.73436779925193">
        <ele>2.6652588387951255</ele>
        <time>1970-01-01T00:08:30.600000Z</time>
        <extensions>
          <gpxtpx:TrackPointExtension>
            <gpxtpx:hr>138</gpxtpx:hr>
          </gpxtpx:TrackPointExtension>
        </extensions>
      </trkpt>
      <trkpt lat="22.75295877712496" lon="113.73438653540315">
        <ele>2.712543207220733</ele>
        <time>1970-01-01T00:08:31.600000Z</time>
        <extensions>
          <gpxtpx:TrackPointExtension>
            <gpxtpx:hr>138</gpxtpx:hr>
          </gpxtpx:TrackPointExtension>
        </extensions>
      </trkpt>
      <trkpt lat="22.752979278520165" lon="113.73440671451364">
        <ele>2.762355238199234</ele>
        <time>1970-01-01T00:08:32.600000Z</time>
        <extensions>
          <gpxtpx:TrackPointExtension>
            <gpxtpx:hr>138</gpxtpx:hr>
          </gpxtpx:TrackPointExtension>
        </extensions>
      </trkpt>
      <trkpt lat="22.75299854188278" lon="113.73442843102099">
        <ele>2.813928535208106</ele>
        <time>1970-01-01T00:08:33.600000Z</time>
        <extensions>
          <gpxtpx:TrackPointExtension>
            <gpxtpx:hr>138</gpxtpx:hr>
          </gpxtpx:TrackPointExtension>
        </extensions>
      </trkpt>
      <trkpt lat="22.75301651496833" lon="113.73445095577442">
        <ele>2.8660260839387774</ele>
        <time>1970-01-01T00:08:34.600000Z</time>
        <extensions>
          <gpxtpx:TrackPointExtension>
            <gpxtpx:hr>137</gpxtpx:hr>
          </gpxtpx:TrackPointExtension>
        </extensions>
      </trkpt>
      <trkpt lat="22.753033988087033" lon="113.73447319317523">
        <ele>2.915717229247093</ele>
        <time>1970-01-01T00:08:35.600000Z</time>
        <extensions>
          <gpxtpx:TrackPointExtension>
            <gpxtpx:hr>137</gpxtpx:hr>
          </gpxtpx:TrackPointExtension>
        </extensions>
      </trkpt>
      <trkpt lat="22.753051555366795" lon="113.73449536391439">
        <ele>2.960152657702565</ele>
        <time>1970-01-01T00:08:36.600000Z</time>
        <extensions>
          <gpxtpx:TrackPointExtension>
            <gpxtpx:hr>137</gpxtpx:hr>
          </gpxtpx:TrackPointExtension>
        </extensions>
      </trkpt>
      <trkpt lat="22.753068721360183" lon="113.73451868882313">
        <ele>2.9949623998254538</ele>
        <time>1970-01-01T00:08:37.600000Z</time>
        <extensions>
          <gpxtpx:TrackPointExtension>
            <gpxtpx:hr>137</gpxtpx:hr>
          </gpxtpx:TrackPointExtension>
        </extensions>
      </trkpt>
      <trkpt lat="22.753085039174422" lon="113.73454373874061">
        <ele>3.0191708113998175</ele>
        <time>1970-01-01T00:08:38.600000Z</time>
        <extensions>
          <gpxtpx:TrackPointExtension>
            <gpxtpx:hr>137</gpxtpx:hr>
          </gpxtpx:TrackPointExtension>
        </extensions>
      </trkpt>
      <trkpt lat="22.753100636862584" lon="113.73456934403431">
        <ele>3.0354578448459506</ele>
        <time>1970-01-01T00:08:39.600000Z</time>
        <extensions>
          <gpxtpx:TrackPointExtension>
            <gpxtpx:hr>137</gpxtpx:hr>
          </gpxtpx:TrackPointExtension>
        </extensions>
      </trkpt>
      <trkpt lat="22.75311551040405" lon="113.73459473199433">
        <ele>3.047107795253396</ele>
        <time>1970-01-01T00:08:40.600000Z</time>
        <extensions>
          <gpxtpx:TrackPointExtension>
            <gpxtpx:hr>137</gpxtpx:hr>
          </gpxtpx:TrackPointExtension>
        </extensions>
      </trkpt>
      <trkpt lat="22.753129549067587" lon="113.73461953094292">
        <ele>3.05819876678288</ele>
        <time>1970-01-01T00:08:41.600000Z</time>
        <extensions>
          <gpxtpx:TrackPointExtension>
            <gpxtpx:hr>137</gpxtpx:hr>
          </gpxtpx:TrackPointExtension>
        </extensions>
      </trkpt>
      <trkpt lat="22.75314246886266" lon="113.73464414687108">
        <ele>3.0693530393764377</ele>
        <time>1970-01-01T00:08:42.600000Z</time>
        <extensions>
          <gpxtpx:TrackPointExtension>
            <gpxtpx:hr>137</gpxtpx:hr>
          </gpxtpx:TrackPointExtension>
        </extensions>
      </trkpt>
      <trkpt lat="22.75315412030331" lon="113.73466898804848">
        <ele>3.0805736584588885</ele>
        <time>1970-01-01T00:08:43.600000Z</time>
        <extensions>
          <gpxtpx:TrackPointExtension>
            <gpxtpx:hr>135</gpxtpx:hr>
          </gpxtpx:TrackPointExtension>
        </extensions>
      </trkpt>
      <trkpt lat="22.753164081145975" lon="113.73469417681271">
        <ele>3.0915901251137257</ele>
        <time>1970-01-01T00:08:44.600000Z</time>
        <extensions>
          <gpxtpx:TrackPointExtension>
            <gpxtpx:hr>135</gpxtpx:hr>
          </gpxtpx:TrackPointExtension>
        </extensions>
      </trkpt>
      <trkpt lat="22.75317196470976" lon="113.73472013819828">
        <ele>3.10032450966537</ele>
        <time>1970-01-01T00:08:45.600000Z</time>
        <extensions>
          <gpxtpx:TrackPointExtension>
            <gpxtpx:hr>135</gpxtpx:hr>
          </gpxtpx:TrackPointExtension>
        </extensions>
      </trkpt>
      <trkpt lat="22.753178705943636" lon="113.73474637153693">
        <ele>3.10869259852916</ele>
        <time>1970-01-01T00:08:46.600000Z</time>
        <extensions>
          <gpxtpx:TrackPointExtension>
            <gpxtpx:hr>135</gpxtpx:hr>
          </gpxtpx:TrackPointExtension>
        </extensions>
      </trkpt>
      <trkpt lat="22.753185466447867" lon="113.73477247770845">
        <ele>3.1189489448443055</ele>
        <time>1970-01-01T00:08:47.600000Z</time>
        <extensions>
          <gpxtpx:TrackPointExtension>
            <gpxtpx:hr>135</gpxtpx:hr>
          </gpxtpx:TrackPointExtension>
        </extensions>
      </trkpt>
      <trkpt lat="22.75319184388687" lon="113.734798591912">
        <ele>3.1318754497915506</ele>
        <time>1970-01-01T00:08:48.600000Z</time>
        <extensions>
          <gpxtpx:TrackPointExtension>
            <gpxtpx:hr>135</gpxtpx:hr>
          </gpxtpx:TrackPointExtension>
        </extensions>
      </trkpt>
      <trkpt lat="22.753196695805922" lon="113.73482514284505">
        <ele>3.146577453240752</ele>
        <time>1970-01-01T00:08:49.600000Z</time>
        <extensions>
          <gpxtpx:TrackPointExtension>
            <gpxtpx:hr>135</gpxtpx:hr>
          </gpxtpx:TrackPointExtension>
        </extensions>
      </trkpt>
      <trkpt lat="22.75319945593706" lon="113.73485245733316">
        <ele>3.158685276284814</ele>
        <time>1970-01-01T00:08:50.600000Z</time>
        <extensions>
          <gpxtpx:TrackPointExtension>
            <gpxtpx:hr>135</gpxtpx:hr>
          </gpxtpx:TrackPointExtension>
        </extensions>
      </trkpt>
      <trkpt lat="22.75319998896048" lon="113.73488011542086">
        <ele>3.1668553482741117</ele>
        <time>1970-01-01T00:08:51.600000Z</time>
        <extensions>
          <gpxtpx:TrackPointExtension>
            <gpxtpx:hr>135</gpxtpx:hr>
          </gpxtpx:TrackPointExtension>
        </extensions>
      </trkpt>
      <trkpt lat="22.75319886276426" lon="113.73490740451784">
        <ele>3.170323288999498</ele>
        <time>1970-01-01T00:08:52.600000Z</time>
        <extensions>
          <gpxtpx:TrackPointExtension>
            <gpxtpx:hr>135</gpxtpx:hr>
          </gpxtpx:TrackPointExtension>
        </extensions>
      </trkpt>
      <trkpt lat="22.753196382955128" lon="113.73493436727324">
        <ele>3.16912860609591</ele>
        <time>1970-01-01T00:08:53.600000Z</time>
        <extensions>
          <gpxtpx:TrackPointExtension>
            <gpxtpx:hr>135</gpxtpx:hr>
          </gpxtpx:TrackPointExtension>
        </extensions>
      </trkpt>
      <trkpt lat="22.753192263205904" lon="113.73496114062715">
        <ele>3.1642234912142158</ele>
        <time>1970-01-01T00:08:54.600000Z</time>
        <extensions>
          <gpxtpx:TrackPointExtension>
            <gpxtpx:hr>135</gpxtpx:hr>
          </gpxtpx:TrackPointExtension>
        </extensions>
      </trkpt>
      <trkpt lat="22.753186042472556" lon="113.73498720528094">
        <ele>3.157824231311679</ele>
        <time>1970-01-01T00:08:55.600000Z</time>
        <extensions>
          <gpxtpx:TrackPointExtension>
            <gpxtpx:hr>135</gpxtpx:hr>
          </gpxtpx:TrackPointExtension>
        </extensions>
      </trkpt>
      <trkpt lat="22.753176845112453" lon="113.73501229033431">
        <ele>3.1497722510248423</ele>
        <time>1970-01-01T00:08:56.600000Z</time>
        <extensions>
          <gpxtpx:TrackPointExtension>
            <gpxtpx:hr>135</gpxtpx:hr>
          </gpxtpx:TrackPointExtension>
        </extensions>
      </trkpt>
      <trkpt lat="22.75316420686002" lon="113.73503600007626">
        <ele>3.136975871399045</ele>
        <time>1970-01-01T00:08:57.600000Z</time>
        <extensions>
          <gpxtpx:TrackPointExtension>
            <gpxtpx:hr>135</gpxtpx:hr>
          </gpxtpx:TrackPointExtension>
        </extensions>
      </trkpt>
      <trkpt lat="22.753148416552044" lon="113.73505832394223">
        <ele>3.1144348392263055</ele>
        <time>1970-01-01T00:08:58.600000Z</time>
        <extensions>
          <gpxtpx:TrackPointExtension>
            <gpxtpx:hr>136</gpxtpx:hr>
          </gpxtpx:TrackPointExtension>
        </extensions>
      </trkpt>
      <trkpt lat="22.753130854062277" lon="113.73507980865274">
        <ele>3.080300757661462</ele>
        <time>1970-01-01T00:08:59.600000Z</time>
        <extensions>
          <gpxtpx:TrackPointExtension>
            <gpxtpx:hr>136</gpxtpx:hr>
          </gpxtpx:TrackPointExtension>
        </extensions>
      </trkpt>
      <trkpt lat="22.75311230220574" lon="113.73510078251286">
        <ele>3.0387044176459312</ele>
        <time>1970-01-01T00:09:00.600000Z</time>
        <extensions>
          <gpxtpx:TrackPointExtension>
            <gpxtpx:hr>136</gpxtpx:hr>
          </gpxtpx:TrackPointExtension>
        </extensions>
      </trkpt>
      <trkpt lat="22.753092799842236" lon="113.73512071773335">
        <ele>2.9896440990269184</ele>
        <time>1970-01-01T00:09:01.600000Z</time>
        <extensions>
          <gpxtpx:TrackPointExtension>
            <gpxtpx:hr>136</gpxtpx:hr>
          </gpxtpx:TrackPointExtension>
        </extensions>
      </trkpt>
      <trkpt lat="22.75307213046165" lon="113.73513831892723">
        <ele>2.93555370811373</ele>
        <time>1970-01-01T00:09:02.600000Z</time>
        <extensions>
          <gpxtpx:TrackPointExtension>
            <gpxtpx:hr>136</gpxtpx:hr>
          </gpxtpx:TrackPointExtension>
        </extensions>
      </trkpt>
      <trkpt lat="22.753050116422784" lon="113.73515313809999">
        <ele>2.8794765369966626</ele>
        <time>1970-01-01T00:09:03.600000Z</time>
        <extensions>
          <gpxtpx:TrackPointExtension>
            <gpxtpx:hr>136</gpxtpx:hr>
          </gpxtpx:TrackPointExtension>
        </extensions>
      </trkpt>
      <trkpt lat="22.75302655189358" lon="113.73516547413656">
        <ele>2.8210177794098854</ele>
        <time>1970-01-01T00:09:04.600000Z</time>
        <extensions>
          <gpxtpx:TrackPointExtension>
            <gpxtpx:hr>135</gpxtpx:hr>
          </gpxtpx:TrackPointExtension>
        </extensions>
      </trkpt>
      <trkpt lat="22.75300139712724" lon="113.73517597902176">
        <ele>2.762057232670486</ele>
        <time>1970-01-01T00:09:05.600000Z</time>
        <extensions>
          <gpxtpx:TrackPointExtension>
            <gpxtpx:hr>135</gpxtpx:hr>
          </gpxtpx:TrackPointExtension>
        </extensions>
      </trkpt>
      <trkpt lat="22.752975618034974" lon="113.73518464640385">
        <ele>2.7024764120578766</ele>
        <time>1970-01-01T00:09:06.600000Z</time>
        <extensions>
          <gpxtpx:TrackPointExtension>
            <gpxtpx:hr>135</gpxtpx:hr>
          </gpxtpx:TrackPointExtension>
        </extensions>
      </trkpt>
      <trkpt lat="22.752949335760334" lon="113.7351910365742">
        <ele>2.642028740607202</ele>
        <time>1970-01-01T00:09:07.600000Z</time>
        <extensions>
          <gpxtpx:TrackPointExtension>
            <gpxtpx:hr>135</gpxtpx:hr>
          </gpxtpx:TrackPointExtension>
        </extensions>
      </trkpt>
      <trkpt lat="22.752922801818542" lon="113.73519526916161">
        <ele>2.582424959167838</ele>
        <time>1970-01-01T00:09:08.600000Z</time>
        <extensions>
          <gpxtpx:TrackPointExtension>
            <gpxtpx:hr>135</gpxtpx:hr>
          </gpxtpx:TrackPointExtension>
        </extensions>
      </trkpt>
      <trkpt lat="22.75289653229088" lon="113.73519773940967">
        <ele>2.525833916850388</ele>
        <time>1970-01-01T00:09:09.600000Z</time>
        <extensions>
          <gpxtpx:TrackPointExtension>
            <gpxtpx:hr>136</gpxtpx:hr>
          </gpxtpx:TrackPointExtension>
        </extensions>
      </trkpt>
      <trkpt lat="22.75287026109851" lon="113.73519879278815">
        <ele>2.474660225212574</ele>
        <time>1970-01-01T00:09:10.600000Z</time>
        <extensions>
          <gpxtpx:TrackPointExtension>
            <gpxtpx:hr>136</gpxtpx:hr>
          </gpxtpx:TrackPointExtension>
        </extensions>
      </trkpt>
      <trkpt lat="22.75284369509236" lon="113.73519789562074">
        <ele>2.430523275397718</ele>
        <time>1970-01-01T00:09:11.600000Z</time>
        <extensions>
          <gpxtpx:TrackPointExtension>
            <gpxtpx:hr>136</gpxtpx:hr>
          </gpxtpx:TrackPointExtension>
        </extensions>
      </trkpt>
      <trkpt lat="22.752816922157443" lon="113.73519488571378">
        <ele>2.3997518559917808</ele>
        <time>1970-01-01T00:09:12.600000Z</time>
        <extensions>
          <gpxtpx:TrackPointExtension>
            <gpxtpx:hr>137</gpxtpx:hr>
          </gpxtpx:TrackPointExtension>
        </extensions>
      </trkpt>
      <trkpt lat="22.75279015674576" lon="113.73518923596686">
        <ele>2.387610516510904</ele>
        <time>1970-01-01T00:09:13.600000Z</time>
        <extensions>
          <gpxtpx:TrackPointExtension>
            <gpxtpx:hr>137</gpxtpx:hr>
          </gpxtpx:TrackPointExtension>
        </extensions>
      </trkpt>
      <trkpt lat="22.752764634903784" lon="113.73518038809226">
        <ele>2.3937842156738043</ele>
        <time>1970-01-01T00:09:14.600000Z</time>
        <extensions>
          <gpxtpx:TrackPointExtension>
            <gpxtpx:hr>137</gpxtpx:hr>
          </gpxtpx:TrackPointExtension>
        </extensions>
      </trkpt>
      <trkpt lat="22.752739819581738" lon="113.7351690117559">
        <ele>2.4179966682568192</ele>
        <time>1970-01-01T00:09:15.600000Z</time>
        <extensions>
          <gpxtpx:TrackPointExtension>
            <gpxtpx:hr>137</gpxtpx:hr>
          </gpxtpx:TrackPointExtension>
        </extensions>
      </trkpt>
      <trkpt lat="22.75271461097491" lon="113.73515590966296">
        <ele>2.4581725914031267</ele>
        <time>1970-01-01T00:09:16.600000Z</time>
        <extensions>
          <gpxtpx:TrackPointExtension>
            <gpxtpx:hr>138</gpxtpx:hr>
          </gpxtpx:TrackPointExtension>
        </extensions>
      </trkpt>
      <trkpt lat="22.752689908805017" lon="113.73514119491811">
        <ele>2.5086502796038985</ele>
        <time>1970-01-01T00:09:17.600000Z</time>
        <extensions>
          <gpxtpx:TrackPointExtension>
            <gpxtpx:hr>138</gpxtpx:hr>
          </gpxtpx:TrackPointExtension>
        </extensions>
      </trkpt>
      <trkpt lat="22.752666427364584" lon="113.7351249438352">
        <ele>2.5679527008906007</ele>
        <time>1970-01-01T00:09:18.600000Z</time>
        <extensions>
          <gpxtpx:TrackPointExtension>
            <gpxtpx:hr>138</gpxtpx:hr>
          </gpxtpx:TrackPointExtension>
        </extensions>
      </trkpt>
      <trkpt lat="22.752644549800852" lon="113.73510734455215">
        <ele>2.6341747008264065</ele>
        <time>1970-01-01T00:09:19.600000Z</time>
        <extensions>
          <gpxtpx:TrackPointExtension>
            <gpxtpx:hr>138</gpxtpx:hr>
          </gpxtpx:TrackPointExtension>
        </extensions>
      </trkpt>
      <trkpt lat="22.752623857727745" lon="113.73508837047832">
        <ele>2.7092936960980296</ele>
        <time>1970-01-01T00:09:20.600000Z</time>
        <extensions>
          <gpxtpx:TrackPointExtension>
            <gpxtpx:hr>138</gpxtpx:hr>
          </gpxtpx:TrackPointExtension>
        </extensions>
      </trkpt>
      <trkpt lat="22.752604185524415" lon="113.73506840816312">
        <ele>2.7946556182578206</ele>
        <time>1970-01-01T00:09:21.600000Z</time>
        <extensions>
          <gpxtpx:TrackPointExtension>
            <gpxtpx:hr>138</gpxtpx:hr>
          </gpxtpx:TrackPointExtension>
        </extensions>
      </trkpt>
      <trkpt lat="22.75258544876902" lon="113.7350472952537">
        <ele>2.8874055659398437</ele>
        <time>1970-01-01T00:09:22.600000Z</time>
        <extensions>
          <gpxtpx:TrackPointExtension>
            <gpxtpx:hr>137</gpxtpx:hr>
          </gpxtpx:TrackPointExtension>
        </extensions>
      </trkpt>
      <trkpt lat="22.75256797464561" lon="113.73502540917124">
        <ele>2.9810085939243436</ele>
        <time>1970-01-01T00:09:23.600000Z</time>
        <extensions>
          <gpxtpx:TrackPointExtension>
            <gpxtpx:hr>137</gpxtpx:hr>
          </gpxtpx:TrackPointExtension>
        </extensions>
      </trkpt>
      <trkpt lat="22.75255178259001" lon="113.73500254236262">
        <ele>3.070436606183648</ele>
        <time>1970-01-01T00:09:24.600000Z</time>
        <extensions>
          <gpxtpx:TrackPointExtension>
            <gpxtpx:hr>137</gpxtpx:hr>
          </gpxtpx:TrackPointExtension>
        </extensions>
      </trkpt>
      <trkpt lat="22.7525365579941" lon="113.73497826621178">
        <ele>3.154376395046711</ele>
        <time>1970-01-01T00:09:25.600000Z</time>
        <extensions>
          <gpxtpx:TrackPointExtension>
            <gpxtpx:hr>137</gpxtpx:hr>
          </gpxtpx:TrackPointExtension>
        </extensions>
      </trkpt>
      <trkpt lat="22.752522512936764" lon="113.73495305705438">
        <ele>3.2283793576061726</ele>
        <time>1970-01-01T00:09:26.600000Z</time>
        <extensions>
          <gpxtpx:TrackPointExtension>
            <gpxtpx:hr>137</gpxtpx:hr>
          </gpxtpx:TrackPointExtension>
        </extensions>
      </trkpt>
      <trkpt lat="22.75250981812385" lon="113.73492717662273">
        <ele>3.2907872339710593</ele>
        <time>1970-01-01T00:09:27.600000Z</time>
        <extensions>
          <gpxtpx:TrackPointExtension>
            <gpxtpx:hr>137</gpxtpx:hr>
          </gpxtpx:TrackPointExtension>
        </extensions>
      </trkpt>
      <trkpt lat="22.75249866806212" lon="113.73490091102047">
        <ele>3.3420083997771144</ele>
        <time>1970-01-01T00:09:28.600000Z</time>
        <extensions>
          <gpxtpx:TrackPointExtension>
            <gpxtpx:hr>137</gpxtpx:hr>
          </gpxtpx:TrackPointExtension>
        </extensions>
      </trkpt>
      <trkpt lat="22.75248860684388" lon="113.73487384193999">
        <ele>3.382403075695038</ele>
        <time>1970-01-01T00:09:29.600000Z</time>
        <extensions>
          <gpxtpx:TrackPointExtension>
            <gpxtpx:hr>135</gpxtpx:hr>
          </gpxtpx:TrackPointExtension>
        </extensions>
      </trkpt>
      <trkpt lat="22.752478940921886" lon="113.73484604234802">
        <ele>3.4128271155059338</ele>
        <time>1970-01-01T00:09:30.600000Z</time>
        <extensions>
          <gpxtpx:TrackPointExtension>
            <gpxtpx:hr>135</gpxtpx:hr>
          </gpxtpx:TrackPointExtension>
        </extensions>
      </trkpt>
      <trkpt lat="22.75246904852679" lon="113.73481848973448">
        <ele>3.4314927514642477</ele>
        <time>1970-01-01T00:09:31.600000Z</time>
        <extensions>
          <gpxtpx:TrackPointExtension>
            <gpxtpx:hr>135</gpxtpx:hr>
          </gpxtpx:TrackPointExtension>
        </extensions>
      </trkpt>
      <trkpt lat="22.752458132295676" lon="113.7347923028834">
        <ele>3.439464380964637</ele>
        <time>1970-01-01T00:09:32.600000Z</time>
        <extensions>
          <gpxtpx:TrackPointExtension>
            <gpxtpx:hr>135</gpxtpx:hr>
          </gpxtpx:TrackPointExtension>
        </extensions>
      </trkpt>
      <trkpt lat="22.752446403600715" lon="113.73476767138195">
        <ele>3.441953477449715</ele>
        <time>1970-01-01T00:09:33.600000Z</time>
        <extensions>
          <gpxtpx:TrackPointExtension>
            <gpxtpx:hr>135</gpxtpx:hr>
          </gpxtpx:TrackPointExtension>
        </extensions>
      </trkpt>
      <trkpt lat="22.752434305351606" lon="113.73474289766149">
        <ele>3.440217001363635</ele>
        <time>1970-01-01T00:09:34.600000Z</time>
        <extensions>
          <gpxtpx:TrackPointExtension>
            <gpxtpx:hr>138</gpxtpx:hr>
          </gpxtpx:TrackPointExtension>
        </extensions>
      </trkpt>
      <trkpt lat="22.752422103349016" lon="113.73471678247004">
        <ele>3.433511471375823</ele>
        <time>1970-01-01T00:09:35.600000Z</time>
        <extensions>
          <gpxtpx:TrackPointExtension>
            <gpxtpx:hr>138</gpxtpx:hr>
          </gpxtpx:TrackPointExtension>
        </extensions>
      </trkpt>
      <trkpt lat="22.752409952415587" lon="113.73468975614577">
        <ele>3.419306829571724</ele>
        <time>1970-01-01T00:09:36.600000Z</time>
        <extensions>
          <gpxtpx:TrackPointExtension>
            <gpxtpx:hr>138</gpxtpx:hr>
          </gpxtpx:TrackPointExtension>
        </extensions>
      </trkpt>
      <trkpt lat="22.752397458565568" lon="113.73466334718583">
        <ele>3.39415087364614</ele>
        <time>1970-01-01T00:09:37.600000Z</time>
        <extensions>
          <gpxtpx:TrackPointExtension>
            <gpxtpx:hr>138</gpxtpx:hr>
          </gpxtpx:TrackPointExtension>
        </extensions>
      </trkpt>
      <trkpt lat="22.752384489466685" lon="113.73463847979534">
        <ele>3.3566671116277575</ele>
        <time>1970-01-01T00:09:38.600000Z</time>
        <extensions>
          <gpxtpx:TrackPointExtension>
            <gpxtpx:hr>138</gpxtpx:hr>
          </gpxtpx:TrackPointExtension>
        </extensions>
      </trkpt>
      <trkpt lat="22.7523710352994" lon="113.73461537845297">
        <ele>3.3083277605473995</ele>
        <time>1970-01-01T00:09:39.600000Z</time>
        <extensions>
          <gpxtpx:TrackPointExtension>
            <gpxtpx:hr>138</gpxtpx:hr>
          </gpxtpx:TrackPointExtension>
        </extensions>
      </trkpt>
      <trkpt lat="22.752357170657742" lon="113.73459376361686">
        <ele>3.2493832763284445</ele>
        <time>1970-01-01T00:09:40.600000Z</time>
        <extensions>
          <gpxtpx:TrackPointExtension>
            <gpxtpx:hr>138</gpxtpx:hr>
          </gpxtpx:TrackPointExtension>
        </extensions>
      </trkpt>
      <trkpt lat="22.752342486213898" lon="113.73457268126397">
        <ele>3.181609625928104</ele>
        <time>1970-01-01T00:09:41.600000Z</time>
        <extensions>
          <gpxtpx:TrackPointExtension>
            <gpxtpx:hr>138</gpxtpx:hr>
          </gpxtpx:TrackPointExtension>
        </extensions>
      </trkpt>
      <trkpt lat="22.752326568451192" lon="113.73455198566892">
        <ele>3.103812124580145</ele>
        <time>1970-01-01T00:09:42.600000Z</time>
        <extensions>
          <gpxtpx:TrackPointExtension>
            <gpxtpx:hr>138</gpxtpx:hr>
          </gpxtpx:TrackPointExtension>
        </extensions>
      </trkpt>
      <trkpt lat="22.752309408757398" lon="113.73453147353635">
        <ele>3.0160274943336844</ele>
        <time>1970-01-01T00:09:43.600000Z</time>
        <extensions>
          <gpxtpx:TrackPointExtension>
            <gpxtpx:hr>137</gpxtpx:hr>
          </gpxtpx:TrackPointExtension>
        </extensions>
      </trkpt>
      <trkpt lat="22.75229145128121" lon="113.73451161030255">
        <ele>2.9189841393381357</ele>
        <time>1970-01-01T00:09:44.600000Z</time>
        <extensions>
          <gpxtpx:TrackPointExtension>
            <gpxtpx:hr>137</gpxtpx:hr>
          </gpxtpx:TrackPointExtension>
        </extensions>
      </trkpt>
      <trkpt lat="22.752272765558676" lon="113.73449280967607">
        <ele>2.815096577629447</ele>
        <time>1970-01-01T00:09:45.600000Z</time>
        <extensions>
          <gpxtpx:TrackPointExtension>
            <gpxtpx:hr>137</gpxtpx:hr>
          </gpxtpx:TrackPointExtension>
        </extensions>
      </trkpt>
      <trkpt lat="22.75225303941409" lon="113.73447490555814">
        <ele>2.7096702372655272</ele>
        <time>1970-01-01T00:09:46.600000Z</time>
        <extensions>
          <gpxtpx:TrackPointExtension>
            <gpxtpx:hr>137</gpxtpx:hr>
          </gpxtpx:TrackPointExtension>
        </extensions>
      </trkpt>
      <trkpt lat="22.75223202219113" lon="113.7344578321425">
        <ele>2.6079630563035607</ele>
        <time>1970-01-01T00:09:47.600000Z</time>
        <extensions>
          <gpxtpx:TrackPointExtension>
            <gpxtpx:hr>137</gpxtpx:hr>
          </gpxtpx:TrackPointExtension>
        </extensions>
      </trkpt>
      <trkpt lat="22.752209468387697" lon="113.7344417839855">
        <ele>2.5134897949174047</ele>
        <time>1970-01-01T00:09:48.600000Z</time>
        <extensions>
          <gpxtpx:TrackPointExtension>
            <gpxtpx:hr>139</gpxtpx:hr>
          </gpxtpx:TrackPointExtension>
        </extensions>
      </trkpt>
      <trkpt lat="22.752185660496963" lon="113.734427582405">
        <ele>2.4273785185068846</ele>
        <time>1970-01-01T00:09:49.600000Z</time>
        <extensions>
          <gpxtpx:TrackPointExtension>
            <gpxtpx:hr>139</gpxtpx:hr>
          </gpxtpx:TrackPointExtension>
        </extensions>
      </trkpt>
      <trkpt lat="22.752160827040417" lon="113.73441586511454">
        <ele>2.348867742344737</ele>
        <time>1970-01-01T00:09:50.600000Z</time>
        <extensions>
          <gpxtpx:TrackPointExtension>
            <gpxtpx:hr>139</gpxtpx:hr>
          </gpxtpx:TrackPointExtension>
        </extensions>
      </trkpt>
      <trkpt lat="22.752135645347494" lon="113.7344065583802">
        <ele>2.277092134580016</ele>
        <time>1970-01-01T00:09:51.600000Z</time>
        <extensions>
          <gpxtpx:TrackPointExtension>
            <gpxtpx:hr>139</gpxtpx:hr>
          </gpxtpx:TrackPointExtension>
        </extensions>
      </trkpt>
      <trkpt lat="22.75211046009103" lon="113.73439868233376">
        <ele>2.2112323567271233</ele>
        <time>1970-01-01T00:09:52.600000Z</time>
        <extensions>
          <gpxtpx:TrackPointExtension>
            <gpxtpx:hr>139</gpxtpx:hr>
          </gpxtpx:TrackPointExtension>
        </extensions>
      </trkpt>
      <trkpt lat="22.75208588668303" lon="113.73439157628641">
        <ele>2.1512504117563367</ele>
        <time>1970-01-01T00:09:53.600000Z</time>
        <extensions>
          <gpxtpx:TrackPointExtension>
            <gpxtpx:hr>139</gpxtpx:hr>
          </gpxtpx:TrackPointExtension>
        </extensions>
      </trkpt>
      <trkpt lat="22.75206162250875" lon="113.73438544405546">
        <ele>2.0988849569112062</ele>
        <time>1970-01-01T00:09:54.600000Z</time>
        <extensions>
          <gpxtpx:TrackPointExtension>
            <gpxtpx:hr>139</gpxtpx:hr>
          </gpxtpx:TrackPointExtension>
        </extensions>
      </trkpt>
      <trkpt lat="22.752036571728656" lon="113.73438077388418">
        <ele>2.0579153327271342</ele>
        <time>1970-01-01T00:09:55.600000Z</time>
        <extensions>
          <gpxtpx:TrackPointExtension>
            <gpxtpx:hr>139</gpxtpx:hr>
          </gpxtpx:TrackPointExtension>
        </extensions>
      </trkpt>
      <trkpt lat="22.752010513636307" lon="113.7343775754239">
        <ele>2.029311589896679</ele>
        <time>1970-01-01T00:09:56.600000Z</time>
        <extensions>
          <gpxtpx:TrackPointExtension>
            <gpxtpx:hr>139</gpxtpx:hr>
          </gpxtpx:TrackPointExtension>
        </extensions>
      </trkpt>
      <trkpt lat="22.751983580378553" lon="113.73437517017479">
        <ele>2.0127805322408676</ele>
        <time>1970-01-01T00:09:57.600000Z</time>
        <extensions>
          <gpxtpx:TrackPointExtension>
            <gpxtpx:hr>139</gpxtpx:hr>
          </gpxtpx:TrackPointExtension>
        </extensions>
      </trkpt>
      <trkpt lat="22.751957045378383" lon="113.73437291567683">
        <ele>2.006191274151206</ele>
        <time>1970-01-01T00:09:58.600000Z</time>
        <extensions>
          <gpxtpx:TrackPointExtension>
            <gpxtpx:hr>139</gpxtpx:hr>
          </gpxtpx:TrackPointExtension>
        </extensions>
      </trkpt>
      <trkpt lat="22.75193167390252" lon="113.73437096443763">
        <ele>2.0086373845115304</ele>
        <time>1970-01-01T00:09:59.600000Z</time>
        <extensions>
          <gpxtpx:TrackPointExtension>
            <gpxtpx:hr>139</gpxtpx:hr>
          </gpxtpx:TrackPointExtension>
        </extensions>
      </trkpt>
      <trkpt lat="22.751906972086687" lon="113.7343699234219">
        <ele>2.0233732853084803</ele>
        <time>1970-01-01T00:10:00.600000Z</time>
        <extensions>
          <gpxtpx:TrackPointExtension>
            <gpxtpx:hr>139</gpxtpx:hr>
          </gpxtpx:TrackPointExtension>
        </extensions>
      </trkpt>
      <trkpt lat="22.751882183868346" lon="113.73436983329492">
        <ele>2.0545807871967554</ele>
        <time>1970-01-01T00:10:01.600000Z</time>
        <extensions>
          <gpxtpx:TrackPointExtension>
            <gpxtpx:hr>139</gpxtpx:hr>
          </gpxtpx:TrackPointExtension>
        </extensions>
      </trkpt>
      <trkpt lat="22.751857705967073" lon="113.73436984807347">
        <ele>2.107387996278703</ele>
        <time>1970-01-01T00:10:02.600000Z</time>
        <extensions>
          <gpxtpx:TrackPointExtension>
            <gpxtpx:hr>139</gpxtpx:hr>
          </gpxtpx:TrackPointExtension>
        </extensions>
      </trkpt>
      <trkpt lat="22.751833317015475" lon="113.73436888035161">
        <ele>2.1872383672744036</ele>
        <time>1970-01-01T00:10:03.600000Z</time>
        <extensions>
          <gpxtpx:TrackPointExtension>
            <gpxtpx:hr>139</gpxtpx:hr>
          </gpxtpx:TrackPointExtension>
        </extensions>
      </trkpt>
      <trkpt lat="22.75180846521818" lon="113.73436662125452">
        <ele>2.2958468506112695</ele>
        <time>1970-01-01T00:10:04.600000Z</time>
        <extensions>
          <gpxtpx:TrackPointExtension>
            <gpxtpx:hr>139</gpxtpx:hr>
          </gpxtpx:TrackPointExtension>
        </extensions>
      </trkpt>
      <trkpt lat="22.751783077540992" lon="113.73436302754362">
        <ele>2.4316250225529075</ele>
        <time>1970-01-01T00:10:05.600000Z</time>
        <extensions>
          <gpxtpx:TrackPointExtension>
            <gpxtpx:hr>139</gpxtpx:hr>
          </gpxtpx:TrackPointExtension>
        </extensions>
      </trkpt>
      <trkpt lat="22.751756951501786" lon="113.73435840629193">
        <ele>2.5867536375299096</ele>
        <time>1970-01-01T00:10:06.600000Z</time>
        <extensions>
          <gpxtpx:TrackPointExtension>
            <gpxtpx:hr>139</gpxtpx:hr>
          </gpxtpx:TrackPointExtension>
        </extensions>
      </trkpt>
      <trkpt lat="22.75173018883241" lon="113.73435369163087">
        <ele>2.752279022708535</ele>
        <time>1970-01-01T00:10:07.600000Z</time>
        <extensions>
          <gpxtpx:TrackPointExtension>
            <gpxtpx:hr>139</gpxtpx:hr>
          </gpxtpx:TrackPointExtension>
        </extensions>
      </trkpt>
      <trkpt lat="22.75170277749418" lon="113.73434994170556">
        <ele>2.921736146323383</ele>
        <time>1970-01-01T00:10:08.600000Z</time>
        <extensions>
          <gpxtpx:TrackPointExtension>
            <gpxtpx:hr>139</gpxtpx:hr>
          </gpxtpx:TrackPointExtension>
        </extensions>
      </trkpt>
      <trkpt lat="22.751675109720907" lon="113.73434782713764">
        <ele>3.0869452003389597</ele>
        <time>1970-01-01T00:10:09.600000Z</time>
        <extensions>
          <gpxtpx:TrackPointExtension>
            <gpxtpx:hr>139</gpxtpx:hr>
          </gpxtpx:TrackPointExtension>
        </extensions>
      </trkpt>
      <trkpt lat="22.751647289774024" lon="113.73434670594612">
        <ele>3.239869348704815</ele>
        <time>1970-01-01T00:10:10.600000Z</time>
        <extensions>
          <gpxtpx:TrackPointExtension>
            <gpxtpx:hr>140</gpxtpx:hr>
          </gpxtpx:TrackPointExtension>
        </extensions>
      </trkpt>
      <trkpt lat="22.751619893815686" lon="113.73434568576728">
        <ele>3.374446258880198</ele>
        <time>1970-01-01T00:10:11.600000Z</time>
        <extensions>
          <gpxtpx:TrackPointExtension>
            <gpxtpx:hr>140</gpxtpx:hr>
          </gpxtpx:TrackPointExtension>
        </extensions>
      </trkpt>
      <trkpt lat="22.751593265390515" lon="113.73434471147844">
        <ele>3.486317885108292</ele>
        <time>1970-01-01T00:10:12.600000Z</time>
        <extensions>
          <gpxtpx:TrackPointExtension>
            <gpxtpx:hr>140</gpxtpx:hr>
          </gpxtpx:TrackPointExtension>
        </extensions>
      </trkpt>
      <trkpt lat="22.751567365785256" lon="113.73434410461203">
        <ele>3.575037945061922</ele>
        <time>1970-01-01T00:10:13.600000Z</time>
        <extensions>
          <gpxtpx:TrackPointExtension>
            <gpxtpx:hr>140</gpxtpx:hr>
          </gpxtpx:TrackPointExtension>
        </extensions>
      </trkpt>
      <trkpt lat="22.751541728572537" lon="113.73434378742236">
        <ele>3.6401303270831704</ele>
        <time>1970-01-01T00:10:14.600000Z</time>
        <extensions>
          <gpxtpx:TrackPointExtension>
            <gpxtpx:hr>140</gpxtpx:hr>
          </gpxtpx:TrackPointExtension>
        </extensions>
      </trkpt>
      <trkpt lat="22.751515646765867" lon="113.73434313784969">
        <ele>3.6841140557080507</ele>
        <time>1970-01-01T00:10:15.600000Z</time>
        <extensions>
          <gpxtpx:TrackPointExtension>
            <gpxtpx:hr>140</gpxtpx:hr>
          </gpxtpx:TrackPointExtension>
        </extensions>
      </trkpt>
      <trkpt lat="22.75148961828338" lon="113.73434157824857">
        <ele>3.710497200489044</ele>
        <time>1970-01-01T00:10:16.600000Z</time>
        <extensions>
          <gpxtpx:TrackPointExtension>
            <gpxtpx:hr>140</gpxtpx:hr>
          </gpxtpx:TrackPointExtension>
        </extensions>
      </trkpt>
      <trkpt lat="22.751463878172718" lon="113.73433891957289">
        <ele>3.725990121252835</ele>
        <time>1970-01-01T00:10:17.600000Z</time>
        <extensions>
          <gpxtpx:TrackPointExtension>
            <gpxtpx:hr>140</gpxtpx:hr>
          </gpxtpx:TrackPointExtension>
        </extensions>
      </trkpt>
      <trkpt lat="22.751438340970395" lon="113.73433569355562">
        <ele>3.7368548391386867</ele>
        <time>1970-01-01T00:10:18.600000Z</time>
        <extensions>
          <gpxtpx:TrackPointExtension>
            <gpxtpx:hr>139</gpxtpx:hr>
          </gpxtpx:TrackPointExtension>
        </extensions>
      </trkpt>
      <trkpt lat="22.7514124484252" lon="113.73433215846293">
        <ele>3.7504078168421984</ele>
        <time>1970-01-01T00:10:19.600000Z</time>
        <extensions>
          <gpxtpx:TrackPointExtension>
            <gpxtpx:hr>139</gpxtpx:hr>
          </gpxtpx:TrackPointExtension>
        </extensions>
      </trkpt>
      <trkpt lat="22.751386290382445" lon="113.73432771473969">
        <ele>3.769121466204524</ele>
        <time>1970-01-01T00:10:20.600000Z</time>
        <extensions>
          <gpxtpx:TrackPointExtension>
            <gpxtpx:hr>139</gpxtpx:hr>
          </gpxtpx:TrackPointExtension>
        </extensions>
      </trkpt>
      <trkpt lat="22.75136021007608" lon="113.73432198943169">
        <ele>3.7932014167308807</ele>
        <time>1970-01-01T00:10:21.600000Z</time>
        <extensions>
          <gpxtpx:TrackPointExtension>
            <gpxtpx:hr>139</gpxtpx:hr>
          </gpxtpx:TrackPointExtension>
        </extensions>
      </trkpt>
      <trkpt lat="22.751334159870908" lon="113.73431589367765">
        <ele>3.8247529668733478</ele>
        <time>1970-01-01T00:10:22.600000Z</time>
        <extensions>
          <gpxtpx:TrackPointExtension>
            <gpxtpx:hr>139</gpxtpx:hr>
          </gpxtpx:TrackPointExtension>
        </extensions>
      </trkpt>
      <trkpt lat="22.751308034502568" lon="113.7343105223337">
        <ele>3.862281469628215</ele>
        <time>1970-01-01T00:10:23.600000Z</time>
        <extensions>
          <gpxtpx:TrackPointExtension>
            <gpxtpx:hr>139</gpxtpx:hr>
          </gpxtpx:TrackPointExtension>
        </extensions>
      </trkpt>
      <trkpt lat="22.751281382318464" lon="113.73430626737077">
        <ele>3.90473754145205</ele>
        <time>1970-01-01T00:10:24.600000Z</time>
        <extensions>
          <gpxtpx:TrackPointExtension>
            <gpxtpx:hr>139</gpxtpx:hr>
          </gpxtpx:TrackPointExtension>
        </extensions>
      </trkpt>
      <trkpt lat="22.751254364770574" lon="113.73430264315685">
        <ele>3.9539175145328045</ele>
        <time>1970-01-01T00:10:25.600000Z</time>
        <extensions>
          <gpxtpx:TrackPointExtension>
            <gpxtpx:hr>139</gpxtpx:hr>
          </gpxtpx:TrackPointExtension>
        </extensions>
      </trkpt>
      <trkpt lat="22.751226648464055" lon="113.73429841688757">
        <ele>4.0091754058375955</ele>
        <time>1970-01-01T00:10:26.600000Z</time>
        <extensions>
          <gpxtpx:TrackPointExtension>
            <gpxtpx:hr>138</gpxtpx:hr>
          </gpxtpx:TrackPointExtension>
        </extensions>
      </trkpt>
      <trkpt lat="22.751197988915205" lon="113.73429295550295">
        <ele>4.065719356760383</ele>
        <time>1970-01-01T00:10:27.600000Z</time>
        <extensions>
          <gpxtpx:TrackPointExtension>
            <gpxtpx:hr>138</gpxtpx:hr>
          </gpxtpx:TrackPointExtension>
        </extensions>
      </trkpt>
      <trkpt lat="22.751168327642738" lon="113.7342862521432">
        <ele>4.11876879259944</ele>
        <time>1970-01-01T00:10:28.600000Z</time>
        <extensions>
          <gpxtpx:TrackPointExtension>
            <gpxtpx:hr>138</gpxtpx:hr>
          </gpxtpx:TrackPointExtension>
        </extensions>
      </trkpt>
      <trkpt lat="22.751138470879052" lon="113.73427875046853">
        <ele>4.1597209414467216</ele>
        <time>1970-01-01T00:10:29.600000Z</time>
        <extensions>
          <gpxtpx:TrackPointExtension>
            <gpxtpx:hr>138</gpxtpx:hr>
          </gpxtpx:TrackPointExtension>
        </extensions>
      </trkpt>
      <trkpt lat="22.751109800436165" lon="113.73427067392629">
        <ele>4.186211647465825</ele>
        <time>1970-01-01T00:10:30.600000Z</time>
        <extensions>
          <gpxtpx:TrackPointExtension>
            <gpxtpx:hr>138</gpxtpx:hr>
          </gpxtpx:TrackPointExtension>
        </extensions>
      </trkpt>
      <trkpt lat="22.75108236045821" lon="113.73426175269256">
        <ele>4.194316415116191</ele>
        <time>1970-01-01T00:10:31.600000Z</time>
        <extensions>
          <gpxtpx:TrackPointExtension>
            <gpxtpx:hr>138</gpxtpx:hr>
          </gpxtpx:TrackPointExtension>
        </extensions>
      </trkpt>
      <trkpt lat="22.751055990101644" lon="113.73425201104224">
        <ele>4.175189405679703</ele>
        <time>1970-01-01T00:10:32.600000Z</time>
        <extensions>
          <gpxtpx:TrackPointExtension>
            <gpxtpx:hr>138</gpxtpx:hr>
          </gpxtpx:TrackPointExtension>
        </extensions>
      </trkpt>
      <trkpt lat="22.75102963573164" lon="113.73424132364019">
        <ele>4.123382396996021</ele>
        <time>1970-01-01T00:10:33.600000Z</time>
        <extensions>
          <gpxtpx:TrackPointExtension>
            <gpxtpx:hr>138</gpxtpx:hr>
          </gpxtpx:TrackPointExtension>
        </extensions>
      </trkpt>
      <trkpt lat="22.751003181486713" lon="113.73423030508883">
        <ele>4.03407786320895</ele>
        <time>1970-01-01T00:10:34.600000Z</time>
        <extensions>
          <gpxtpx:TrackPointExtension>
            <gpxtpx:hr>138</gpxtpx:hr>
          </gpxtpx:TrackPointExtension>
        </extensions>
      </trkpt>
      <trkpt lat="22.75097729402892" lon="113.73421974444017">
        <ele>3.902906780131161</ele>
        <time>1970-01-01T00:10:35.600000Z</time>
        <extensions>
          <gpxtpx:TrackPointExtension>
            <gpxtpx:hr>138</gpxtpx:hr>
          </gpxtpx:TrackPointExtension>
        </extensions>
      </trkpt>
      <trkpt lat="22.750952363024563" lon="113.73420981347941">
        <ele>3.728733355179429</ele>
        <time>1970-01-01T00:10:36.600000Z</time>
        <extensions>
          <gpxtpx:TrackPointExtension>
            <gpxtpx:hr>138</gpxtpx:hr>
          </gpxtpx:TrackPointExtension>
        </extensions>
      </trkpt>
      <trkpt lat="22.750928728569747" lon="113.7342002664299">
        <ele>3.5134609723463655</ele>
        <time>1970-01-01T00:10:37.600000Z</time>
        <extensions>
          <gpxtpx:TrackPointExtension>
            <gpxtpx:hr>138</gpxtpx:hr>
          </gpxtpx:TrackPointExtension>
        </extensions>
      </trkpt>
      <trkpt lat="22.750905112353895" lon="113.7341905431983">
        <ele>3.2662075785920024</ele>
        <time>1970-01-01T00:10:38.600000Z</time>
        <extensions>
          <gpxtpx:TrackPointExtension>
            <gpxtpx:hr>138</gpxtpx:hr>
          </gpxtpx:TrackPointExtension>
        </extensions>
      </trkpt>
      <trkpt lat="22.750880786254967" lon="113.73418060129622">
        <ele>3.0006466740742326</ele>
        <time>1970-01-01T00:10:39.600000Z</time>
        <extensions>
          <gpxtpx:TrackPointExtension>
            <gpxtpx:hr>138</gpxtpx:hr>
          </gpxtpx:TrackPointExtension>
        </extensions>
      </trkpt>
      <trkpt lat="22.75085547830418" lon="113.73417016045983">
        <ele>2.729668026790023</ele>
        <time>1970-01-01T00:10:40.600000Z</time>
        <extensions>
          <gpxtpx:TrackPointExtension>
            <gpxtpx:hr>138</gpxtpx:hr>
          </gpxtpx:TrackPointExtension>
        </extensions>
      </trkpt>
      <trkpt lat="22.750830161518355" lon="113.73415849155958">
        <ele>2.4679778534919024</ele>
        <time>1970-01-01T00:10:41.600000Z</time>
        <extensions>
          <gpxtpx:TrackPointExtension>
            <gpxtpx:hr>139</gpxtpx:hr>
          </gpxtpx:TrackPointExtension>
        </extensions>
      </trkpt>
      <trkpt lat="22.75080594756706" lon="113.73414465529326">
        <ele>2.229944691993296</ele>
        <time>1970-01-01T00:10:42.600000Z</time>
        <extensions>
          <gpxtpx:TrackPointExtension>
            <gpxtpx:hr>139</gpxtpx:hr>
          </gpxtpx:TrackPointExtension>
        </extensions>
      </trkpt>
      <trkpt lat="22.7507824450466" lon="113.73412880036864">
        <ele>2.0292335711419582</ele>
        <time>1970-01-01T00:10:43.600000Z</time>
        <extensions>
          <gpxtpx:TrackPointExtension>
            <gpxtpx:hr>139</gpxtpx:hr>
          </gpxtpx:TrackPointExtension>
        </extensions>
      </trkpt>
      <trkpt lat="22.750759157085845" lon="113.73411203057954">
        <ele>1.8761471593752503</ele>
        <time>1970-01-01T00:10:44.600000Z</time>
        <extensions>
          <gpxtpx:TrackPointExtension>
            <gpxtpx:hr>139</gpxtpx:hr>
          </gpxtpx:TrackPointExtension>
        </extensions>
      </trkpt>
      <trkpt lat="22.75073598505788" lon="113.7340948731014">
        <ele>1.7776307621970773</ele>
        <time>1970-01-01T00:10:45.600000Z</time>
        <extensions>
          <gpxtpx:TrackPointExtension>
            <gpxtpx:hr>139</gpxtpx:hr>
          </gpxtpx:TrackPointExtension>
        </extensions>
      </trkpt>
      <trkpt lat="22.750713606178422" lon="113.73407716882095">
        <ele>1.7339103845879436</ele>
        <time>1970-01-01T00:10:46.600000Z</time>
        <extensions>
          <gpxtpx:TrackPointExtension>
            <gpxtpx:hr>139</gpxtpx:hr>
          </gpxtpx:TrackPointExtension>
        </extensions>
      </trkpt>
      <trkpt lat="22.750691991793" lon="113.73405840527131">
        <ele>1.74387614056468</ele>
        <time>1970-01-01T00:10:47.600000Z</time>
        <extensions>
          <gpxtpx:TrackPointExtension>
            <gpxtpx:hr>140</gpxtpx:hr>
          </gpxtpx:TrackPointExtension>
        </extensions>
      </trkpt>
      <trkpt lat="22.750671288042525" lon="113.73403865448923">
        <ele>1.8046803595498204</ele>
        <time>1970-01-01T00:10:48.600000Z</time>
        <extensions>
          <gpxtpx:TrackPointExtension>
            <gpxtpx:hr>140</gpxtpx:hr>
          </gpxtpx:TrackPointExtension>
        </extensions>
      </trkpt>
      <trkpt lat="22.750651571365434" lon="113.73401817755864">
        <ele>1.9088222831487656</ele>
        <time>1970-01-01T00:10:49.600000Z</time>
        <extensions>
          <gpxtpx:TrackPointExtension>
            <gpxtpx:hr>140</gpxtpx:hr>
          </gpxtpx:TrackPointExtension>
        </extensions>
      </trkpt>
      <trkpt lat="22.750633077522586" lon="113.73399665912791">
        <ele>2.0489224633201957</ele>
        <time>1970-01-01T00:10:50.600000Z</time>
        <extensions>
          <gpxtpx:TrackPointExtension>
            <gpxtpx:hr>140</gpxtpx:hr>
          </gpxtpx:TrackPointExtension>
        </extensions>
      </trkpt>
      <trkpt lat="22.75061630396019" lon="113.73397363512473">
        <ele>2.2179922237992287</ele>
        <time>1970-01-01T00:10:51.600000Z</time>
        <extensions>
          <gpxtpx:TrackPointExtension>
            <gpxtpx:hr>140</gpxtpx:hr>
          </gpxtpx:TrackPointExtension>
        </extensions>
      </trkpt>
      <trkpt lat="22.750600881264035" lon="113.7339489645571">
        <ele>2.408993919380009</ele>
        <time>1970-01-01T00:10:52.600000Z</time>
        <extensions>
          <gpxtpx:TrackPointExtension>
            <gpxtpx:hr>141</gpxtpx:hr>
          </gpxtpx:TrackPointExtension>
        </extensions>
      </trkpt>
      <trkpt lat="22.750586571066055" lon="113.73392302181031">
        <ele>2.616311823017895</ele>
        <time>1970-01-01T00:10:53.600000Z</time>
        <extensions>
          <gpxtpx:TrackPointExtension>
            <gpxtpx:hr>141</gpxtpx:hr>
          </gpxtpx:TrackPointExtension>
        </extensions>
      </trkpt>
      <trkpt lat="22.75057261266473" lon="113.73389640529437">
        <ele>2.830292952246964</ele>
        <time>1970-01-01T00:10:54.600000Z</time>
        <extensions>
          <gpxtpx:TrackPointExtension>
            <gpxtpx:hr>141</gpxtpx:hr>
          </gpxtpx:TrackPointExtension>
        </extensions>
      </trkpt>
      <trkpt lat="22.75055927775162" lon="113.73386957350897">
        <ele>3.0370639683678746</ele>
        <time>1970-01-01T00:10:55.600000Z</time>
        <extensions>
          <gpxtpx:TrackPointExtension>
            <gpxtpx:hr>141</gpxtpx:hr>
          </gpxtpx:TrackPointExtension>
        </extensions>
      </trkpt>
      <trkpt lat="22.750546890721047" lon="113.73384238474509">
        <ele>3.223507416434586</ele>
        <time>1970-01-01T00:10:56.600000Z</time>
        <extensions>
          <gpxtpx:TrackPointExtension>
            <gpxtpx:hr>141</gpxtpx:hr>
          </gpxtpx:TrackPointExtension>
        </extensions>
      </trkpt>
      <trkpt lat="22.750535302559577" lon="113.73381474563207">
        <ele>3.382140531204641</ele>
        <time>1970-01-01T00:10:57.600000Z</time>
        <extensions>
          <gpxtpx:TrackPointExtension>
            <gpxtpx:hr>143</gpxtpx:hr>
          </gpxtpx:TrackPointExtension>
        </extensions>
      </trkpt>
      <trkpt lat="22.750524511013918" lon="113.73378712750755">
        <ele>3.507965170778334</ele>
        <time>1970-01-01T00:10:58.600000Z</time>
        <extensions>
          <gpxtpx:TrackPointExtension>
            <gpxtpx:hr>143</gpxtpx:hr>
          </gpxtpx:TrackPointExtension>
        </extensions>
      </trkpt>
      <trkpt lat="22.750514116363632" lon="113.73375984030467">
        <ele>3.596033278852701</ele>
        <time>1970-01-01T00:10:59.600000Z</time>
        <extensions>
          <gpxtpx:TrackPointExtension>
            <gpxtpx:hr>143</gpxtpx:hr>
          </gpxtpx:TrackPointExtension>
        </extensions>
      </trkpt>
      <trkpt lat="22.75050383193702" lon="113.73373246658983">
        <ele>3.644679128192365</ele>
        <time>1970-01-01T00:11:00.600000Z</time>
        <extensions>
          <gpxtpx:TrackPointExtension>
            <gpxtpx:hr>143</gpxtpx:hr>
          </gpxtpx:TrackPointExtension>
        </extensions>
      </trkpt>
      <trkpt lat="22.75049376317763" lon="113.73370422565826">
        <ele>3.6559847174212337</ele>
        <time>1970-01-01T00:11:01.600000Z</time>
        <extensions>
          <gpxtpx:TrackPointExtension>
            <gpxtpx:hr>143</gpxtpx:hr>
          </gpxtpx:TrackPointExtension>
        </extensions>
      </trkpt>
      <trkpt lat="22.75048481421182" lon="113.7336751446532">
        <ele>3.631481433287263</ele>
        <time>1970-01-01T00:11:02.600000Z</time>
        <extensions>
          <gpxtpx:TrackPointExtension>
            <gpxtpx:hr>143</gpxtpx:hr>
          </gpxtpx:TrackPointExtension>
        </extensions>
      </trkpt>
      <trkpt lat="22.750476930152505" lon="113.73364616832495">
        <ele>3.573618344962597</ele>
        <time>1970-01-01T00:11:03.600000Z</time>
        <extensions>
          <gpxtpx:TrackPointExtension>
            <gpxtpx:hr>143</gpxtpx:hr>
          </gpxtpx:TrackPointExtension>
        </extensions>
      </trkpt>
      <trkpt lat="22.750469395687567" lon="113.7336173326732">
        <ele>3.4902179781347513</ele>
        <time>1970-01-01T00:11:04.600000Z</time>
        <extensions>
          <gpxtpx:TrackPointExtension>
            <gpxtpx:hr>140</gpxtpx:hr>
          </gpxtpx:TrackPointExtension>
        </extensions>
      </trkpt>
      <trkpt lat="22.75046120621501" lon="113.73358808923194">
        <ele>3.390791855752468</ele>
        <time>1970-01-01T00:11:05.600000Z</time>
        <extensions>
          <gpxtpx:TrackPointExtension>
            <gpxtpx:hr>140</gpxtpx:hr>
          </gpxtpx:TrackPointExtension>
        </extensions>
      </trkpt>
      <trkpt lat="22.75045255001494" lon="113.7335588334705">
        <ele>3.286119499243796</ele>
        <time>1970-01-01T00:11:06.600000Z</time>
        <extensions>
          <gpxtpx:TrackPointExtension>
            <gpxtpx:hr>140</gpxtpx:hr>
          </gpxtpx:TrackPointExtension>
        </extensions>
      </trkpt>
      <trkpt lat="22.75044427673046" lon="113.73353006034816">
        <ele>3.186387438327074</ele>
        <time>1970-01-01T00:11:07.600000Z</time>
        <extensions>
          <gpxtpx:TrackPointExtension>
            <gpxtpx:hr>140</gpxtpx:hr>
          </gpxtpx:TrackPointExtension>
        </extensions>
      </trkpt>
      <trkpt lat="22.75043664123134" lon="113.73350216960667">
        <ele>3.096359352581203</ele>
        <time>1970-01-01T00:11:08.600000Z</time>
        <extensions>
          <gpxtpx:TrackPointExtension>
            <gpxtpx:hr>140</gpxtpx:hr>
          </gpxtpx:TrackPointExtension>
        </extensions>
      </trkpt>
      <trkpt lat="22.750429819209756" lon="113.73347492779642">
        <ele>3.0194975957274437</ele>
        <time>1970-01-01T00:11:09.600000Z</time>
        <extensions>
          <gpxtpx:TrackPointExtension>
            <gpxtpx:hr>140</gpxtpx:hr>
          </gpxtpx:TrackPointExtension>
        </extensions>
      </trkpt>
      <trkpt lat="22.75042330369297" lon="113.7334475862874">
        <ele>2.9604099383577704</ele>
        <time>1970-01-01T00:11:10.600000Z</time>
        <extensions>
          <gpxtpx:TrackPointExtension>
            <gpxtpx:hr>140</gpxtpx:hr>
          </gpxtpx:TrackPointExtension>
        </extensions>
      </trkpt>
      <trkpt lat="22.75041677456503" lon="113.7334199610433">
        <ele>2.9208164820447564</ele>
        <time>1970-01-01T00:11:11.600000Z</time>
        <extensions>
          <gpxtpx:TrackPointExtension>
            <gpxtpx:hr>139</gpxtpx:hr>
          </gpxtpx:TrackPointExtension>
        </extensions>
      </trkpt>
      <trkpt lat="22.750409600268934" lon="113.73339192841293">
        <ele>2.8999548070132732</ele>
        <time>1970-01-01T00:11:12.600000Z</time>
        <extensions>
          <gpxtpx:TrackPointExtension>
            <gpxtpx:hr>139</gpxtpx:hr>
          </gpxtpx:TrackPointExtension>
        </extensions>
      </trkpt>
      <trkpt lat="22.750401560398117" lon="113.73336353696854">
        <ele>2.8971709506586194</ele>
        <time>1970-01-01T00:11:13.600000Z</time>
        <extensions>
          <gpxtpx:TrackPointExtension>
            <gpxtpx:hr>139</gpxtpx:hr>
          </gpxtpx:TrackPointExtension>
        </extensions>
      </trkpt>
      <trkpt lat="22.750393191435855" lon="113.73333450877136">
        <ele>2.912038932554424</ele>
        <time>1970-01-01T00:11:14.600000Z</time>
        <extensions>
          <gpxtpx:TrackPointExtension>
            <gpxtpx:hr>139</gpxtpx:hr>
          </gpxtpx:TrackPointExtension>
        </extensions>
      </trkpt>
      <trkpt lat="22.750385192772786" lon="113.73330481479412">
        <ele>2.943743505515158</ele>
        <time>1970-01-01T00:11:15.600000Z</time>
        <extensions>
          <gpxtpx:TrackPointExtension>
            <gpxtpx:hr>139</gpxtpx:hr>
          </gpxtpx:TrackPointExtension>
        </extensions>
      </trkpt>
      <trkpt lat="22.750377994623264" lon="113.73327585510661">
        <ele>2.9894522801041603</ele>
        <time>1970-01-01T00:11:16.600000Z</time>
        <extensions>
          <gpxtpx:TrackPointExtension>
            <gpxtpx:hr>139</gpxtpx:hr>
          </gpxtpx:TrackPointExtension>
        </extensions>
      </trkpt>
      <trkpt lat="22.750370832435756" lon="113.73324842452251">
        <ele>3.0482752854004502</ele>
        <time>1970-01-01T00:11:17.600000Z</time>
        <extensions>
          <gpxtpx:TrackPointExtension>
            <gpxtpx:hr>139</gpxtpx:hr>
          </gpxtpx:TrackPointExtension>
        </extensions>
      </trkpt>
      <trkpt lat="22.75036316618308" lon="113.7332211709571">
        <ele>3.1187314949929714</ele>
        <time>1970-01-01T00:11:18.600000Z</time>
        <extensions>
          <gpxtpx:TrackPointExtension>
            <gpxtpx:hr>141</gpxtpx:hr>
          </gpxtpx:TrackPointExtension>
        </extensions>
      </trkpt>
      <trkpt lat="22.750355015445255" lon="113.73319248738567">
        <ele>3.198952965438366</ele>
        <time>1970-01-01T00:11:19.600000Z</time>
        <extensions>
          <gpxtpx:TrackPointExtension>
            <gpxtpx:hr>141</gpxtpx:hr>
          </gpxtpx:TrackPointExtension>
        </extensions>
      </trkpt>
      <trkpt lat="22.750346874251555" lon="113.73316255452849">
        <ele>3.283820510841906</ele>
        <time>1970-01-01T00:11:20.600000Z</time>
        <extensions>
          <gpxtpx:TrackPointExtension>
            <gpxtpx:hr>141</gpxtpx:hr>
          </gpxtpx:TrackPointExtension>
        </extensions>
      </trkpt>
      <trkpt lat="22.750339014135378" lon="113.73313278361495">
        <ele>3.3685172591358423</ele>
        <time>1970-01-01T00:11:21.600000Z</time>
        <extensions>
          <gpxtpx:TrackPointExtension>
            <gpxtpx:hr>141</gpxtpx:hr>
          </gpxtpx:TrackPointExtension>
        </extensions>
      </trkpt>
      <trkpt lat="22.750330833856456" lon="113.73310393297352">
        <ele>3.454605453647673</ele>
        <time>1970-01-01T00:11:22.600000Z</time>
        <extensions>
          <gpxtpx:TrackPointExtension>
            <gpxtpx:hr>141</gpxtpx:hr>
          </gpxtpx:TrackPointExtension>
        </extensions>
      </trkpt>
      <trkpt lat="22.750322339783636" lon="113.73307628325922">
        <ele>3.5451807556673884</ele>
        <time>1970-01-01T00:11:23.600000Z</time>
        <extensions>
          <gpxtpx:TrackPointExtension>
            <gpxtpx:hr>141</gpxtpx:hr>
          </gpxtpx:TrackPointExtension>
        </extensions>
      </trkpt>
      <trkpt lat="22.750313692274577" lon="113.73304995227768">
        <ele>3.6422927835956216</ele>
        <time>1970-01-01T00:11:24.600000Z</time>
        <extensions>
          <gpxtpx:TrackPointExtension>
            <gpxtpx:hr>141</gpxtpx:hr>
          </gpxtpx:TrackPointExtension>
        </extensions>
      </trkpt>
      <trkpt lat="22.750304782596157" lon="113.73302394110185">
        <ele>3.751331238076091</ele>
        <time>1970-01-01T00:11:25.600000Z</time>
        <extensions>
          <gpxtpx:TrackPointExtension>
            <gpxtpx:hr>141</gpxtpx:hr>
          </gpxtpx:TrackPointExtension>
        </extensions>
      </trkpt>
      <trkpt lat="22.750295967455095" lon="113.73299781957051">
        <ele>3.873201168142259</ele>
        <time>1970-01-01T00:11:26.600000Z</time>
        <extensions>
          <gpxtpx:TrackPointExtension>
            <gpxtpx:hr>141</gpxtpx:hr>
          </gpxtpx:TrackPointExtension>
        </extensions>
      </trkpt>
      <trkpt lat="22.75028756882881" lon="113.73297242999575">
        <ele>4.004395877942443</ele>
        <time>1970-01-01T00:11:27.600000Z</time>
        <extensions>
          <gpxtpx:TrackPointExtension>
            <gpxtpx:hr>139</gpxtpx:hr>
          </gpxtpx:TrackPointExtension>
        </extensions>
      </trkpt>
      <trkpt lat="22.7502796397365" lon="113.73294809873794">
        <ele>4.13917422387749</ele>
        <time>1970-01-01T00:11:28.600000Z</time>
        <extensions>
          <gpxtpx:TrackPointExtension>
            <gpxtpx:hr>139</gpxtpx:hr>
          </gpxtpx:TrackPointExtension>
        </extensions>
      </trkpt>
      <trkpt lat="22.75027168427998" lon="113.73292362050746">
        <ele>4.267301116138697</ele>
        <time>1970-01-01T00:11:29.600000Z</time>
        <extensions>
          <gpxtpx:TrackPointExtension>
            <gpxtpx:hr>139</gpxtpx:hr>
          </gpxtpx:TrackPointExtension>
        </extensions>
      </trkpt>
      <trkpt lat="22.750263070223586" lon="113.73289849436418">
        <ele>4.383738701231778</ele>
        <time>1970-01-01T00:11:30.600000Z</time>
        <extensions>
          <gpxtpx:TrackPointExtension>
            <gpxtpx:hr>139</gpxtpx:hr>
          </gpxtpx:TrackPointExtension>
        </extensions>
      </trkpt>
      <trkpt lat="22.75025339577922" lon="113.7328732734091">
        <ele>4.486124058254063</ele>
        <time>1970-01-01T00:11:31.600000Z</time>
        <extensions>
          <gpxtpx:TrackPointExtension>
            <gpxtpx:hr>141</gpxtpx:hr>
          </gpxtpx:TrackPointExtension>
        </extensions>
      </trkpt>
      <trkpt lat="22.75024198804527" lon="113.73284837397131">
        <ele>4.573653608560562</ele>
        <time>1970-01-01T00:11:32.600000Z</time>
        <extensions>
          <gpxtpx:TrackPointExtension>
            <gpxtpx:hr>141</gpxtpx:hr>
          </gpxtpx:TrackPointExtension>
        </extensions>
      </trkpt>
      <trkpt lat="22.75023000056955" lon="113.73282373019495">
        <ele>4.646224793046713</ele>
        <time>1970-01-01T00:11:33.600000Z</time>
        <extensions>
          <gpxtpx:TrackPointExtension>
            <gpxtpx:hr>141</gpxtpx:hr>
          </gpxtpx:TrackPointExtension>
        </extensions>
      </trkpt>
      <trkpt lat="22.750218823691153" lon="113.73279887756411">
        <ele>4.704226625151932</ele>
        <time>1970-01-01T00:11:34.600000Z</time>
        <extensions>
          <gpxtpx:TrackPointExtension>
            <gpxtpx:hr>141</gpxtpx:hr>
          </gpxtpx:TrackPointExtension>
        </extensions>
      </trkpt>
      <trkpt lat="22.75020826737834" lon="113.73277343594452">
        <ele>4.746223493479192</ele>
        <time>1970-01-01T00:11:35.600000Z</time>
        <extensions>
          <gpxtpx:TrackPointExtension>
            <gpxtpx:hr>141</gpxtpx:hr>
          </gpxtpx:TrackPointExtension>
        </extensions>
      </trkpt>
      <trkpt lat="22.750198345283636" lon="113.73274696346924">
        <ele>4.766880745999515</ele>
        <time>1970-01-01T00:11:36.600000Z</time>
        <extensions>
          <gpxtpx:TrackPointExtension>
            <gpxtpx:hr>141</gpxtpx:hr>
          </gpxtpx:TrackPointExtension>
        </extensions>
      </trkpt>
      <trkpt lat="22.750189436740698" lon="113.73271930151405">
        <ele>4.760661855340004</ele>
        <time>1970-01-01T00:11:37.600000Z</time>
        <extensions>
          <gpxtpx:TrackPointExtension>
            <gpxtpx:hr>141</gpxtpx:hr>
          </gpxtpx:TrackPointExtension>
        </extensions>
      </trkpt>
      <trkpt lat="22.750181619550286" lon="113.73269090463735">
        <ele>4.723864603787661</ele>
        <time>1970-01-01T00:11:38.600000Z</time>
        <extensions>
          <gpxtpx:TrackPointExtension>
            <gpxtpx:hr>140</gpxtpx:hr>
          </gpxtpx:TrackPointExtension>
        </extensions>
      </trkpt>
      <trkpt lat="22.750174208945875" lon="113.73266184416961">
        <ele>4.656916334293783</ele>
        <time>1970-01-01T00:11:39.600000Z</time>
        <extensions>
          <gpxtpx:TrackPointExtension>
            <gpxtpx:hr>140</gpxtpx:hr>
          </gpxtpx:TrackPointExtension>
        </extensions>
      </trkpt>
      <trkpt lat="22.750167063201538" lon="113.73263278723194">
        <ele>4.561684196814895</ele>
        <time>1970-01-01T00:11:40.600000Z</time>
        <extensions>
          <gpxtpx:TrackPointExtension>
            <gpxtpx:hr>140</gpxtpx:hr>
          </gpxtpx:TrackPointExtension>
        </extensions>
      </trkpt>
      <trkpt lat="22.750160776840143" lon="113.73260426156146">
        <ele>4.441463192924857</ele>
        <time>1970-01-01T00:11:41.600000Z</time>
        <extensions>
          <gpxtpx:TrackPointExtension>
            <gpxtpx:hr>140</gpxtpx:hr>
          </gpxtpx:TrackPointExtension>
        </extensions>
      </trkpt>
      <trkpt lat="22.75015618436999" lon="113.73257559987216">
        <ele>4.303474341519177</ele>
        <time>1970-01-01T00:11:42.600000Z</time>
        <extensions>
          <gpxtpx:TrackPointExtension>
            <gpxtpx:hr>140</gpxtpx:hr>
          </gpxtpx:TrackPointExtension>
        </extensions>
      </trkpt>
      <trkpt lat="22.750154226966384" lon="113.73254619892161">
        <ele>4.156257811933756</ele>
        <time>1970-01-01T00:11:43.600000Z</time>
        <extensions>
          <gpxtpx:TrackPointExtension>
            <gpxtpx:hr>140</gpxtpx:hr>
          </gpxtpx:TrackPointExtension>
        </extensions>
      </trkpt>
      <trkpt lat="22.75015592851015" lon="113.73251613450999">
        <ele>4.009648095816374</ele>
        <time>1970-01-01T00:11:44.600000Z</time>
        <extensions>
          <gpxtpx:TrackPointExtension>
            <gpxtpx:hr>140</gpxtpx:hr>
          </gpxtpx:TrackPointExtension>
        </extensions>
      </trkpt>
      <trkpt lat="22.750163032770576" lon="113.73248730915662">
        <ele>3.870062954723835</ele>
        <time>1970-01-01T00:11:45.600000Z</time>
        <extensions>
          <gpxtpx:TrackPointExtension>
            <gpxtpx:hr>140</gpxtpx:hr>
          </gpxtpx:TrackPointExtension>
        </extensions>
      </trkpt>
      <trkpt lat="22.75017668196769" lon="113.73246180544194">
        <ele>3.7445530956611037</ele>
        <time>1970-01-01T00:11:46.600000Z</time>
        <extensions>
          <gpxtpx:TrackPointExtension>
            <gpxtpx:hr>140</gpxtpx:hr>
          </gpxtpx:TrackPointExtension>
        </extensions>
      </trkpt>
      <trkpt lat="22.75019604383703" lon="113.73244138581792">
        <ele>3.637154569849372</ele>
        <time>1970-01-01T00:11:47.600000Z</time>
        <extensions>
          <gpxtpx:TrackPointExtension>
            <gpxtpx:hr>141</gpxtpx:hr>
          </gpxtpx:TrackPointExtension>
        </extensions>
      </trkpt>
      <trkpt lat="22.750219814909922" lon="113.73242664299374">
        <ele>3.547347410582006</ele>
        <time>1970-01-01T00:11:48.600000Z</time>
        <extensions>
          <gpxtpx:TrackPointExtension>
            <gpxtpx:hr>141</gpxtpx:hr>
          </gpxtpx:TrackPointExtension>
        </extensions>
      </trkpt>
      <trkpt lat="22.75024676199337" lon="113.732417611048">
        <ele>3.4735155003145337</ele>
        <time>1970-01-01T00:11:49.600000Z</time>
        <extensions>
          <gpxtpx:TrackPointExtension>
            <gpxtpx:hr>141</gpxtpx:hr>
          </gpxtpx:TrackPointExtension>
        </extensions>
      </trkpt>
      <trkpt lat="22.75027575046127" lon="113.73241451388974">
        <ele>3.4127391995862126</ele>
        <time>1970-01-01T00:11:50.600000Z</time>
        <extensions>
          <gpxtpx:TrackPointExtension>
            <gpxtpx:hr>141</gpxtpx:hr>
          </gpxtpx:TrackPointExtension>
        </extensions>
      </trkpt>
      <trkpt lat="22.750304884518254" lon="113.7324172437758">
        <ele>3.362032546661794</ele>
        <time>1970-01-01T00:11:51.600000Z</time>
        <extensions>
          <gpxtpx:TrackPointExtension>
            <gpxtpx:hr>141</gpxtpx:hr>
          </gpxtpx:TrackPointExtension>
        </extensions>
      </trkpt>
      <trkpt lat="22.750332875333072" lon="113.73242547760155">
        <ele>3.3182481713593006</ele>
        <time>1970-01-01T00:11:52.600000Z</time>
        <extensions>
          <gpxtpx:TrackPointExtension>
            <gpxtpx:hr>141</gpxtpx:hr>
          </gpxtpx:TrackPointExtension>
        </extensions>
      </trkpt>
      <trkpt lat="22.750359370026796" lon="113.73243804079092">
        <ele>3.2777301985770464</ele>
        <time>1970-01-01T00:11:53.600000Z</time>
        <extensions>
          <gpxtpx:TrackPointExtension>
            <gpxtpx:hr>141</gpxtpx:hr>
          </gpxtpx:TrackPointExtension>
        </extensions>
      </trkpt>
      <trkpt lat="22.750384080342705" lon="113.73245352535002">
        <ele>3.240482736378908</ele>
        <time>1970-01-01T00:11:54.600000Z</time>
        <extensions>
          <gpxtpx:TrackPointExtension>
            <gpxtpx:hr>140</gpxtpx:hr>
          </gpxtpx:TrackPointExtension>
        </extensions>
      </trkpt>
      <trkpt lat="22.750407298583493" lon="113.73247018560828">
        <ele>3.2059468887746334</ele>
        <time>1970-01-01T00:11:55.600000Z</time>
        <extensions>
          <gpxtpx:TrackPointExtension>
            <gpxtpx:hr>140</gpxtpx:hr>
          </gpxtpx:TrackPointExtension>
        </extensions>
      </trkpt>
      <trkpt lat="22.750429204817802" lon="113.73248664382466">
        <ele>3.173923309892416</ele>
        <time>1970-01-01T00:11:56.600000Z</time>
        <extensions>
          <gpxtpx:TrackPointExtension>
            <gpxtpx:hr>140</gpxtpx:hr>
          </gpxtpx:TrackPointExtension>
        </extensions>
      </trkpt>
      <trkpt lat="22.75045040011133" lon="113.7325026649517">
        <ele>3.1445789597928524</ele>
        <time>1970-01-01T00:11:57.600000Z</time>
        <extensions>
          <gpxtpx:TrackPointExtension>
            <gpxtpx:hr>140</gpxtpx:hr>
          </gpxtpx:TrackPointExtension>
        </extensions>
      </trkpt>
      <trkpt lat="22.75047130605671" lon="113.73251821844522">
        <ele>3.118692840449512</ele>
        <time>1970-01-01T00:11:58.600000Z</time>
        <extensions>
          <gpxtpx:TrackPointExtension>
            <gpxtpx:hr>140</gpxtpx:hr>
          </gpxtpx:TrackPointExtension>
        </extensions>
      </trkpt>
      <trkpt lat="22.750492342920378" lon="113.73253331637011">
        <ele>3.100338545627892</ele>
        <time>1970-01-01T00:11:59.600000Z</time>
        <extensions>
          <gpxtpx:TrackPointExtension>
            <gpxtpx:hr>140</gpxtpx:hr>
          </gpxtpx:TrackPointExtension>
        </extensions>
      </trkpt>
      <trkpt lat="22.75051307898399" lon="113.73254804818609">
        <ele>3.0904532074928284</ele>
        <time>1970-01-01T00:12:00.600000Z</time>
        <extensions>
          <gpxtpx:TrackPointExtension>
            <gpxtpx:hr>139</gpxtpx:hr>
          </gpxtpx:TrackPointExtension>
        </extensions>
      </trkpt>
      <trkpt lat="22.75053333304881" lon="113.73256298681733">
        <ele>3.084577914327383</ele>
        <time>1970-01-01T00:12:01.600000Z</time>
        <extensions>
          <gpxtpx:TrackPointExtension>
            <gpxtpx:hr>139</gpxtpx:hr>
          </gpxtpx:TrackPointExtension>
        </extensions>
      </trkpt>
      <trkpt lat="22.750553688760174" lon="113.7325778946594">
        <ele>3.076510285027325</ele>
        <time>1970-01-01T00:12:02.600000Z</time>
        <extensions>
          <gpxtpx:TrackPointExtension>
            <gpxtpx:hr>139</gpxtpx:hr>
          </gpxtpx:TrackPointExtension>
        </extensions>
      </trkpt>
      <trkpt lat="22.750573916856958" lon="113.73259231463537">
        <ele>3.0634397827088833</ele>
        <time>1970-01-01T00:12:03.600000Z</time>
        <extensions>
          <gpxtpx:TrackPointExtension>
            <gpxtpx:hr>139</gpxtpx:hr>
          </gpxtpx:TrackPointExtension>
        </extensions>
      </trkpt>
      <trkpt lat="22.750593661431903" lon="113.7326067806153">
        <ele>3.04299081210047</ele>
        <time>1970-01-01T00:12:04.600000Z</time>
        <extensions>
          <gpxtpx:TrackPointExtension>
            <gpxtpx:hr>139</gpxtpx:hr>
          </gpxtpx:TrackPointExtension>
        </extensions>
      </trkpt>
      <trkpt lat="22.750613036914938" lon="113.73262193896463">
        <ele>3.012133822776377</ele>
        <time>1970-01-01T00:12:05.600000Z</time>
        <extensions>
          <gpxtpx:TrackPointExtension>
            <gpxtpx:hr>138</gpxtpx:hr>
          </gpxtpx:TrackPointExtension>
        </extensions>
      </trkpt>
      <trkpt lat="22.75063270491821" lon="113.73263802186797">
        <ele>2.970434154383838</ele>
        <time>1970-01-01T00:12:06.600000Z</time>
        <extensions>
          <gpxtpx:TrackPointExtension>
            <gpxtpx:hr>138</gpxtpx:hr>
          </gpxtpx:TrackPointExtension>
        </extensions>
      </trkpt>
      <trkpt lat="22.750653144477134" lon="113.73265418591303">
        <ele>2.918610319495201</ele>
        <time>1970-01-01T00:12:07.600000Z</time>
        <extensions>
          <gpxtpx:TrackPointExtension>
            <gpxtpx:hr>138</gpxtpx:hr>
          </gpxtpx:TrackPointExtension>
        </extensions>
      </trkpt>
      <trkpt lat="22.750674247057688" lon="113.73266988040797">
        <ele>2.8589899307116866</ele>
        <time>1970-01-01T00:12:08.600000Z</time>
        <extensions>
          <gpxtpx:TrackPointExtension>
            <gpxtpx:hr>138</gpxtpx:hr>
          </gpxtpx:TrackPointExtension>
        </extensions>
      </trkpt>
      <trkpt lat="22.750695097398744" lon="113.73268521654563">
        <ele>2.792106255888939</ele>
        <time>1970-01-01T00:12:09.600000Z</time>
        <extensions>
          <gpxtpx:TrackPointExtension>
            <gpxtpx:hr>138</gpxtpx:hr>
          </gpxtpx:TrackPointExtension>
        </extensions>
      </trkpt>
      <trkpt lat="22.750715951835197" lon="113.73270115488931">
        <ele>2.718052220530808</ele>
        <time>1970-01-01T00:12:10.600000Z</time>
        <extensions>
          <gpxtpx:TrackPointExtension>
            <gpxtpx:hr>138</gpxtpx:hr>
          </gpxtpx:TrackPointExtension>
        </extensions>
      </trkpt>
      <trkpt lat="22.75073713562635" lon="113.73271805539119">
        <ele>2.6396144898608327</ele>
        <time>1970-01-01T00:12:11.600000Z</time>
        <extensions>
          <gpxtpx:TrackPointExtension>
            <gpxtpx:hr>138</gpxtpx:hr>
          </gpxtpx:TrackPointExtension>
        </extensions>
      </trkpt>
      <trkpt lat="22.75075829543152" lon="113.73273497686769">
        <ele>2.5597610864788294</ele>
        <time>1970-01-01T00:12:12.600000Z</time>
        <extensions>
          <gpxtpx:TrackPointExtension>
            <gpxtpx:hr>138</gpxtpx:hr>
          </gpxtpx:TrackPointExtension>
        </extensions>
      </trkpt>
      <trkpt lat="22.750779592414386" lon="113.73275072610508">
        <ele>2.481316284276545</ele>
        <time>1970-01-01T00:12:13.600000Z</time>
        <extensions>
          <gpxtpx:TrackPointExtension>
            <gpxtpx:hr>138</gpxtpx:hr>
          </gpxtpx:TrackPointExtension>
        </extensions>
      </trkpt>
      <trkpt lat="22.7508011853067" lon="113.73276540073243">
        <ele>2.4078142223879695</ele>
        <time>1970-01-01T00:12:14.600000Z</time>
        <extensions>
          <gpxtpx:TrackPointExtension>
            <gpxtpx:hr>138</gpxtpx:hr>
          </gpxtpx:TrackPointExtension>
        </extensions>
      </trkpt>
      <trkpt lat="22.75082330665126" lon="113.73278008673651">
        <ele>2.3403289541602135</ele>
        <time>1970-01-01T00:12:15.600000Z</time>
        <extensions>
          <gpxtpx:TrackPointExtension>
            <gpxtpx:hr>138</gpxtpx:hr>
          </gpxtpx:TrackPointExtension>
        </extensions>
      </trkpt>
      <trkpt lat="22.750845399635914" lon="113.7327951230822">
        <ele>2.280135470442474</ele>
        <time>1970-01-01T00:12:16.600000Z</time>
        <extensions>
          <gpxtpx:TrackPointExtension>
            <gpxtpx:hr>138</gpxtpx:hr>
          </gpxtpx:TrackPointExtension>
        </extensions>
      </trkpt>
      <trkpt lat="22.75086719761437" lon="113.73281088077036">
        <ele>2.2295448444783688</ele>
        <time>1970-01-01T00:12:17.600000Z</time>
        <extensions>
          <gpxtpx:TrackPointExtension>
            <gpxtpx:hr>138</gpxtpx:hr>
          </gpxtpx:TrackPointExtension>
        </extensions>
      </trkpt>
      <trkpt lat="22.750888303209653" lon="113.7328269630653">
        <ele>2.190539318136871</ele>
        <time>1970-01-01T00:12:18.600000Z</time>
        <extensions>
          <gpxtpx:TrackPointExtension>
            <gpxtpx:hr>139</gpxtpx:hr>
          </gpxtpx:TrackPointExtension>
        </extensions>
      </trkpt>
      <trkpt lat="22.750908978160435" lon="113.73284310041561">
        <ele>2.161298586986959</ele>
        <time>1970-01-01T00:12:19.600000Z</time>
        <extensions>
          <gpxtpx:TrackPointExtension>
            <gpxtpx:hr>139</gpxtpx:hr>
          </gpxtpx:TrackPointExtension>
        </extensions>
      </trkpt>
      <trkpt lat="22.750929905102883" lon="113.73285859908447">
        <ele>2.135227003134787</ele>
        <time>1970-01-01T00:12:20.600000Z</time>
        <extensions>
          <gpxtpx:TrackPointExtension>
            <gpxtpx:hr>139</gpxtpx:hr>
          </gpxtpx:TrackPointExtension>
        </extensions>
      </trkpt>
      <trkpt lat="22.75095154822588" lon="113.73287331853363">
        <ele>2.108923116698861</ele>
        <time>1970-01-01T00:12:21.600000Z</time>
        <extensions>
          <gpxtpx:TrackPointExtension>
            <gpxtpx:hr>139</gpxtpx:hr>
          </gpxtpx:TrackPointExtension>
        </extensions>
      </trkpt>
      <trkpt lat="22.7509735000524" lon="113.73288817248216">
        <ele>2.08030887786299</ele>
        <time>1970-01-01T00:12:22.600000Z</time>
        <extensions>
          <gpxtpx:TrackPointExtension>
            <gpxtpx:hr>139</gpxtpx:hr>
          </gpxtpx:TrackPointExtension>
        </extensions>
      </trkpt>
      <trkpt lat="22.750994081254568" lon="113.7329032762206">
        <ele>2.0486237592995167</ele>
        <time>1970-01-01T00:12:23.600000Z</time>
        <extensions>
          <gpxtpx:TrackPointExtension>
            <gpxtpx:hr>140</gpxtpx:hr>
          </gpxtpx:TrackPointExtension>
        </extensions>
      </trkpt>
      <trkpt lat="22.75101329625679" lon="113.73291858725727">
        <ele>2.0185128282755613</ele>
        <time>1970-01-01T00:12:24.600000Z</time>
        <extensions>
          <gpxtpx:TrackPointExtension>
            <gpxtpx:hr>140</gpxtpx:hr>
          </gpxtpx:TrackPointExtension>
        </extensions>
      </trkpt>
      <trkpt lat="22.75103229244074" lon="113.73293426508766">
        <ele>1.9947695387527347</ele>
        <time>1970-01-01T00:12:25.600000Z</time>
        <extensions>
          <gpxtpx:TrackPointExtension>
            <gpxtpx:hr>140</gpxtpx:hr>
          </gpxtpx:TrackPointExtension>
        </extensions>
      </trkpt>
      <trkpt lat="22.751051928474137" lon="113.73295030257972">
        <ele>1.9810747550800443</ele>
        <time>1970-01-01T00:12:26.600000Z</time>
        <extensions>
          <gpxtpx:TrackPointExtension>
            <gpxtpx:hr>140</gpxtpx:hr>
          </gpxtpx:TrackPointExtension>
        </extensions>
      </trkpt>
      <trkpt lat="22.751072700797586" lon="113.73296648640348">
        <ele>1.9809163752943277</ele>
        <time>1970-01-01T00:12:27.600000Z</time>
        <extensions>
          <gpxtpx:TrackPointExtension>
            <gpxtpx:hr>140</gpxtpx:hr>
          </gpxtpx:TrackPointExtension>
        </extensions>
      </trkpt>
      <trkpt lat="22.751094952464367" lon="113.73298293480394">
        <ele>1.993178284727037</ele>
        <time>1970-01-01T00:12:28.600000Z</time>
        <extensions>
          <gpxtpx:TrackPointExtension>
            <gpxtpx:hr>140</gpxtpx:hr>
          </gpxtpx:TrackPointExtension>
        </extensions>
      </trkpt>
      <trkpt lat="22.751118293039383" lon="113.73299930568861">
        <ele>2.0151457097381353</ele>
        <time>1970-01-01T00:12:29.600000Z</time>
        <extensions>
          <gpxtpx:TrackPointExtension>
            <gpxtpx:hr>140</gpxtpx:hr>
          </gpxtpx:TrackPointExtension>
        </extensions>
      </trkpt>
      <trkpt lat="22.751142098420537" lon="113.73301564792209">
        <ele>2.046211647801101</ele>
        <time>1970-01-01T00:12:30.600000Z</time>
        <extensions>
          <gpxtpx:TrackPointExtension>
            <gpxtpx:hr>140</gpxtpx:hr>
          </gpxtpx:TrackPointExtension>
        </extensions>
      </trkpt>
      <trkpt lat="22.751165172191367" lon="113.73303192676437">
        <ele>2.0877037215977907</ele>
        <time>1970-01-01T00:12:31.600000Z</time>
        <extensions>
          <gpxtpx:TrackPointExtension>
            <gpxtpx:hr>140</gpxtpx:hr>
          </gpxtpx:TrackPointExtension>
        </extensions>
      </trkpt>
      <trkpt lat="22.75118675656761" lon="113.73304765137175">
        <ele>2.1385971065610647</ele>
        <time>1970-01-01T00:12:32.600000Z</time>
        <extensions>
          <gpxtpx:TrackPointExtension>
            <gpxtpx:hr>140</gpxtpx:hr>
          </gpxtpx:TrackPointExtension>
        </extensions>
      </trkpt>
      <trkpt lat="22.75120786669043" lon="113.73306254413778">
        <ele>2.194357519969344</ele>
        <time>1970-01-01T00:12:33.600000Z</time>
        <extensions>
          <gpxtpx:TrackPointExtension>
            <gpxtpx:hr>140</gpxtpx:hr>
          </gpxtpx:TrackPointExtension>
        </extensions>
      </trkpt>
      <trkpt lat="22.751229111788327" lon="113.73307679312863">
        <ele>2.246966096572578</ele>
        <time>1970-01-01T00:12:34.600000Z</time>
        <extensions>
          <gpxtpx:TrackPointExtension>
            <gpxtpx:hr>140</gpxtpx:hr>
          </gpxtpx:TrackPointExtension>
        </extensions>
      </trkpt>
      <trkpt lat="22.751250458126062" lon="113.73309169807185">
        <ele>2.2879698472097516</ele>
        <time>1970-01-01T00:12:35.600000Z</time>
        <extensions>
          <gpxtpx:TrackPointExtension>
            <gpxtpx:hr>139</gpxtpx:hr>
          </gpxtpx:TrackPointExtension>
        </extensions>
      </trkpt>
      <trkpt lat="22.751271812258235" lon="113.73310763895319">
        <ele>2.309946778230369</ele>
        <time>1970-01-01T00:12:36.600000Z</time>
        <extensions>
          <gpxtpx:TrackPointExtension>
            <gpxtpx:hr>139</gpxtpx:hr>
          </gpxtpx:TrackPointExtension>
        </extensions>
      </trkpt>
      <trkpt lat="22.751293347746373" lon="113.73312407466506">
        <ele>2.3082725731655955</ele>
        <time>1970-01-01T00:12:37.600000Z</time>
        <extensions>
          <gpxtpx:TrackPointExtension>
            <gpxtpx:hr>139</gpxtpx:hr>
          </gpxtpx:TrackPointExtension>
        </extensions>
      </trkpt>
      <trkpt lat="22.75131473532689" lon="113.73314049913499">
        <ele>2.284870577044785</ele>
        <time>1970-01-01T00:12:38.600000Z</time>
        <extensions>
          <gpxtpx:TrackPointExtension>
            <gpxtpx:hr>139</gpxtpx:hr>
          </gpxtpx:TrackPointExtension>
        </extensions>
      </trkpt>
      <trkpt lat="22.751335974938208" lon="113.73315698464457">
        <ele>2.2476687282323837</ele>
        <time>1970-01-01T00:12:39.600000Z</time>
        <extensions>
          <gpxtpx:TrackPointExtension>
            <gpxtpx:hr>139</gpxtpx:hr>
          </gpxtpx:TrackPointExtension>
        </extensions>
      </trkpt>
      <trkpt lat="22.751357294384437" lon="113.73317370896049">
        <ele>2.209056214429438</ele>
        <time>1970-01-01T00:12:40.600000Z</time>
        <extensions>
          <gpxtpx:TrackPointExtension>
            <gpxtpx:hr>139</gpxtpx:hr>
          </gpxtpx:TrackPointExtension>
        </extensions>
      </trkpt>
      <trkpt lat="22.75137874163718" lon="113.73319041075482">
        <ele>2.1770876692608</ele>
        <time>1970-01-01T00:12:41.600000Z</time>
        <extensions>
          <gpxtpx:TrackPointExtension>
            <gpxtpx:hr>139</gpxtpx:hr>
          </gpxtpx:TrackPointExtension>
        </extensions>
      </trkpt>
      <trkpt lat="22.75140000971199" lon="113.73320658366231">
        <ele>2.1565640745684505</ele>
        <time>1970-01-01T00:12:42.600000Z</time>
        <extensions>
          <gpxtpx:TrackPointExtension>
            <gpxtpx:hr>139</gpxtpx:hr>
          </gpxtpx:TrackPointExtension>
        </extensions>
      </trkpt>
      <trkpt lat="22.751420918956995" lon="113.73322191981826">
        <ele>2.1509794322773814</ele>
        <time>1970-01-01T00:12:43.600000Z</time>
        <extensions>
          <gpxtpx:TrackPointExtension>
            <gpxtpx:hr>139</gpxtpx:hr>
          </gpxtpx:TrackPointExtension>
        </extensions>
      </trkpt>
      <trkpt lat="22.751441793271752" lon="113.73323710599628">
        <ele>2.15888171736151</ele>
        <time>1970-01-01T00:12:44.600000Z</time>
        <extensions>
          <gpxtpx:TrackPointExtension>
            <gpxtpx:hr>139</gpxtpx:hr>
          </gpxtpx:TrackPointExtension>
        </extensions>
      </trkpt>
      <trkpt lat="22.75146246567323" lon="113.73325256368572">
        <ele>2.1775513775646687</ele>
        <time>1970-01-01T00:12:45.600000Z</time>
        <extensions>
          <gpxtpx:TrackPointExtension>
            <gpxtpx:hr>139</gpxtpx:hr>
          </gpxtpx:TrackPointExtension>
        </extensions>
      </trkpt>
      <trkpt lat="22.75148310421399" lon="113.73326855557765">
        <ele>2.205551501363516</ele>
        <time>1970-01-01T00:12:46.600000Z</time>
        <extensions>
          <gpxtpx:TrackPointExtension>
            <gpxtpx:hr>139</gpxtpx:hr>
          </gpxtpx:TrackPointExtension>
        </extensions>
      </trkpt>
      <trkpt lat="22.751503178465757" lon="113.73328498349025">
        <ele>2.241542683914304</ele>
        <time>1970-01-01T00:12:47.600000Z</time>
        <extensions>
          <gpxtpx:TrackPointExtension>
            <gpxtpx:hr>139</gpxtpx:hr>
          </gpxtpx:TrackPointExtension>
        </extensions>
      </trkpt>
      <trkpt lat="22.751522768419203" lon="113.73330134074587">
        <ele>2.2820442020893097</ele>
        <time>1970-01-01T00:12:48.600000Z</time>
        <extensions>
          <gpxtpx:TrackPointExtension>
            <gpxtpx:hr>137</gpxtpx:hr>
          </gpxtpx:TrackPointExtension>
        </extensions>
      </trkpt>
      <trkpt lat="22.75154309283025" lon="113.73331706803843">
        <ele>2.3211206747218966</ele>
        <time>1970-01-01T00:12:49.600000Z</time>
        <extensions>
          <gpxtpx:TrackPointExtension>
            <gpxtpx:hr>137</gpxtpx:hr>
          </gpxtpx:TrackPointExtension>
        </extensions>
      </trkpt>
      <trkpt lat="22.751564786320074" lon="113.7333323842067">
        <ele>2.3537772614508867</ele>
        <time>1970-01-01T00:12:50.600000Z</time>
        <extensions>
          <gpxtpx:TrackPointExtension>
            <gpxtpx:hr>137</gpxtpx:hr>
          </gpxtpx:TrackPointExtension>
        </extensions>
      </trkpt>
      <trkpt lat="22.751587364073465" lon="113.73334784929021">
        <ele>2.375758389942348</ele>
        <time>1970-01-01T00:12:51.600000Z</time>
        <extensions>
          <gpxtpx:TrackPointExtension>
            <gpxtpx:hr>137</gpxtpx:hr>
          </gpxtpx:TrackPointExtension>
        </extensions>
      </trkpt>
      <trkpt lat="22.751609952964323" lon="113.73336354043359">
        <ele>2.383882513269782</ele>
        <time>1970-01-01T00:12:52.600000Z</time>
        <extensions>
          <gpxtpx:TrackPointExtension>
            <gpxtpx:hr>137</gpxtpx:hr>
          </gpxtpx:TrackPointExtension>
        </extensions>
      </trkpt>
      <trkpt lat="22.75163221929284" lon="113.73337970307037">
        <ele>2.376515045762062</ele>
        <time>1970-01-01T00:12:53.600000Z</time>
        <extensions>
          <gpxtpx:TrackPointExtension>
            <gpxtpx:hr>137</gpxtpx:hr>
          </gpxtpx:TrackPointExtension>
        </extensions>
      </trkpt>
      <trkpt lat="22.751654203350107" lon="113.73339612861731">
        <ele>2.3517324151471257</ele>
        <time>1970-01-01T00:12:54.600000Z</time>
        <extensions>
          <gpxtpx:TrackPointExtension>
            <gpxtpx:hr>137</gpxtpx:hr>
          </gpxtpx:TrackPointExtension>
        </extensions>
      </trkpt>
      <trkpt lat="22.751676124245677" lon="113.73341227357372">
        <ele>2.31276816688478</ele>
        <time>1970-01-01T00:12:55.600000Z</time>
        <extensions>
          <gpxtpx:TrackPointExtension>
            <gpxtpx:hr>137</gpxtpx:hr>
          </gpxtpx:TrackPointExtension>
        </extensions>
      </trkpt>
      <trkpt lat="22.751697711433323" lon="113.73342812881035">
        <ele>2.2648689430207014</ele>
        <time>1970-01-01T00:12:56.600000Z</time>
        <extensions>
          <gpxtpx:TrackPointExtension>
            <gpxtpx:hr>137</gpxtpx:hr>
          </gpxtpx:TrackPointExtension>
        </extensions>
      </trkpt>
      <trkpt lat="22.751719327888853" lon="113.73344419167373">
        <ele>2.2118810145184398</ele>
        <time>1970-01-01T00:12:57.600000Z</time>
        <extensions>
          <gpxtpx:TrackPointExtension>
            <gpxtpx:hr>137</gpxtpx:hr>
          </gpxtpx:TrackPointExtension>
        </extensions>
      </trkpt>
      <trkpt lat="22.751740927462375" lon="113.73346008967103">
        <ele>2.157998938113451</ele>
        <time>1970-01-01T00:12:58.600000Z</time>
        <extensions>
          <gpxtpx:TrackPointExtension>
            <gpxtpx:hr>137</gpxtpx:hr>
          </gpxtpx:TrackPointExtension>
        </extensions>
      </trkpt>
      <trkpt lat="22.751762505497354" lon="113.73347550836">
        <ele>2.1102713253349066</ele>
        <time>1970-01-01T00:12:59.600000Z</time>
        <extensions>
          <gpxtpx:TrackPointExtension>
            <gpxtpx:hr>138</gpxtpx:hr>
          </gpxtpx:TrackPointExtension>
        </extensions>
      </trkpt>
      <trkpt lat="22.75178410556807" lon="113.7334904990273">
        <ele>2.073741472326219</ele>
        <time>1970-01-01T00:13:00.600000Z</time>
        <extensions>
          <gpxtpx:TrackPointExtension>
            <gpxtpx:hr>138</gpxtpx:hr>
          </gpxtpx:TrackPointExtension>
        </extensions>
      </trkpt>
      <trkpt lat="22.75180536436783" lon="113.73350563983045">
        <ele>2.0503579219803214</ele>
        <time>1970-01-01T00:13:01.600000Z</time>
        <extensions>
          <gpxtpx:TrackPointExtension>
            <gpxtpx:hr>138</gpxtpx:hr>
          </gpxtpx:TrackPointExtension>
        </extensions>
      </trkpt>
      <trkpt lat="22.75182658234356" lon="113.73352117220188">
        <ele>2.043723214417696</ele>
        <time>1970-01-01T00:13:02.600000Z</time>
        <extensions>
          <gpxtpx:TrackPointExtension>
            <gpxtpx:hr>138</gpxtpx:hr>
          </gpxtpx:TrackPointExtension>
        </extensions>
      </trkpt>
      <trkpt lat="22.75184785995578" lon="113.7335372164004">
        <ele>2.0564492708072066</ele>
        <time>1970-01-01T00:13:03.600000Z</time>
        <extensions>
          <gpxtpx:TrackPointExtension>
            <gpxtpx:hr>138</gpxtpx:hr>
          </gpxtpx:TrackPointExtension>
        </extensions>
      </trkpt>
      <trkpt lat="22.751869125617592" lon="113.73355443471239">
        <ele>2.093343979679048</ele>
        <time>1970-01-01T00:13:04.600000Z</time>
        <extensions>
          <gpxtpx:TrackPointExtension>
            <gpxtpx:hr>141</gpxtpx:hr>
          </gpxtpx:TrackPointExtension>
        </extensions>
      </trkpt>
      <trkpt lat="22.751889989960077" lon="113.73357233668742">
        <ele>2.1591408383101225</ele>
        <time>1970-01-01T00:13:05.600000Z</time>
        <extensions>
          <gpxtpx:TrackPointExtension>
            <gpxtpx:hr>141</gpxtpx:hr>
          </gpxtpx:TrackPointExtension>
        </extensions>
      </trkpt>
      <trkpt lat="22.751910410855626" lon="113.73359016092523">
        <ele>2.2519565084949136</ele>
        <time>1970-01-01T00:13:06.600000Z</time>
        <extensions>
          <gpxtpx:TrackPointExtension>
            <gpxtpx:hr>141</gpxtpx:hr>
          </gpxtpx:TrackPointExtension>
        </extensions>
      </trkpt>
      <trkpt lat="22.751930633383523" lon="113.73360730311882">
        <ele>2.3681169850751758</ele>
        <time>1970-01-01T00:13:07.600000Z</time>
        <extensions>
          <gpxtpx:TrackPointExtension>
            <gpxtpx:hr>141</gpxtpx:hr>
          </gpxtpx:TrackPointExtension>
        </extensions>
      </trkpt>
      <trkpt lat="22.751951587490602" lon="113.73362373074485">
        <ele>2.5009986041113734</ele>
        <time>1970-01-01T00:13:08.600000Z</time>
        <extensions>
          <gpxtpx:TrackPointExtension>
            <gpxtpx:hr>141</gpxtpx:hr>
          </gpxtpx:TrackPointExtension>
        </extensions>
      </trkpt>
      <trkpt lat="22.751973185334304" lon="113.73363917524034">
        <ele>2.644302877597511</ele>
        <time>1970-01-01T00:13:09.600000Z</time>
        <extensions>
          <gpxtpx:TrackPointExtension>
            <gpxtpx:hr>141</gpxtpx:hr>
          </gpxtpx:TrackPointExtension>
        </extensions>
      </trkpt>
      <trkpt lat="22.75199461146442" lon="113.73365396200589">
        <ele>2.793886424973607</ele>
        <time>1970-01-01T00:13:10.600000Z</time>
        <extensions>
          <gpxtpx:TrackPointExtension>
            <gpxtpx:hr>141</gpxtpx:hr>
          </gpxtpx:TrackPointExtension>
        </extensions>
      </trkpt>
      <trkpt lat="22.75201589116092" lon="113.73366882855022">
        <ele>2.9486872535198927</ele>
        <time>1970-01-01T00:13:11.600000Z</time>
        <extensions>
          <gpxtpx:TrackPointExtension>
            <gpxtpx:hr>141</gpxtpx:hr>
          </gpxtpx:TrackPointExtension>
        </extensions>
      </trkpt>
      <trkpt lat="22.752037085147364" lon="113.73368376699626">
        <ele>3.1077695852145553</ele>
        <time>1970-01-01T00:13:12.600000Z</time>
        <extensions>
          <gpxtpx:TrackPointExtension>
            <gpxtpx:hr>141</gpxtpx:hr>
          </gpxtpx:TrackPointExtension>
        </extensions>
      </trkpt>
      <trkpt lat="22.75205842678748" lon="113.73369853692682">
        <ele>3.270109236240387</ele>
        <time>1970-01-01T00:13:13.600000Z</time>
        <extensions>
          <gpxtpx:TrackPointExtension>
            <gpxtpx:hr>141</gpxtpx:hr>
          </gpxtpx:TrackPointExtension>
        </extensions>
      </trkpt>
      <trkpt lat="22.752079946387543" lon="113.73371301651275">
        <ele>3.437152878381312</ele>
        <time>1970-01-01T00:13:14.600000Z</time>
        <extensions>
          <gpxtpx:TrackPointExtension>
            <gpxtpx:hr>141</gpxtpx:hr>
          </gpxtpx:TrackPointExtension>
        </extensions>
      </trkpt>
      <trkpt lat="22.75210230304099" lon="113.73372756197273">
        <ele>3.6088529536500573</ele>
        <time>1970-01-01T00:13:15.600000Z</time>
        <extensions>
          <gpxtpx:TrackPointExtension>
            <gpxtpx:hr>141</gpxtpx:hr>
          </gpxtpx:TrackPointExtension>
        </extensions>
      </trkpt>
      <trkpt lat="22.75212570561083" lon="113.73374227455102">
        <ele>3.7822647280991077</ele>
        <time>1970-01-01T00:13:16.600000Z</time>
        <extensions>
          <gpxtpx:TrackPointExtension>
            <gpxtpx:hr>141</gpxtpx:hr>
          </gpxtpx:TrackPointExtension>
        </extensions>
      </trkpt>
      <trkpt lat="22.75214959371018" lon="113.73375706583798">
        <ele>3.954193758778274</ele>
        <time>1970-01-01T00:13:17.600000Z</time>
        <extensions>
          <gpxtpx:TrackPointExtension>
            <gpxtpx:hr>141</gpxtpx:hr>
          </gpxtpx:TrackPointExtension>
        </extensions>
      </trkpt>
      <trkpt lat="22.752173142131586" lon="113.73377138654521">
        <ele>4.119904140941799</ele>
        <time>1970-01-01T00:13:18.600000Z</time>
        <extensions>
          <gpxtpx:TrackPointExtension>
            <gpxtpx:hr>141</gpxtpx:hr>
          </gpxtpx:TrackPointExtension>
        </extensions>
      </trkpt>
      <trkpt lat="22.752195857943782" lon="113.73378547309814">
        <ele>4.270352471619844</ele>
        <time>1970-01-01T00:13:19.600000Z</time>
        <extensions>
          <gpxtpx:TrackPointExtension>
            <gpxtpx:hr>141</gpxtpx:hr>
          </gpxtpx:TrackPointExtension>
        </extensions>
      </trkpt>
      <trkpt lat="22.75221744951572" lon="113.73379985641907">
        <ele>4.39562080334872</ele>
        <time>1970-01-01T00:13:20.600000Z</time>
        <extensions>
          <gpxtpx:TrackPointExtension>
            <gpxtpx:hr>141</gpxtpx:hr>
          </gpxtpx:TrackPointExtension>
        </extensions>
      </trkpt>
      <trkpt lat="22.752238216799327" lon="113.73381477557591">
        <ele>4.483918157406151</ele>
        <time>1970-01-01T00:13:21.600000Z</time>
        <extensions>
          <gpxtpx:TrackPointExtension>
            <gpxtpx:hr>141</gpxtpx:hr>
          </gpxtpx:TrackPointExtension>
        </extensions>
      </trkpt>
      <trkpt lat="22.75225891223391" lon="113.73383093335846">
        <ele>4.526808368973434</ele>
        <time>1970-01-01T00:13:22.600000Z</time>
        <extensions>
          <gpxtpx:TrackPointExtension>
            <gpxtpx:hr>140</gpxtpx:hr>
          </gpxtpx:TrackPointExtension>
        </extensions>
      </trkpt>
      <trkpt lat="22.752279401952663" lon="113.73384882389885">
        <ele>4.516375112347305</ele>
        <time>1970-01-01T00:13:23.600000Z</time>
        <extensions>
          <gpxtpx:TrackPointExtension>
            <gpxtpx:hr>140</gpxtpx:hr>
          </gpxtpx:TrackPointExtension>
        </extensions>
      </trkpt>
      <trkpt lat="22.7522995621644" lon="113.73386821287583">
        <ele>4.447242582216859</ele>
        <time>1970-01-01T00:13:24.600000Z</time>
        <extensions>
          <gpxtpx:TrackPointExtension>
            <gpxtpx:hr>140</gpxtpx:hr>
          </gpxtpx:TrackPointExtension>
        </extensions>
      </trkpt>
      <trkpt lat="22.752319370243693" lon="113.73388786522922">
        <ele>4.320599427446723</ele>
        <time>1970-01-01T00:13:25.600000Z</time>
        <extensions>
          <gpxtpx:TrackPointExtension>
            <gpxtpx:hr>140</gpxtpx:hr>
          </gpxtpx:TrackPointExtension>
        </extensions>
      </trkpt>
      <trkpt lat="22.75233917265641" lon="113.73390700419732">
        <ele>4.140507377684116</ele>
        <time>1970-01-01T00:13:26.600000Z</time>
        <extensions>
          <gpxtpx:TrackPointExtension>
            <gpxtpx:hr>140</gpxtpx:hr>
          </gpxtpx:TrackPointExtension>
        </extensions>
      </trkpt>
      <trkpt lat="22.752358662983966" lon="113.73392574556345">
        <ele>3.9135251818224788</ele>
        <time>1970-01-01T00:13:27.600000Z</time>
        <extensions>
          <gpxtpx:TrackPointExtension>
            <gpxtpx:hr>140</gpxtpx:hr>
          </gpxtpx:TrackPointExtension>
        </extensions>
      </trkpt>
      <trkpt lat="22.75237790375425" lon="113.73394441804437">
        <ele>3.65524388756603</ele>
        <time>1970-01-01T00:13:28.600000Z</time>
        <extensions>
          <gpxtpx:TrackPointExtension>
            <gpxtpx:hr>138</gpxtpx:hr>
          </gpxtpx:TrackPointExtension>
        </extensions>
      </trkpt>
      <trkpt lat="22.752397277545658" lon="113.73396261441245">
        <ele>3.384483002126217</ele>
        <time>1970-01-01T00:13:29.600000Z</time>
        <extensions>
          <gpxtpx:TrackPointExtension>
            <gpxtpx:hr>138</gpxtpx:hr>
          </gpxtpx:TrackPointExtension>
        </extensions>
      </trkpt>
      <trkpt lat="22.752416563737967" lon="113.7339801029191">
        <ele>3.1196636985987425</ele>
        <time>1970-01-01T00:13:30.600000Z</time>
        <extensions>
          <gpxtpx:TrackPointExtension>
            <gpxtpx:hr>138</gpxtpx:hr>
          </gpxtpx:TrackPointExtension>
        </extensions>
      </trkpt>
      <trkpt lat="22.75243578288837" lon="113.73399676262105">
        <ele>2.874704203568399</ele>
        <time>1970-01-01T00:13:31.600000Z</time>
        <extensions>
          <gpxtpx:TrackPointExtension>
            <gpxtpx:hr>138</gpxtpx:hr>
          </gpxtpx:TrackPointExtension>
        </extensions>
      </trkpt>
      <trkpt lat="22.75245591638667" lon="113.73401253197729">
        <ele>2.6577907036989927</ele>
        <time>1970-01-01T00:13:32.600000Z</time>
        <extensions>
          <gpxtpx:TrackPointExtension>
            <gpxtpx:hr>139</gpxtpx:hr>
          </gpxtpx:TrackPointExtension>
        </extensions>
      </trkpt>
      <trkpt lat="22.752477611279105" lon="113.73402759718907">
        <ele>2.4754249891266227</ele>
        <time>1970-01-01T00:13:33.600000Z</time>
        <extensions>
          <gpxtpx:TrackPointExtension>
            <gpxtpx:hr>139</gpxtpx:hr>
          </gpxtpx:TrackPointExtension>
        </extensions>
      </trkpt>
      <trkpt lat="22.75249990344023" lon="113.73404205539921">
        <ele>2.3300565583631396</ele>
        <time>1970-01-01T00:13:34.600000Z</time>
        <extensions>
          <gpxtpx:TrackPointExtension>
            <gpxtpx:hr>139</gpxtpx:hr>
          </gpxtpx:TrackPointExtension>
        </extensions>
      </trkpt>
      <trkpt lat="22.752522015676206" lon="113.73405636980043">
        <ele>2.220461838878691</ele>
        <time>1970-01-01T00:13:35.600000Z</time>
        <extensions>
          <gpxtpx:TrackPointExtension>
            <gpxtpx:hr>139</gpxtpx:hr>
          </gpxtpx:TrackPointExtension>
        </extensions>
      </trkpt>
      <trkpt lat="22.752543948480085" lon="113.73407078463313">
        <ele>2.1421375274658203</ele>
        <time>1970-01-01T00:13:36.600000Z</time>
        <extensions>
          <gpxtpx:TrackPointExtension>
            <gpxtpx:hr>139</gpxtpx:hr>
          </gpxtpx:TrackPointExtension>
        </extensions>
      </trkpt>
      <trkpt lat="22.752566482522237" lon="113.73408563646589">
        <ele>2.090857737697661</ele>
        <time>1970-01-01T00:13:37.600000Z</time>
        <extensions>
          <gpxtpx:TrackPointExtension>
            <gpxtpx:hr>139</gpxtpx:hr>
          </gpxtpx:TrackPointExtension>
        </extensions>
      </trkpt>
      <trkpt lat="22.752589041183022" lon="113.73410115042783">
        <ele>2.064745932817459</ele>
        <time>1970-01-01T00:13:38.600000Z</time>
        <extensions>
          <gpxtpx:TrackPointExtension>
            <gpxtpx:hr>139</gpxtpx:hr>
          </gpxtpx:TrackPointExtension>
        </extensions>
      </trkpt>
      <trkpt lat="22.752610750404365" lon="113.73411766186736">
        <ele>2.059257351793349</ele>
        <time>1970-01-01T00:13:39.600000Z</time>
        <extensions>
          <gpxtpx:TrackPointExtension>
            <gpxtpx:hr>139</gpxtpx:hr>
          </gpxtpx:TrackPointExtension>
        </extensions>
      </trkpt>
      <trkpt lat="22.75263163827863" lon="113.73413437863265">
        <ele>2.0695280004292727</ele>
        <time>1970-01-01T00:13:40.600000Z</time>
        <extensions>
          <gpxtpx:TrackPointExtension>
            <gpxtpx:hr>139</gpxtpx:hr>
          </gpxtpx:TrackPointExtension>
        </extensions>
      </trkpt>
      <trkpt lat="22.752652265373445" lon="113.73415085182216">
        <ele>2.0944684371352196</ele>
        <time>1970-01-01T00:13:41.600000Z</time>
        <extensions>
          <gpxtpx:TrackPointExtension>
            <gpxtpx:hr>138</gpxtpx:hr>
          </gpxtpx:TrackPointExtension>
        </extensions>
      </trkpt>
      <trkpt lat="22.752672977118344" lon="113.73416759209663">
        <ele>2.1334292255342007</ele>
        <time>1970-01-01T00:13:42.600000Z</time>
        <extensions>
          <gpxtpx:TrackPointExtension>
            <gpxtpx:hr>138</gpxtpx:hr>
          </gpxtpx:TrackPointExtension>
        </extensions>
      </trkpt>
      <trkpt lat="22.752693833868666" lon="113.73418444765463">
        <ele>2.187482815235853</ele>
        <time>1970-01-01T00:13:43.600000Z</time>
        <extensions>
          <gpxtpx:TrackPointExtension>
            <gpxtpx:hr>138</gpxtpx:hr>
          </gpxtpx:TrackPointExtension>
        </extensions>
      </trkpt>
      <trkpt lat="22.752714815768627" lon="113.73420078781642">
        <ele>2.255348039790988</ele>
        <time>1970-01-01T00:13:44.600000Z</time>
        <extensions>
          <gpxtpx:TrackPointExtension>
            <gpxtpx:hr>138</gpxtpx:hr>
          </gpxtpx:TrackPointExtension>
        </extensions>
      </trkpt>
      <trkpt lat="22.752735345216614" lon="113.73421706640467">
        <ele>2.333262652158737</ele>
        <time>1970-01-01T00:13:45.600000Z</time>
        <extensions>
          <gpxtpx:TrackPointExtension>
            <gpxtpx:hr>138</gpxtpx:hr>
          </gpxtpx:TrackPointExtension>
        </extensions>
      </trkpt>
      <trkpt lat="22.752755349014567" lon="113.73423402770867">
        <ele>2.417272634804249</ele>
        <time>1970-01-01T00:13:46.600000Z</time>
        <extensions>
          <gpxtpx:TrackPointExtension>
            <gpxtpx:hr>138</gpxtpx:hr>
          </gpxtpx:TrackPointExtension>
        </extensions>
      </trkpt>
      <trkpt lat="22.752775159323942" lon="113.73425064573452">
        <ele>2.502821068279445</ele>
        <time>1970-01-01T00:13:47.600000Z</time>
        <extensions>
          <gpxtpx:TrackPointExtension>
            <gpxtpx:hr>135</gpxtpx:hr>
          </gpxtpx:TrackPointExtension>
        </extensions>
      </trkpt>
      <trkpt lat="22.75279538530525" lon="113.7342660384895">
        <ele>2.583563456311822</ele>
        <time>1970-01-01T00:13:48.600000Z</time>
        <extensions>
          <gpxtpx:TrackPointExtension>
            <gpxtpx:hr>135</gpxtpx:hr>
          </gpxtpx:TrackPointExtension>
        </extensions>
      </trkpt>
      <trkpt lat="22.752816261711907" lon="113.7342806100148">
        <ele>2.6525331903249025</ele>
        <time>1970-01-01T00:13:49.600000Z</time>
        <extensions>
          <gpxtpx:TrackPointExtension>
            <gpxtpx:hr>135</gpxtpx:hr>
          </gpxtpx:TrackPointExtension>
        </extensions>
      </trkpt>
      <trkpt lat="22.752837705858603" lon="113.73429568928154">
        <ele>2.7029589992016554</ele>
        <time>1970-01-01T00:13:50.600000Z</time>
        <extensions>
          <gpxtpx:TrackPointExtension>
            <gpxtpx:hr>135</gpxtpx:hr>
          </gpxtpx:TrackPointExtension>
        </extensions>
      </trkpt>
      <trkpt lat="22.752859294014346" lon="113.73431164663688">
        <ele>2.731872514821589</ele>
        <time>1970-01-01T00:13:51.600000Z</time>
        <extensions>
          <gpxtpx:TrackPointExtension>
            <gpxtpx:hr>135</gpxtpx:hr>
          </gpxtpx:TrackPointExtension>
        </extensions>
      </trkpt>
      <trkpt lat="22.752880784894842" lon="113.73432821219124">
        <ele>2.7404130110517144</ele>
        <time>1970-01-01T00:13:52.600000Z</time>
        <extensions>
          <gpxtpx:TrackPointExtension>
            <gpxtpx:hr>135</gpxtpx:hr>
          </gpxtpx:TrackPointExtension>
        </extensions>
      </trkpt>
      <trkpt lat="22.752902537494997" lon="113.7343455385411">
        <ele>2.7306773383170366</ele>
        <time>1970-01-01T00:13:53.600000Z</time>
        <extensions>
          <gpxtpx:TrackPointExtension>
            <gpxtpx:hr>135</gpxtpx:hr>
          </gpxtpx:TrackPointExtension>
        </extensions>
      </trkpt>
      <trkpt lat="22.752924294734513" lon="113.73436360726183">
        <ele>2.708646658807993</ele>
        <time>1970-01-01T00:13:54.600000Z</time>
        <extensions>
          <gpxtpx:TrackPointExtension>
            <gpxtpx:hr>137</gpxtpx:hr>
          </gpxtpx:TrackPointExtension>
        </extensions>
      </trkpt>
      <trkpt lat="22.752945383898876" lon="113.73438236845051">
        <ele>2.6818292131647468</ele>
        <time>1970-01-01T00:13:55.600000Z</time>
        <extensions>
          <gpxtpx:TrackPointExtension>
            <gpxtpx:hr>137</gpxtpx:hr>
          </gpxtpx:TrackPointExtension>
        </extensions>
      </trkpt>
      <trkpt lat="22.75296531619018" lon="113.734401612209">
        <ele>2.6548294508829713</ele>
        <time>1970-01-01T00:13:56.600000Z</time>
        <extensions>
          <gpxtpx:TrackPointExtension>
            <gpxtpx:hr>137</gpxtpx:hr>
          </gpxtpx:TrackPointExtension>
        </extensions>
      </trkpt>
      <trkpt lat="22.752984718522487" lon="113.7344215669325">
        <ele>2.6339843096211553</ele>
        <time>1970-01-01T00:13:57.600000Z</time>
        <extensions>
          <gpxtpx:TrackPointExtension>
            <gpxtpx:hr>137</gpxtpx:hr>
          </gpxtpx:TrackPointExtension>
        </extensions>
      </trkpt>
      <trkpt lat="22.753003983728824" lon="113.73444202802187">
        <ele>2.624058307148516</ele>
        <time>1970-01-01T00:13:58.600000Z</time>
        <extensions>
          <gpxtpx:TrackPointExtension>
            <gpxtpx:hr>138</gpxtpx:hr>
          </gpxtpx:TrackPointExtension>
        </extensions>
      </trkpt>
      <trkpt lat="22.753023190849703" lon="113.73446284115408">
        <ele>2.622750384733081</ele>
        <time>1970-01-01T00:13:59.600000Z</time>
        <extensions>
          <gpxtpx:TrackPointExtension>
            <gpxtpx:hr>138</gpxtpx:hr>
          </gpxtpx:TrackPointExtension>
        </extensions>
      </trkpt>
      <trkpt lat="22.753041981105323" lon="113.7344844181736">
        <ele>2.62983251363039</ele>
        <time>1970-01-01T00:14:00.600000Z</time>
        <extensions>
          <gpxtpx:TrackPointExtension>
            <gpxtpx:hr>138</gpxtpx:hr>
          </gpxtpx:TrackPointExtension>
        </extensions>
      </trkpt>
      <trkpt lat="22.753059504414065" lon="113.73450710778147">
        <ele>2.642226282507181</ele>
        <time>1970-01-01T00:14:01.600000Z</time>
        <extensions>
          <gpxtpx:TrackPointExtension>
            <gpxtpx:hr>138</gpxtpx:hr>
          </gpxtpx:TrackPointExtension>
        </extensions>
      </trkpt>
      <trkpt lat="22.75307559949317" lon="113.7345305717046">
        <ele>2.6547108478844166</ele>
        <time>1970-01-01T00:14:02.600000Z</time>
        <extensions>
          <gpxtpx:TrackPointExtension>
            <gpxtpx:hr>138</gpxtpx:hr>
          </gpxtpx:TrackPointExtension>
        </extensions>
      </trkpt>
      <trkpt lat="22.7530904146625" lon="113.73455444626329">
        <ele>2.6648559402674437</ele>
        <time>1970-01-01T00:14:03.600000Z</time>
        <extensions>
          <gpxtpx:TrackPointExtension>
            <gpxtpx:hr>138</gpxtpx:hr>
          </gpxtpx:TrackPointExtension>
        </extensions>
      </trkpt>
      <trkpt lat="22.753103502179275" lon="113.73457838464593">
        <ele>2.6715518068522215</ele>
        <time>1970-01-01T00:14:04.600000Z</time>
        <extensions>
          <gpxtpx:TrackPointExtension>
            <gpxtpx:hr>138</gpxtpx:hr>
          </gpxtpx:TrackPointExtension>
        </extensions>
      </trkpt>
      <trkpt lat="22.753115651664228" lon="113.73460210444587">
        <ele>2.675637518055737</ele>
        <time>1970-01-01T00:14:05.600000Z</time>
        <extensions>
          <gpxtpx:TrackPointExtension>
            <gpxtpx:hr>138</gpxtpx:hr>
          </gpxtpx:TrackPointExtension>
        </extensions>
      </trkpt>
      <trkpt lat="22.753128772000213" lon="113.73462622831127">
        <ele>2.6782001415267587</ele>
        <time>1970-01-01T00:14:06.600000Z</time>
        <extensions>
          <gpxtpx:TrackPointExtension>
            <gpxtpx:hr>138</gpxtpx:hr>
          </gpxtpx:TrackPointExtension>
        </extensions>
      </trkpt>
      <trkpt lat="22.753142331394876" lon="113.73465113515618">
        <ele>2.6809538369998336</ele>
        <time>1970-01-01T00:14:07.600000Z</time>
        <extensions>
          <gpxtpx:TrackPointExtension>
            <gpxtpx:hr>138</gpxtpx:hr>
          </gpxtpx:TrackPointExtension>
        </extensions>
      </trkpt>
      <trkpt lat="22.7531555089101" lon="113.73467653675138">
        <ele>2.683652968145907</ele>
        <time>1970-01-01T00:14:08.600000Z</time>
        <extensions>
          <gpxtpx:TrackPointExtension>
            <gpxtpx:hr>138</gpxtpx:hr>
          </gpxtpx:TrackPointExtension>
        </extensions>
      </trkpt>
      <trkpt lat="22.75316719349457" lon="113.73470180806737">
        <ele>2.685379257425666</ele>
        <time>1970-01-01T00:14:09.600000Z</time>
        <extensions>
          <gpxtpx:TrackPointExtension>
            <gpxtpx:hr>138</gpxtpx:hr>
          </gpxtpx:TrackPointExtension>
        </extensions>
      </trkpt>
      <trkpt lat="22.753177237586883" lon="113.73472754983032">
        <ele>2.6866711396723986</ele>
        <time>1970-01-01T00:14:10.600000Z</time>
        <extensions>
          <gpxtpx:TrackPointExtension>
            <gpxtpx:hr>138</gpxtpx:hr>
          </gpxtpx:TrackPointExtension>
        </extensions>
      </trkpt>
      <trkpt lat="22.753186503339627" lon="113.73475356905945">
        <ele>2.6853416953235865</ele>
        <time>1970-01-01T00:14:11.600000Z</time>
        <extensions>
          <gpxtpx:TrackPointExtension>
            <gpxtpx:hr>138</gpxtpx:hr>
          </gpxtpx:TrackPointExtension>
        </extensions>
      </trkpt>
      <trkpt lat="22.75319440739124" lon="113.73477975785552">
        <ele>2.6793025946244597</ele>
        <time>1970-01-01T00:14:12.600000Z</time>
        <extensions>
          <gpxtpx:TrackPointExtension>
            <gpxtpx:hr>138</gpxtpx:hr>
          </gpxtpx:TrackPointExtension>
        </extensions>
      </trkpt>
      <trkpt lat="22.75320045939745" lon="113.73480686542416">
        <ele>2.666901297867298</ele>
        <time>1970-01-01T00:14:13.600000Z</time>
        <extensions>
          <gpxtpx:TrackPointExtension>
            <gpxtpx:hr>138</gpxtpx:hr>
          </gpxtpx:TrackPointExtension>
        </extensions>
      </trkpt>
      <trkpt lat="22.753204511434127" lon="113.7348350570933">
        <ele>2.645099649205804</ele>
        <time>1970-01-01T00:14:14.600000Z</time>
        <extensions>
          <gpxtpx:TrackPointExtension>
            <gpxtpx:hr>138</gpxtpx:hr>
          </gpxtpx:TrackPointExtension>
        </extensions>
      </trkpt>
      <trkpt lat="22.753206170068506" lon="113.73486319006429">
        <ele>2.6154909813776612</ele>
        <time>1970-01-01T00:14:15.600000Z</time>
        <extensions>
          <gpxtpx:TrackPointExtension>
            <gpxtpx:hr>138</gpxtpx:hr>
          </gpxtpx:TrackPointExtension>
        </extensions>
      </trkpt>
      <trkpt lat="22.753205133552832" lon="113.73489015906017">
        <ele>2.5807421822100878</ele>
        <time>1970-01-01T00:14:16.600000Z</time>
        <extensions>
          <gpxtpx:TrackPointExtension>
            <gpxtpx:hr>138</gpxtpx:hr>
          </gpxtpx:TrackPointExtension>
        </extensions>
      </trkpt>
      <trkpt lat="22.753201531108132" lon="113.73491639538655">
        <ele>2.5438086576759815</ele>
        <time>1970-01-01T00:14:17.600000Z</time>
        <extensions>
          <gpxtpx:TrackPointExtension>
            <gpxtpx:hr>138</gpxtpx:hr>
          </gpxtpx:TrackPointExtension>
        </extensions>
      </trkpt>
      <trkpt lat="22.753196013117222" lon="113.73494193890764">
        <ele>2.5096441181376576</ele>
        <time>1970-01-01T00:14:18.600000Z</time>
        <extensions>
          <gpxtpx:TrackPointExtension>
            <gpxtpx:hr>138</gpxtpx:hr>
          </gpxtpx:TrackPointExtension>
        </extensions>
      </trkpt>
      <trkpt lat="22.753188803795748" lon="113.73496735087969">
        <ele>2.4826147314161062</ele>
        <time>1970-01-01T00:14:19.600000Z</time>
        <extensions>
          <gpxtpx:TrackPointExtension>
            <gpxtpx:hr>138</gpxtpx:hr>
          </gpxtpx:TrackPointExtension>
        </extensions>
      </trkpt>
      <trkpt lat="22.75317951688769" lon="113.73499276884016">
        <ele>2.465509545058012</ele>
        <time>1970-01-01T00:14:20.600000Z</time>
        <extensions>
          <gpxtpx:TrackPointExtension>
            <gpxtpx:hr>138</gpxtpx:hr>
          </gpxtpx:TrackPointExtension>
        </extensions>
      </trkpt>
      <trkpt lat="22.75316775128673" lon="113.73501725108116">
        <ele>2.457489545457065</ele>
        <time>1970-01-01T00:14:21.600000Z</time>
        <extensions>
          <gpxtpx:TrackPointExtension>
            <gpxtpx:hr>138</gpxtpx:hr>
          </gpxtpx:TrackPointExtension>
        </extensions>
      </trkpt>
      <trkpt lat="22.753153883315907" lon="113.73503966751173">
        <ele>2.45851777959615</ele>
        <time>1970-01-01T00:14:22.600000Z</time>
        <extensions>
          <gpxtpx:TrackPointExtension>
            <gpxtpx:hr>138</gpxtpx:hr>
          </gpxtpx:TrackPointExtension>
        </extensions>
      </trkpt>
      <trkpt lat="22.753138452710314" lon="113.73506038388915">
        <ele>2.4724225997924805</ele>
        <time>1970-01-01T00:14:23.600000Z</time>
        <extensions>
          <gpxtpx:TrackPointExtension>
            <gpxtpx:hr>138</gpxtpx:hr>
          </gpxtpx:TrackPointExtension>
        </extensions>
      </trkpt>
      <trkpt lat="22.753121532674367" lon="113.7350802347718">
        <ele>2.4991418262943625</ele>
        <time>1970-01-01T00:14:24.600000Z</time>
        <extensions>
          <gpxtpx:TrackPointExtension>
            <gpxtpx:hr>138</gpxtpx:hr>
          </gpxtpx:TrackPointExtension>
        </extensions>
      </trkpt>
      <trkpt lat="22.753102906079665" lon="113.73509936294076">
        <ele>2.5359331108629704</ele>
        <time>1970-01-01T00:14:25.600000Z</time>
        <extensions>
          <gpxtpx:TrackPointExtension>
            <gpxtpx:hr>138</gpxtpx:hr>
          </gpxtpx:TrackPointExtension>
        </extensions>
      </trkpt>
      <trkpt lat="22.753082872824557" lon="113.7351174942667">
        <ele>2.577628493309021</ele>
        <time>1970-01-01T00:14:26.600000Z</time>
        <extensions>
          <gpxtpx:TrackPointExtension>
            <gpxtpx:hr>138</gpxtpx:hr>
          </gpxtpx:TrackPointExtension>
        </extensions>
      </trkpt>
      <trkpt lat="22.753061768245793" lon="113.73513427164517">
        <ele>2.618916609324515</ele>
        <time>1970-01-01T00:14:27.600000Z</time>
        <extensions>
          <gpxtpx:TrackPointExtension>
            <gpxtpx:hr>138</gpxtpx:hr>
          </gpxtpx:TrackPointExtension>
        </extensions>
      </trkpt>
      <trkpt lat="22.75303950470721" lon="113.73514965498332">
        <ele>2.6579035287722945</ele>
        <time>1970-01-01T00:14:28.600000Z</time>
        <extensions>
          <gpxtpx:TrackPointExtension>
            <gpxtpx:hr>138</gpxtpx:hr>
          </gpxtpx:TrackPointExtension>
        </extensions>
      </trkpt>
      <trkpt lat="22.753016440771862" lon="113.73516352778323">
        <ele>2.6889730291441083</ele>
        <time>1970-01-01T00:14:29.600000Z</time>
        <extensions>
          <gpxtpx:TrackPointExtension>
            <gpxtpx:hr>138</gpxtpx:hr>
          </gpxtpx:TrackPointExtension>
        </extensions>
      </trkpt>
      <trkpt lat="22.752992868366974" lon="113.73517567189833">
        <ele>2.7110704351216555</ele>
        <time>1970-01-01T00:14:30.600000Z</time>
        <extensions>
          <gpxtpx:TrackPointExtension>
            <gpxtpx:hr>138</gpxtpx:hr>
          </gpxtpx:TrackPointExtension>
        </extensions>
      </trkpt>
      <trkpt lat="22.752968929173136" lon="113.73518568985219">
        <ele>2.7292438689619303</ele>
        <time>1970-01-01T00:14:31.600000Z</time>
        <extensions>
          <gpxtpx:TrackPointExtension>
            <gpxtpx:hr>138</gpxtpx:hr>
          </gpxtpx:TrackPointExtension>
        </extensions>
      </trkpt>
      <trkpt lat="22.75294451287836" lon="113.73519319300209">
        <ele>2.74993106815964</ele>
        <time>1970-01-01T00:14:32.600000Z</time>
        <extensions>
          <gpxtpx:TrackPointExtension>
            <gpxtpx:hr>138</gpxtpx:hr>
          </gpxtpx:TrackPointExtension>
        </extensions>
      </trkpt>
      <trkpt lat="22.752919544573164" lon="113.73519790014366">
        <ele>2.779504136182368</ele>
        <time>1970-01-01T00:14:33.600000Z</time>
        <extensions>
          <gpxtpx:TrackPointExtension>
            <gpxtpx:hr>138</gpxtpx:hr>
          </gpxtpx:TrackPointExtension>
        </extensions>
      </trkpt>
      <trkpt lat="22.752894076760196" lon="113.73520007879749">
        <ele>2.8187593780457973</ele>
        <time>1970-01-01T00:14:34.600000Z</time>
        <extensions>
          <gpxtpx:TrackPointExtension>
            <gpxtpx:hr>138</gpxtpx:hr>
          </gpxtpx:TrackPointExtension>
        </extensions>
      </trkpt>
      <trkpt lat="22.752868468453276" lon="113.73520004451039">
        <ele>2.8675237307325006</ele>
        <time>1970-01-01T00:14:35.600000Z</time>
        <extensions>
          <gpxtpx:TrackPointExtension>
            <gpxtpx:hr>138</gpxtpx:hr>
          </gpxtpx:TrackPointExtension>
        </extensions>
      </trkpt>
      <trkpt lat="22.752842821667397" lon="113.73519808196052">
        <ele>2.9229858480393887</ele>
        <time>1970-01-01T00:14:36.600000Z</time>
        <extensions>
          <gpxtpx:TrackPointExtension>
            <gpxtpx:hr>138</gpxtpx:hr>
          </gpxtpx:TrackPointExtension>
        </extensions>
      </trkpt>
      <trkpt lat="22.75281723021248" lon="113.73519437470529">
        <ele>2.9821121394634247</ele>
        <time>1970-01-01T00:14:37.600000Z</time>
        <extensions>
          <gpxtpx:TrackPointExtension>
            <gpxtpx:hr>139</gpxtpx:hr>
          </gpxtpx:TrackPointExtension>
        </extensions>
      </trkpt>
      <trkpt lat="22.75279145088607" lon="113.7351889415296">
        <ele>3.0386417089030147</ele>
        <time>1970-01-01T00:14:38.600000Z</time>
        <extensions>
          <gpxtpx:TrackPointExtension>
            <gpxtpx:hr>139</gpxtpx:hr>
          </gpxtpx:TrackPointExtension>
        </extensions>
      </trkpt>
      <trkpt lat="22.752765866702976" lon="113.73518191127621">
        <ele>3.0871261786669493</ele>
        <time>1970-01-01T00:14:39.600000Z</time>
        <extensions>
          <gpxtpx:TrackPointExtension>
            <gpxtpx:hr>139</gpxtpx:hr>
          </gpxtpx:TrackPointExtension>
        </extensions>
      </trkpt>
      <trkpt lat="22.75274081128534" lon="113.73517348287089">
        <ele>3.126305560581386</ele>
        <time>1970-01-01T00:14:40.600000Z</time>
        <extensions>
          <gpxtpx:TrackPointExtension>
            <gpxtpx:hr>139</gpxtpx:hr>
          </gpxtpx:TrackPointExtension>
        </extensions>
      </trkpt>
      <trkpt lat="22.75271635989131" lon="113.73516353269933">
        <ele>3.1565455701202154</ele>
        <time>1970-01-01T00:14:41.600000Z</time>
        <extensions>
          <gpxtpx:TrackPointExtension>
            <gpxtpx:hr>139</gpxtpx:hr>
          </gpxtpx:TrackPointExtension>
        </extensions>
      </trkpt>
      <trkpt lat="22.752692793091036" lon="113.73515126696711">
        <ele>3.177578676491976</ele>
        <time>1970-01-01T00:14:42.600000Z</time>
        <extensions>
          <gpxtpx:TrackPointExtension>
            <gpxtpx:hr>139</gpxtpx:hr>
          </gpxtpx:TrackPointExtension>
        </extensions>
      </trkpt>
      <trkpt lat="22.752670576178282" lon="113.73513674662073">
        <ele>3.1877568839117885</ele>
        <time>1970-01-01T00:14:43.600000Z</time>
        <extensions>
          <gpxtpx:TrackPointExtension>
            <gpxtpx:hr>139</gpxtpx:hr>
          </gpxtpx:TrackPointExtension>
        </extensions>
      </trkpt>
      <trkpt lat="22.75264990037682" lon="113.7351203240388">
        <ele>3.1856979997828603</ele>
        <time>1970-01-01T00:14:44.600000Z</time>
        <extensions>
          <gpxtpx:TrackPointExtension>
            <gpxtpx:hr>139</gpxtpx:hr>
          </gpxtpx:TrackPointExtension>
        </extensions>
      </trkpt>
      <trkpt lat="22.75263067343189" lon="113.7351025006362">
        <ele>3.170271127484739</ele>
        <time>1970-01-01T00:14:45.600000Z</time>
        <extensions>
          <gpxtpx:TrackPointExtension>
            <gpxtpx:hr>138</gpxtpx:hr>
          </gpxtpx:TrackPointExtension>
        </extensions>
      </trkpt>
      <trkpt lat="22.752612391315882" lon="113.73508359431952">
        <ele>3.142467299476266</ele>
        <time>1970-01-01T00:14:46.600000Z</time>
        <extensions>
          <gpxtpx:TrackPointExtension>
            <gpxtpx:hr>138</gpxtpx:hr>
          </gpxtpx:TrackPointExtension>
        </extensions>
      </trkpt>
      <trkpt lat="22.75259466067536" lon="113.73506362868984">
        <ele>3.1054873298853636</ele>
        <time>1970-01-01T00:14:47.600000Z</time>
        <extensions>
          <gpxtpx:TrackPointExtension>
            <gpxtpx:hr>138</gpxtpx:hr>
          </gpxtpx:TrackPointExtension>
        </extensions>
      </trkpt>
      <trkpt lat="22.752577702354856" lon="113.73504258541679">
        <ele>3.0654472317546606</ele>
        <time>1970-01-01T00:14:48.600000Z</time>
        <extensions>
          <gpxtpx:TrackPointExtension>
            <gpxtpx:hr>138</gpxtpx:hr>
          </gpxtpx:TrackPointExtension>
        </extensions>
      </trkpt>
      <trkpt lat="22.75256160637639" lon="113.73502046035341">
        <ele>3.0255149099975824</ele>
        <time>1970-01-01T00:14:49.600000Z</time>
        <extensions>
          <gpxtpx:TrackPointExtension>
            <gpxtpx:hr>138</gpxtpx:hr>
          </gpxtpx:TrackPointExtension>
        </extensions>
      </trkpt>
      <trkpt lat="22.75254689509883" lon="113.73499733576591">
        <ele>2.9894303819164634</ele>
        <time>1970-01-01T00:14:50.600000Z</time>
        <extensions>
          <gpxtpx:TrackPointExtension>
            <gpxtpx:hr>138</gpxtpx:hr>
          </gpxtpx:TrackPointExtension>
        </extensions>
      </trkpt>
      <trkpt lat="22.75253353571838" lon="113.73497295607795">
        <ele>2.9586161812767386</ele>
        <time>1970-01-01T00:14:51.600000Z</time>
        <extensions>
          <gpxtpx:TrackPointExtension>
            <gpxtpx:hr>138</gpxtpx:hr>
          </gpxtpx:TrackPointExtension>
        </extensions>
      </trkpt>
      <trkpt lat="22.752521296858625" lon="113.73494773056515">
        <ele>2.93185671325773</ele>
        <time>1970-01-01T00:14:52.600000Z</time>
        <extensions>
          <gpxtpx:TrackPointExtension>
            <gpxtpx:hr>138</gpxtpx:hr>
          </gpxtpx:TrackPointExtension>
        </extensions>
      </trkpt>
      <trkpt lat="22.752510146473064" lon="113.73492216495902">
        <ele>2.907913007773459</ele>
        <time>1970-01-01T00:14:53.600000Z</time>
        <extensions>
          <gpxtpx:TrackPointExtension>
            <gpxtpx:hr>138</gpxtpx:hr>
          </gpxtpx:TrackPointExtension>
        </extensions>
      </trkpt>
      <trkpt lat="22.752499930051222" lon="113.73489693560519">
        <ele>2.888466098345816</ele>
        <time>1970-01-01T00:14:54.600000Z</time>
        <extensions>
          <gpxtpx:TrackPointExtension>
            <gpxtpx:hr>138</gpxtpx:hr>
          </gpxtpx:TrackPointExtension>
        </extensions>
      </trkpt>
      <trkpt lat="22.75249028992129" lon="113.73487182734758">
        <ele>2.878118838183582</ele>
        <time>1970-01-01T00:14:55.600000Z</time>
        <extensions>
          <gpxtpx:TrackPointExtension>
            <gpxtpx:hr>138</gpxtpx:hr>
          </gpxtpx:TrackPointExtension>
        </extensions>
      </trkpt>
      <trkpt lat="22.75248099881518" lon="113.7348461057196">
        <ele>2.8802222702652216</ele>
        <time>1970-01-01T00:14:56.600000Z</time>
        <extensions>
          <gpxtpx:TrackPointExtension>
            <gpxtpx:hr>138</gpxtpx:hr>
          </gpxtpx:TrackPointExtension>
        </extensions>
      </trkpt>
      <trkpt lat="22.752471519134204" lon="113.73481938206618">
        <ele>2.8990269051864743</ele>
        <time>1970-01-01T00:14:57.600000Z</time>
        <extensions>
          <gpxtpx:TrackPointExtension>
            <gpxtpx:hr>137</gpxtpx:hr>
          </gpxtpx:TrackPointExtension>
        </extensions>
      </trkpt>
      <trkpt lat="22.75246085990873" lon="113.73479226401763">
        <ele>2.936487295664847</ele>
        <time>1970-01-01T00:14:58.600000Z</time>
        <extensions>
          <gpxtpx:TrackPointExtension>
            <gpxtpx:hr>137</gpxtpx:hr>
          </gpxtpx:TrackPointExtension>
        </extensions>
      </trkpt>
      <trkpt lat="22.752449303880237" lon="113.73476534103946">
        <ele>2.993993661366403</ele>
        <time>1970-01-01T00:14:59.600000Z</time>
        <extensions>
          <gpxtpx:TrackPointExtension>
            <gpxtpx:hr>137</gpxtpx:hr>
          </gpxtpx:TrackPointExtension>
        </extensions>
      </trkpt>
      <trkpt lat="22.752437829625105" lon="113.73473850717058">
        <ele>3.0663458555936813</ele>
        <time>1970-01-01T00:15:00.600000Z</time>
        <extensions>
          <gpxtpx:TrackPointExtension>
            <gpxtpx:hr>137</gpxtpx:hr>
          </gpxtpx:TrackPointExtension>
        </extensions>
      </trkpt>
      <trkpt lat="22.75242631410958" lon="113.73471238636371">
        <ele>3.1429113810881972</ele>
        <time>1970-01-01T00:15:01.600000Z</time>
        <extensions>
          <gpxtpx:TrackPointExtension>
            <gpxtpx:hr>137</gpxtpx:hr>
          </gpxtpx:TrackPointExtension>
        </extensions>
      </trkpt>
      <trkpt lat="22.75241408890755" lon="113.7346871573092">
        <ele>3.211907010525465</ele>
        <time>1970-01-01T00:15:02.600000Z</time>
        <extensions>
          <gpxtpx:TrackPointExtension>
            <gpxtpx:hr>139</gpxtpx:hr>
          </gpxtpx:TrackPointExtension>
        </extensions>
      </trkpt>
      <trkpt lat="22.75240084799406" lon="113.73466277388043">
        <ele>3.264487599954009</ele>
        <time>1970-01-01T00:15:03.600000Z</time>
        <extensions>
          <gpxtpx:TrackPointExtension>
            <gpxtpx:hr>139</gpxtpx:hr>
          </gpxtpx:TrackPointExtension>
        </extensions>
      </trkpt>
      <trkpt lat="22.752386289857725" lon="113.7346384886379">
        <ele>3.2941370643675327</ele>
        <time>1970-01-01T00:15:04.600000Z</time>
        <extensions>
          <gpxtpx:TrackPointExtension>
            <gpxtpx:hr>139</gpxtpx:hr>
          </gpxtpx:TrackPointExtension>
        </extensions>
      </trkpt>
      <trkpt lat="22.75237047585655" lon="113.73461426137266">
        <ele>3.2977869315072894</ele>
        <time>1970-01-01T00:15:05.600000Z</time>
        <extensions>
          <gpxtpx:TrackPointExtension>
            <gpxtpx:hr>139</gpxtpx:hr>
          </gpxtpx:TrackPointExtension>
        </extensions>
      </trkpt>
      <trkpt lat="22.75235385311756" lon="113.7345909523893">
        <ele>3.2761800391599536</ele>
        <time>1970-01-01T00:15:06.600000Z</time>
        <extensions>
          <gpxtpx:TrackPointExtension>
            <gpxtpx:hr>139</gpxtpx:hr>
          </gpxtpx:TrackPointExtension>
        </extensions>
      </trkpt>
      <trkpt lat="22.75233690151621" lon="113.73456877096282">
        <ele>3.2332442179322243</ele>
        <time>1970-01-01T00:15:07.600000Z</time>
        <extensions>
          <gpxtpx:TrackPointExtension>
            <gpxtpx:hr>139</gpxtpx:hr>
          </gpxtpx:TrackPointExtension>
        </extensions>
      </trkpt>
      <trkpt lat="22.752320386573665" lon="113.73454761274112">
        <ele>3.1719804536551237</ele>
        <time>1970-01-01T00:15:08.600000Z</time>
        <extensions>
          <gpxtpx:TrackPointExtension>
            <gpxtpx:hr>140</gpxtpx:hr>
          </gpxtpx:TrackPointExtension>
        </extensions>
      </trkpt>
      <trkpt lat="22.752304031831414" lon="113.7345269633376">
        <ele>3.0966538107022643</ele>
        <time>1970-01-01T00:15:09.600000Z</time>
        <extensions>
          <gpxtpx:TrackPointExtension>
            <gpxtpx:hr>140</gpxtpx:hr>
          </gpxtpx:TrackPointExtension>
        </extensions>
      </trkpt>
      <trkpt lat="22.75228710329764" lon="113.7345072035362">
        <ele>3.013823232613504</ele>
        <time>1970-01-01T00:15:10.600000Z</time>
        <extensions>
          <gpxtpx:TrackPointExtension>
            <gpxtpx:hr>140</gpxtpx:hr>
          </gpxtpx:TrackPointExtension>
        </extensions>
      </trkpt>
      <trkpt lat="22.75226890288384" lon="113.73448857241443">
        <ele>2.9329248405992985</ele>
        <time>1970-01-01T00:15:11.600000Z</time>
        <extensions>
          <gpxtpx:TrackPointExtension>
            <gpxtpx:hr>140</gpxtpx:hr>
          </gpxtpx:TrackPointExtension>
        </extensions>
      </trkpt>
      <trkpt lat="22.752249272885138" lon="113.73447090816046">
        <ele>2.8616439113393426</ele>
        <time>1970-01-01T00:15:12.600000Z</time>
        <extensions>
          <gpxtpx:TrackPointExtension>
            <gpxtpx:hr>140</gpxtpx:hr>
          </gpxtpx:TrackPointExtension>
        </extensions>
      </trkpt>
      <trkpt lat="22.752228424407328" lon="113.73445396609114">
        <ele>2.8042924869805574</ele>
        <time>1970-01-01T00:15:13.600000Z</time>
        <extensions>
          <gpxtpx:TrackPointExtension>
            <gpxtpx:hr>141</gpxtpx:hr>
          </gpxtpx:TrackPointExtension>
        </extensions>
      </trkpt>
      <trkpt lat="22.752206325769194" lon="113.73443803469509">
        <ele>2.759928851388395</ele>
        <time>1970-01-01T00:15:14.600000Z</time>
        <extensions>
          <gpxtpx:TrackPointExtension>
            <gpxtpx:hr>141</gpxtpx:hr>
          </gpxtpx:TrackPointExtension>
        </extensions>
      </trkpt>
      <trkpt lat="22.75218316129753" lon="113.7344234806194">
        <ele>2.723700165748596</ele>
        <time>1970-01-01T00:15:15.600000Z</time>
        <extensions>
          <gpxtpx:TrackPointExtension>
            <gpxtpx:hr>141</gpxtpx:hr>
          </gpxtpx:TrackPointExtension>
        </extensions>
      </trkpt>
      <trkpt lat="22.752158845764136" lon="113.7344104095884">
        <ele>2.6929141161963344</ele>
        <time>1970-01-01T00:15:16.600000Z</time>
        <extensions>
          <gpxtpx:TrackPointExtension>
            <gpxtpx:hr>141</gpxtpx:hr>
          </gpxtpx:TrackPointExtension>
        </extensions>
      </trkpt>
      <trkpt lat="22.75213371688228" lon="113.73439930680516">
        <ele>2.6647824607789516</ele>
        <time>1970-01-01T00:15:17.600000Z</time>
        <extensions>
          <gpxtpx:TrackPointExtension>
            <gpxtpx:hr>141</gpxtpx:hr>
          </gpxtpx:TrackPointExtension>
        </extensions>
      </trkpt>
      <trkpt lat="22.75210848603927" lon="113.73439043983439">
        <ele>2.6431543892249465</ele>
        <time>1970-01-01T00:15:18.600000Z</time>
        <extensions>
          <gpxtpx:TrackPointExtension>
            <gpxtpx:hr>140</gpxtpx:hr>
          </gpxtpx:TrackPointExtension>
        </extensions>
      </trkpt>
      <trkpt lat="22.752083174656065" lon="113.73438360371188">
        <ele>2.63409433234483</ele>
        <time>1970-01-01T00:15:19.600000Z</time>
        <extensions>
          <gpxtpx:TrackPointExtension>
            <gpxtpx:hr>140</gpxtpx:hr>
          </gpxtpx:TrackPointExtension>
        </extensions>
      </trkpt>
      <trkpt lat="22.75205709331032" lon="113.73437830491481">
        <ele>2.6376744797453284</ele>
        <time>1970-01-01T00:15:20.600000Z</time>
        <extensions>
          <gpxtpx:TrackPointExtension>
            <gpxtpx:hr>140</gpxtpx:hr>
          </gpxtpx:TrackPointExtension>
        </extensions>
      </trkpt>
      <trkpt lat="22.752030570340793" lon="113.73437430627723">
        <ele>2.6511264173313975</ele>
        <time>1970-01-01T00:15:21.600000Z</time>
        <extensions>
          <gpxtpx:TrackPointExtension>
            <gpxtpx:hr>140</gpxtpx:hr>
          </gpxtpx:TrackPointExtension>
        </extensions>
      </trkpt>
      <trkpt lat="22.752004579619534" lon="113.73437164179667">
        <ele>2.6702999379485846</ele>
        <time>1970-01-01T00:15:22.600000Z</time>
        <extensions>
          <gpxtpx:TrackPointExtension>
            <gpxtpx:hr>140</gpxtpx:hr>
          </gpxtpx:TrackPointExtension>
        </extensions>
      </trkpt>
      <trkpt lat="22.751978959526394" lon="113.73436983642856">
        <ele>2.692462306469679</ele>
        <time>1970-01-01T00:15:23.600000Z</time>
        <extensions>
          <gpxtpx:TrackPointExtension>
            <gpxtpx:hr>140</gpxtpx:hr>
          </gpxtpx:TrackPointExtension>
        </extensions>
      </trkpt>
      <trkpt lat="22.751952951875964" lon="113.73436799497351">
        <ele>2.7209869818761945</ele>
        <time>1970-01-01T00:15:24.600000Z</time>
        <extensions>
          <gpxtpx:TrackPointExtension>
            <gpxtpx:hr>140</gpxtpx:hr>
          </gpxtpx:TrackPointExtension>
        </extensions>
      </trkpt>
      <trkpt lat="22.751926589252985" lon="113.73436600422644">
        <ele>2.759171474725008</ele>
        <time>1970-01-01T00:15:25.600000Z</time>
        <extensions>
          <gpxtpx:TrackPointExtension>
            <gpxtpx:hr>140</gpxtpx:hr>
          </gpxtpx:TrackPointExtension>
        </extensions>
      </trkpt>
      <trkpt lat="22.751900311130715" lon="113.73436392493159">
        <ele>2.8088103579357266</ele>
        <time>1970-01-01T00:15:26.600000Z</time>
        <extensions>
          <gpxtpx:TrackPointExtension>
            <gpxtpx:hr>140</gpxtpx:hr>
          </gpxtpx:TrackPointExtension>
        </extensions>
      </trkpt>
      <trkpt lat="22.75187385372752" lon="113.7343616409995">
        <ele>2.873079126700759</ele>
        <time>1970-01-01T00:15:27.600000Z</time>
        <extensions>
          <gpxtpx:TrackPointExtension>
            <gpxtpx:hr>140</gpxtpx:hr>
          </gpxtpx:TrackPointExtension>
        </extensions>
      </trkpt>
      <trkpt lat="22.751847223602216" lon="113.73435932630326">
        <ele>2.9535102862864733</ele>
        <time>1970-01-01T00:15:28.600000Z</time>
        <extensions>
          <gpxtpx:TrackPointExtension>
            <gpxtpx:hr>140</gpxtpx:hr>
          </gpxtpx:TrackPointExtension>
        </extensions>
      </trkpt>
      <trkpt lat="22.75182057969099" lon="113.7343569715525">
        <ele>3.0490478510037065</ele>
        <time>1970-01-01T00:15:29.600000Z</time>
        <extensions>
          <gpxtpx:TrackPointExtension>
            <gpxtpx:hr>140</gpxtpx:hr>
          </gpxtpx:TrackPointExtension>
        </extensions>
      </trkpt>
      <trkpt lat="22.751794738043305" lon="113.73435443242158">
        <ele>3.156383781693876</ele>
        <time>1970-01-01T00:15:30.600000Z</time>
        <extensions>
          <gpxtpx:TrackPointExtension>
            <gpxtpx:hr>140</gpxtpx:hr>
          </gpxtpx:TrackPointExtension>
        </extensions>
      </trkpt>
      <trkpt lat="22.751769903825682" lon="113.7343511980764">
        <ele>3.2735099690034986</ele>
        <time>1970-01-01T00:15:31.600000Z</time>
        <extensions>
          <gpxtpx:TrackPointExtension>
            <gpxtpx:hr>141</gpxtpx:hr>
          </gpxtpx:TrackPointExtension>
        </extensions>
      </trkpt>
      <trkpt lat="22.75174538201263" lon="113.73434706693375">
        <ele>3.4004871249198914</ele>
        <time>1970-01-01T00:15:32.600000Z</time>
        <extensions>
          <gpxtpx:TrackPointExtension>
            <gpxtpx:hr>141</gpxtpx:hr>
          </gpxtpx:TrackPointExtension>
        </extensions>
      </trkpt>
      <trkpt lat="22.751720533745925" lon="113.73434293122304">
        <ele>3.5369172571226954</ele>
        <time>1970-01-01T00:15:33.600000Z</time>
        <extensions>
          <gpxtpx:TrackPointExtension>
            <gpxtpx:hr>141</gpxtpx:hr>
          </gpxtpx:TrackPointExtension>
        </extensions>
      </trkpt>
      <trkpt lat="22.751694631089485" lon="113.73433973501227">
        <ele>3.67937452159822</ele>
        <time>1970-01-01T00:15:34.600000Z</time>
        <extensions>
          <gpxtpx:TrackPointExtension>
            <gpxtpx:hr>141</gpxtpx:hr>
          </gpxtpx:TrackPointExtension>
        </extensions>
      </trkpt>
      <trkpt lat="22.751668139811958" lon="113.73433770527954">
        <ele>3.8224965278059244</ele>
        <time>1970-01-01T00:15:35.600000Z</time>
        <extensions>
          <gpxtpx:TrackPointExtension>
            <gpxtpx:hr>141</gpxtpx:hr>
          </gpxtpx:TrackPointExtension>
        </extensions>
      </trkpt>
      <trkpt lat="22.751641129097827" lon="113.73433628429535">
        <ele>3.960184594616294</ele>
        <time>1970-01-01T00:15:36.600000Z</time>
        <extensions>
          <gpxtpx:TrackPointExtension>
            <gpxtpx:hr>141</gpxtpx:hr>
          </gpxtpx:TrackPointExtension>
        </extensions>
      </trkpt>
      <trkpt lat="22.75161429529909" lon="113.73433512566605">
        <ele>4.0890536373481154</ele>
        <time>1970-01-01T00:15:37.600000Z</time>
        <extensions>
          <gpxtpx:TrackPointExtension>
            <gpxtpx:hr>141</gpxtpx:hr>
          </gpxtpx:TrackPointExtension>
        </extensions>
      </trkpt>
      <trkpt lat="22.751588453140094" lon="113.73433429430922">
        <ele>4.206370918080211</ele>
        <time>1970-01-01T00:15:38.600000Z</time>
        <extensions>
          <gpxtpx:TrackPointExtension>
            <gpxtpx:hr>141</gpxtpx:hr>
          </gpxtpx:TrackPointExtension>
        </extensions>
      </trkpt>
      <trkpt lat="22.75156307946231" lon="113.73433420737176">
        <ele>4.30659444257617</ele>
        <time>1970-01-01T00:15:39.600000Z</time>
        <extensions>
          <gpxtpx:TrackPointExtension>
            <gpxtpx:hr>141</gpxtpx:hr>
          </gpxtpx:TrackPointExtension>
        </extensions>
      </trkpt>
      <trkpt lat="22.751537629974717" lon="113.73433525237155">
        <ele>4.3896308951079845</ele>
        <time>1970-01-01T00:15:40.600000Z</time>
        <extensions>
          <gpxtpx:TrackPointExtension>
            <gpxtpx:hr>141</gpxtpx:hr>
          </gpxtpx:TrackPointExtension>
        </extensions>
      </trkpt>
      <trkpt lat="22.751511753847023" lon="113.73433709802964">
        <ele>4.46305120550096</ele>
        <time>1970-01-01T00:15:41.600000Z</time>
        <extensions>
          <gpxtpx:TrackPointExtension>
            <gpxtpx:hr>141</gpxtpx:hr>
          </gpxtpx:TrackPointExtension>
        </extensions>
      </trkpt>
      <trkpt lat="22.751485621859395" lon="113.73433932095104">
        <ele>4.533038534224033</ele>
        <time>1970-01-01T00:15:42.600000Z</time>
        <extensions>
          <gpxtpx:TrackPointExtension>
            <gpxtpx:hr>141</gpxtpx:hr>
          </gpxtpx:TrackPointExtension>
        </extensions>
      </trkpt>
      <trkpt lat="22.751459331767624" lon="113.7343420420815">
        <ele>4.604106969200075</ele>
        <time>1970-01-01T00:15:43.600000Z</time>
        <extensions>
          <gpxtpx:TrackPointExtension>
            <gpxtpx:hr>141</gpxtpx:hr>
          </gpxtpx:TrackPointExtension>
        </extensions>
      </trkpt>
      <trkpt lat="22.75143294278055" lon="113.73434456169008">
        <ele>4.673384699039161</ele>
        <time>1970-01-01T00:15:44.600000Z</time>
        <extensions>
          <gpxtpx:TrackPointExtension>
            <gpxtpx:hr>140</gpxtpx:hr>
          </gpxtpx:TrackPointExtension>
        </extensions>
      </trkpt>
      <trkpt lat="22.751406210223077" lon="113.73434482349437">
        <ele>4.734013142064214</ele>
        <time>1970-01-01T00:15:45.600000Z</time>
        <extensions>
          <gpxtpx:TrackPointExtension>
            <gpxtpx:hr>140</gpxtpx:hr>
          </gpxtpx:TrackPointExtension>
        </extensions>
      </trkpt>
      <trkpt lat="22.751379566057455" lon="113.7343413779615">
        <ele>4.7805956695228815</ele>
        <time>1970-01-01T00:15:46.600000Z</time>
        <extensions>
          <gpxtpx:TrackPointExtension>
            <gpxtpx:hr>140</gpxtpx:hr>
          </gpxtpx:TrackPointExtension>
        </extensions>
      </trkpt>
      <trkpt lat="22.751353116930126" lon="113.73433485566969">
        <ele>4.806085965596139</ele>
        <time>1970-01-01T00:15:47.600000Z</time>
        <extensions>
          <gpxtpx:TrackPointExtension>
            <gpxtpx:hr>140</gpxtpx:hr>
          </gpxtpx:TrackPointExtension>
        </extensions>
      </trkpt>
      <trkpt lat="22.75132665183748" lon="113.734328054758">
        <ele>4.80279893334955</ele>
        <time>1970-01-01T00:15:48.600000Z</time>
        <extensions>
          <gpxtpx:TrackPointExtension>
            <gpxtpx:hr>139</gpxtpx:hr>
          </gpxtpx:TrackPointExtension>
        </extensions>
      </trkpt>
      <trkpt lat="22.75130004928437" lon="113.73432259444631">
        <ele>4.766250047832727</ele>
        <time>1970-01-01T00:15:49.600000Z</time>
        <extensions>
          <gpxtpx:TrackPointExtension>
            <gpxtpx:hr>139</gpxtpx:hr>
          </gpxtpx:TrackPointExtension>
        </extensions>
      </trkpt>
      <trkpt lat="22.751273228761434" lon="113.73431805905024">
        <ele>4.70014850795269</ele>
        <time>1970-01-01T00:15:50.600000Z</time>
        <extensions>
          <gpxtpx:TrackPointExtension>
            <gpxtpx:hr>139</gpxtpx:hr>
          </gpxtpx:TrackPointExtension>
        </extensions>
      </trkpt>
      <trkpt lat="22.75124660347511" lon="113.734313148181">
        <ele>4.610360516235232</ele>
        <time>1970-01-01T00:15:51.600000Z</time>
        <extensions>
          <gpxtpx:TrackPointExtension>
            <gpxtpx:hr>139</gpxtpx:hr>
          </gpxtpx:TrackPointExtension>
        </extensions>
      </trkpt>
      <trkpt lat="22.75122068497227" lon="113.73430692004624">
        <ele>4.500571801327169</ele>
        <time>1970-01-01T00:15:52.600000Z</time>
        <extensions>
          <gpxtpx:TrackPointExtension>
            <gpxtpx:hr>139</gpxtpx:hr>
          </gpxtpx:TrackPointExtension>
        </extensions>
      </trkpt>
      <trkpt lat="22.75119548088782" lon="113.73429967963044">
        <ele>4.376701847650111</ele>
        <time>1970-01-01T00:15:53.600000Z</time>
        <extensions>
          <gpxtpx:TrackPointExtension>
            <gpxtpx:hr>139</gpxtpx:hr>
          </gpxtpx:TrackPointExtension>
        </extensions>
      </trkpt>
      <trkpt lat="22.751170082133914" lon="113.73429190285727">
        <ele>4.245550875551999</ele>
        <time>1970-01-01T00:15:54.600000Z</time>
        <extensions>
          <gpxtpx:TrackPointExtension>
            <gpxtpx:hr>139</gpxtpx:hr>
          </gpxtpx:TrackPointExtension>
        </extensions>
      </trkpt>
      <trkpt lat="22.751144519999375" lon="113.73428376485491">
        <ele>4.115674029104412</ele>
        <time>1970-01-01T00:15:55.600000Z</time>
        <extensions>
          <gpxtpx:TrackPointExtension>
            <gpxtpx:hr>139</gpxtpx:hr>
          </gpxtpx:TrackPointExtension>
        </extensions>
      </trkpt>
      <trkpt lat="22.751118599033916" lon="113.73427531635548">
        <ele>3.9945733537897468</ele>
        <time>1970-01-01T00:15:56.600000Z</time>
        <extensions>
          <gpxtpx:TrackPointExtension>
            <gpxtpx:hr>142</gpxtpx:hr>
          </gpxtpx:TrackPointExtension>
        </extensions>
      </trkpt>
      <trkpt lat="22.7510922212495" lon="113.7342671255835">
        <ele>3.884703842923045</ele>
        <time>1970-01-01T00:15:57.600000Z</time>
        <extensions>
          <gpxtpx:TrackPointExtension>
            <gpxtpx:hr>142</gpxtpx:hr>
          </gpxtpx:TrackPointExtension>
        </extensions>
      </trkpt>
      <trkpt lat="22.7510655027538" lon="113.73425883150183">
        <ele>3.7841855697333813</ele>
        <time>1970-01-01T00:15:58.600000Z</time>
        <extensions>
          <gpxtpx:TrackPointExtension>
            <gpxtpx:hr>142</gpxtpx:hr>
          </gpxtpx:TrackPointExtension>
        </extensions>
      </trkpt>
      <trkpt lat="22.751039197280456" lon="113.73424957654018">
        <ele>3.6887476351112127</ele>
        <time>1970-01-01T00:15:59.600000Z</time>
        <extensions>
          <gpxtpx:TrackPointExtension>
            <gpxtpx:hr>142</gpxtpx:hr>
          </gpxtpx:TrackPointExtension>
        </extensions>
      </trkpt>
      <trkpt lat="22.751013996205344" lon="113.73423922334928">
        <ele>3.5955227622762322</ele>
        <time>1970-01-01T00:16:00.600000Z</time>
        <extensions>
          <gpxtpx:TrackPointExtension>
            <gpxtpx:hr>142</gpxtpx:hr>
          </gpxtpx:TrackPointExtension>
        </extensions>
      </trkpt>
      <trkpt lat="22.75098949623731" lon="113.73422832859173">
        <ele>3.504208531230688</ele>
        <time>1970-01-01T00:16:01.600000Z</time>
        <extensions>
          <gpxtpx:TrackPointExtension>
            <gpxtpx:hr>142</gpxtpx:hr>
          </gpxtpx:TrackPointExtension>
        </extensions>
      </trkpt>
      <trkpt lat="22.750965252272408" lon="113.73421729460397">
        <ele>3.4106352692469954</ele>
        <time>1970-01-01T00:16:02.600000Z</time>
        <extensions>
          <gpxtpx:TrackPointExtension>
            <gpxtpx:hr>142</gpxtpx:hr>
          </gpxtpx:TrackPointExtension>
        </extensions>
      </trkpt>
      <trkpt lat="22.750941051872722" lon="113.73420637246038">
        <ele>3.310210923664272</ele>
        <time>1970-01-01T00:16:03.600000Z</time>
        <extensions>
          <gpxtpx:TrackPointExtension>
            <gpxtpx:hr>140</gpxtpx:hr>
          </gpxtpx:TrackPointExtension>
        </extensions>
      </trkpt>
      <trkpt lat="22.750917088289036" lon="113.73419563073475">
        <ele>3.2008715365082026</ele>
        <time>1970-01-01T00:16:04.600000Z</time>
        <extensions>
          <gpxtpx:TrackPointExtension>
            <gpxtpx:hr>140</gpxtpx:hr>
          </gpxtpx:TrackPointExtension>
        </extensions>
      </trkpt>
      <trkpt lat="22.75089266617919" lon="113.73418409812108">
        <ele>3.0797644210979342</ele>
        <time>1970-01-01T00:16:05.600000Z</time>
        <extensions>
          <gpxtpx:TrackPointExtension>
            <gpxtpx:hr>140</gpxtpx:hr>
          </gpxtpx:TrackPointExtension>
        </extensions>
      </trkpt>
      <trkpt lat="22.750868211917965" lon="113.73417193029069">
        <ele>2.945738504640758</ele>
        <time>1970-01-01T00:16:06.600000Z</time>
        <extensions>
          <gpxtpx:TrackPointExtension>
            <gpxtpx:hr>140</gpxtpx:hr>
          </gpxtpx:TrackPointExtension>
        </extensions>
      </trkpt>
      <trkpt lat="22.750844285431818" lon="113.73415918186889">
        <ele>2.7974948324263096</ele>
        <time>1970-01-01T00:16:07.600000Z</time>
        <extensions>
          <gpxtpx:TrackPointExtension>
            <gpxtpx:hr>140</gpxtpx:hr>
          </gpxtpx:TrackPointExtension>
        </extensions>
      </trkpt>
      <trkpt lat="22.750821264108552" lon="113.73414578825539">
        <ele>2.634759560227394</ele>
        <time>1970-01-01T00:16:08.600000Z</time>
        <extensions>
          <gpxtpx:TrackPointExtension>
            <gpxtpx:hr>141</gpxtpx:hr>
          </gpxtpx:TrackPointExtension>
        </extensions>
      </trkpt>
      <trkpt lat="22.750799644642182" lon="113.73413215837087">
        <ele>2.4638475067913532</ele>
        <time>1970-01-01T00:16:09.600000Z</time>
        <extensions>
          <gpxtpx:TrackPointExtension>
            <gpxtpx:hr>141</gpxtpx:hr>
          </gpxtpx:TrackPointExtension>
        </extensions>
      </trkpt>
      <trkpt lat="22.750778387316085" lon="113.73411798701046">
        <ele>2.295551129616797</ele>
        <time>1970-01-01T00:16:10.600000Z</time>
        <extensions>
          <gpxtpx:TrackPointExtension>
            <gpxtpx:hr>141</gpxtpx:hr>
          </gpxtpx:TrackPointExtension>
        </extensions>
      </trkpt>
      <trkpt lat="22.75075646785738" lon="113.73410266445111">
        <ele>2.134861184284091</ele>
        <time>1970-01-01T00:16:11.600000Z</time>
        <extensions>
          <gpxtpx:TrackPointExtension>
            <gpxtpx:hr>141</gpxtpx:hr>
          </gpxtpx:TrackPointExtension>
        </extensions>
      </trkpt>
      <trkpt lat="22.750734253031094" lon="113.73408610301723">
        <ele>1.987638029269874</ele>
        <time>1970-01-01T00:16:12.600000Z</time>
        <extensions>
          <gpxtpx:TrackPointExtension>
            <gpxtpx:hr>141</gpxtpx:hr>
          </gpxtpx:TrackPointExtension>
        </extensions>
      </trkpt>
      <trkpt lat="22.75071246212759" lon="113.73406859630175">
        <ele>1.8571627736091614</ele>
        <time>1970-01-01T00:16:13.600000Z</time>
        <extensions>
          <gpxtpx:TrackPointExtension>
            <gpxtpx:hr>141</gpxtpx:hr>
          </gpxtpx:TrackPointExtension>
        </extensions>
      </trkpt>
      <trkpt lat="22.750690853900323" lon="113.73405001863723">
        <ele>1.7493257261812687</ele>
        <time>1970-01-01T00:16:14.600000Z</time>
        <extensions>
          <gpxtpx:TrackPointExtension>
            <gpxtpx:hr>141</gpxtpx:hr>
          </gpxtpx:TrackPointExtension>
        </extensions>
      </trkpt>
      <trkpt lat="22.750670055154146" lon="113.73403053150392">
        <ele>1.675110542215407</ele>
        <time>1970-01-01T00:16:15.600000Z</time>
        <extensions>
          <gpxtpx:TrackPointExtension>
            <gpxtpx:hr>141</gpxtpx:hr>
          </gpxtpx:TrackPointExtension>
        </extensions>
      </trkpt>
      <trkpt lat="22.750650704575833" lon="113.73401034150014">
        <ele>1.6383218169212341</ele>
        <time>1970-01-01T00:16:16.600000Z</time>
        <extensions>
          <gpxtpx:TrackPointExtension>
            <gpxtpx:hr>141</gpxtpx:hr>
          </gpxtpx:TrackPointExtension>
        </extensions>
      </trkpt>
      <trkpt lat="22.75063247934341" lon="113.73398976955255">
        <ele>1.639392870478332</ele>
        <time>1970-01-01T00:16:17.600000Z</time>
        <extensions>
          <gpxtpx:TrackPointExtension>
            <gpxtpx:hr>141</gpxtpx:hr>
          </gpxtpx:TrackPointExtension>
        </extensions>
      </trkpt>
      <trkpt lat="22.750615018037077" lon="113.733968044148">
        <ele>1.678188631311059</ele>
        <time>1970-01-01T00:16:18.600000Z</time>
        <extensions>
          <gpxtpx:TrackPointExtension>
            <gpxtpx:hr>140</gpxtpx:hr>
          </gpxtpx:TrackPointExtension>
        </extensions>
      </trkpt>
      <trkpt lat="22.7505986112432" lon="113.73394487069145">
        <ele>1.7537967851385474</ele>
        <time>1970-01-01T00:16:19.600000Z</time>
        <extensions>
          <gpxtpx:TrackPointExtension>
            <gpxtpx:hr>140</gpxtpx:hr>
          </gpxtpx:TrackPointExtension>
        </extensions>
      </trkpt>
      <trkpt lat="22.750583678187724" lon="113.73392054004184">
        <ele>1.8635430177673697</ele>
        <time>1970-01-01T00:16:20.600000Z</time>
        <extensions>
          <gpxtpx:TrackPointExtension>
            <gpxtpx:hr>140</gpxtpx:hr>
          </gpxtpx:TrackPointExtension>
        </extensions>
      </trkpt>
      <trkpt lat="22.750570313831055" lon="113.73389520182408">
        <ele>2.000580449588597</ele>
        <time>1970-01-01T00:16:21.600000Z</time>
        <extensions>
          <gpxtpx:TrackPointExtension>
            <gpxtpx:hr>140</gpxtpx:hr>
          </gpxtpx:TrackPointExtension>
        </extensions>
      </trkpt>
      <trkpt lat="22.7505583831786" lon="113.73386946740435">
        <ele>2.1589146181941032</ele>
        <time>1970-01-01T00:16:22.600000Z</time>
        <extensions>
          <gpxtpx:TrackPointExtension>
            <gpxtpx:hr>140</gpxtpx:hr>
          </gpxtpx:TrackPointExtension>
        </extensions>
      </trkpt>
      <trkpt lat="22.750547348613015" lon="113.73384347876345">
        <ele>2.3334549106657505</ele>
        <time>1970-01-01T00:16:23.600000Z</time>
        <extensions>
          <gpxtpx:TrackPointExtension>
            <gpxtpx:hr>140</gpxtpx:hr>
          </gpxtpx:TrackPointExtension>
        </extensions>
      </trkpt>
      <trkpt lat="22.750536820608026" lon="113.73381731877828">
        <ele>2.515948417596519</ele>
        <time>1970-01-01T00:16:24.600000Z</time>
        <extensions>
          <gpxtpx:TrackPointExtension>
            <gpxtpx:hr>140</gpxtpx:hr>
          </gpxtpx:TrackPointExtension>
        </extensions>
      </trkpt>
      <trkpt lat="22.750526026945238" lon="113.73379054503836">
        <ele>2.6978819826617837</ele>
        <time>1970-01-01T00:16:25.600000Z</time>
        <extensions>
          <gpxtpx:TrackPointExtension>
            <gpxtpx:hr>140</gpxtpx:hr>
          </gpxtpx:TrackPointExtension>
        </extensions>
      </trkpt>
      <trkpt lat="22.750514704674256" lon="113.73376344425779">
        <ele>2.869325140491128</ele>
        <time>1970-01-01T00:16:26.600000Z</time>
        <extensions>
          <gpxtpx:TrackPointExtension>
            <gpxtpx:hr>140</gpxtpx:hr>
          </gpxtpx:TrackPointExtension>
        </extensions>
      </trkpt>
      <trkpt lat="22.750503045975165" lon="113.73373599346833">
        <ele>3.0212106416001916</ele>
        <time>1970-01-01T00:16:27.600000Z</time>
        <extensions>
          <gpxtpx:TrackPointExtension>
            <gpxtpx:hr>140</gpxtpx:hr>
          </gpxtpx:TrackPointExtension>
        </extensions>
      </trkpt>
      <trkpt lat="22.75049197599105" lon="113.73370804014252">
        <ele>3.1494836527854204</ele>
        <time>1970-01-01T00:16:28.600000Z</time>
        <extensions>
          <gpxtpx:TrackPointExtension>
            <gpxtpx:hr>140</gpxtpx:hr>
          </gpxtpx:TrackPointExtension>
        </extensions>
      </trkpt>
      <trkpt lat="22.750483022487085" lon="113.73367975710958">
        <ele>3.251782014966011</ele>
        <time>1970-01-01T00:16:29.600000Z</time>
        <extensions>
          <gpxtpx:TrackPointExtension>
            <gpxtpx:hr>140</gpxtpx:hr>
          </gpxtpx:TrackPointExtension>
        </extensions>
      </trkpt>
      <trkpt lat="22.750476063553254" lon="113.73365127506125">
        <ele>3.3255585515871644</ele>
        <time>1970-01-01T00:16:30.600000Z</time>
        <extensions>
          <gpxtpx:TrackPointExtension>
            <gpxtpx:hr>140</gpxtpx:hr>
          </gpxtpx:TrackPointExtension>
        </extensions>
      </trkpt>
      <trkpt lat="22.750470279377492" lon="113.73362308605962">
        <ele>3.369770087301731</ele>
        <time>1970-01-01T00:16:31.600000Z</time>
        <extensions>
          <gpxtpx:TrackPointExtension>
            <gpxtpx:hr>140</gpxtpx:hr>
          </gpxtpx:TrackPointExtension>
        </extensions>
      </trkpt>
      <trkpt lat="22.750464898872686" lon="113.73359511806083">
        <ele>3.3865729393437505</ele>
        <time>1970-01-01T00:16:32.600000Z</time>
        <extensions>
          <gpxtpx:TrackPointExtension>
            <gpxtpx:hr>141</gpxtpx:hr>
          </gpxtpx:TrackPointExtension>
        </extensions>
      </trkpt>
      <trkpt lat="22.75045935043845" lon="113.73356746186417">
        <ele>3.3797218631953</ele>
        <time>1970-01-01T00:16:33.600000Z</time>
        <extensions>
          <gpxtpx:TrackPointExtension>
            <gpxtpx:hr>141</gpxtpx:hr>
          </gpxtpx:TrackPointExtension>
        </extensions>
      </trkpt>
      <trkpt lat="22.750453655496646" lon="113.73354003213791">
        <ele>3.3557704957202077</ele>
        <time>1970-01-01T00:16:34.600000Z</time>
        <extensions>
          <gpxtpx:TrackPointExtension>
            <gpxtpx:hr>141</gpxtpx:hr>
          </gpxtpx:TrackPointExtension>
        </extensions>
      </trkpt>
      <trkpt lat="22.75044742317977" lon="113.73351226948522">
        <ele>3.319864148274064</ele>
        <time>1970-01-01T00:16:35.600000Z</time>
        <extensions>
          <gpxtpx:TrackPointExtension>
            <gpxtpx:hr>141</gpxtpx:hr>
          </gpxtpx:TrackPointExtension>
        </extensions>
      </trkpt>
      <trkpt lat="22.750440642070057" lon="113.73348382184304">
        <ele>3.273706450127065</ele>
        <time>1970-01-01T00:16:36.600000Z</time>
        <extensions>
          <gpxtpx:TrackPointExtension>
            <gpxtpx:hr>141</gpxtpx:hr>
          </gpxtpx:TrackPointExtension>
        </extensions>
      </trkpt>
      <trkpt lat="22.750433281775777" lon="113.73345510359889">
        <ele>3.2179435873404145</ele>
        <time>1970-01-01T00:16:37.600000Z</time>
        <extensions>
          <gpxtpx:TrackPointExtension>
            <gpxtpx:hr>141</gpxtpx:hr>
          </gpxtpx:TrackPointExtension>
        </extensions>
      </trkpt>
      <trkpt lat="22.750425472192777" lon="113.73342659568846">
        <ele>3.1510512996464968</ele>
        <time>1970-01-01T00:16:38.600000Z</time>
        <extensions>
          <gpxtpx:TrackPointExtension>
            <gpxtpx:hr>141</gpxtpx:hr>
          </gpxtpx:TrackPointExtension>
        </extensions>
      </trkpt>
      <trkpt lat="22.750417982273543" lon="113.73339867823604">
        <ele>3.0745854023844004</ele>
        <time>1970-01-01T00:16:39.600000Z</time>
        <extensions>
          <gpxtpx:TrackPointExtension>
            <gpxtpx:hr>141</gpxtpx:hr>
          </gpxtpx:TrackPointExtension>
        </extensions>
      </trkpt>
      <trkpt lat="22.75041099705536" lon="113.73337144775897">
        <ele>2.9904911685734987</ele>
        <time>1970-01-01T00:16:40.600000Z</time>
        <extensions>
          <gpxtpx:TrackPointExtension>
            <gpxtpx:hr>141</gpxtpx:hr>
          </gpxtpx:TrackPointExtension>
        </extensions>
      </trkpt>
      <trkpt lat="22.750403824764707" lon="113.73334450442144">
        <ele>2.9030630411580205</ele>
        <time>1970-01-01T00:16:41.600000Z</time>
        <extensions>
          <gpxtpx:TrackPointExtension>
            <gpxtpx:hr>141</gpxtpx:hr>
          </gpxtpx:TrackPointExtension>
        </extensions>
      </trkpt>
      <trkpt lat="22.750395999800553" lon="113.73331781673723">
        <ele>2.8182764891535044</ele>
        <time>1970-01-01T00:16:42.600000Z</time>
        <extensions>
          <gpxtpx:TrackPointExtension>
            <gpxtpx:hr>141</gpxtpx:hr>
          </gpxtpx:TrackPointExtension>
        </extensions>
      </trkpt>
      <trkpt lat="22.75038801100397" lon="113.73329061702574">
        <ele>2.7392419073730707</ele>
        <time>1970-01-01T00:16:43.600000Z</time>
        <extensions>
          <gpxtpx:TrackPointExtension>
            <gpxtpx:hr>141</gpxtpx:hr>
          </gpxtpx:TrackPointExtension>
        </extensions>
      </trkpt>
      <trkpt lat="22.7503807079631" lon="113.73326300293675">
        <ele>2.6653151037171483</ele>
        <time>1970-01-01T00:16:44.600000Z</time>
        <extensions>
          <gpxtpx:TrackPointExtension>
            <gpxtpx:hr>139</gpxtpx:hr>
          </gpxtpx:TrackPointExtension>
        </extensions>
      </trkpt>
      <trkpt lat="22.75037463886325" lon="113.73323536063855">
        <ele>2.5953809218481183</ele>
        <time>1970-01-01T00:16:45.600000Z</time>
        <extensions>
          <gpxtpx:TrackPointExtension>
            <gpxtpx:hr>139</gpxtpx:hr>
          </gpxtpx:TrackPointExtension>
        </extensions>
      </trkpt>
      <trkpt lat="22.75036902161613" lon="113.73320804890186">
        <ele>2.531693009659648</ele>
        <time>1970-01-01T00:16:46.600000Z</time>
        <extensions>
          <gpxtpx:TrackPointExtension>
            <gpxtpx:hr>139</gpxtpx:hr>
          </gpxtpx:TrackPointExtension>
        </extensions>
      </trkpt>
      <trkpt lat="22.750362535222376" lon="113.73318161804156">
        <ele>2.4801376359537244</ele>
        <time>1970-01-01T00:16:47.600000Z</time>
        <extensions>
          <gpxtpx:TrackPointExtension>
            <gpxtpx:hr>139</gpxtpx:hr>
          </gpxtpx:TrackPointExtension>
        </extensions>
      </trkpt>
      <trkpt lat="22.75035486657008" lon="113.73315618578359">
        <ele>2.4448109390214086</ele>
        <time>1970-01-01T00:16:48.600000Z</time>
        <extensions>
          <gpxtpx:TrackPointExtension>
            <gpxtpx:hr>139</gpxtpx:hr>
          </gpxtpx:TrackPointExtension>
        </extensions>
      </trkpt>
      <trkpt lat="22.750346271432573" lon="113.73313143899907">
        <ele>2.4318773187696934</ele>
        <time>1970-01-01T00:16:49.600000Z</time>
        <extensions>
          <gpxtpx:TrackPointExtension>
            <gpxtpx:hr>138</gpxtpx:hr>
          </gpxtpx:TrackPointExtension>
        </extensions>
      </trkpt>
      <trkpt lat="22.750336520757273" lon="113.7331068888283">
        <ele>2.445776338689029</ele>
        <time>1970-01-01T00:16:50.600000Z</time>
        <extensions>
          <gpxtpx:TrackPointExtension>
            <gpxtpx:hr>138</gpxtpx:hr>
          </gpxtpx:TrackPointExtension>
        </extensions>
      </trkpt>
      <trkpt lat="22.75032626412411" lon="113.73308225535914">
        <ele>2.487602422013879</ele>
        <time>1970-01-01T00:16:51.600000Z</time>
        <extensions>
          <gpxtpx:TrackPointExtension>
            <gpxtpx:hr>138</gpxtpx:hr>
          </gpxtpx:TrackPointExtension>
        </extensions>
      </trkpt>
      <trkpt lat="22.750316546672543" lon="113.73305703785698">
        <ele>2.554457977414131</ele>
        <time>1970-01-01T00:16:52.600000Z</time>
        <extensions>
          <gpxtpx:TrackPointExtension>
            <gpxtpx:hr>138</gpxtpx:hr>
          </gpxtpx:TrackPointExtension>
        </extensions>
      </trkpt>
      <trkpt lat="22.75030745047314" lon="113.7330313605111">
        <ele>2.6389120435342193</ele>
        <time>1970-01-01T00:16:53.600000Z</time>
        <extensions>
          <gpxtpx:TrackPointExtension>
            <gpxtpx:hr>138</gpxtpx:hr>
          </gpxtpx:TrackPointExtension>
        </extensions>
      </trkpt>
      <trkpt lat="22.750299019204302" lon="113.73300586724186">
        <ele>2.732820891775191</ele>
        <time>1970-01-01T00:16:54.600000Z</time>
        <extensions>
          <gpxtpx:TrackPointExtension>
            <gpxtpx:hr>138</gpxtpx:hr>
          </gpxtpx:TrackPointExtension>
        </extensions>
      </trkpt>
      <trkpt lat="22.75029062227824" lon="113.73298099065576">
        <ele>2.8283574236556888</ele>
        <time>1970-01-01T00:16:55.600000Z</time>
        <extensions>
          <gpxtpx:TrackPointExtension>
            <gpxtpx:hr>138</gpxtpx:hr>
          </gpxtpx:TrackPointExtension>
        </extensions>
      </trkpt>
      <trkpt lat="22.75028149106574" lon="113.73295652786926">
        <ele>2.915026335977018</ele>
        <time>1970-01-01T00:16:56.600000Z</time>
        <extensions>
          <gpxtpx:TrackPointExtension>
            <gpxtpx:hr>138</gpxtpx:hr>
          </gpxtpx:TrackPointExtension>
        </extensions>
      </trkpt>
      <trkpt lat="22.750272122148303" lon="113.73293289623703">
        <ele>2.980529297143221</ele>
        <time>1970-01-01T00:16:57.600000Z</time>
        <extensions>
          <gpxtpx:TrackPointExtension>
            <gpxtpx:hr>138</gpxtpx:hr>
          </gpxtpx:TrackPointExtension>
        </extensions>
      </trkpt>
      <trkpt lat="22.750262847527328" lon="113.7329095246033">
        <ele>3.013648229651153</ele>
        <time>1970-01-01T00:16:58.600000Z</time>
        <extensions>
          <gpxtpx:TrackPointExtension>
            <gpxtpx:hr>138</gpxtpx:hr>
          </gpxtpx:TrackPointExtension>
        </extensions>
      </trkpt>
      <trkpt lat="22.750253836138697" lon="113.73288595349112">
        <ele>3.013977838680148</ele>
        <time>1970-01-01T00:16:59.600000Z</time>
        <extensions>
          <gpxtpx:TrackPointExtension>
            <gpxtpx:hr>138</gpxtpx:hr>
          </gpxtpx:TrackPointExtension>
        </extensions>
      </trkpt>
      <trkpt lat="22.750245438487337" lon="113.73286181336826">
        <ele>2.9860831666737795</ele>
        <time>1970-01-01T00:17:00.600000Z</time>
        <extensions>
          <gpxtpx:TrackPointExtension>
            <gpxtpx:hr>138</gpxtpx:hr>
          </gpxtpx:TrackPointExtension>
        </extensions>
      </trkpt>
      <trkpt lat="22.750237596437856" lon="113.73283709547752">
        <ele>2.934831952676177</ele>
        <time>1970-01-01T00:17:01.600000Z</time>
        <extensions>
          <gpxtpx:TrackPointExtension>
            <gpxtpx:hr>138</gpxtpx:hr>
          </gpxtpx:TrackPointExtension>
        </extensions>
      </trkpt>
      <trkpt lat="22.750230283350508" lon="113.73281237099472">
        <ele>2.8708647144958377</ele>
        <time>1970-01-01T00:17:02.600000Z</time>
        <extensions>
          <gpxtpx:TrackPointExtension>
            <gpxtpx:hr>138</gpxtpx:hr>
          </gpxtpx:TrackPointExtension>
        </extensions>
      </trkpt>
      <trkpt lat="22.750223312582786" lon="113.73278755099821">
        <ele>2.80283921957016</ele>
        <time>1970-01-01T00:17:03.600000Z</time>
        <extensions>
          <gpxtpx:TrackPointExtension>
            <gpxtpx:hr>138</gpxtpx:hr>
          </gpxtpx:TrackPointExtension>
        </extensions>
      </trkpt>
      <trkpt lat="22.750216618342574" lon="113.73276228687469">
        <ele>2.740430910140276</ele>
        <time>1970-01-01T00:17:04.600000Z</time>
        <extensions>
          <gpxtpx:TrackPointExtension>
            <gpxtpx:hr>138</gpxtpx:hr>
          </gpxtpx:TrackPointExtension>
        </extensions>
      </trkpt>
      <trkpt lat="22.750210077573847" lon="113.73273697258747">
        <ele>2.6921193283051252</ele>
        <time>1970-01-01T00:17:05.600000Z</time>
        <extensions>
          <gpxtpx:TrackPointExtension>
            <gpxtpx:hr>138</gpxtpx:hr>
          </gpxtpx:TrackPointExtension>
        </extensions>
      </trkpt>
      <trkpt lat="22.750203382786598" lon="113.73271151648764">
        <ele>2.6587951062247157</ele>
        <time>1970-01-01T00:17:06.600000Z</time>
        <extensions>
          <gpxtpx:TrackPointExtension>
            <gpxtpx:hr>138</gpxtpx:hr>
          </gpxtpx:TrackPointExtension>
        </extensions>
      </trkpt>
      <trkpt lat="22.7501962381102" lon="113.73268511810252">
        <ele>2.639393932186067</ele>
        <time>1970-01-01T00:17:07.600000Z</time>
        <extensions>
          <gpxtpx:TrackPointExtension>
            <gpxtpx:hr>140</gpxtpx:hr>
          </gpxtpx:TrackPointExtension>
        </extensions>
      </trkpt>
      <trkpt lat="22.750188513113617" lon="113.73265780865047">
        <ele>2.6323639415204525</ele>
        <time>1970-01-01T00:17:08.600000Z</time>
        <extensions>
          <gpxtpx:TrackPointExtension>
            <gpxtpx:hr>140</gpxtpx:hr>
          </gpxtpx:TrackPointExtension>
        </extensions>
      </trkpt>
      <trkpt lat="22.750180371577013" lon="113.73262966071873">
        <ele>2.634025499224663</ele>
        <time>1970-01-01T00:17:09.600000Z</time>
        <extensions>
          <gpxtpx:TrackPointExtension>
            <gpxtpx:hr>140</gpxtpx:hr>
          </gpxtpx:TrackPointExtension>
        </extensions>
      </trkpt>
      <trkpt lat="22.75017249882142" lon="113.73260130549787">
        <ele>2.6397401774302125</ele>
        <time>1970-01-01T00:17:10.600000Z</time>
        <extensions>
          <gpxtpx:TrackPointExtension>
            <gpxtpx:hr>140</gpxtpx:hr>
          </gpxtpx:TrackPointExtension>
        </extensions>
      </trkpt>
      <trkpt lat="22.750166211290008" lon="113.73257281088718">
        <ele>2.64178370218724</ele>
        <time>1970-01-01T00:17:11.600000Z</time>
        <extensions>
          <gpxtpx:TrackPointExtension>
            <gpxtpx:hr>140</gpxtpx:hr>
          </gpxtpx:TrackPointExtension>
        </extensions>
      </trkpt>
      <trkpt lat="22.750162338466843" lon="113.73254493027316">
        <ele>2.6382977850735188</ele>
        <time>1970-01-01T00:17:12.600000Z</time>
        <extensions>
          <gpxtpx:TrackPointExtension>
            <gpxtpx:hr>140</gpxtpx:hr>
          </gpxtpx:TrackPointExtension>
        </extensions>
      </trkpt>
      <trkpt lat="22.75016125840372" lon="113.7325176780327">
        <ele>2.629323906265199</ele>
        <time>1970-01-01T00:17:13.600000Z</time>
        <extensions>
          <gpxtpx:TrackPointExtension>
            <gpxtpx:hr>140</gpxtpx:hr>
          </gpxtpx:TrackPointExtension>
        </extensions>
      </trkpt>
      <trkpt lat="22.7501638449534" lon="113.73249088771585">
        <ele>2.6163461646065116</ele>
        <time>1970-01-01T00:17:14.600000Z</time>
        <extensions>
          <gpxtpx:TrackPointExtension>
            <gpxtpx:hr>140</gpxtpx:hr>
          </gpxtpx:TrackPointExtension>
        </extensions>
      </trkpt>
      <trkpt lat="22.75017142264482" lon="113.73246582931846">
        <ele>2.597996497526765</ele>
        <time>1970-01-01T00:17:15.600000Z</time>
        <extensions>
          <gpxtpx:TrackPointExtension>
            <gpxtpx:hr>140</gpxtpx:hr>
          </gpxtpx:TrackPointExtension>
        </extensions>
      </trkpt>
      <trkpt lat="22.750184570126468" lon="113.73244394493445">
        <ele>2.5708614345639944</ele>
        <time>1970-01-01T00:17:16.600000Z</time>
        <extensions>
          <gpxtpx:TrackPointExtension>
            <gpxtpx:hr>139</gpxtpx:hr>
          </gpxtpx:TrackPointExtension>
        </extensions>
      </trkpt>
      <trkpt lat="22.75020273263934" lon="113.73242597279949">
        <ele>2.533884516917169</ele>
        <time>1970-01-01T00:17:17.600000Z</time>
        <extensions>
          <gpxtpx:TrackPointExtension>
            <gpxtpx:hr>139</gpxtpx:hr>
          </gpxtpx:TrackPointExtension>
        </extensions>
      </trkpt>
      <trkpt lat="22.75022466084861" lon="113.73241235780758">
        <ele>2.489052278921008</ele>
        <time>1970-01-01T00:17:18.600000Z</time>
        <extensions>
          <gpxtpx:TrackPointExtension>
            <gpxtpx:hr>139</gpxtpx:hr>
          </gpxtpx:TrackPointExtension>
        </extensions>
      </trkpt>
      <trkpt lat="22.750249215169443" lon="113.7324041587036">
        <ele>2.4398268219083548</ele>
        <time>1970-01-01T00:17:19.600000Z</time>
        <extensions>
          <gpxtpx:TrackPointExtension>
            <gpxtpx:hr>139</gpxtpx:hr>
          </gpxtpx:TrackPointExtension>
        </extensions>
      </trkpt>
      <trkpt lat="22.750274995762574" lon="113.73240191753759">
        <ele>2.390536852180958</ele>
        <time>1970-01-01T00:17:20.600000Z</time>
        <extensions>
          <gpxtpx:TrackPointExtension>
            <gpxtpx:hr>139</gpxtpx:hr>
          </gpxtpx:TrackPointExtension>
        </extensions>
      </trkpt>
      <trkpt lat="22.75030061018808" lon="113.73240589074184">
        <ele>2.347219545394182</ele>
        <time>1970-01-01T00:17:21.600000Z</time>
        <extensions>
          <gpxtpx:TrackPointExtension>
            <gpxtpx:hr>138</gpxtpx:hr>
          </gpxtpx:TrackPointExtension>
        </extensions>
      </trkpt>
      <trkpt lat="22.750325557830095" lon="113.73241555894262">
        <ele>2.3177504846826196</ele>
        <time>1970-01-01T00:17:22.600000Z</time>
        <extensions>
          <gpxtpx:TrackPointExtension>
            <gpxtpx:hr>138</gpxtpx:hr>
          </gpxtpx:TrackPointExtension>
        </extensions>
      </trkpt>
      <trkpt lat="22.750349358367483" lon="113.73242919173968">
        <ele>2.305804781615734</ele>
        <time>1970-01-01T00:17:23.600000Z</time>
        <extensions>
          <gpxtpx:TrackPointExtension>
            <gpxtpx:hr>138</gpxtpx:hr>
          </gpxtpx:TrackPointExtension>
        </extensions>
      </trkpt>
      <trkpt lat="22.750371898894016" lon="113.73244470146862">
        <ele>2.313064587302506</ele>
        <time>1970-01-01T00:17:24.600000Z</time>
        <extensions>
          <gpxtpx:TrackPointExtension>
            <gpxtpx:hr>138</gpxtpx:hr>
          </gpxtpx:TrackPointExtension>
        </extensions>
      </trkpt>
      <trkpt lat="22.750393154513574" lon="113.73246035158853">
        <ele>2.338008238002658</ele>
        <time>1970-01-01T00:17:25.600000Z</time>
        <extensions>
          <gpxtpx:TrackPointExtension>
            <gpxtpx:hr>138</gpxtpx:hr>
          </gpxtpx:TrackPointExtension>
        </extensions>
      </trkpt>
      <trkpt lat="22.750413760047348" lon="113.73247545863245">
        <ele>2.377823483198881</ele>
        <time>1970-01-01T00:17:26.600000Z</time>
        <extensions>
          <gpxtpx:TrackPointExtension>
            <gpxtpx:hr>138</gpxtpx:hr>
          </gpxtpx:TrackPointExtension>
        </extensions>
      </trkpt>
      <trkpt lat="22.750434545376788" lon="113.73248981756069">
        <ele>2.4315093336626887</ele>
        <time>1970-01-01T00:17:27.600000Z</time>
        <extensions>
          <gpxtpx:TrackPointExtension>
            <gpxtpx:hr>137</gpxtpx:hr>
          </gpxtpx:TrackPointExtension>
        </extensions>
      </trkpt>
      <trkpt lat="22.750455768914637" lon="113.73250390670746">
        <ele>2.492427625693381</ele>
        <time>1970-01-01T00:17:28.600000Z</time>
        <extensions>
          <gpxtpx:TrackPointExtension>
            <gpxtpx:hr>137</gpxtpx:hr>
          </gpxtpx:TrackPointExtension>
        </extensions>
      </trkpt>
      <trkpt lat="22.75047663485568" lon="113.73251779891869">
        <ele>2.552505969069898</ele>
        <time>1970-01-01T00:17:29.600000Z</time>
        <extensions>
          <gpxtpx:TrackPointExtension>
            <gpxtpx:hr>137</gpxtpx:hr>
          </gpxtpx:TrackPointExtension>
        </extensions>
      </trkpt>
      <trkpt lat="22.750496768278367" lon="113.73253155667797">
        <ele>2.6060314336791635</ele>
        <time>1970-01-01T00:17:30.600000Z</time>
        <extensions>
          <gpxtpx:TrackPointExtension>
            <gpxtpx:hr>137</gpxtpx:hr>
          </gpxtpx:TrackPointExtension>
        </extensions>
      </trkpt>
      <trkpt lat="22.75051669408108" lon="113.73254546529633">
        <ele>2.6489404384046793</ele>
        <time>1970-01-01T00:17:31.600000Z</time>
        <extensions>
          <gpxtpx:TrackPointExtension>
            <gpxtpx:hr>137</gpxtpx:hr>
          </gpxtpx:TrackPointExtension>
        </extensions>
      </trkpt>
      <trkpt lat="22.750536743293196" lon="113.73255983787081">
        <ele>2.676036295481026</ele>
        <time>1970-01-01T00:17:32.600000Z</time>
        <extensions>
          <gpxtpx:TrackPointExtension>
            <gpxtpx:hr>137</gpxtpx:hr>
          </gpxtpx:TrackPointExtension>
        </extensions>
      </trkpt>
      <trkpt lat="22.75055696081349" lon="113.73257492206197">
        <ele>2.682644449174404</ele>
        <time>1970-01-01T00:17:33.600000Z</time>
        <extensions>
          <gpxtpx:TrackPointExtension>
            <gpxtpx:hr>137</gpxtpx:hr>
          </gpxtpx:TrackPointExtension>
        </extensions>
      </trkpt>
      <trkpt lat="22.75057723287292" lon="113.73259062183875">
        <ele>2.6676012901589274</ele>
        <time>1970-01-01T00:17:34.600000Z</time>
        <extensions>
          <gpxtpx:TrackPointExtension>
            <gpxtpx:hr>137</gpxtpx:hr>
          </gpxtpx:TrackPointExtension>
        </extensions>
      </trkpt>
      <trkpt lat="22.750597154218916" lon="113.73260645682804">
        <ele>2.6349287666380405</ele>
        <time>1970-01-01T00:17:35.600000Z</time>
        <extensions>
          <gpxtpx:TrackPointExtension>
            <gpxtpx:hr>137</gpxtpx:hr>
          </gpxtpx:TrackPointExtension>
        </extensions>
      </trkpt>
      <trkpt lat="22.750616211048136" lon="113.732622304157">
        <ele>2.588590580970049</ele>
        <time>1970-01-01T00:17:36.600000Z</time>
        <extensions>
          <gpxtpx:TrackPointExtension>
            <gpxtpx:hr>137</gpxtpx:hr>
          </gpxtpx:TrackPointExtension>
        </extensions>
      </trkpt>
      <trkpt lat="22.750634413082487" lon="113.73263850421218">
        <ele>2.5307400338351727</ele>
        <time>1970-01-01T00:17:37.600000Z</time>
        <extensions>
          <gpxtpx:TrackPointExtension>
            <gpxtpx:hr>136</gpxtpx:hr>
          </gpxtpx:TrackPointExtension>
        </extensions>
      </trkpt>
      <trkpt lat="22.75065206495653" lon="113.73265489558965">
        <ele>2.4609492840245366</ele>
        <time>1970-01-01T00:17:38.600000Z</time>
        <extensions>
          <gpxtpx:TrackPointExtension>
            <gpxtpx:hr>136</gpxtpx:hr>
          </gpxtpx:TrackPointExtension>
        </extensions>
      </trkpt>
      <trkpt lat="22.75067015947587" lon="113.73267079243944">
        <ele>2.3841442754492164</ele>
        <time>1970-01-01T00:17:39.600000Z</time>
        <extensions>
          <gpxtpx:TrackPointExtension>
            <gpxtpx:hr>136</gpxtpx:hr>
          </gpxtpx:TrackPointExtension>
        </extensions>
      </trkpt>
      <trkpt lat="22.750689520466597" lon="113.73268532621015">
        <ele>2.3053183276206255</ele>
        <time>1970-01-01T00:17:40.600000Z</time>
        <extensions>
          <gpxtpx:TrackPointExtension>
            <gpxtpx:hr>136</gpxtpx:hr>
          </gpxtpx:TrackPointExtension>
        </extensions>
      </trkpt>
      <trkpt lat="22.750709623069593" lon="113.73269906730599">
        <ele>2.225798943080008</ele>
        <time>1970-01-01T00:17:41.600000Z</time>
        <extensions>
          <gpxtpx:TrackPointExtension>
            <gpxtpx:hr>136</gpxtpx:hr>
          </gpxtpx:TrackPointExtension>
        </extensions>
      </trkpt>
      <trkpt lat="22.750729258247784" lon="113.73271301735205">
        <ele>2.1458512358367443</ele>
        <time>1970-01-01T00:17:42.600000Z</time>
        <extensions>
          <gpxtpx:TrackPointExtension>
            <gpxtpx:hr>136</gpxtpx:hr>
          </gpxtpx:TrackPointExtension>
        </extensions>
      </trkpt>
      <trkpt lat="22.750748126196584" lon="113.73272766680404">
        <ele>2.065509374253452</ele>
        <time>1970-01-01T00:17:43.600000Z</time>
        <extensions>
          <gpxtpx:TrackPointExtension>
            <gpxtpx:hr>136</gpxtpx:hr>
          </gpxtpx:TrackPointExtension>
        </extensions>
      </trkpt>
      <trkpt lat="22.750766341411857" lon="113.73274262590095">
        <ele>1.9881958598271012</ele>
        <time>1970-01-01T00:17:44.600000Z</time>
        <extensions>
          <gpxtpx:TrackPointExtension>
            <gpxtpx:hr>136</gpxtpx:hr>
          </gpxtpx:TrackPointExtension>
        </extensions>
      </trkpt>
      <trkpt lat="22.750784445672284" lon="113.7327576353182">
        <ele>1.9168280409649014</ele>
        <time>1970-01-01T00:17:45.600000Z</time>
        <extensions>
          <gpxtpx:TrackPointExtension>
            <gpxtpx:hr>136</gpxtpx:hr>
          </gpxtpx:TrackPointExtension>
        </extensions>
      </trkpt>
      <trkpt lat="22.750803006500682" lon="113.73277308505152">
        <ele>1.852573737502098</ele>
        <time>1970-01-01T00:17:46.600000Z</time>
        <extensions>
          <gpxtpx:TrackPointExtension>
            <gpxtpx:hr>136</gpxtpx:hr>
          </gpxtpx:TrackPointExtension>
        </extensions>
      </trkpt>
      <trkpt lat="22.75082255774707" lon="113.73278923526328">
        <ele>1.7991369655355811</ele>
        <time>1970-01-01T00:17:47.600000Z</time>
        <extensions>
          <gpxtpx:TrackPointExtension>
            <gpxtpx:hr>136</gpxtpx:hr>
          </gpxtpx:TrackPointExtension>
        </extensions>
      </trkpt>
      <trkpt lat="22.75084298943199" lon="113.73280559799247">
        <ele>1.7592879571020603</ele>
        <time>1970-01-01T00:17:48.600000Z</time>
        <extensions>
          <gpxtpx:TrackPointExtension>
            <gpxtpx:hr>136</gpxtpx:hr>
          </gpxtpx:TrackPointExtension>
        </extensions>
      </trkpt>
      <trkpt lat="22.7508633949794" lon="113.73282179561836">
        <ele>1.7326232669875026</ele>
        <time>1970-01-01T00:17:49.600000Z</time>
        <extensions>
          <gpxtpx:TrackPointExtension>
            <gpxtpx:hr>136</gpxtpx:hr>
          </gpxtpx:TrackPointExtension>
        </extensions>
      </trkpt>
      <trkpt lat="22.750883242320317" lon="113.73283777112572">
        <ele>1.7171749006956816</ele>
        <time>1970-01-01T00:17:50.600000Z</time>
        <extensions>
          <gpxtpx:TrackPointExtension>
            <gpxtpx:hr>136</gpxtpx:hr>
          </gpxtpx:TrackPointExtension>
        </extensions>
      </trkpt>
      <trkpt lat="22.75090277676746" lon="113.73285397487112">
        <ele>1.707299736328423</ele>
        <time>1970-01-01T00:17:51.600000Z</time>
        <extensions>
          <gpxtpx:TrackPointExtension>
            <gpxtpx:hr>136</gpxtpx:hr>
          </gpxtpx:TrackPointExtension>
        </extensions>
      </trkpt>
      <trkpt lat="22.75092267901991" lon="113.73286978356121">
        <ele>1.6961079416796565</ele>
        <time>1970-01-01T00:17:52.600000Z</time>
        <extensions>
          <gpxtpx:TrackPointExtension>
            <gpxtpx:hr>136</gpxtpx:hr>
          </gpxtpx:TrackPointExtension>
        </extensions>
      </trkpt>
      <trkpt lat="22.750943798376184" lon="113.73288396843307">
        <ele>1.6795147201046348</ele>
        <time>1970-01-01T00:17:53.600000Z</time>
        <extensions>
          <gpxtpx:TrackPointExtension>
            <gpxtpx:hr>136</gpxtpx:hr>
          </gpxtpx:TrackPointExtension>
        </extensions>
      </trkpt>
      <trkpt lat="22.750965789956744" lon="113.73289699709795">
        <ele>1.6543668424710631</ele>
        <time>1970-01-01T00:17:54.600000Z</time>
        <extensions>
          <gpxtpx:TrackPointExtension>
            <gpxtpx:hr>137</gpxtpx:hr>
          </gpxtpx:TrackPointExtension>
        </extensions>
      </trkpt>
      <trkpt lat="22.750987638289562" lon="113.7329107681467">
        <ele>1.6193674160167575</ele>
        <time>1970-01-01T00:17:55.600000Z</time>
        <extensions>
          <gpxtpx:TrackPointExtension>
            <gpxtpx:hr>137</gpxtpx:hr>
          </gpxtpx:TrackPointExtension>
        </extensions>
      </trkpt>
      <trkpt lat="22.751009320446695" lon="113.7329263734402">
        <ele>1.5749631887301803</ele>
        <time>1970-01-01T00:17:56.600000Z</time>
        <extensions>
          <gpxtpx:TrackPointExtension>
            <gpxtpx:hr>137</gpxtpx:hr>
          </gpxtpx:TrackPointExtension>
        </extensions>
      </trkpt>
      <trkpt lat="22.751030790041025" lon="113.73294318726185">
        <ele>1.5231715384870768</ele>
        <time>1970-01-01T00:17:57.600000Z</time>
        <extensions>
          <gpxtpx:TrackPointExtension>
            <gpxtpx:hr>137</gpxtpx:hr>
          </gpxtpx:TrackPointExtension>
        </extensions>
      </trkpt>
      <trkpt lat="22.751052318873196" lon="113.73296041474393">
        <ele>1.4681648667901754</ele>
        <time>1970-01-01T00:17:58.600000Z</time>
        <extensions>
          <gpxtpx:TrackPointExtension>
            <gpxtpx:hr>137</gpxtpx:hr>
          </gpxtpx:TrackPointExtension>
        </extensions>
      </trkpt>
      <trkpt lat="22.75107399071317" lon="113.7329773400597">
        <ele>1.4147229734808207</ele>
        <time>1970-01-01T00:17:59.600000Z</time>
        <extensions>
          <gpxtpx:TrackPointExtension>
            <gpxtpx:hr>137</gpxtpx:hr>
          </gpxtpx:TrackPointExtension>
        </extensions>
      </trkpt>
      <trkpt lat="22.75109601119172" lon="113.73299420819272">
        <ele>1.3648786516860127</ele>
        <time>1970-01-01T00:18:00.600000Z</time>
        <extensions>
          <gpxtpx:TrackPointExtension>
            <gpxtpx:hr>137</gpxtpx:hr>
          </gpxtpx:TrackPointExtension>
        </extensions>
      </trkpt>
      <trkpt lat="22.751118076275883" lon="113.73301101510071">
        <ele>1.3209466598927975</ele>
        <time>1970-01-01T00:18:01.600000Z</time>
        <extensions>
          <gpxtpx:TrackPointExtension>
            <gpxtpx:hr>137</gpxtpx:hr>
          </gpxtpx:TrackPointExtension>
        </extensions>
      </trkpt>
      <trkpt lat="22.75113942918829" lon="113.73302760709127">
        <ele>1.2874641316011548</ele>
        <time>1970-01-01T00:18:02.600000Z</time>
        <extensions>
          <gpxtpx:TrackPointExtension>
            <gpxtpx:hr>137</gpxtpx:hr>
          </gpxtpx:TrackPointExtension>
        </extensions>
      </trkpt>
      <trkpt lat="22.751160192758068" lon="113.73304383674511">
        <ele>1.2705042231827974</ele>
        <time>1970-01-01T00:18:03.600000Z</time>
        <extensions>
          <gpxtpx:TrackPointExtension>
            <gpxtpx:hr>137</gpxtpx:hr>
          </gpxtpx:TrackPointExtension>
        </extensions>
      </trkpt>
      <trkpt lat="22.751180910137393" lon="113.73305959609709">
        <ele>1.2741275373846292</ele>
        <time>1970-01-01T00:18:04.600000Z</time>
        <extensions>
          <gpxtpx:TrackPointExtension>
            <gpxtpx:hr>137</gpxtpx:hr>
          </gpxtpx:TrackPointExtension>
        </extensions>
      </trkpt>
      <trkpt lat="22.751201880482302" lon="113.73307533102556">
        <ele>1.3005418432876468</ele>
        <time>1970-01-01T00:18:05.600000Z</time>
        <extensions>
          <gpxtpx:TrackPointExtension>
            <gpxtpx:hr>137</gpxtpx:hr>
          </gpxtpx:TrackPointExtension>
        </extensions>
      </trkpt>
      <trkpt lat="22.751222825896974" lon="113.73309134620142">
        <ele>1.347808095626533</ele>
        <time>1970-01-01T00:18:06.600000Z</time>
        <extensions>
          <gpxtpx:TrackPointExtension>
            <gpxtpx:hr>137</gpxtpx:hr>
          </gpxtpx:TrackPointExtension>
        </extensions>
      </trkpt>
      <trkpt lat="22.751243827852537" lon="113.73310770994122">
        <ele>1.4120157985016704</ele>
        <time>1970-01-01T00:18:07.600000Z</time>
        <extensions>
          <gpxtpx:TrackPointExtension>
            <gpxtpx:hr>137</gpxtpx:hr>
          </gpxtpx:TrackPointExtension>
        </extensions>
      </trkpt>
      <trkpt lat="22.751264688461884" lon="113.7331238465422">
        <ele>1.4877865482121706</ele>
        <time>1970-01-01T00:18:08.600000Z</time>
        <extensions>
          <gpxtpx:TrackPointExtension>
            <gpxtpx:hr>142</gpxtpx:hr>
          </gpxtpx:TrackPointExtension>
        </extensions>
      </trkpt>
      <trkpt lat="22.751285521844228" lon="113.73313998911405">
        <ele>1.5715876361355186</ele>
        <time>1970-01-01T00:18:09.600000Z</time>
        <extensions>
          <gpxtpx:TrackPointExtension>
            <gpxtpx:hr>142</gpxtpx:hr>
          </gpxtpx:TrackPointExtension>
        </extensions>
      </trkpt>
      <trkpt lat="22.751306495547897" lon="113.73315643998231">
        <ele>1.6638702489435673</ele>
        <time>1970-01-01T00:18:10.600000Z</time>
        <extensions>
          <gpxtpx:TrackPointExtension>
            <gpxtpx:hr>142</gpxtpx:hr>
          </gpxtpx:TrackPointExtension>
        </extensions>
      </trkpt>
      <trkpt lat="22.751327240134312" lon="113.73317274633918">
        <ele>1.7640209700912237</ele>
        <time>1970-01-01T00:18:11.600000Z</time>
        <extensions>
          <gpxtpx:TrackPointExtension>
            <gpxtpx:hr>142</gpxtpx:hr>
          </gpxtpx:TrackPointExtension>
        </extensions>
      </trkpt>
      <trkpt lat="22.751347834422614" lon="113.73318882897982">
        <ele>1.8705806164070964</ele>
        <time>1970-01-01T00:18:12.600000Z</time>
        <extensions>
          <gpxtpx:TrackPointExtension>
            <gpxtpx:hr>142</gpxtpx:hr>
          </gpxtpx:TrackPointExtension>
        </extensions>
      </trkpt>
      <trkpt lat="22.751368955804285" lon="113.7332050711921">
        <ele>1.9797615800052881</ele>
        <time>1970-01-01T00:18:13.600000Z</time>
        <extensions>
          <gpxtpx:TrackPointExtension>
            <gpxtpx:hr>142</gpxtpx:hr>
          </gpxtpx:TrackPointExtension>
        </extensions>
      </trkpt>
      <trkpt lat="22.75139091239834" lon="113.733221655408">
        <ele>2.0852363239973783</ele>
        <time>1970-01-01T00:18:14.600000Z</time>
        <extensions>
          <gpxtpx:TrackPointExtension>
            <gpxtpx:hr>144</gpxtpx:hr>
          </gpxtpx:TrackPointExtension>
        </extensions>
      </trkpt>
      <trkpt lat="22.75141304605992" lon="113.73323786265489">
        <ele>2.182280112989247</ele>
        <time>1970-01-01T00:18:15.600000Z</time>
        <extensions>
          <gpxtpx:TrackPointExtension>
            <gpxtpx:hr>144</gpxtpx:hr>
          </gpxtpx:TrackPointExtension>
        </extensions>
      </trkpt>
      <trkpt lat="22.75143476552621" lon="113.73325333957816">
        <ele>2.2694210913032293</ele>
        <time>1970-01-01T00:18:16.600000Z</time>
        <extensions>
          <gpxtpx:TrackPointExtension>
            <gpxtpx:hr>144</gpxtpx:hr>
          </gpxtpx:TrackPointExtension>
        </extensions>
      </trkpt>
      <trkpt lat="22.751456023349107" lon="113.73326859866759">
        <ele>2.346098023466766</ele>
        <time>1970-01-01T00:18:17.600000Z</time>
        <extensions>
          <gpxtpx:TrackPointExtension>
            <gpxtpx:hr>144</gpxtpx:hr>
          </gpxtpx:TrackPointExtension>
        </extensions>
      </trkpt>
      <trkpt lat="22.751477040314462" lon="113.73328371799349">
        <ele>2.4131886456161737</ele>
        <time>1970-01-01T00:18:18.600000Z</time>
        <extensions>
          <gpxtpx:TrackPointExtension>
            <gpxtpx:hr>144</gpxtpx:hr>
          </gpxtpx:TrackPointExtension>
        </extensions>
      </trkpt>
      <trkpt lat="22.751498293914707" lon="113.73329935906845">
        <ele>2.4733853228390217</ele>
        <time>1970-01-01T00:18:19.600000Z</time>
        <extensions>
          <gpxtpx:TrackPointExtension>
            <gpxtpx:hr>144</gpxtpx:hr>
          </gpxtpx:TrackPointExtension>
        </extensions>
      </trkpt>
      <trkpt lat="22.75151943498735" lon="113.73331547952523">
        <ele>2.528408574871719</ele>
        <time>1970-01-01T00:18:20.600000Z</time>
        <extensions>
          <gpxtpx:TrackPointExtension>
            <gpxtpx:hr>144</gpxtpx:hr>
          </gpxtpx:TrackPointExtension>
        </extensions>
      </trkpt>
      <trkpt lat="22.75154027266452" lon="113.73333185507963">
        <ele>2.578174856491387</ele>
        <time>1970-01-01T00:18:21.600000Z</time>
        <extensions>
          <gpxtpx:TrackPointExtension>
            <gpxtpx:hr>144</gpxtpx:hr>
          </gpxtpx:TrackPointExtension>
        </extensions>
      </trkpt>
      <trkpt lat="22.751561109716054" lon="113.73334861199538">
        <ele>2.622577148489654</ele>
        <time>1970-01-01T00:18:22.600000Z</time>
        <extensions>
          <gpxtpx:TrackPointExtension>
            <gpxtpx:hr>143</gpxtpx:hr>
          </gpxtpx:TrackPointExtension>
        </extensions>
      </trkpt>
      <trkpt lat="22.751582256179034" lon="113.73336542326649">
        <ele>2.6607834799215198</ele>
        <time>1970-01-01T00:18:23.600000Z</time>
        <extensions>
          <gpxtpx:TrackPointExtension>
            <gpxtpx:hr>143</gpxtpx:hr>
          </gpxtpx:TrackPointExtension>
        </extensions>
      </trkpt>
      <trkpt lat="22.751604273460377" lon="113.73338218808172">
        <ele>2.690182365477085</ele>
        <time>1970-01-01T00:18:24.600000Z</time>
        <extensions>
          <gpxtpx:TrackPointExtension>
            <gpxtpx:hr>143</gpxtpx:hr>
          </gpxtpx:TrackPointExtension>
        </extensions>
      </trkpt>
      <trkpt lat="22.751626521847225" lon="113.73339850697981">
        <ele>2.707125506363809</ele>
        <time>1970-01-01T00:18:25.600000Z</time>
        <extensions>
          <gpxtpx:TrackPointExtension>
            <gpxtpx:hr>143</gpxtpx:hr>
          </gpxtpx:TrackPointExtension>
        </extensions>
      </trkpt>
      <trkpt lat="22.75164878475406" lon="113.7334143981453">
        <ele>2.7091683726757765</ele>
        <time>1970-01-01T00:18:26.600000Z</time>
        <extensions>
          <gpxtpx:TrackPointExtension>
            <gpxtpx:hr>143</gpxtpx:hr>
          </gpxtpx:TrackPointExtension>
        </extensions>
      </trkpt>
      <trkpt lat="22.751670904898216" lon="113.73343009150942">
        <ele>2.696870096027851</ele>
        <time>1970-01-01T00:18:27.600000Z</time>
        <extensions>
          <gpxtpx:TrackPointExtension>
            <gpxtpx:hr>143</gpxtpx:hr>
          </gpxtpx:TrackPointExtension>
        </extensions>
      </trkpt>
      <trkpt lat="22.751692687131023" lon="113.73344614673529">
        <ele>2.671247116290033</ele>
        <time>1970-01-01T00:18:28.600000Z</time>
        <extensions>
          <gpxtpx:TrackPointExtension>
            <gpxtpx:hr>143</gpxtpx:hr>
          </gpxtpx:TrackPointExtension>
        </extensions>
      </trkpt>
      <trkpt lat="22.751714001306613" lon="113.7334624934001">
        <ele>2.637388384900987</ele>
        <time>1970-01-01T00:18:29.600000Z</time>
        <extensions>
          <gpxtpx:TrackPointExtension>
            <gpxtpx:hr>142</gpxtpx:hr>
          </gpxtpx:TrackPointExtension>
        </extensions>
      </trkpt>
      <trkpt lat="22.75173477497597" lon="113.73347909701215">
        <ele>2.600886191241443</ele>
        <time>1970-01-01T00:18:30.600000Z</time>
        <extensions>
          <gpxtpx:TrackPointExtension>
            <gpxtpx:hr>142</gpxtpx:hr>
          </gpxtpx:TrackPointExtension>
        </extensions>
      </trkpt>
      <trkpt lat="22.751755002491723" lon="113.73349586719169">
        <ele>2.563757852651179</ele>
        <time>1970-01-01T00:18:31.600000Z</time>
        <extensions>
          <gpxtpx:TrackPointExtension>
            <gpxtpx:hr>142</gpxtpx:hr>
          </gpxtpx:TrackPointExtension>
        </extensions>
      </trkpt>
      <trkpt lat="22.75177485503522" lon="113.73351194953423">
        <ele>2.5284119891002774</ele>
        <time>1970-01-01T00:18:32.600000Z</time>
        <extensions>
          <gpxtpx:TrackPointExtension>
            <gpxtpx:hr>141</gpxtpx:hr>
          </gpxtpx:TrackPointExtension>
        </extensions>
      </trkpt>
      <trkpt lat="22.751795305116723" lon="113.73352708513193">
        <ele>2.4970251712948084</ele>
        <time>1970-01-01T00:18:33.600000Z</time>
        <extensions>
          <gpxtpx:TrackPointExtension>
            <gpxtpx:hr>141</gpxtpx:hr>
          </gpxtpx:TrackPointExtension>
        </extensions>
      </trkpt>
      <trkpt lat="22.751816627064887" lon="113.7335417366157">
        <ele>2.4705873113125563</ele>
        <time>1970-01-01T00:18:34.600000Z</time>
        <extensions>
          <gpxtpx:TrackPointExtension>
            <gpxtpx:hr>141</gpxtpx:hr>
          </gpxtpx:TrackPointExtension>
        </extensions>
      </trkpt>
      <trkpt lat="22.751838828880878" lon="113.7335567379109">
        <ele>2.4524357626214623</ele>
        <time>1970-01-01T00:18:35.600000Z</time>
        <extensions>
          <gpxtpx:TrackPointExtension>
            <gpxtpx:hr>141</gpxtpx:hr>
          </gpxtpx:TrackPointExtension>
        </extensions>
      </trkpt>
      <trkpt lat="22.751861183652235" lon="113.7335723158584">
        <ele>2.447404525242746</ele>
        <time>1970-01-01T00:18:36.600000Z</time>
        <extensions>
          <gpxtpx:TrackPointExtension>
            <gpxtpx:hr>141</gpxtpx:hr>
          </gpxtpx:TrackPointExtension>
        </extensions>
      </trkpt>
      <trkpt lat="22.75188325882408" lon="113.73358794540707">
        <ele>2.4562540194019675</ele>
        <time>1970-01-01T00:18:37.600000Z</time>
        <extensions>
          <gpxtpx:TrackPointExtension>
            <gpxtpx:hr>141</gpxtpx:hr>
          </gpxtpx:TrackPointExtension>
        </extensions>
      </trkpt>
      <trkpt lat="22.75190536550024" lon="113.73360293608673">
        <ele>2.4767448557540774</ele>
        <time>1970-01-01T00:18:38.600000Z</time>
        <extensions>
          <gpxtpx:TrackPointExtension>
            <gpxtpx:hr>141</gpxtpx:hr>
          </gpxtpx:TrackPointExtension>
        </extensions>
      </trkpt>
      <trkpt lat="22.75192763943179" lon="113.73361703893659">
        <ele>2.506384475156665</ele>
        <time>1970-01-01T00:18:39.600000Z</time>
        <extensions>
          <gpxtpx:TrackPointExtension>
            <gpxtpx:hr>141</gpxtpx:hr>
          </gpxtpx:TrackPointExtension>
        </extensions>
      </trkpt>
      <trkpt lat="22.751950184117582" lon="113.73363054704663">
        <ele>2.5429805433377624</ele>
        <time>1970-01-01T00:18:40.600000Z</time>
        <extensions>
          <gpxtpx:TrackPointExtension>
            <gpxtpx:hr>141</gpxtpx:hr>
          </gpxtpx:TrackPointExtension>
        </extensions>
      </trkpt>
      <trkpt lat="22.75197232432164" lon="113.73364373234409">
        <ele>2.5873519014567137</ele>
        <time>1970-01-01T00:18:41.600000Z</time>
        <extensions>
          <gpxtpx:TrackPointExtension>
            <gpxtpx:hr>141</gpxtpx:hr>
          </gpxtpx:TrackPointExtension>
        </extensions>
      </trkpt>
      <trkpt lat="22.75199376029343" lon="113.73365722666325">
        <ele>2.643543476238847</ele>
        <time>1970-01-01T00:18:42.600000Z</time>
        <extensions>
          <gpxtpx:TrackPointExtension>
            <gpxtpx:hr>141</gpxtpx:hr>
          </gpxtpx:TrackPointExtension>
        </extensions>
      </trkpt>
      <trkpt lat="22.752014926940255" lon="113.73367122378309">
        <ele>2.7185578159987926</ele>
        <time>1970-01-01T00:18:43.600000Z</time>
        <extensions>
          <gpxtpx:TrackPointExtension>
            <gpxtpx:hr>141</gpxtpx:hr>
          </gpxtpx:TrackPointExtension>
        </extensions>
      </trkpt>
      <trkpt lat="22.75203663144692" lon="113.73368466676637">
        <ele>2.8207620941102505</ele>
        <time>1970-01-01T00:18:44.600000Z</time>
        <extensions>
          <gpxtpx:TrackPointExtension>
            <gpxtpx:hr>141</gpxtpx:hr>
          </gpxtpx:TrackPointExtension>
        </extensions>
      </trkpt>
      <trkpt lat="22.75205903034464" lon="113.73369693607582">
        <ele>2.950901032425463</ele>
        <time>1970-01-01T00:18:45.600000Z</time>
        <extensions>
          <gpxtpx:TrackPointExtension>
            <gpxtpx:hr>141</gpxtpx:hr>
          </gpxtpx:TrackPointExtension>
        </extensions>
      </trkpt>
      <trkpt lat="22.752082221114982" lon="113.73370966511732">
        <ele>3.101764677092433</ele>
        <time>1970-01-01T00:18:46.600000Z</time>
        <extensions>
          <gpxtpx:TrackPointExtension>
            <gpxtpx:hr>141</gpxtpx:hr>
          </gpxtpx:TrackPointExtension>
        </extensions>
      </trkpt>
      <trkpt lat="22.75210577805913" lon="113.73372407994437">
        <ele>3.267829871736467</ele>
        <time>1970-01-01T00:18:47.600000Z</time>
        <extensions>
          <gpxtpx:TrackPointExtension>
            <gpxtpx:hr>141</gpxtpx:hr>
          </gpxtpx:TrackPointExtension>
        </extensions>
      </trkpt>
      <trkpt lat="22.752129132871776" lon="113.73373989807762">
        <ele>3.4462653417140245</ele>
        <time>1970-01-01T00:18:48.600000Z</time>
        <extensions>
          <gpxtpx:TrackPointExtension>
            <gpxtpx:hr>141</gpxtpx:hr>
          </gpxtpx:TrackPointExtension>
        </extensions>
      </trkpt>
      <trkpt lat="22.75215283772452" lon="113.73375619895828">
        <ele>3.635445556603372</ele>
        <time>1970-01-01T00:18:49.600000Z</time>
        <extensions>
          <gpxtpx:TrackPointExtension>
            <gpxtpx:hr>141</gpxtpx:hr>
          </gpxtpx:TrackPointExtension>
        </extensions>
      </trkpt>
      <trkpt lat="22.752176790062496" lon="113.73377241808062">
        <ele>3.8284330517053604</ele>
        <time>1970-01-01T00:18:50.600000Z</time>
        <extensions>
          <gpxtpx:TrackPointExtension>
            <gpxtpx:hr>141</gpxtpx:hr>
          </gpxtpx:TrackPointExtension>
        </extensions>
      </trkpt>
      <trkpt lat="22.752200398837296" lon="113.73378865648617">
        <ele>4.018331125378609</ele>
        <time>1970-01-01T00:18:51.600000Z</time>
        <extensions>
          <gpxtpx:TrackPointExtension>
            <gpxtpx:hr>140</gpxtpx:hr>
          </gpxtpx:TrackPointExtension>
        </extensions>
      </trkpt>
      <trkpt lat="22.752223201861227" lon="113.73380444555553">
        <ele>4.192921774461865</ele>
        <time>1970-01-01T00:18:52.600000Z</time>
        <extensions>
          <gpxtpx:TrackPointExtension>
            <gpxtpx:hr>140</gpxtpx:hr>
          </gpxtpx:TrackPointExtension>
        </extensions>
      </trkpt>
      <trkpt lat="22.75224531720636" lon="113.73381963843352">
        <ele>4.336394906044006</ele>
        <time>1970-01-01T00:18:53.600000Z</time>
        <extensions>
          <gpxtpx:TrackPointExtension>
            <gpxtpx:hr>140</gpxtpx:hr>
          </gpxtpx:TrackPointExtension>
        </extensions>
      </trkpt>
      <trkpt lat="22.752266959491894" lon="113.73383449037723">
        <ele>4.432224874384701</ele>
        <time>1970-01-01T00:18:54.600000Z</time>
        <extensions>
          <gpxtpx:TrackPointExtension>
            <gpxtpx:hr>140</gpxtpx:hr>
          </gpxtpx:TrackPointExtension>
        </extensions>
      </trkpt>
      <trkpt lat="22.752288411076954" lon="113.73385066791295">
        <ele>4.469763787463307</ele>
        <time>1970-01-01T00:18:55.600000Z</time>
        <extensions>
          <gpxtpx:TrackPointExtension>
            <gpxtpx:hr>140</gpxtpx:hr>
          </gpxtpx:TrackPointExtension>
        </extensions>
      </trkpt>
      <trkpt lat="22.752309430497306" lon="113.73386873847713">
        <ele>4.447159579023719</ele>
        <time>1970-01-01T00:18:56.600000Z</time>
        <extensions>
          <gpxtpx:TrackPointExtension>
            <gpxtpx:hr>140</gpxtpx:hr>
          </gpxtpx:TrackPointExtension>
        </extensions>
      </trkpt>
      <trkpt lat="22.752330070079754" lon="113.73388758510221">
        <ele>4.37057697493583</ele>
        <time>1970-01-01T00:18:57.600000Z</time>
        <extensions>
          <gpxtpx:TrackPointExtension>
            <gpxtpx:hr>140</gpxtpx:hr>
          </gpxtpx:TrackPointExtension>
        </extensions>
      </trkpt>
      <trkpt lat="22.752350429137596" lon="113.73390605568589">
        <ele>4.249802499078214</ele>
        <time>1970-01-01T00:18:58.600000Z</time>
        <extensions>
          <gpxtpx:TrackPointExtension>
            <gpxtpx:hr>140</gpxtpx:hr>
          </gpxtpx:TrackPointExtension>
        </extensions>
      </trkpt>
      <trkpt lat="22.75237039733307" lon="113.73392388333404">
        <ele>4.096598414704204</ele>
        <time>1970-01-01T00:18:59.600000Z</time>
        <extensions>
          <gpxtpx:TrackPointExtension>
            <gpxtpx:hr>140</gpxtpx:hr>
          </gpxtpx:TrackPointExtension>
        </extensions>
      </trkpt>
      <trkpt lat="22.752389945699864" lon="113.7339414027839">
        <ele>3.9268998876214027</ele>
        <time>1970-01-01T00:19:00.600000Z</time>
        <extensions>
          <gpxtpx:TrackPointExtension>
            <gpxtpx:hr>140</gpxtpx:hr>
          </gpxtpx:TrackPointExtension>
        </extensions>
      </trkpt>
      <trkpt lat="22.752408739511452" lon="113.73395850654565">
        <ele>3.7548643480986357</ele>
        <time>1970-01-01T00:19:01.600000Z</time>
        <extensions>
          <gpxtpx:TrackPointExtension>
            <gpxtpx:hr>140</gpxtpx:hr>
          </gpxtpx:TrackPointExtension>
        </extensions>
      </trkpt>
      <trkpt lat="22.752427256391325" lon="113.73397546417108">
        <ele>3.5913828210905194</ele>
        <time>1970-01-01T00:19:02.600000Z</time>
        <extensions>
          <gpxtpx:TrackPointExtension>
            <gpxtpx:hr>140</gpxtpx:hr>
          </gpxtpx:TrackPointExtension>
        </extensions>
      </trkpt>
      <trkpt lat="22.7524457879304" lon="113.73399211280672">
        <ele>3.4442906975746155</ele>
        <time>1970-01-01T00:19:03.600000Z</time>
        <extensions>
          <gpxtpx:TrackPointExtension>
            <gpxtpx:hr>140</gpxtpx:hr>
          </gpxtpx:TrackPointExtension>
        </extensions>
      </trkpt>
      <trkpt lat="22.752465053464768" lon="113.734008375957">
        <ele>3.318039664067328</ele>
        <time>1970-01-01T00:19:04.600000Z</time>
        <extensions>
          <gpxtpx:TrackPointExtension>
            <gpxtpx:hr>140</gpxtpx:hr>
          </gpxtpx:TrackPointExtension>
        </extensions>
      </trkpt>
      <trkpt lat="22.752485539710165" lon="113.73402442292506">
        <ele>3.214320922270417</ele>
        <time>1970-01-01T00:19:05.600000Z</time>
        <extensions>
          <gpxtpx:TrackPointExtension>
            <gpxtpx:hr>140</gpxtpx:hr>
          </gpxtpx:TrackPointExtension>
        </extensions>
      </trkpt>
      <trkpt lat="22.752506836932472" lon="113.73404082027089">
        <ele>3.132020221091807</ele>
        <time>1970-01-01T00:19:06.600000Z</time>
        <extensions>
          <gpxtpx:TrackPointExtension>
            <gpxtpx:hr>140</gpxtpx:hr>
          </gpxtpx:TrackPointExtension>
        </extensions>
      </trkpt>
      <trkpt lat="22.75252801670228" lon="113.73405751909002">
        <ele>3.0706782480701804</ele>
        <time>1970-01-01T00:19:07.600000Z</time>
        <extensions>
          <gpxtpx:TrackPointExtension>
            <gpxtpx:hr>141</gpxtpx:hr>
          </gpxtpx:TrackPointExtension>
        </extensions>
      </trkpt>
      <trkpt lat="22.75254849517996" lon="113.73407370314996">
        <ele>3.0310522885993123</ele>
        <time>1970-01-01T00:19:08.600000Z</time>
        <extensions>
          <gpxtpx:TrackPointExtension>
            <gpxtpx:hr>141</gpxtpx:hr>
          </gpxtpx:TrackPointExtension>
        </extensions>
      </trkpt>
      <trkpt lat="22.7525688974391" lon="113.73408934947031">
        <ele>3.0091631757095456</ele>
        <time>1970-01-01T00:19:09.600000Z</time>
        <extensions>
          <gpxtpx:TrackPointExtension>
            <gpxtpx:hr>141</gpxtpx:hr>
          </gpxtpx:TrackPointExtension>
        </extensions>
      </trkpt>
      <trkpt lat="22.752590134920258" lon="113.73410478758804">
        <ele>2.9983493890613317</ele>
        <time>1970-01-01T00:19:10.600000Z</time>
        <extensions>
          <gpxtpx:TrackPointExtension>
            <gpxtpx:hr>141</gpxtpx:hr>
          </gpxtpx:TrackPointExtension>
        </extensions>
      </trkpt>
      <trkpt lat="22.75261226623779" lon="113.73412056318855">
        <ele>2.993915608152747</ele>
        <time>1970-01-01T00:19:11.600000Z</time>
        <extensions>
          <gpxtpx:TrackPointExtension>
            <gpxtpx:hr>142</gpxtpx:hr>
          </gpxtpx:TrackPointExtension>
        </extensions>
      </trkpt>
      <trkpt lat="22.752633898746364" lon="113.73413670009289">
        <ele>2.992314899340272</ele>
        <time>1970-01-01T00:19:12.600000Z</time>
        <extensions>
          <gpxtpx:TrackPointExtension>
            <gpxtpx:hr>142</gpxtpx:hr>
          </gpxtpx:TrackPointExtension>
        </extensions>
      </trkpt>
      <trkpt lat="22.75265448758352" lon="113.7341529550202">
        <ele>2.9889973429962993</ele>
        <time>1970-01-01T00:19:13.600000Z</time>
        <extensions>
          <gpxtpx:TrackPointExtension>
            <gpxtpx:hr>142</gpxtpx:hr>
          </gpxtpx:TrackPointExtension>
        </extensions>
      </trkpt>
      <trkpt lat="22.752675096455267" lon="113.73416911135679">
        <ele>2.978645918890834</ele>
        <time>1970-01-01T00:19:14.600000Z</time>
        <extensions>
          <gpxtpx:TrackPointExtension>
            <gpxtpx:hr>142</gpxtpx:hr>
          </gpxtpx:TrackPointExtension>
        </extensions>
      </trkpt>
      <trkpt lat="22.752696240871913" lon="113.73418451786283">
        <ele>2.959815883077681</ele>
        <time>1970-01-01T00:19:15.600000Z</time>
        <extensions>
          <gpxtpx:TrackPointExtension>
            <gpxtpx:hr>142</gpxtpx:hr>
          </gpxtpx:TrackPointExtension>
        </extensions>
      </trkpt>
      <trkpt lat="22.75271806155154" lon="113.73419954737683">
        <ele>2.936707403510809</ele>
        <time>1970-01-01T00:19:16.600000Z</time>
        <extensions>
          <gpxtpx:TrackPointExtension>
            <gpxtpx:hr>142</gpxtpx:hr>
          </gpxtpx:TrackPointExtension>
        </extensions>
      </trkpt>
      <trkpt lat="22.75273954735882" lon="113.73421497657657">
        <ele>2.912850516848266</ele>
        <time>1970-01-01T00:19:17.600000Z</time>
        <extensions>
          <gpxtpx:TrackPointExtension>
            <gpxtpx:hr>142</gpxtpx:hr>
          </gpxtpx:TrackPointExtension>
        </extensions>
      </trkpt>
      <trkpt lat="22.752759621541962" lon="113.73423095919613">
        <ele>2.888778974302113</ele>
        <time>1970-01-01T00:19:18.600000Z</time>
        <extensions>
          <gpxtpx:TrackPointExtension>
            <gpxtpx:hr>142</gpxtpx:hr>
          </gpxtpx:TrackPointExtension>
        </extensions>
      </trkpt>
      <trkpt lat="22.752778956392476" lon="113.73424672669975">
        <ele>2.865642582066357</ele>
        <time>1970-01-01T00:19:19.600000Z</time>
        <extensions>
          <gpxtpx:TrackPointExtension>
            <gpxtpx:hr>142</gpxtpx:hr>
          </gpxtpx:TrackPointExtension>
        </extensions>
      </trkpt>
      <trkpt lat="22.752798765348103" lon="113.73426158146036">
        <ele>2.843999110162258</ele>
        <time>1970-01-01T00:19:20.600000Z</time>
        <extensions>
          <gpxtpx:TrackPointExtension>
            <gpxtpx:hr>142</gpxtpx:hr>
          </gpxtpx:TrackPointExtension>
        </extensions>
      </trkpt>
      <trkpt lat="22.752819649656267" lon="113.73427610111523">
        <ele>2.8228523107245564</ele>
        <time>1970-01-01T00:19:21.600000Z</time>
        <extensions>
          <gpxtpx:TrackPointExtension>
            <gpxtpx:hr>142</gpxtpx:hr>
          </gpxtpx:TrackPointExtension>
        </extensions>
      </trkpt>
      <trkpt lat="22.75284118126981" lon="113.7342916664974">
        <ele>2.7953750006854534</ele>
        <time>1970-01-01T00:19:22.600000Z</time>
        <extensions>
          <gpxtpx:TrackPointExtension>
            <gpxtpx:hr>142</gpxtpx:hr>
          </gpxtpx:TrackPointExtension>
        </extensions>
      </trkpt>
      <trkpt lat="22.75286276817819" lon="113.73430879747052">
        <ele>2.756268333643675</ele>
        <time>1970-01-01T00:19:23.600000Z</time>
        <extensions>
          <gpxtpx:TrackPointExtension>
            <gpxtpx:hr>142</gpxtpx:hr>
          </gpxtpx:TrackPointExtension>
        </extensions>
      </trkpt>
      <trkpt lat="22.752883586451397" lon="113.7343265739954">
        <ele>2.7081165267154574</ele>
        <time>1970-01-01T00:19:24.600000Z</time>
        <extensions>
          <gpxtpx:TrackPointExtension>
            <gpxtpx:hr>142</gpxtpx:hr>
          </gpxtpx:TrackPointExtension>
        </extensions>
      </trkpt>
      <trkpt lat="22.752904161442082" lon="113.73434486082783">
        <ele>2.6541006537154317</ele>
        <time>1970-01-01T00:19:25.600000Z</time>
        <extensions>
          <gpxtpx:TrackPointExtension>
            <gpxtpx:hr>142</gpxtpx:hr>
          </gpxtpx:TrackPointExtension>
        </extensions>
      </trkpt>
      <trkpt lat="22.752924867382724" lon="113.73436363880968">
        <ele>2.5985133992508054</ele>
        <time>1970-01-01T00:19:26.600000Z</time>
        <extensions>
          <gpxtpx:TrackPointExtension>
            <gpxtpx:hr>142</gpxtpx:hr>
          </gpxtpx:TrackPointExtension>
        </extensions>
      </trkpt>
      <trkpt lat="22.752945955915315" lon="113.73438303224052">
        <ele>2.544675137847662</ele>
        <time>1970-01-01T00:19:27.600000Z</time>
        <extensions>
          <gpxtpx:TrackPointExtension>
            <gpxtpx:hr>142</gpxtpx:hr>
          </gpxtpx:TrackPointExtension>
        </extensions>
      </trkpt>
      <trkpt lat="22.75296683379528" lon="113.73440333134168">
        <ele>2.4950432181358337</ele>
        <time>1970-01-01T00:19:28.600000Z</time>
        <extensions>
          <gpxtpx:TrackPointExtension>
            <gpxtpx:hr>142</gpxtpx:hr>
          </gpxtpx:TrackPointExtension>
        </extensions>
      </trkpt>
      <trkpt lat="22.75298610430753" lon="113.73442457355739">
        <ele>2.453588379547</ele>
        <time>1970-01-01T00:19:29.600000Z</time>
        <extensions>
          <gpxtpx:TrackPointExtension>
            <gpxtpx:hr>142</gpxtpx:hr>
          </gpxtpx:TrackPointExtension>
        </extensions>
      </trkpt>
      <trkpt lat="22.75300392915853" lon="113.73444640994715">
        <ele>2.4226496890187263</ele>
        <time>1970-01-01T00:19:30.600000Z</time>
        <extensions>
          <gpxtpx:TrackPointExtension>
            <gpxtpx:hr>142</gpxtpx:hr>
          </gpxtpx:TrackPointExtension>
        </extensions>
      </trkpt>
      <trkpt lat="22.753021062467035" lon="113.73446856537223">
        <ele>2.402378812432289</ele>
        <time>1970-01-01T00:19:31.600000Z</time>
        <extensions>
          <gpxtpx:TrackPointExtension>
            <gpxtpx:hr>139</gpxtpx:hr>
          </gpxtpx:TrackPointExtension>
        </extensions>
      </trkpt>
      <trkpt lat="22.753038400567615" lon="113.73449062784445">
        <ele>2.392282801680267</ele>
        <time>1970-01-01T00:19:32.600000Z</time>
        <extensions>
          <gpxtpx:TrackPointExtension>
            <gpxtpx:hr>139</gpxtpx:hr>
          </gpxtpx:TrackPointExtension>
        </extensions>
      </trkpt>
      <trkpt lat="22.753056223989766" lon="113.73451233118712">
        <ele>2.392954829148948</ele>
        <time>1970-01-01T00:19:33.600000Z</time>
        <extensions>
          <gpxtpx:TrackPointExtension>
            <gpxtpx:hr>139</gpxtpx:hr>
          </gpxtpx:TrackPointExtension>
        </extensions>
      </trkpt>
      <trkpt lat="22.753073935038543" lon="113.73453396093927">
        <ele>2.4046995202079415</ele>
        <time>1970-01-01T00:19:34.600000Z</time>
        <extensions>
          <gpxtpx:TrackPointExtension>
            <gpxtpx:hr>139</gpxtpx:hr>
          </gpxtpx:TrackPointExtension>
        </extensions>
      </trkpt>
      <trkpt lat="22.753090979848587" lon="113.73455603946546">
        <ele>2.428387445397675</ele>
        <time>1970-01-01T00:19:35.600000Z</time>
        <extensions>
          <gpxtpx:TrackPointExtension>
            <gpxtpx:hr>139</gpxtpx:hr>
          </gpxtpx:TrackPointExtension>
        </extensions>
      </trkpt>
      <trkpt lat="22.75310716719002" lon="113.73457902205173">
        <ele>2.462119409814477</ele>
        <time>1970-01-01T00:19:36.600000Z</time>
        <extensions>
          <gpxtpx:TrackPointExtension>
            <gpxtpx:hr>139</gpxtpx:hr>
          </gpxtpx:TrackPointExtension>
        </extensions>
      </trkpt>
      <trkpt lat="22.753122305256426" lon="113.7346021849795">
        <ele>2.5011382699012756</ele>
        <time>1970-01-01T00:19:37.600000Z</time>
        <extensions>
          <gpxtpx:TrackPointExtension>
            <gpxtpx:hr>139</gpxtpx:hr>
          </gpxtpx:TrackPointExtension>
        </extensions>
      </trkpt>
      <trkpt lat="22.753136640640506" lon="113.7346253233393">
        <ele>2.54252041131258</ele>
        <time>1970-01-01T00:19:38.600000Z</time>
        <extensions>
          <gpxtpx:TrackPointExtension>
            <gpxtpx:hr>139</gpxtpx:hr>
          </gpxtpx:TrackPointExtension>
        </extensions>
      </trkpt>
      <trkpt lat="22.753149973687723" lon="113.73464910251842">
        <ele>2.5857936637476087</ele>
        <time>1970-01-01T00:19:39.600000Z</time>
        <extensions>
          <gpxtpx:TrackPointExtension>
            <gpxtpx:hr>139</gpxtpx:hr>
          </gpxtpx:TrackPointExtension>
        </extensions>
      </trkpt>
      <trkpt lat="22.75316218271888" lon="113.73467477797202">
        <ele>2.62943749781698</ele>
        <time>1970-01-01T00:19:40.600000Z</time>
        <extensions>
          <gpxtpx:TrackPointExtension>
            <gpxtpx:hr>139</gpxtpx:hr>
          </gpxtpx:TrackPointExtension>
        </extensions>
      </trkpt>
      <trkpt lat="22.75317304245888" lon="113.73470205762811">
        <ele>2.672172563150525</ele>
        <time>1970-01-01T00:19:41.600000Z</time>
        <extensions>
          <gpxtpx:TrackPointExtension>
            <gpxtpx:hr>139</gpxtpx:hr>
          </gpxtpx:TrackPointExtension>
        </extensions>
      </trkpt>
      <trkpt lat="22.753182344940047" lon="113.73472955193252">
        <ele>2.7133794529363513</ele>
        <time>1970-01-01T00:19:42.600000Z</time>
        <extensions>
          <gpxtpx:TrackPointExtension>
            <gpxtpx:hr>139</gpxtpx:hr>
          </gpxtpx:TrackPointExtension>
        </extensions>
      </trkpt>
      <trkpt lat="22.753190656731476" lon="113.73475676263455">
        <ele>2.7535134963691235</ele>
        <time>1970-01-01T00:19:43.600000Z</time>
        <extensions>
          <gpxtpx:TrackPointExtension>
            <gpxtpx:hr>141</gpxtpx:hr>
          </gpxtpx:TrackPointExtension>
        </extensions>
      </trkpt>
      <trkpt lat="22.75319774832498" lon="113.73478369075703">
        <ele>2.790687215514481</ele>
        <time>1970-01-01T00:19:44.600000Z</time>
        <extensions>
          <gpxtpx:TrackPointExtension>
            <gpxtpx:hr>141</gpxtpx:hr>
          </gpxtpx:TrackPointExtension>
        </extensions>
      </trkpt>
      <trkpt lat="22.753202640728055" lon="113.73481095326923">
        <ele>2.8219030033797026</ele>
        <time>1970-01-01T00:19:45.600000Z</time>
        <extensions>
          <gpxtpx:TrackPointExtension>
            <gpxtpx:hr>141</gpxtpx:hr>
          </gpxtpx:TrackPointExtension>
        </extensions>
      </trkpt>
      <trkpt lat="22.753204537429124" lon="113.73483855728922">
        <ele>2.848693996667862</ele>
        <time>1970-01-01T00:19:46.600000Z</time>
        <extensions>
          <gpxtpx:TrackPointExtension>
            <gpxtpx:hr>141</gpxtpx:hr>
          </gpxtpx:TrackPointExtension>
        </extensions>
      </trkpt>
      <trkpt lat="22.753203757516726" lon="113.73486666683522">
        <ele>2.8738495698198676</ele>
        <time>1970-01-01T00:19:47.600000Z</time>
        <extensions>
          <gpxtpx:TrackPointExtension>
            <gpxtpx:hr>141</gpxtpx:hr>
          </gpxtpx:TrackPointExtension>
        </extensions>
      </trkpt>
      <trkpt lat="22.7532011804162" lon="113.73489494474316">
        <ele>2.9014266980811954</ele>
        <time>1970-01-01T00:19:48.600000Z</time>
        <extensions>
          <gpxtpx:TrackPointExtension>
            <gpxtpx:hr>141</gpxtpx:hr>
          </gpxtpx:TrackPointExtension>
        </extensions>
      </trkpt>
      <trkpt lat="22.753196953411255" lon="113.73492298535771">
        <ele>2.932848259806633</ele>
        <time>1970-01-01T00:19:49.600000Z</time>
        <extensions>
          <gpxtpx:TrackPointExtension>
            <gpxtpx:hr>141</gpxtpx:hr>
          </gpxtpx:TrackPointExtension>
        </extensions>
      </trkpt>
      <trkpt lat="22.753191264081902" lon="113.73495097422884">
        <ele>2.964695231989026</ele>
        <time>1970-01-01T00:19:50.600000Z</time>
        <extensions>
          <gpxtpx:TrackPointExtension>
            <gpxtpx:hr>141</gpxtpx:hr>
          </gpxtpx:TrackPointExtension>
        </extensions>
      </trkpt>
      <trkpt lat="22.75318461586802" lon="113.73497870076142">
        <ele>2.9933551335707307</ele>
        <time>1970-01-01T00:19:51.600000Z</time>
        <extensions>
          <gpxtpx:TrackPointExtension>
            <gpxtpx:hr>141</gpxtpx:hr>
          </gpxtpx:TrackPointExtension>
        </extensions>
      </trkpt>
      <trkpt lat="22.753176658249007" lon="113.73500621971183">
        <ele>3.014733975753188</ele>
        <time>1970-01-01T00:19:52.600000Z</time>
        <extensions>
          <gpxtpx:TrackPointExtension>
            <gpxtpx:hr>141</gpxtpx:hr>
          </gpxtpx:TrackPointExtension>
        </extensions>
      </trkpt>
      <trkpt lat="22.75316639206672" lon="113.735032788462">
        <ele>3.0276317670941353</ele>
        <time>1970-01-01T00:19:53.600000Z</time>
        <extensions>
          <gpxtpx:TrackPointExtension>
            <gpxtpx:hr>142</gpxtpx:hr>
          </gpxtpx:TrackPointExtension>
        </extensions>
      </trkpt>
      <trkpt lat="22.75315330836321" lon="113.73505832505903">
        <ele>3.032386119477451</ele>
        <time>1970-01-01T00:19:54.600000Z</time>
        <extensions>
          <gpxtpx:TrackPointExtension>
            <gpxtpx:hr>142</gpxtpx:hr>
          </gpxtpx:TrackPointExtension>
        </extensions>
      </trkpt>
      <trkpt lat="22.753137705882608" lon="113.73508234470877">
        <ele>3.02874721493572</ele>
        <time>1970-01-01T00:19:55.600000Z</time>
        <extensions>
          <gpxtpx:TrackPointExtension>
            <gpxtpx:hr>142</gpxtpx:hr>
          </gpxtpx:TrackPointExtension>
        </extensions>
      </trkpt>
      <trkpt lat="22.753119605828164" lon="113.73510377923644">
        <ele>3.0193588733673096</ele>
        <time>1970-01-01T00:19:56.600000Z</time>
        <extensions>
          <gpxtpx:TrackPointExtension>
            <gpxtpx:hr>142</gpxtpx:hr>
          </gpxtpx:TrackPointExtension>
        </extensions>
      </trkpt>
      <trkpt lat="22.753099371427037" lon="113.73512250799727">
        <ele>3.0065125823020935</ele>
        <time>1970-01-01T00:19:57.600000Z</time>
        <extensions>
          <gpxtpx:TrackPointExtension>
            <gpxtpx:hr>143</gpxtpx:hr>
          </gpxtpx:TrackPointExtension>
        </extensions>
      </trkpt>
      <trkpt lat="22.75307771743512" lon="113.73513909369662">
        <ele>2.990628437139094</ele>
        <time>1970-01-01T00:19:58.600000Z</time>
        <extensions>
          <gpxtpx:TrackPointExtension>
            <gpxtpx:hr>143</gpxtpx:hr>
          </gpxtpx:TrackPointExtension>
        </extensions>
      </trkpt>
      <trkpt lat="22.753054671505197" lon="113.7351544961104">
        <ele>2.9723789589479566</ele>
        <time>1970-01-01T00:19:59.600000Z</time>
        <extensions>
          <gpxtpx:TrackPointExtension>
            <gpxtpx:hr>143</gpxtpx:hr>
          </gpxtpx:TrackPointExtension>
        </extensions>
      </trkpt>
      <trkpt lat="22.753030447641297" lon="113.73516833776274">
        <ele>2.9511861596256495</ele>
        <time>1970-01-01T00:20:00.600000Z</time>
        <extensions>
          <gpxtpx:TrackPointExtension>
            <gpxtpx:hr>143</gpxtpx:hr>
          </gpxtpx:TrackPointExtension>
        </extensions>
      </trkpt>
      <trkpt lat="22.75300506088823" lon="113.73517958100415">
        <ele>2.929504311643541</ele>
        <time>1970-01-01T00:20:01.600000Z</time>
        <extensions>
          <gpxtpx:TrackPointExtension>
            <gpxtpx:hr>143</gpxtpx:hr>
          </gpxtpx:TrackPointExtension>
        </extensions>
      </trkpt>
      <trkpt lat="22.752978417235038" lon="113.73518812025385">
        <ele>2.913137875497341</ele>
        <time>1970-01-01T00:20:02.600000Z</time>
        <extensions>
          <gpxtpx:TrackPointExtension>
            <gpxtpx:hr>143</gpxtpx:hr>
          </gpxtpx:TrackPointExtension>
        </extensions>
      </trkpt>
      <trkpt lat="22.752950080899595" lon="113.7351948559554">
        <ele>2.9042344903573394</ele>
        <time>1970-01-01T00:20:03.600000Z</time>
        <extensions>
          <gpxtpx:TrackPointExtension>
            <gpxtpx:hr>143</gpxtpx:hr>
          </gpxtpx:TrackPointExtension>
        </extensions>
      </trkpt>
      <trkpt lat="22.752920768391952" lon="113.7351993548384">
        <ele>2.9021768672391772</ele>
        <time>1970-01-01T00:20:04.600000Z</time>
        <extensions>
          <gpxtpx:TrackPointExtension>
            <gpxtpx:hr>143</gpxtpx:hr>
          </gpxtpx:TrackPointExtension>
        </extensions>
      </trkpt>
      <trkpt lat="22.752892033835003" lon="113.73520099187908">
        <ele>2.907922513782978</ele>
        <time>1970-01-01T00:20:05.600000Z</time>
        <extensions>
          <gpxtpx:TrackPointExtension>
            <gpxtpx:hr>143</gpxtpx:hr>
          </gpxtpx:TrackPointExtension>
        </extensions>
      </trkpt>
      <trkpt lat="22.752864532409625" lon="113.73520101265363">
        <ele>2.9203730281442404</ele>
        <time>1970-01-01T00:20:06.600000Z</time>
        <extensions>
          <gpxtpx:TrackPointExtension>
            <gpxtpx:hr>143</gpxtpx:hr>
          </gpxtpx:TrackPointExtension>
        </extensions>
      </trkpt>
      <trkpt lat="22.752837500258224" lon="113.735200242659">
        <ele>2.9359330786392093</ele>
        <time>1970-01-01T00:20:07.600000Z</time>
        <extensions>
          <gpxtpx:TrackPointExtension>
            <gpxtpx:hr>144</gpxtpx:hr>
          </gpxtpx:TrackPointExtension>
        </extensions>
      </trkpt>
      <trkpt lat="22.752809609430177" lon="113.73519761373322">
        <ele>2.9522268222644925</ele>
        <time>1970-01-01T00:20:08.600000Z</time>
        <extensions>
          <gpxtpx:TrackPointExtension>
            <gpxtpx:hr>144</gpxtpx:hr>
          </gpxtpx:TrackPointExtension>
        </extensions>
      </trkpt>
      <trkpt lat="22.752781153847806" lon="113.73519201584926">
        <ele>2.9707231484353542</ele>
        <time>1970-01-01T00:20:09.600000Z</time>
        <extensions>
          <gpxtpx:TrackPointExtension>
            <gpxtpx:hr>144</gpxtpx:hr>
          </gpxtpx:TrackPointExtension>
        </extensions>
      </trkpt>
      <trkpt lat="22.752753365167266" lon="113.73518393521302">
        <ele>2.995971559546888</ele>
        <time>1970-01-01T00:20:10.600000Z</time>
        <extensions>
          <gpxtpx:TrackPointExtension>
            <gpxtpx:hr>144</gpxtpx:hr>
          </gpxtpx:TrackPointExtension>
        </extensions>
      </trkpt>
      <trkpt lat="22.752727135289895" lon="113.73517405536234">
        <ele>3.032315058633685</ele>
        <time>1970-01-01T00:20:11.600000Z</time>
        <extensions>
          <gpxtpx:TrackPointExtension>
            <gpxtpx:hr>144</gpxtpx:hr>
          </gpxtpx:TrackPointExtension>
        </extensions>
      </trkpt>
      <trkpt lat="22.75270208735314" lon="113.73516217090743">
        <ele>3.0806550290435553</ele>
        <time>1970-01-01T00:20:12.600000Z</time>
        <extensions>
          <gpxtpx:TrackPointExtension>
            <gpxtpx:hr>144</gpxtpx:hr>
          </gpxtpx:TrackPointExtension>
        </extensions>
      </trkpt>
      <trkpt lat="22.752678292492757" lon="113.73514832219134">
        <ele>3.136060249991715</ele>
        <time>1970-01-01T00:20:13.600000Z</time>
        <extensions>
          <gpxtpx:TrackPointExtension>
            <gpxtpx:hr>144</gpxtpx:hr>
          </gpxtpx:TrackPointExtension>
        </extensions>
      </trkpt>
      <trkpt lat="22.75265589851035" lon="113.73513301817682">
        <ele>3.1880641551688313</ele>
        <time>1970-01-01T00:20:14.600000Z</time>
        <extensions>
          <gpxtpx:TrackPointExtension>
            <gpxtpx:hr>144</gpxtpx:hr>
          </gpxtpx:TrackPointExtension>
        </extensions>
      </trkpt>
      <trkpt lat="22.75263456548461" lon="113.73511717799403">
        <ele>3.2286991076543927</ele>
        <time>1970-01-01T00:20:15.600000Z</time>
        <extensions>
          <gpxtpx:TrackPointExtension>
            <gpxtpx:hr>144</gpxtpx:hr>
          </gpxtpx:TrackPointExtension>
        </extensions>
      </trkpt>
      <trkpt lat="22.752614150222435" lon="113.7351003393941">
        <ele>3.2477649273350835</ele>
        <time>1970-01-01T00:20:16.600000Z</time>
        <extensions>
          <gpxtpx:TrackPointExtension>
            <gpxtpx:hr>144</gpxtpx:hr>
          </gpxtpx:TrackPointExtension>
        </extensions>
      </trkpt>
      <trkpt lat="22.752595115691687" lon="113.73508139712773">
        <ele>3.237776885740459</ele>
        <time>1970-01-01T00:20:17.600000Z</time>
        <extensions>
          <gpxtpx:TrackPointExtension>
            <gpxtpx:hr>144</gpxtpx:hr>
          </gpxtpx:TrackPointExtension>
        </extensions>
      </trkpt>
      <trkpt lat="22.75257778571469" lon="113.73506088564231">
        <ele>3.1980329239740968</ele>
        <time>1970-01-01T00:20:18.600000Z</time>
        <extensions>
          <gpxtpx:TrackPointExtension>
            <gpxtpx:hr>144</gpxtpx:hr>
          </gpxtpx:TrackPointExtension>
        </extensions>
      </trkpt>
      <trkpt lat="22.752561461487378" lon="113.73503918502654">
        <ele>3.132849990390241</ele>
        <time>1970-01-01T00:20:19.600000Z</time>
        <extensions>
          <gpxtpx:TrackPointExtension>
            <gpxtpx:hr>144</gpxtpx:hr>
          </gpxtpx:TrackPointExtension>
        </extensions>
      </trkpt>
      <trkpt lat="22.752545961335535" lon="113.73501648733941">
        <ele>3.0485648782923818</ele>
        <time>1970-01-01T00:20:20.600000Z</time>
        <extensions>
          <gpxtpx:TrackPointExtension>
            <gpxtpx:hr>144</gpxtpx:hr>
          </gpxtpx:TrackPointExtension>
        </extensions>
      </trkpt>
      <trkpt lat="22.75253142440087" lon="113.73499286162865">
        <ele>2.9530578469857574</ele>
        <time>1970-01-01T00:20:21.600000Z</time>
        <extensions>
          <gpxtpx:TrackPointExtension>
            <gpxtpx:hr>144</gpxtpx:hr>
          </gpxtpx:TrackPointExtension>
        </extensions>
      </trkpt>
      <trkpt lat="22.75251862889264" lon="113.73496848816274">
        <ele>2.8519338443875313</ele>
        <time>1970-01-01T00:20:22.600000Z</time>
        <extensions>
          <gpxtpx:TrackPointExtension>
            <gpxtpx:hr>144</gpxtpx:hr>
          </gpxtpx:TrackPointExtension>
        </extensions>
      </trkpt>
      <trkpt lat="22.752507951290006" lon="113.73494316315016">
        <ele>2.7517061680555344</ele>
        <time>1970-01-01T00:20:23.600000Z</time>
        <extensions>
          <gpxtpx:TrackPointExtension>
            <gpxtpx:hr>144</gpxtpx:hr>
          </gpxtpx:TrackPointExtension>
        </extensions>
      </trkpt>
      <trkpt lat="22.752498913532936" lon="113.7349172394076">
        <ele>2.6600525276735425</ele>
        <time>1970-01-01T00:20:24.600000Z</time>
        <extensions>
          <gpxtpx:TrackPointExtension>
            <gpxtpx:hr>143</gpxtpx:hr>
          </gpxtpx:TrackPointExtension>
        </extensions>
      </trkpt>
      <trkpt lat="22.75249060772563" lon="113.73489119769073">
        <ele>2.5832448629662395</ele>
        <time>1970-01-01T00:20:25.600000Z</time>
        <extensions>
          <gpxtpx:TrackPointExtension>
            <gpxtpx:hr>143</gpxtpx:hr>
          </gpxtpx:TrackPointExtension>
        </extensions>
      </trkpt>
      <trkpt lat="22.752481901822957" lon="113.73486522061779">
        <ele>2.5262308195233345</ele>
        <time>1970-01-01T00:20:26.600000Z</time>
        <extensions>
          <gpxtpx:TrackPointExtension>
            <gpxtpx:hr>143</gpxtpx:hr>
          </gpxtpx:TrackPointExtension>
        </extensions>
      </trkpt>
      <trkpt lat="22.752472024872134" lon="113.73483921284777">
        <ele>2.4912776118144393</ele>
        <time>1970-01-01T00:20:27.600000Z</time>
        <extensions>
          <gpxtpx:TrackPointExtension>
            <gpxtpx:hr>142</gpxtpx:hr>
          </gpxtpx:TrackPointExtension>
        </extensions>
      </trkpt>
      <trkpt lat="22.752460833554945" lon="113.73481298925249">
        <ele>2.479006513953209</ele>
        <time>1970-01-01T00:20:28.600000Z</time>
        <extensions>
          <gpxtpx:TrackPointExtension>
            <gpxtpx:hr>142</gpxtpx:hr>
          </gpxtpx:TrackPointExtension>
        </extensions>
      </trkpt>
      <trkpt lat="22.752449181271896" lon="113.73478708123683">
        <ele>2.4864458814263344</ele>
        <time>1970-01-01T00:20:29.600000Z</time>
        <extensions>
          <gpxtpx:TrackPointExtension>
            <gpxtpx:hr>142</gpxtpx:hr>
          </gpxtpx:TrackPointExtension>
        </extensions>
      </trkpt>
      <trkpt lat="22.75243786927335" lon="113.73476136890893">
        <ele>2.5051312493160367</ele>
        <time>1970-01-01T00:20:30.600000Z</time>
        <extensions>
          <gpxtpx:TrackPointExtension>
            <gpxtpx:hr>142</gpxtpx:hr>
          </gpxtpx:TrackPointExtension>
        </extensions>
      </trkpt>
      <trkpt lat="22.75242734774267" lon="113.73473601377134">
        <ele>2.5263361176475883</ele>
        <time>1970-01-01T00:20:31.600000Z</time>
        <extensions>
          <gpxtpx:TrackPointExtension>
            <gpxtpx:hr>142</gpxtpx:hr>
          </gpxtpx:TrackPointExtension>
        </extensions>
      </trkpt>
      <trkpt lat="22.752417365129986" lon="113.73471071409514">
        <ele>2.5463390331715345</ele>
        <time>1970-01-01T00:20:32.600000Z</time>
        <extensions>
          <gpxtpx:TrackPointExtension>
            <gpxtpx:hr>142</gpxtpx:hr>
          </gpxtpx:TrackPointExtension>
        </extensions>
      </trkpt>
      <trkpt lat="22.752406696948558" lon="113.73468549702626">
        <ele>2.5647913310676813</ele>
        <time>1970-01-01T00:20:33.600000Z</time>
        <extensions>
          <gpxtpx:TrackPointExtension>
            <gpxtpx:hr>142</gpxtpx:hr>
          </gpxtpx:TrackPointExtension>
        </extensions>
      </trkpt>
      <trkpt lat="22.752394381558826" lon="113.73466089575356">
        <ele>2.5767591604962945</ele>
        <time>1970-01-01T00:20:34.600000Z</time>
        <extensions>
          <gpxtpx:TrackPointExtension>
            <gpxtpx:hr>142</gpxtpx:hr>
          </gpxtpx:TrackPointExtension>
        </extensions>
      </trkpt>
      <trkpt lat="22.752380447776137" lon="113.73463724429703">
        <ele>2.5813613925129175</ele>
        <time>1970-01-01T00:20:35.600000Z</time>
        <extensions>
          <gpxtpx:TrackPointExtension>
            <gpxtpx:hr>142</gpxtpx:hr>
          </gpxtpx:TrackPointExtension>
        </extensions>
      </trkpt>
      <trkpt lat="22.75236542654388" lon="113.73461478007154">
        <ele>2.5812240932136774</ele>
        <time>1970-01-01T00:20:36.600000Z</time>
        <extensions>
          <gpxtpx:TrackPointExtension>
            <gpxtpx:hr>142</gpxtpx:hr>
          </gpxtpx:TrackPointExtension>
        </extensions>
      </trkpt>
      <trkpt lat="22.75234954858788" lon="113.73459268045703">
        <ele>2.5793380234390497</ele>
        <time>1970-01-01T00:20:37.600000Z</time>
        <extensions>
          <gpxtpx:TrackPointExtension>
            <gpxtpx:hr>141</gpxtpx:hr>
          </gpxtpx:TrackPointExtension>
        </extensions>
      </trkpt>
      <trkpt lat="22.752333320007786" lon="113.73457101265495">
        <ele>2.578795088455081</ele>
        <time>1970-01-01T00:20:38.600000Z</time>
        <extensions>
          <gpxtpx:TrackPointExtension>
            <gpxtpx:hr>141</gpxtpx:hr>
          </gpxtpx:TrackPointExtension>
        </extensions>
      </trkpt>
      <trkpt lat="22.752317200570538" lon="113.73454982731795">
        <ele>2.580033414065838</ele>
        <time>1970-01-01T00:20:39.600000Z</time>
        <extensions>
          <gpxtpx:TrackPointExtension>
            <gpxtpx:hr>141</gpxtpx:hr>
          </gpxtpx:TrackPointExtension>
        </extensions>
      </trkpt>
      <trkpt lat="22.7523011308417" lon="113.73452890145533">
        <ele>2.5869118878617883</ele>
        <time>1970-01-01T00:20:40.600000Z</time>
        <extensions>
          <gpxtpx:TrackPointExtension>
            <gpxtpx:hr>141</gpxtpx:hr>
          </gpxtpx:TrackPointExtension>
        </extensions>
      </trkpt>
      <trkpt lat="22.7522841117931" lon="113.7345087114781">
        <ele>2.602141013368964</ele>
        <time>1970-01-01T00:20:41.600000Z</time>
        <extensions>
          <gpxtpx:TrackPointExtension>
            <gpxtpx:hr>141</gpxtpx:hr>
          </gpxtpx:TrackPointExtension>
        </extensions>
      </trkpt>
      <trkpt lat="22.75226520512872" lon="113.73448998773364">
        <ele>2.6200510393828154</ele>
        <time>1970-01-01T00:20:42.600000Z</time>
        <extensions>
          <gpxtpx:TrackPointExtension>
            <gpxtpx:hr>140</gpxtpx:hr>
          </gpxtpx:TrackPointExtension>
        </extensions>
      </trkpt>
      <trkpt lat="22.752244970637413" lon="113.7344732889661">
        <ele>2.634655684232712</ele>
        <time>1970-01-01T00:20:43.600000Z</time>
        <extensions>
          <gpxtpx:TrackPointExtension>
            <gpxtpx:hr>140</gpxtpx:hr>
          </gpxtpx:TrackPointExtension>
        </extensions>
      </trkpt>
      <trkpt lat="22.75222392082244" lon="113.73445798303811">
        <ele>2.6414975561201572</ele>
        <time>1970-01-01T00:20:44.600000Z</time>
        <extensions>
          <gpxtpx:TrackPointExtension>
            <gpxtpx:hr>140</gpxtpx:hr>
          </gpxtpx:TrackPointExtension>
        </extensions>
      </trkpt>
      <trkpt lat="22.752202000224905" lon="113.73444353586756">
        <ele>2.6420251382514834</ele>
        <time>1970-01-01T00:20:45.600000Z</time>
        <extensions>
          <gpxtpx:TrackPointExtension>
            <gpxtpx:hr>141</gpxtpx:hr>
          </gpxtpx:TrackPointExtension>
        </extensions>
      </trkpt>
      <trkpt lat="22.75217913280784" lon="113.73443010934298">
        <ele>2.6366535713896155</ele>
        <time>1970-01-01T00:20:46.600000Z</time>
        <extensions>
          <gpxtpx:TrackPointExtension>
            <gpxtpx:hr>141</gpxtpx:hr>
          </gpxtpx:TrackPointExtension>
        </extensions>
      </trkpt>
      <trkpt lat="22.752155417512714" lon="113.73441826136829">
        <ele>2.6197207933291793</ele>
        <time>1970-01-01T00:20:47.600000Z</time>
        <extensions>
          <gpxtpx:TrackPointExtension>
            <gpxtpx:hr>141</gpxtpx:hr>
          </gpxtpx:TrackPointExtension>
        </extensions>
      </trkpt>
      <trkpt lat="22.752130510756736" lon="113.73440830097857">
        <ele>2.586265872232616</ele>
        <time>1970-01-01T00:20:48.600000Z</time>
        <extensions>
          <gpxtpx:TrackPointExtension>
            <gpxtpx:hr>141</gpxtpx:hr>
          </gpxtpx:TrackPointExtension>
        </extensions>
      </trkpt>
      <trkpt lat="22.752105243136196" lon="113.73439993144724">
        <ele>2.5326705761253834</ele>
        <time>1970-01-01T00:20:49.600000Z</time>
        <extensions>
          <gpxtpx:TrackPointExtension>
            <gpxtpx:hr>141</gpxtpx:hr>
          </gpxtpx:TrackPointExtension>
        </extensions>
      </trkpt>
      <trkpt lat="22.752081341261167" lon="113.73439256022407">
        <ele>2.4583885986357927</ele>
        <time>1970-01-01T00:20:50.600000Z</time>
        <extensions>
          <gpxtpx:TrackPointExtension>
            <gpxtpx:hr>141</gpxtpx:hr>
          </gpxtpx:TrackPointExtension>
        </extensions>
      </trkpt>
      <trkpt lat="22.752058715686438" lon="113.73438612269766">
        <ele>2.36555602774024</ele>
        <time>1970-01-01T00:20:51.600000Z</time>
        <extensions>
          <gpxtpx:TrackPointExtension>
            <gpxtpx:hr>141</gpxtpx:hr>
          </gpxtpx:TrackPointExtension>
        </extensions>
      </trkpt>
      <trkpt lat="22.75203654622812" lon="113.73438080344455">
        <ele>2.2614583522081375</ele>
        <time>1970-01-01T00:20:52.600000Z</time>
        <extensions>
          <gpxtpx:TrackPointExtension>
            <gpxtpx:hr>142</gpxtpx:hr>
          </gpxtpx:TrackPointExtension>
        </extensions>
      </trkpt>
      <trkpt lat="22.752013831496196" lon="113.73437681706439">
        <ele>2.1616057846695185</ele>
        <time>1970-01-01T00:20:53.600000Z</time>
        <extensions>
          <gpxtpx:TrackPointExtension>
            <gpxtpx:hr>142</gpxtpx:hr>
          </gpxtpx:TrackPointExtension>
        </extensions>
      </trkpt>
      <trkpt lat="22.751989997823607" lon="113.73437419996006">
        <ele>2.079920810647309</ele>
        <time>1970-01-01T00:20:54.600000Z</time>
        <extensions>
          <gpxtpx:TrackPointExtension>
            <gpxtpx:hr>142</gpxtpx:hr>
          </gpxtpx:TrackPointExtension>
        </extensions>
      </trkpt>
      <trkpt lat="22.751964886224805" lon="113.73437219638889">
        <ele>2.0252563944086432</ele>
        <time>1970-01-01T00:20:55.600000Z</time>
        <extensions>
          <gpxtpx:TrackPointExtension>
            <gpxtpx:hr>142</gpxtpx:hr>
          </gpxtpx:TrackPointExtension>
        </extensions>
      </trkpt>
      <trkpt lat="22.751939636432024" lon="113.73437040891436">
        <ele>2.0016467962414026</ele>
        <time>1970-01-01T00:20:56.600000Z</time>
        <extensions>
          <gpxtpx:TrackPointExtension>
            <gpxtpx:hr>142</gpxtpx:hr>
          </gpxtpx:TrackPointExtension>
        </extensions>
      </trkpt>
      <trkpt lat="22.751914642588286" lon="113.73436857618522">
        <ele>2.0093265157192945</ele>
        <time>1970-01-01T00:20:57.600000Z</time>
        <extensions>
          <gpxtpx:TrackPointExtension>
            <gpxtpx:hr>142</gpxtpx:hr>
          </gpxtpx:TrackPointExtension>
        </extensions>
      </trkpt>
      <trkpt lat="22.751889548182845" lon="113.73436632504742">
        <ele>2.048790034838021</ele>
        <time>1970-01-01T00:20:58.600000Z</time>
        <extensions>
          <gpxtpx:TrackPointExtension>
            <gpxtpx:hr>142</gpxtpx:hr>
          </gpxtpx:TrackPointExtension>
        </extensions>
      </trkpt>
      <trkpt lat="22.751864605030434" lon="113.73436364890827">
        <ele>2.1255552135407925</ele>
        <time>1970-01-01T00:20:59.600000Z</time>
        <extensions>
          <gpxtpx:TrackPointExtension>
            <gpxtpx:hr>142</gpxtpx:hr>
          </gpxtpx:TrackPointExtension>
        </extensions>
      </trkpt>
      <trkpt lat="22.75183974563927" lon="113.73436101831112">
        <ele>2.242561850696802</ele>
        <time>1970-01-01T00:21:00.600000Z</time>
        <extensions>
          <gpxtpx:TrackPointExtension>
            <gpxtpx:hr>142</gpxtpx:hr>
          </gpxtpx:TrackPointExtension>
        </extensions>
      </trkpt>
      <trkpt lat="22.751815005101534" lon="113.73435877874768">
        <ele>2.396684790030122</ele>
        <time>1970-01-01T00:21:01.600000Z</time>
        <extensions>
          <gpxtpx:TrackPointExtension>
            <gpxtpx:hr>142</gpxtpx:hr>
          </gpxtpx:TrackPointExtension>
        </extensions>
      </trkpt>
      <trkpt lat="22.751790327847484" lon="113.73435672521663">
        <ele>2.579208872281015</ele>
        <time>1970-01-01T00:21:02.600000Z</time>
        <extensions>
          <gpxtpx:TrackPointExtension>
            <gpxtpx:hr>142</gpxtpx:hr>
          </gpxtpx:TrackPointExtension>
        </extensions>
      </trkpt>
      <trkpt lat="22.751766039753115" lon="113.73435418755533">
        <ele>2.779138959944248</ele>
        <time>1970-01-01T00:21:03.600000Z</time>
        <extensions>
          <gpxtpx:TrackPointExtension>
            <gpxtpx:hr>142</gpxtpx:hr>
          </gpxtpx:TrackPointExtension>
        </extensions>
      </trkpt>
      <trkpt lat="22.751741878460837" lon="113.73435083790885">
        <ele>2.9841007590293884</ele>
        <time>1970-01-01T00:21:04.600000Z</time>
        <extensions>
          <gpxtpx:TrackPointExtension>
            <gpxtpx:hr>142</gpxtpx:hr>
          </gpxtpx:TrackPointExtension>
        </extensions>
      </trkpt>
      <trkpt lat="22.751717459859634" lon="113.73434741186645">
        <ele>3.185415342450142</ele>
        <time>1970-01-01T00:21:05.600000Z</time>
        <extensions>
          <gpxtpx:TrackPointExtension>
            <gpxtpx:hr>142</gpxtpx:hr>
          </gpxtpx:TrackPointExtension>
        </extensions>
      </trkpt>
      <trkpt lat="22.75169246000322" lon="113.73434443607631">
        <ele>3.37828634865582</ele>
        <time>1970-01-01T00:21:06.600000Z</time>
        <extensions>
          <gpxtpx:TrackPointExtension>
            <gpxtpx:hr>142</gpxtpx:hr>
          </gpxtpx:TrackPointExtension>
        </extensions>
      </trkpt>
      <trkpt lat="22.751667250923454" lon="113.73434196750517">
        <ele>3.563196144066751</ele>
        <time>1970-01-01T00:21:07.600000Z</time>
        <extensions>
          <gpxtpx:TrackPointExtension>
            <gpxtpx:hr>140</gpxtpx:hr>
          </gpxtpx:TrackPointExtension>
        </extensions>
      </trkpt>
      <trkpt lat="22.751642131701583" lon="113.7343403794702">
        <ele>3.738347250968218</ele>
        <time>1970-01-01T00:21:08.600000Z</time>
        <extensions>
          <gpxtpx:TrackPointExtension>
            <gpxtpx:hr>140</gpxtpx:hr>
          </gpxtpx:TrackPointExtension>
        </extensions>
      </trkpt>
      <trkpt lat="22.751616600220487" lon="113.73434004267936">
        <ele>3.8988396544009447</ele>
        <time>1970-01-01T00:21:09.600000Z</time>
        <extensions>
          <gpxtpx:TrackPointExtension>
            <gpxtpx:hr>140</gpxtpx:hr>
          </gpxtpx:TrackPointExtension>
        </extensions>
      </trkpt>
      <trkpt lat="22.751590196003097" lon="113.73434070256015">
        <ele>4.036092638038099</ele>
        <time>1970-01-01T00:21:10.600000Z</time>
        <extensions>
          <gpxtpx:TrackPointExtension>
            <gpxtpx:hr>140</gpxtpx:hr>
          </gpxtpx:TrackPointExtension>
        </extensions>
      </trkpt>
      <trkpt lat="22.751563497863533" lon="113.73434147700353">
        <ele>4.138156485743821</ele>
        <time>1970-01-01T00:21:11.600000Z</time>
        <extensions>
          <gpxtpx:TrackPointExtension>
            <gpxtpx:hr>140</gpxtpx:hr>
          </gpxtpx:TrackPointExtension>
        </extensions>
      </trkpt>
      <trkpt lat="22.751537032081288" lon="113.7343413200728">
        <ele>4.201446546241641</ele>
        <time>1970-01-01T00:21:12.600000Z</time>
        <extensions>
          <gpxtpx:TrackPointExtension>
            <gpxtpx:hr>140</gpxtpx:hr>
          </gpxtpx:TrackPointExtension>
        </extensions>
      </trkpt>
      <trkpt lat="22.751510335814917" lon="113.73434011742326">
        <ele>4.229714299552143</ele>
        <time>1970-01-01T00:21:13.600000Z</time>
        <extensions>
          <gpxtpx:TrackPointExtension>
            <gpxtpx:hr>140</gpxtpx:hr>
          </gpxtpx:TrackPointExtension>
        </extensions>
      </trkpt>
      <trkpt lat="22.75148364514417" lon="113.73433814229183">
        <ele>4.230621807277203</ele>
        <time>1970-01-01T00:21:14.600000Z</time>
        <extensions>
          <gpxtpx:TrackPointExtension>
            <gpxtpx:hr>140</gpxtpx:hr>
          </gpxtpx:TrackPointExtension>
        </extensions>
      </trkpt>
      <trkpt lat="22.751456920619212" lon="113.73433542170876">
        <ele>4.2113173408433795</ele>
        <time>1970-01-01T00:21:15.600000Z</time>
        <extensions>
          <gpxtpx:TrackPointExtension>
            <gpxtpx:hr>140</gpxtpx:hr>
          </gpxtpx:TrackPointExtension>
        </extensions>
      </trkpt>
      <trkpt lat="22.751430254971183" lon="113.73433189239357">
        <ele>4.175120715051889</ele>
        <time>1970-01-01T00:21:16.600000Z</time>
        <extensions>
          <gpxtpx:TrackPointExtension>
            <gpxtpx:hr>140</gpxtpx:hr>
          </gpxtpx:TrackPointExtension>
        </extensions>
      </trkpt>
      <trkpt lat="22.751403257963698" lon="113.73432762290297">
        <ele>4.122301245108247</ele>
        <time>1970-01-01T00:21:17.600000Z</time>
        <extensions>
          <gpxtpx:TrackPointExtension>
            <gpxtpx:hr>142</gpxtpx:hr>
          </gpxtpx:TrackPointExtension>
        </extensions>
      </trkpt>
      <trkpt lat="22.751376447700416" lon="113.73432352756956">
        <ele>4.0511430259794</ele>
        <time>1970-01-01T00:21:18.600000Z</time>
        <extensions>
          <gpxtpx:TrackPointExtension>
            <gpxtpx:hr>142</gpxtpx:hr>
          </gpxtpx:TrackPointExtension>
        </extensions>
      </trkpt>
      <trkpt lat="22.7513504455295" lon="113.73431965430369">
        <ele>3.960032768547535</ele>
        <time>1970-01-01T00:21:19.600000Z</time>
        <extensions>
          <gpxtpx:TrackPointExtension>
            <gpxtpx:hr>142</gpxtpx:hr>
          </gpxtpx:TrackPointExtension>
        </extensions>
      </trkpt>
      <trkpt lat="22.751325131826025" lon="113.73431549519906">
        <ele>3.8506920812651515</ele>
        <time>1970-01-01T00:21:20.600000Z</time>
        <extensions>
          <gpxtpx:TrackPointExtension>
            <gpxtpx:hr>142</gpxtpx:hr>
          </gpxtpx:TrackPointExtension>
        </extensions>
      </trkpt>
      <trkpt lat="22.751300665796236" lon="113.7343111529616">
        <ele>3.726763105019927</ele>
        <time>1970-01-01T00:21:21.600000Z</time>
        <extensions>
          <gpxtpx:TrackPointExtension>
            <gpxtpx:hr>142</gpxtpx:hr>
          </gpxtpx:TrackPointExtension>
        </extensions>
      </trkpt>
      <trkpt lat="22.751275970186676" lon="113.7343067279929">
        <ele>3.5919959573075175</ele>
        <time>1970-01-01T00:21:22.600000Z</time>
        <extensions>
          <gpxtpx:TrackPointExtension>
            <gpxtpx:hr>142</gpxtpx:hr>
          </gpxtpx:TrackPointExtension>
        </extensions>
      </trkpt>
      <trkpt lat="22.751250194847806" lon="113.73430212146928">
        <ele>3.455185029655695</ele>
        <time>1970-01-01T00:21:23.600000Z</time>
        <extensions>
          <gpxtpx:TrackPointExtension>
            <gpxtpx:hr>142</gpxtpx:hr>
          </gpxtpx:TrackPointExtension>
        </extensions>
      </trkpt>
      <trkpt lat="22.751223645086313" lon="113.73429723719231">
        <ele>3.3230018243193626</ele>
        <time>1970-01-01T00:21:24.600000Z</time>
        <extensions>
          <gpxtpx:TrackPointExtension>
            <gpxtpx:hr>142</gpxtpx:hr>
          </gpxtpx:TrackPointExtension>
        </extensions>
      </trkpt>
      <trkpt lat="22.75119728510867" lon="113.7342922663892">
        <ele>3.193980877287686</ele>
        <time>1970-01-01T00:21:25.600000Z</time>
        <extensions>
          <gpxtpx:TrackPointExtension>
            <gpxtpx:hr>142</gpxtpx:hr>
          </gpxtpx:TrackPointExtension>
        </extensions>
      </trkpt>
      <trkpt lat="22.751171728564096" lon="113.73428727837718">
        <ele>3.0672219078987837</ele>
        <time>1970-01-01T00:21:26.600000Z</time>
        <extensions>
          <gpxtpx:TrackPointExtension>
            <gpxtpx:hr>142</gpxtpx:hr>
          </gpxtpx:TrackPointExtension>
        </extensions>
      </trkpt>
      <trkpt lat="22.751146715478917" lon="113.73428211737692">
        <ele>2.943410947918892</ele>
        <time>1970-01-01T00:21:27.600000Z</time>
        <extensions>
          <gpxtpx:TrackPointExtension>
            <gpxtpx:hr>142</gpxtpx:hr>
          </gpxtpx:TrackPointExtension>
        </extensions>
      </trkpt>
      <trkpt lat="22.751121962980054" lon="113.7342764459082">
        <ele>2.824461668729782</ele>
        <time>1970-01-01T00:21:28.600000Z</time>
        <extensions>
          <gpxtpx:TrackPointExtension>
            <gpxtpx:hr>143</gpxtpx:hr>
          </gpxtpx:TrackPointExtension>
        </extensions>
      </trkpt>
      <trkpt lat="22.751097100319843" lon="113.73427009537735">
        <ele>2.710774412378669</ele>
        <time>1970-01-01T00:21:29.600000Z</time>
        <extensions>
          <gpxtpx:TrackPointExtension>
            <gpxtpx:hr>143</gpxtpx:hr>
          </gpxtpx:TrackPointExtension>
        </extensions>
      </trkpt>
      <trkpt lat="22.751072166047617" lon="113.73426331557611">
        <ele>2.602274477481842</ele>
        <time>1970-01-01T00:21:30.600000Z</time>
        <extensions>
          <gpxtpx:TrackPointExtension>
            <gpxtpx:hr>143</gpxtpx:hr>
          </gpxtpx:TrackPointExtension>
        </extensions>
      </trkpt>
      <trkpt lat="22.751047165778072" lon="113.73425639934001">
        <ele>2.50055568292737</ele>
        <time>1970-01-01T00:21:31.600000Z</time>
        <extensions>
          <gpxtpx:TrackPointExtension>
            <gpxtpx:hr>143</gpxtpx:hr>
          </gpxtpx:TrackPointExtension>
        </extensions>
      </trkpt>
      <trkpt lat="22.75102248974962" lon="113.7342491987611">
        <ele>2.408621891401708</ele>
        <time>1970-01-01T00:21:32.600000Z</time>
        <extensions>
          <gpxtpx:TrackPointExtension>
            <gpxtpx:hr>143</gpxtpx:hr>
          </gpxtpx:TrackPointExtension>
        </extensions>
      </trkpt>
      <trkpt lat="22.7509982280542" lon="113.73424101348608">
        <ele>2.3238697703927755</ele>
        <time>1970-01-01T00:21:33.600000Z</time>
        <extensions>
          <gpxtpx:TrackPointExtension>
            <gpxtpx:hr>143</gpxtpx:hr>
          </gpxtpx:TrackPointExtension>
        </extensions>
      </trkpt>
      <trkpt lat="22.750974227034604" lon="113.73423135183799">
        <ele>2.2389039918780327</ele>
        <time>1970-01-01T00:21:34.600000Z</time>
        <extensions>
          <gpxtpx:TrackPointExtension>
            <gpxtpx:hr>143</gpxtpx:hr>
          </gpxtpx:TrackPointExtension>
        </extensions>
      </trkpt>
      <trkpt lat="22.750951236690685" lon="113.73422041526489">
        <ele>2.147316693328321</ele>
        <time>1970-01-01T00:21:35.600000Z</time>
        <extensions>
          <gpxtpx:TrackPointExtension>
            <gpxtpx:hr>143</gpxtpx:hr>
          </gpxtpx:TrackPointExtension>
        </extensions>
      </trkpt>
      <trkpt lat="22.750928758812904" lon="113.73420893487213">
        <ele>2.0461936378851533</ele>
        <time>1970-01-01T00:21:36.600000Z</time>
        <extensions>
          <gpxtpx:TrackPointExtension>
            <gpxtpx:hr>143</gpxtpx:hr>
          </gpxtpx:TrackPointExtension>
        </extensions>
      </trkpt>
      <trkpt lat="22.750906372621674" lon="113.73419734350092">
        <ele>1.9397407304495573</ele>
        <time>1970-01-01T00:21:37.600000Z</time>
        <extensions>
          <gpxtpx:TrackPointExtension>
            <gpxtpx:hr>142</gpxtpx:hr>
          </gpxtpx:TrackPointExtension>
        </extensions>
      </trkpt>
      <trkpt lat="22.75088390897636" lon="113.73418504731916">
        <ele>1.8277453621849418</ele>
        <time>1970-01-01T00:21:38.600000Z</time>
        <extensions>
          <gpxtpx:TrackPointExtension>
            <gpxtpx:hr>142</gpxtpx:hr>
          </gpxtpx:TrackPointExtension>
        </extensions>
      </trkpt>
      <trkpt lat="22.7508611279401" lon="113.73417179477684">
        <ele>1.7118946313858032</ele>
        <time>1970-01-01T00:21:39.600000Z</time>
        <extensions>
          <gpxtpx:TrackPointExtension>
            <gpxtpx:hr>142</gpxtpx:hr>
          </gpxtpx:TrackPointExtension>
        </extensions>
      </trkpt>
      <trkpt lat="22.750837674600625" lon="113.73415800946101">
        <ele>1.6005802461877465</ele>
        <time>1970-01-01T00:21:40.600000Z</time>
        <extensions>
          <gpxtpx:TrackPointExtension>
            <gpxtpx:hr>142</gpxtpx:hr>
          </gpxtpx:TrackPointExtension>
        </extensions>
      </trkpt>
      <trkpt lat="22.75081368150664" lon="113.7341442427711">
        <ele>1.4994742525741458</ele>
        <time>1970-01-01T00:21:41.600000Z</time>
        <extensions>
          <gpxtpx:TrackPointExtension>
            <gpxtpx:hr>142</gpxtpx:hr>
          </gpxtpx:TrackPointExtension>
        </extensions>
      </trkpt>
      <trkpt lat="22.750789839216324" lon="113.73413069609722">
        <ele>1.4123847661539912</ele>
        <time>1970-01-01T00:21:42.600000Z</time>
        <extensions>
          <gpxtpx:TrackPointExtension>
            <gpxtpx:hr>142</gpxtpx:hr>
          </gpxtpx:TrackPointExtension>
        </extensions>
      </trkpt>
      <trkpt lat="22.750766670500695" lon="113.73411690917334">
        <ele>1.3436835464090109</ele>
        <time>1970-01-01T00:21:43.600000Z</time>
        <extensions>
          <gpxtpx:TrackPointExtension>
            <gpxtpx:hr>142</gpxtpx:hr>
          </gpxtpx:TrackPointExtension>
        </extensions>
      </trkpt>
      <trkpt lat="22.750744646769697" lon="113.73410232631869">
        <ele>1.2958273496478796</ele>
        <time>1970-01-01T00:21:44.600000Z</time>
        <extensions>
          <gpxtpx:TrackPointExtension>
            <gpxtpx:hr>142</gpxtpx:hr>
          </gpxtpx:TrackPointExtension>
        </extensions>
      </trkpt>
      <trkpt lat="22.75072349603889" lon="113.73408653443828">
        <ele>1.2725271955132484</ele>
        <time>1970-01-01T00:21:45.600000Z</time>
        <extensions>
          <gpxtpx:TrackPointExtension>
            <gpxtpx:hr>142</gpxtpx:hr>
          </gpxtpx:TrackPointExtension>
        </extensions>
      </trkpt>
      <trkpt lat="22.750702796173456" lon="113.73406956646414">
        <ele>1.2742891842499375</ele>
        <time>1970-01-01T00:21:46.600000Z</time>
        <extensions>
          <gpxtpx:TrackPointExtension>
            <gpxtpx:hr>142</gpxtpx:hr>
          </gpxtpx:TrackPointExtension>
        </extensions>
      </trkpt>
      <trkpt lat="22.75068183815979" lon="113.73405127490923">
        <ele>1.3003130480647087</ele>
        <time>1970-01-01T00:21:47.600000Z</time>
        <extensions>
          <gpxtpx:TrackPointExtension>
            <gpxtpx:hr>142</gpxtpx:hr>
          </gpxtpx:TrackPointExtension>
        </extensions>
      </trkpt>
      <trkpt lat="22.750661099504537" lon="113.73403157916358">
        <ele>1.346426885575056</ele>
        <time>1970-01-01T00:21:48.600000Z</time>
        <extensions>
          <gpxtpx:TrackPointExtension>
            <gpxtpx:hr>143</gpxtpx:hr>
          </gpxtpx:TrackPointExtension>
        </extensions>
      </trkpt>
      <trkpt lat="22.750641584763144" lon="113.73401062094369">
        <ele>1.4069899609312415</ele>
        <time>1970-01-01T00:21:49.600000Z</time>
        <extensions>
          <gpxtpx:TrackPointExtension>
            <gpxtpx:hr>143</gpxtpx:hr>
          </gpxtpx:TrackPointExtension>
        </extensions>
      </trkpt>
      <trkpt lat="22.750624022754128" lon="113.73398848593114">
        <ele>1.4770231246948242</ele>
        <time>1970-01-01T00:21:50.600000Z</time>
        <extensions>
          <gpxtpx:TrackPointExtension>
            <gpxtpx:hr>143</gpxtpx:hr>
          </gpxtpx:TrackPointExtension>
        </extensions>
      </trkpt>
      <trkpt lat="22.750608444267016" lon="113.73396496652919">
        <ele>1.5536749130114913</ele>
        <time>1970-01-01T00:21:51.600000Z</time>
        <extensions>
          <gpxtpx:TrackPointExtension>
            <gpxtpx:hr>143</gpxtpx:hr>
          </gpxtpx:TrackPointExtension>
        </extensions>
      </trkpt>
      <trkpt lat="22.75059440681899" lon="113.73393963462233">
        <ele>1.6385645978152752</ele>
        <time>1970-01-01T00:21:52.600000Z</time>
        <extensions>
          <gpxtpx:TrackPointExtension>
            <gpxtpx:hr>143</gpxtpx:hr>
          </gpxtpx:TrackPointExtension>
        </extensions>
      </trkpt>
      <trkpt lat="22.750581791349706" lon="113.7339126825686">
        <ele>1.7322788881137967</ele>
        <time>1970-01-01T00:21:53.600000Z</time>
        <extensions>
          <gpxtpx:TrackPointExtension>
            <gpxtpx:hr>143</gpxtpx:hr>
          </gpxtpx:TrackPointExtension>
        </extensions>
      </trkpt>
      <trkpt lat="22.750570134867537" lon="113.73388464495515">
        <ele>1.8350706053897738</ele>
        <time>1970-01-01T00:21:54.600000Z</time>
        <extensions>
          <gpxtpx:TrackPointExtension>
            <gpxtpx:hr>145</gpxtpx:hr>
          </gpxtpx:TrackPointExtension>
        </extensions>
      </trkpt>
      <trkpt lat="22.75055906260037" lon="113.7338563786346">
        <ele>1.94706707354635</ele>
        <time>1970-01-01T00:21:55.600000Z</time>
        <extensions>
          <gpxtpx:TrackPointExtension>
            <gpxtpx:hr>145</gpxtpx:hr>
          </gpxtpx:TrackPointExtension>
        </extensions>
      </trkpt>
      <trkpt lat="22.75054797407541" lon="113.73382805516661">
        <ele>2.0656849974766374</ele>
        <time>1970-01-01T00:21:56.600000Z</time>
        <extensions>
          <gpxtpx:TrackPointExtension>
            <gpxtpx:hr>145</gpxtpx:hr>
          </gpxtpx:TrackPointExtension>
        </extensions>
      </trkpt>
      <trkpt lat="22.7505368756317" lon="113.73380048027913">
        <ele>2.187123619019985</ele>
        <time>1970-01-01T00:21:57.600000Z</time>
        <extensions>
          <gpxtpx:TrackPointExtension>
            <gpxtpx:hr>145</gpxtpx:hr>
          </gpxtpx:TrackPointExtension>
        </extensions>
      </trkpt>
      <trkpt lat="22.75052607323837" lon="113.73377430655918">
        <ele>2.305460646748543</ele>
        <time>1970-01-01T00:21:58.600000Z</time>
        <extensions>
          <gpxtpx:TrackPointExtension>
            <gpxtpx:hr>145</gpxtpx:hr>
          </gpxtpx:TrackPointExtension>
        </extensions>
      </trkpt>
      <trkpt lat="22.75051584985615" lon="113.73374870553192">
        <ele>2.4141433238983154</ele>
        <time>1970-01-01T00:21:59.600000Z</time>
        <extensions>
          <gpxtpx:TrackPointExtension>
            <gpxtpx:hr>145</gpxtpx:hr>
          </gpxtpx:TrackPointExtension>
        </extensions>
      </trkpt>
      <trkpt lat="22.750506201610875" lon="113.7337228858734">
        <ele>2.510706001892686</ele>
        <time>1970-01-01T00:22:00.600000Z</time>
        <extensions>
          <gpxtpx:TrackPointExtension>
            <gpxtpx:hr>145</gpxtpx:hr>
          </gpxtpx:TrackPointExtension>
        </extensions>
      </trkpt>
      <trkpt lat="22.750496924301547" lon="113.7336965300409">
        <ele>2.592622156254947</ele>
        <time>1970-01-01T00:22:01.600000Z</time>
        <extensions>
          <gpxtpx:TrackPointExtension>
            <gpxtpx:hr>145</gpxtpx:hr>
          </gpxtpx:TrackPointExtension>
        </extensions>
      </trkpt>
      <trkpt lat="22.750488265767977" lon="113.73366996650691">
        <ele>2.65871786698699</ele>
        <time>1970-01-01T00:22:02.600000Z</time>
        <extensions>
          <gpxtpx:TrackPointExtension>
            <gpxtpx:hr>144</gpxtpx:hr>
          </gpxtpx:TrackPointExtension>
        </extensions>
      </trkpt>
      <trkpt lat="22.750480055027936" lon="113.73364363368907">
        <ele>2.707839662209153</ele>
        <time>1970-01-01T00:22:03.600000Z</time>
        <extensions>
          <gpxtpx:TrackPointExtension>
            <gpxtpx:hr>144</gpxtpx:hr>
          </gpxtpx:TrackPointExtension>
        </extensions>
      </trkpt>
      <trkpt lat="22.750472241681337" lon="113.73361765464206">
        <ele>2.739629819057882</ele>
        <time>1970-01-01T00:22:04.600000Z</time>
        <extensions>
          <gpxtpx:TrackPointExtension>
            <gpxtpx:hr>144</gpxtpx:hr>
          </gpxtpx:TrackPointExtension>
        </extensions>
      </trkpt>
      <trkpt lat="22.750464252977658" lon="113.73359130117814">
        <ele>2.7588943783193827</ele>
        <time>1970-01-01T00:22:05.600000Z</time>
        <extensions>
          <gpxtpx:TrackPointExtension>
            <gpxtpx:hr>144</gpxtpx:hr>
          </gpxtpx:TrackPointExtension>
        </extensions>
      </trkpt>
      <trkpt lat="22.750455716698635" lon="113.73356430190765">
        <ele>2.7672352381050587</ele>
        <time>1970-01-01T00:22:06.600000Z</time>
        <extensions>
          <gpxtpx:TrackPointExtension>
            <gpxtpx:hr>144</gpxtpx:hr>
          </gpxtpx:TrackPointExtension>
        </extensions>
      </trkpt>
      <trkpt lat="22.750447259892805" lon="113.73353705718614">
        <ele>2.7632715795189142</ele>
        <time>1970-01-01T00:22:07.600000Z</time>
        <extensions>
          <gpxtpx:TrackPointExtension>
            <gpxtpx:hr>143</gpxtpx:hr>
          </gpxtpx:TrackPointExtension>
        </extensions>
      </trkpt>
      <trkpt lat="22.75043905329035" lon="113.73350995425531">
        <ele>2.74881009478122</ele>
        <time>1970-01-01T00:22:08.600000Z</time>
        <extensions>
          <gpxtpx:TrackPointExtension>
            <gpxtpx:hr>143</gpxtpx:hr>
          </gpxtpx:TrackPointExtension>
        </extensions>
      </trkpt>
      <trkpt lat="22.750431715288745" lon="113.73348315836398">
        <ele>2.7273802496492863</ele>
        <time>1970-01-01T00:22:09.600000Z</time>
        <extensions>
          <gpxtpx:TrackPointExtension>
            <gpxtpx:hr>143</gpxtpx:hr>
          </gpxtpx:TrackPointExtension>
        </extensions>
      </trkpt>
      <trkpt lat="22.750425230290432" lon="113.73345628110408">
        <ele>2.7044977098703384</ele>
        <time>1970-01-01T00:22:10.600000Z</time>
        <extensions>
          <gpxtpx:TrackPointExtension>
            <gpxtpx:hr>143</gpxtpx:hr>
          </gpxtpx:TrackPointExtension>
        </extensions>
      </trkpt>
      <trkpt lat="22.75041934402771" lon="113.73342924543145">
        <ele>2.6856551254168153</ele>
        <time>1970-01-01T00:22:11.600000Z</time>
        <extensions>
          <gpxtpx:TrackPointExtension>
            <gpxtpx:hr>143</gpxtpx:hr>
          </gpxtpx:TrackPointExtension>
        </extensions>
      </trkpt>
      <trkpt lat="22.750413619072866" lon="113.73340219744998">
        <ele>2.673049431294203</ele>
        <time>1970-01-01T00:22:12.600000Z</time>
        <extensions>
          <gpxtpx:TrackPointExtension>
            <gpxtpx:hr>143</gpxtpx:hr>
          </gpxtpx:TrackPointExtension>
        </extensions>
      </trkpt>
      <trkpt lat="22.750407339944783" lon="113.73337537599862">
        <ele>2.6692660907283425</ele>
        <time>1970-01-01T00:22:13.600000Z</time>
        <extensions>
          <gpxtpx:TrackPointExtension>
            <gpxtpx:hr>142</gpxtpx:hr>
          </gpxtpx:TrackPointExtension>
        </extensions>
      </trkpt>
      <trkpt lat="22.750400455691842" lon="113.7333486171805">
        <ele>2.6737435329705477</ele>
        <time>1970-01-01T00:22:14.600000Z</time>
        <extensions>
          <gpxtpx:TrackPointExtension>
            <gpxtpx:hr>142</gpxtpx:hr>
          </gpxtpx:TrackPointExtension>
        </extensions>
      </trkpt>
      <trkpt lat="22.750392945731416" lon="113.73332178646447">
        <ele>2.685078981332481</ele>
        <time>1970-01-01T00:22:15.600000Z</time>
        <extensions>
          <gpxtpx:TrackPointExtension>
            <gpxtpx:hr>142</gpxtpx:hr>
          </gpxtpx:TrackPointExtension>
        </extensions>
      </trkpt>
      <trkpt lat="22.750385180360116" lon="113.73329526376281">
        <ele>2.701095661148429</ele>
        <time>1970-01-01T00:22:16.600000Z</time>
        <extensions>
          <gpxtpx:TrackPointExtension>
            <gpxtpx:hr>142</gpxtpx:hr>
          </gpxtpx:TrackPointExtension>
        </extensions>
      </trkpt>
      <trkpt lat="22.75037714467716" lon="113.73326893103577">
        <ele>2.7183394646272063</ele>
        <time>1970-01-01T00:22:17.600000Z</time>
        <extensions>
          <gpxtpx:TrackPointExtension>
            <gpxtpx:hr>142</gpxtpx:hr>
          </gpxtpx:TrackPointExtension>
        </extensions>
      </trkpt>
      <trkpt lat="22.750369033423706" lon="113.73324257720502">
        <ele>2.735722848214209</ele>
        <time>1970-01-01T00:22:18.600000Z</time>
        <extensions>
          <gpxtpx:TrackPointExtension>
            <gpxtpx:hr>142</gpxtpx:hr>
          </gpxtpx:TrackPointExtension>
        </extensions>
      </trkpt>
      <trkpt lat="22.750360937888075" lon="113.73321612972899">
        <ele>2.7536240527406335</ele>
        <time>1970-01-01T00:22:19.600000Z</time>
        <extensions>
          <gpxtpx:TrackPointExtension>
            <gpxtpx:hr>141</gpxtpx:hr>
          </gpxtpx:TrackPointExtension>
        </extensions>
      </trkpt>
      <trkpt lat="22.750352701657075" lon="113.73319025350655">
        <ele>2.770166709087789</ele>
        <time>1970-01-01T00:22:20.600000Z</time>
        <extensions>
          <gpxtpx:TrackPointExtension>
            <gpxtpx:hr>141</gpxtpx:hr>
          </gpxtpx:TrackPointExtension>
        </extensions>
      </trkpt>
      <trkpt lat="22.750343904279884" lon="113.73316545725844">
        <ele>2.7846380779519677</ele>
        <time>1970-01-01T00:22:21.600000Z</time>
        <extensions>
          <gpxtpx:TrackPointExtension>
            <gpxtpx:hr>141</gpxtpx:hr>
          </gpxtpx:TrackPointExtension>
        </extensions>
      </trkpt>
      <trkpt lat="22.750334337117522" lon="113.73314100036669">
        <ele>2.7974274028092623</ele>
        <time>1970-01-01T00:22:22.600000Z</time>
        <extensions>
          <gpxtpx:TrackPointExtension>
            <gpxtpx:hr>141</gpxtpx:hr>
          </gpxtpx:TrackPointExtension>
        </extensions>
      </trkpt>
      <trkpt lat="22.750324684826627" lon="113.73311589172923">
        <ele>2.814760352484882</ele>
        <time>1970-01-01T00:22:23.600000Z</time>
        <extensions>
          <gpxtpx:TrackPointExtension>
            <gpxtpx:hr>141</gpxtpx:hr>
          </gpxtpx:TrackPointExtension>
        </extensions>
      </trkpt>
      <trkpt lat="22.750315573471646" lon="113.73308989567096">
        <ele>2.842421667650342</ele>
        <time>1970-01-01T00:22:24.600000Z</time>
        <extensions>
          <gpxtpx:TrackPointExtension>
            <gpxtpx:hr>140</gpxtpx:hr>
          </gpxtpx:TrackPointExtension>
        </extensions>
      </trkpt>
      <trkpt lat="22.750307013061445" lon="113.73306347429448">
        <ele>2.884716403670609</ele>
        <time>1970-01-01T00:22:25.600000Z</time>
        <extensions>
          <gpxtpx:TrackPointExtension>
            <gpxtpx:hr>140</gpxtpx:hr>
          </gpxtpx:TrackPointExtension>
        </extensions>
      </trkpt>
      <trkpt lat="22.750298454418473" lon="113.73303703915683">
        <ele>2.938960670493543</ele>
        <time>1970-01-01T00:22:26.600000Z</time>
        <extensions>
          <gpxtpx:TrackPointExtension>
            <gpxtpx:hr>140</gpxtpx:hr>
          </gpxtpx:TrackPointExtension>
        </extensions>
      </trkpt>
      <trkpt lat="22.75029002479411" lon="113.73301091263906">
        <ele>3.000272097066045</ele>
        <time>1970-01-01T00:22:27.600000Z</time>
        <extensions>
          <gpxtpx:TrackPointExtension>
            <gpxtpx:hr>140</gpxtpx:hr>
          </gpxtpx:TrackPointExtension>
        </extensions>
      </trkpt>
      <trkpt lat="22.750281454572804" lon="113.73298491541519">
        <ele>3.0626401733607054</ele>
        <time>1970-01-01T00:22:28.600000Z</time>
        <extensions>
          <gpxtpx:TrackPointExtension>
            <gpxtpx:hr>140</gpxtpx:hr>
          </gpxtpx:TrackPointExtension>
        </extensions>
      </trkpt>
      <trkpt lat="22.750272781442774" lon="113.73295841123756">
        <ele>3.118063297122717</ele>
        <time>1970-01-01T00:22:29.600000Z</time>
        <extensions>
          <gpxtpx:TrackPointExtension>
            <gpxtpx:hr>140</gpxtpx:hr>
          </gpxtpx:TrackPointExtension>
        </extensions>
      </trkpt>
      <trkpt lat="22.750264617645087" lon="113.73293124317998">
        <ele>3.160763460211456</ele>
        <time>1970-01-01T00:22:30.600000Z</time>
        <extensions>
          <gpxtpx:TrackPointExtension>
            <gpxtpx:hr>140</gpxtpx:hr>
          </gpxtpx:TrackPointExtension>
        </extensions>
      </trkpt>
      <trkpt lat="22.75025724435271" lon="113.73290346889691">
        <ele>3.1882294323295355</ele>
        <time>1970-01-01T00:22:31.600000Z</time>
        <extensions>
          <gpxtpx:TrackPointExtension>
            <gpxtpx:hr>140</gpxtpx:hr>
          </gpxtpx:TrackPointExtension>
        </extensions>
      </trkpt>
      <trkpt lat="22.750250694127395" lon="113.73287599061673">
        <ele>3.2026886269450188</ele>
        <time>1970-01-01T00:22:32.600000Z</time>
        <extensions>
          <gpxtpx:TrackPointExtension>
            <gpxtpx:hr>140</gpxtpx:hr>
          </gpxtpx:TrackPointExtension>
        </extensions>
      </trkpt>
      <trkpt lat="22.75024396419488" lon="113.73284989059835">
        <ele>3.204880894161761</ele>
        <time>1970-01-01T00:22:33.600000Z</time>
        <extensions>
          <gpxtpx:TrackPointExtension>
            <gpxtpx:hr>140</gpxtpx:hr>
          </gpxtpx:TrackPointExtension>
        </extensions>
      </trkpt>
      <trkpt lat="22.750236461240917" lon="113.73282440377176">
        <ele>3.1893033627420664</ele>
        <time>1970-01-01T00:22:34.600000Z</time>
        <extensions>
          <gpxtpx:TrackPointExtension>
            <gpxtpx:hr>140</gpxtpx:hr>
          </gpxtpx:TrackPointExtension>
        </extensions>
      </trkpt>
      <trkpt lat="22.750228349515588" lon="113.73279840682468">
        <ele>3.149170506745577</ele>
        <time>1970-01-01T00:22:35.600000Z</time>
        <extensions>
          <gpxtpx:TrackPointExtension>
            <gpxtpx:hr>140</gpxtpx:hr>
          </gpxtpx:TrackPointExtension>
        </extensions>
      </trkpt>
      <trkpt lat="22.750219923887986" lon="113.73277185660595">
        <ele>3.0792685449123383</ele>
        <time>1970-01-01T00:22:36.600000Z</time>
        <extensions>
          <gpxtpx:TrackPointExtension>
            <gpxtpx:hr>140</gpxtpx:hr>
          </gpxtpx:TrackPointExtension>
        </extensions>
      </trkpt>
      <trkpt lat="22.75021109509506" lon="113.7327454129676">
        <ele>2.978443025611341</ele>
        <time>1970-01-01T00:22:37.600000Z</time>
        <extensions>
          <gpxtpx:TrackPointExtension>
            <gpxtpx:hr>141</gpxtpx:hr>
          </gpxtpx:TrackPointExtension>
        </extensions>
      </trkpt>
      <trkpt lat="22.75020201525668" lon="113.73271934629624">
        <ele>2.8489361368119717</ele>
        <time>1970-01-01T00:22:38.600000Z</time>
        <extensions>
          <gpxtpx:TrackPointExtension>
            <gpxtpx:hr>141</gpxtpx:hr>
          </gpxtpx:TrackPointExtension>
        </extensions>
      </trkpt>
      <trkpt lat="22.750193379349078" lon="113.73269332970895">
        <ele>2.691941946744919</ele>
        <time>1970-01-01T00:22:39.600000Z</time>
        <extensions>
          <gpxtpx:TrackPointExtension>
            <gpxtpx:hr>141</gpxtpx:hr>
          </gpxtpx:TrackPointExtension>
        </extensions>
      </trkpt>
      <trkpt lat="22.750185390368916" lon="113.73266715129955">
        <ele>2.511577993631363</ele>
        <time>1970-01-01T00:22:40.600000Z</time>
        <extensions>
          <gpxtpx:TrackPointExtension>
            <gpxtpx:hr>141</gpxtpx:hr>
          </gpxtpx:TrackPointExtension>
        </extensions>
      </trkpt>
      <trkpt lat="22.750178049470914" lon="113.7326408004739">
        <ele>2.3150156503543258</ele>
        <time>1970-01-01T00:22:41.600000Z</time>
        <extensions>
          <gpxtpx:TrackPointExtension>
            <gpxtpx:hr>141</gpxtpx:hr>
          </gpxtpx:TrackPointExtension>
        </extensions>
      </trkpt>
      <trkpt lat="22.750171017459614" lon="113.73261423523329">
        <ele>2.1106973439455032</ele>
        <time>1970-01-01T00:22:42.600000Z</time>
        <extensions>
          <gpxtpx:TrackPointExtension>
            <gpxtpx:hr>141</gpxtpx:hr>
          </gpxtpx:TrackPointExtension>
        </extensions>
      </trkpt>
      <trkpt lat="22.750164732275696" lon="113.73258720156649">
        <ele>1.909530977718532</ele>
        <time>1970-01-01T00:22:43.600000Z</time>
        <extensions>
          <gpxtpx:TrackPointExtension>
            <gpxtpx:hr>141</gpxtpx:hr>
          </gpxtpx:TrackPointExtension>
        </extensions>
      </trkpt>
      <trkpt lat="22.750159687421853" lon="113.7325595970362">
        <ele>1.724624089896679</ele>
        <time>1970-01-01T00:22:44.600000Z</time>
        <extensions>
          <gpxtpx:TrackPointExtension>
            <gpxtpx:hr>141</gpxtpx:hr>
          </gpxtpx:TrackPointExtension>
        </extensions>
      </trkpt>
      <trkpt lat="22.75015631112874" lon="113.7325315743792">
        <ele>1.5697220480069518</ele>
        <time>1970-01-01T00:22:45.600000Z</time>
        <extensions>
          <gpxtpx:TrackPointExtension>
            <gpxtpx:hr>141</gpxtpx:hr>
          </gpxtpx:TrackPointExtension>
        </extensions>
      </trkpt>
      <trkpt lat="22.750155973008198" lon="113.73250350000072">
        <ele>1.4540077559649944</ele>
        <time>1970-01-01T00:22:46.600000Z</time>
        <extensions>
          <gpxtpx:TrackPointExtension>
            <gpxtpx:hr>141</gpxtpx:hr>
          </gpxtpx:TrackPointExtension>
        </extensions>
      </trkpt>
      <trkpt lat="22.750160496424236" lon="113.73247615483513">
        <ele>1.382005232386291</ele>
        <time>1970-01-01T00:22:47.600000Z</time>
        <extensions>
          <gpxtpx:TrackPointExtension>
            <gpxtpx:hr>141</gpxtpx:hr>
          </gpxtpx:TrackPointExtension>
        </extensions>
      </trkpt>
      <trkpt lat="22.750171700198248" lon="113.73245093348072">
        <ele>1.3536101141944528</ele>
        <time>1970-01-01T00:22:48.600000Z</time>
        <extensions>
          <gpxtpx:TrackPointExtension>
            <gpxtpx:hr>141</gpxtpx:hr>
          </gpxtpx:TrackPointExtension>
        </extensions>
      </trkpt>
      <trkpt lat="22.75018957317071" lon="113.73242939089049">
        <ele>1.3639917876571417</ele>
        <time>1970-01-01T00:22:49.600000Z</time>
        <extensions>
          <gpxtpx:TrackPointExtension>
            <gpxtpx:hr>141</gpxtpx:hr>
          </gpxtpx:TrackPointExtension>
        </extensions>
      </trkpt>
      <trkpt lat="22.75021282308115" lon="113.73241338557871">
        <ele>1.4068967681378126</ele>
        <time>1970-01-01T00:22:50.600000Z</time>
        <extensions>
          <gpxtpx:TrackPointExtension>
            <gpxtpx:hr>141</gpxtpx:hr>
          </gpxtpx:TrackPointExtension>
        </extensions>
      </trkpt>
      <trkpt lat="22.75023951497812" lon="113.73240469801699">
        <ele>1.476403722539544</ele>
        <time>1970-01-01T00:22:51.600000Z</time>
        <extensions>
          <gpxtpx:TrackPointExtension>
            <gpxtpx:hr>141</gpxtpx:hr>
          </gpxtpx:TrackPointExtension>
        </extensions>
      </trkpt>
      <trkpt lat="22.7502676960589" lon="113.73240352111513">
        <ele>1.5667082238942385</ele>
        <time>1970-01-01T00:22:52.600000Z</time>
        <extensions>
          <gpxtpx:TrackPointExtension>
            <gpxtpx:hr>142</gpxtpx:hr>
          </gpxtpx:TrackPointExtension>
        </extensions>
      </trkpt>
      <trkpt lat="22.750296182854456" lon="113.7324088008032">
        <ele>1.670911437831819</ele>
        <time>1970-01-01T00:22:53.600000Z</time>
        <extensions>
          <gpxtpx:TrackPointExtension>
            <gpxtpx:hr>142</gpxtpx:hr>
          </gpxtpx:TrackPointExtension>
        </extensions>
      </trkpt>
      <trkpt lat="22.75032333097812" lon="113.73241986844965">
        <ele>1.782197984866798</ele>
        <time>1970-01-01T00:22:54.600000Z</time>
        <extensions>
          <gpxtpx:TrackPointExtension>
            <gpxtpx:hr>142</gpxtpx:hr>
          </gpxtpx:TrackPointExtension>
        </extensions>
      </trkpt>
      <trkpt lat="22.750348164579897" lon="113.7324351878599">
        <ele>1.8949513658881187</ele>
        <time>1970-01-01T00:22:55.600000Z</time>
        <extensions>
          <gpxtpx:TrackPointExtension>
            <gpxtpx:hr>142</gpxtpx:hr>
          </gpxtpx:TrackPointExtension>
        </extensions>
      </trkpt>
      <trkpt lat="22.750371265087676" lon="113.73245218199689">
        <ele>2.005252010188997</ele>
        <time>1970-01-01T00:22:56.600000Z</time>
        <extensions>
          <gpxtpx:TrackPointExtension>
            <gpxtpx:hr>142</gpxtpx:hr>
          </gpxtpx:TrackPointExtension>
        </extensions>
      </trkpt>
      <trkpt lat="22.750393935845413" lon="113.73246896014716">
        <ele>2.108142187818885</ele>
        <time>1970-01-01T00:22:57.600000Z</time>
        <extensions>
          <gpxtpx:TrackPointExtension>
            <gpxtpx:hr>142</gpxtpx:hr>
          </gpxtpx:TrackPointExtension>
        </extensions>
      </trkpt>
      <trkpt lat="22.750416828855812" lon="113.73248486022403">
        <ele>2.19745222479105</ele>
        <time>1970-01-01T00:22:58.600000Z</time>
        <extensions>
          <gpxtpx:TrackPointExtension>
            <gpxtpx:hr>142</gpxtpx:hr>
          </gpxtpx:TrackPointExtension>
        </extensions>
      </trkpt>
      <trkpt lat="22.75043985898179" lon="113.7325002567298">
        <ele>2.2690482260659337</ele>
        <time>1970-01-01T00:22:59.600000Z</time>
        <extensions>
          <gpxtpx:TrackPointExtension>
            <gpxtpx:hr>142</gpxtpx:hr>
          </gpxtpx:TrackPointExtension>
        </extensions>
      </trkpt>
      <trkpt lat="22.750462950070112" lon="113.73251561766808">
        <ele>2.320333301089704</ele>
        <time>1970-01-01T00:23:00.600000Z</time>
        <extensions>
          <gpxtpx:TrackPointExtension>
            <gpxtpx:hr>142</gpxtpx:hr>
          </gpxtpx:TrackPointExtension>
        </extensions>
      </trkpt>
      <trkpt lat="22.750485761684683" lon="113.73253111517042">
        <ele>2.349481539800763</ele>
        <time>1970-01-01T00:23:01.600000Z</time>
        <extensions>
          <gpxtpx:TrackPointExtension>
            <gpxtpx:hr>142</gpxtpx:hr>
          </gpxtpx:TrackPointExtension>
        </extensions>
      </trkpt>
      <trkpt lat="22.75050820719028" lon="113.73254633444564">
        <ele>2.355306765064597</ele>
        <time>1970-01-01T00:23:02.600000Z</time>
        <extensions>
          <gpxtpx:TrackPointExtension>
            <gpxtpx:hr>142</gpxtpx:hr>
          </gpxtpx:TrackPointExtension>
        </extensions>
      </trkpt>
      <trkpt lat="22.75053024598337" lon="113.73256132383224">
        <ele>2.339049485512078</ele>
        <time>1970-01-01T00:23:03.600000Z</time>
        <extensions>
          <gpxtpx:TrackPointExtension>
            <gpxtpx:hr>142</gpxtpx:hr>
          </gpxtpx:TrackPointExtension>
        </extensions>
      </trkpt>
      <trkpt lat="22.750551931572417" lon="113.73257656288266">
        <ele>2.303449546918273</ele>
        <time>1970-01-01T00:23:04.600000Z</time>
        <extensions>
          <gpxtpx:TrackPointExtension>
            <gpxtpx:hr>142</gpxtpx:hr>
          </gpxtpx:TrackPointExtension>
        </extensions>
      </trkpt>
      <trkpt lat="22.75057313274493" lon="113.73259229862234">
        <ele>2.2513835299760103</ele>
        <time>1970-01-01T00:23:05.600000Z</time>
        <extensions>
          <gpxtpx:TrackPointExtension>
            <gpxtpx:hr>142</gpxtpx:hr>
          </gpxtpx:TrackPointExtension>
        </extensions>
      </trkpt>
      <trkpt lat="22.750593603002738" lon="113.7326088460363">
        <ele>2.184653309173882</ele>
        <time>1970-01-01T00:23:06.600000Z</time>
        <extensions>
          <gpxtpx:TrackPointExtension>
            <gpxtpx:hr>142</gpxtpx:hr>
          </gpxtpx:TrackPointExtension>
        </extensions>
      </trkpt>
      <trkpt lat="22.750612977310876" lon="113.7326262832147">
        <ele>2.1080869464203715</ele>
        <time>1970-01-01T00:23:07.600000Z</time>
        <extensions>
          <gpxtpx:TrackPointExtension>
            <gpxtpx:hr>142</gpxtpx:hr>
          </gpxtpx:TrackPointExtension>
        </extensions>
      </trkpt>
      <trkpt lat="22.750632181534602" lon="113.73264415378833">
        <ele>2.0283611230552197</ele>
        <time>1970-01-01T00:23:08.600000Z</time>
        <extensions>
          <gpxtpx:TrackPointExtension>
            <gpxtpx:hr>144</gpxtpx:hr>
          </gpxtpx:TrackPointExtension>
        </extensions>
      </trkpt>
      <trkpt lat="22.750652770934767" lon="113.7326613557568">
        <ele>1.9533273000270128</ele>
        <time>1970-01-01T00:23:09.600000Z</time>
        <extensions>
          <gpxtpx:TrackPointExtension>
            <gpxtpx:hr>144</gpxtpx:hr>
          </gpxtpx:TrackPointExtension>
        </extensions>
      </trkpt>
      <trkpt lat="22.750674720197413" lon="113.7326773883964">
        <ele>1.8893543062731624</ele>
        <time>1970-01-01T00:23:10.600000Z</time>
        <extensions>
          <gpxtpx:TrackPointExtension>
            <gpxtpx:hr>144</gpxtpx:hr>
          </gpxtpx:TrackPointExtension>
        </extensions>
      </trkpt>
      <trkpt lat="22.75069731461076" lon="113.73269312200307">
        <ele>1.8394941240549088</ele>
        <time>1970-01-01T00:23:11.600000Z</time>
        <extensions>
          <gpxtpx:TrackPointExtension>
            <gpxtpx:hr>144</gpxtpx:hr>
          </gpxtpx:TrackPointExtension>
        </extensions>
      </trkpt>
      <trkpt lat="22.750719650348312" lon="113.7327091806781">
        <ele>1.8073794906958938</ele>
        <time>1970-01-01T00:23:12.600000Z</time>
        <extensions>
          <gpxtpx:TrackPointExtension>
            <gpxtpx:hr>144</gpxtpx:hr>
          </gpxtpx:TrackPointExtension>
        </extensions>
      </trkpt>
      <trkpt lat="22.750741685845966" lon="113.73272506884099">
        <ele>1.795533829368651</ele>
        <time>1970-01-01T00:23:13.600000Z</time>
        <extensions>
          <gpxtpx:TrackPointExtension>
            <gpxtpx:hr>144</gpxtpx:hr>
          </gpxtpx:TrackPointExtension>
        </extensions>
      </trkpt>
      <trkpt lat="22.750763842027613" lon="113.73274140851791">
        <ele>1.800043267197907</ele>
        <time>1970-01-01T00:23:14.600000Z</time>
        <extensions>
          <gpxtpx:TrackPointExtension>
            <gpxtpx:hr>144</gpxtpx:hr>
          </gpxtpx:TrackPointExtension>
        </extensions>
      </trkpt>
      <trkpt lat="22.750786601394722" lon="113.73275849969598">
        <ele>1.8128609051927924</ele>
        <time>1970-01-01T00:23:15.600000Z</time>
        <extensions>
          <gpxtpx:TrackPointExtension>
            <gpxtpx:hr>144</gpxtpx:hr>
          </gpxtpx:TrackPointExtension>
        </extensions>
      </trkpt>
      <trkpt lat="22.750809533298487" lon="113.73277441664702">
        <ele>1.8262250469997525</ele>
        <time>1970-01-01T00:23:16.600000Z</time>
        <extensions>
          <gpxtpx:TrackPointExtension>
            <gpxtpx:hr>143</gpxtpx:hr>
          </gpxtpx:TrackPointExtension>
        </extensions>
      </trkpt>
      <trkpt lat="22.75083177515075" lon="113.7327887016174">
        <ele>1.8320260178297758</ele>
        <time>1970-01-01T00:23:17.600000Z</time>
        <extensions>
          <gpxtpx:TrackPointExtension>
            <gpxtpx:hr>143</gpxtpx:hr>
          </gpxtpx:TrackPointExtension>
        </extensions>
      </trkpt>
      <trkpt lat="22.750853430321406" lon="113.7328031856766">
        <ele>1.820579237304628</ele>
        <time>1970-01-01T00:23:18.600000Z</time>
        <extensions>
          <gpxtpx:TrackPointExtension>
            <gpxtpx:hr>143</gpxtpx:hr>
          </gpxtpx:TrackPointExtension>
        </extensions>
      </trkpt>
      <trkpt lat="22.750874646967937" lon="113.73281884378186">
        <ele>1.7882273076102138</ele>
        <time>1970-01-01T00:23:19.600000Z</time>
        <extensions>
          <gpxtpx:TrackPointExtension>
            <gpxtpx:hr>143</gpxtpx:hr>
          </gpxtpx:TrackPointExtension>
        </extensions>
      </trkpt>
      <trkpt lat="22.75089554331012" lon="113.73283462652783">
        <ele>1.7343782093375921</ele>
        <time>1970-01-01T00:23:20.600000Z</time>
        <extensions>
          <gpxtpx:TrackPointExtension>
            <gpxtpx:hr>143</gpxtpx:hr>
          </gpxtpx:TrackPointExtension>
        </extensions>
      </trkpt>
      <trkpt lat="22.750915961993073" lon="113.73284993260428">
        <ele>1.6620998792350292</ele>
        <time>1970-01-01T00:23:21.600000Z</time>
        <extensions>
          <gpxtpx:TrackPointExtension>
            <gpxtpx:hr>144</gpxtpx:hr>
          </gpxtpx:TrackPointExtension>
        </extensions>
      </trkpt>
      <trkpt lat="22.750935413887586" lon="113.7328650438028">
        <ele>1.5780668035149574</ele>
        <time>1970-01-01T00:23:22.600000Z</time>
        <extensions>
          <gpxtpx:TrackPointExtension>
            <gpxtpx:hr>144</gpxtpx:hr>
          </gpxtpx:TrackPointExtension>
        </extensions>
      </trkpt>
      <trkpt lat="22.750954189628832" lon="113.73288089013072">
        <ele>1.4883354492485523</ele>
        <time>1970-01-01T00:23:23.600000Z</time>
        <extensions>
          <gpxtpx:TrackPointExtension>
            <gpxtpx:hr>144</gpxtpx:hr>
          </gpxtpx:TrackPointExtension>
        </extensions>
      </trkpt>
      <trkpt lat="22.750973056976605" lon="113.7328986045379">
        <ele>1.3996115373447537</ele>
        <time>1970-01-01T00:23:24.600000Z</time>
        <extensions>
          <gpxtpx:TrackPointExtension>
            <gpxtpx:hr>144</gpxtpx:hr>
          </gpxtpx:TrackPointExtension>
        </extensions>
      </trkpt>
      <trkpt lat="22.75099191543204" lon="113.73291736062376">
        <ele>1.3168984511867166</ele>
        <time>1970-01-01T00:23:25.600000Z</time>
        <extensions>
          <gpxtpx:TrackPointExtension>
            <gpxtpx:hr>144</gpxtpx:hr>
          </gpxtpx:TrackPointExtension>
        </extensions>
      </trkpt>
      <trkpt lat="22.75101098963565" lon="113.7329353118062">
        <ele>1.2447911351919174</ele>
        <time>1970-01-01T00:23:26.600000Z</time>
        <extensions>
          <gpxtpx:TrackPointExtension>
            <gpxtpx:hr>144</gpxtpx:hr>
          </gpxtpx:TrackPointExtension>
        </extensions>
      </trkpt>
      <trkpt lat="22.7510308313739" lon="113.73295127011217">
        <ele>1.1864521335810423</ele>
        <time>1970-01-01T00:23:27.600000Z</time>
        <extensions>
          <gpxtpx:TrackPointExtension>
            <gpxtpx:hr>144</gpxtpx:hr>
          </gpxtpx:TrackPointExtension>
        </extensions>
      </trkpt>
      <trkpt lat="22.75105166567707" lon="113.73296578895312">
        <ele>1.1434373585507274</ele>
        <time>1970-01-01T00:23:28.600000Z</time>
        <extensions>
          <gpxtpx:TrackPointExtension>
            <gpxtpx:hr>143</gpxtpx:hr>
          </gpxtpx:TrackPointExtension>
        </extensions>
      </trkpt>
      <trkpt lat="22.751073293330187" lon="113.73297986307026">
        <ele>1.1175152463838458</ele>
        <time>1970-01-01T00:23:29.600000Z</time>
        <extensions>
          <gpxtpx:TrackPointExtension>
            <gpxtpx:hr>143</gpxtpx:hr>
          </gpxtpx:TrackPointExtension>
        </extensions>
      </trkpt>
      <trkpt lat="22.7510949826699" lon="113.73299442082737">
        <ele>1.1100889714434743</ele>
        <time>1970-01-01T00:23:30.600000Z</time>
        <extensions>
          <gpxtpx:TrackPointExtension>
            <gpxtpx:hr>143</gpxtpx:hr>
          </gpxtpx:TrackPointExtension>
        </extensions>
      </trkpt>
      <trkpt lat="22.751116243221787" lon="113.73300979772085">
        <ele>1.1210806537419558</ele>
        <time>1970-01-01T00:23:31.600000Z</time>
        <extensions>
          <gpxtpx:TrackPointExtension>
            <gpxtpx:hr>143</gpxtpx:hr>
          </gpxtpx:TrackPointExtension>
        </extensions>
      </trkpt>
      <trkpt lat="22.751137178285493" lon="113.73302549980835">
        <ele>1.1503227483481169</ele>
        <time>1970-01-01T00:23:32.600000Z</time>
        <extensions>
          <gpxtpx:TrackPointExtension>
            <gpxtpx:hr>143</gpxtpx:hr>
          </gpxtpx:TrackPointExtension>
        </extensions>
      </trkpt>
      <trkpt lat="22.751158183880914" lon="113.73304092648053">
        <ele>1.1958647584542632</ele>
        <time>1970-01-01T00:23:33.600000Z</time>
        <extensions>
          <gpxtpx:TrackPointExtension>
            <gpxtpx:hr>143</gpxtpx:hr>
          </gpxtpx:TrackPointExtension>
        </extensions>
      </trkpt>
      <trkpt lat="22.75117947459149" lon="113.73305591819954">
        <ele>1.253337767906487</ele>
        <time>1970-01-01T00:23:34.600000Z</time>
        <extensions>
          <gpxtpx:TrackPointExtension>
            <gpxtpx:hr>142</gpxtpx:hr>
          </gpxtpx:TrackPointExtension>
        </extensions>
      </trkpt>
      <trkpt lat="22.751200882306527" lon="113.73307127354337">
        <ele>1.3159393463283777</ele>
        <time>1970-01-01T00:23:35.600000Z</time>
        <extensions>
          <gpxtpx:TrackPointExtension>
            <gpxtpx:hr>142</gpxtpx:hr>
          </gpxtpx:TrackPointExtension>
        </extensions>
      </trkpt>
      <trkpt lat="22.75122168547656" lon="113.73308723652163">
        <ele>1.3764043068513274</ele>
        <time>1970-01-01T00:23:36.600000Z</time>
        <extensions>
          <gpxtpx:TrackPointExtension>
            <gpxtpx:hr>142</gpxtpx:hr>
          </gpxtpx:TrackPointExtension>
        </extensions>
      </trkpt>
      <trkpt lat="22.751241755771467" lon="113.73310401149156">
        <ele>1.431347630918026</ele>
        <time>1970-01-01T00:23:37.600000Z</time>
        <extensions>
          <gpxtpx:TrackPointExtension>
            <gpxtpx:hr>142</gpxtpx:hr>
          </gpxtpx:TrackPointExtension>
        </extensions>
      </trkpt>
      <trkpt lat="22.751261622540248" lon="113.73312102207669">
        <ele>1.4807537971064448</ele>
        <time>1970-01-01T00:23:38.600000Z</time>
        <extensions>
          <gpxtpx:TrackPointExtension>
            <gpxtpx:hr>141</gpxtpx:hr>
          </gpxtpx:TrackPointExtension>
        </extensions>
      </trkpt>
      <trkpt lat="22.751281740449183" lon="113.73313718149615">
        <ele>1.5218165889382362</ele>
        <time>1970-01-01T00:23:39.600000Z</time>
        <extensions>
          <gpxtpx:TrackPointExtension>
            <gpxtpx:hr>141</gpxtpx:hr>
          </gpxtpx:TrackPointExtension>
        </extensions>
      </trkpt>
      <trkpt lat="22.75130195515784" lon="113.73315243633762">
        <ele>1.5514788329601288</ele>
        <time>1970-01-01T00:23:40.600000Z</time>
        <extensions>
          <gpxtpx:TrackPointExtension>
            <gpxtpx:hr>141</gpxtpx:hr>
          </gpxtpx:TrackPointExtension>
        </extensions>
      </trkpt>
      <trkpt lat="22.751322219245946" lon="113.73316777054359">
        <ele>1.5695321327075362</ele>
        <time>1970-01-01T00:23:41.600000Z</time>
        <extensions>
          <gpxtpx:TrackPointExtension>
            <gpxtpx:hr>141</gpxtpx:hr>
          </gpxtpx:TrackPointExtension>
        </extensions>
      </trkpt>
      <trkpt lat="22.751343300718407" lon="113.73318371189376">
        <ele>1.5752841448411345</ele>
        <time>1970-01-01T00:23:42.600000Z</time>
        <extensions>
          <gpxtpx:TrackPointExtension>
            <gpxtpx:hr>142</gpxtpx:hr>
          </gpxtpx:TrackPointExtension>
        </extensions>
      </trkpt>
      <trkpt lat="22.751365198057393" lon="113.73319972703167">
        <ele>1.5690421564504504</ele>
        <time>1970-01-01T00:23:43.600000Z</time>
        <extensions>
          <gpxtpx:TrackPointExtension>
            <gpxtpx:hr>142</gpxtpx:hr>
          </gpxtpx:TrackPointExtension>
        </extensions>
      </trkpt>
      <trkpt lat="22.751387447417134" lon="113.7332158746826">
        <ele>1.5557808857411146</ele>
        <time>1970-01-01T00:23:44.600000Z</time>
        <extensions>
          <gpxtpx:TrackPointExtension>
            <gpxtpx:hr>142</gpxtpx:hr>
          </gpxtpx:TrackPointExtension>
        </extensions>
      </trkpt>
      <trkpt lat="22.751409640518524" lon="113.73323255459604">
        <ele>1.5421348446980119</ele>
        <time>1970-01-01T00:23:45.600000Z</time>
        <extensions>
          <gpxtpx:TrackPointExtension>
            <gpxtpx:hr>142</gpxtpx:hr>
          </gpxtpx:TrackPointExtension>
        </extensions>
      </trkpt>
      <trkpt lat="22.751431541770383" lon="113.73324998179267">
        <ele>1.5333004230633378</ele>
        <time>1970-01-01T00:23:46.600000Z</time>
        <extensions>
          <gpxtpx:TrackPointExtension>
            <gpxtpx:hr>141</gpxtpx:hr>
          </gpxtpx:TrackPointExtension>
        </extensions>
      </trkpt>
      <trkpt lat="22.751452900929227" lon="113.73326762107104">
        <ele>1.5319952359423041</ele>
        <time>1970-01-01T00:23:47.600000Z</time>
        <extensions>
          <gpxtpx:TrackPointExtension>
            <gpxtpx:hr>141</gpxtpx:hr>
          </gpxtpx:TrackPointExtension>
        </extensions>
      </trkpt>
      <trkpt lat="22.751473862675248" lon="113.73328554683582">
        <ele>1.5379654429852962</ele>
        <time>1970-01-01T00:23:48.600000Z</time>
        <extensions>
          <gpxtpx:TrackPointExtension>
            <gpxtpx:hr>141</gpxtpx:hr>
          </gpxtpx:TrackPointExtension>
        </extensions>
      </trkpt>
      <trkpt lat="22.751495181726934" lon="113.73330404478112">
        <ele>1.550720227882266</ele>
        <time>1970-01-01T00:23:49.600000Z</time>
        <extensions>
          <gpxtpx:TrackPointExtension>
            <gpxtpx:hr>141</gpxtpx:hr>
          </gpxtpx:TrackPointExtension>
        </extensions>
      </trkpt>
      <trkpt lat="22.751517107187055" lon="113.73332201845432">
        <ele>1.5731292180716991</ele>
        <time>1970-01-01T00:23:50.600000Z</time>
        <extensions>
          <gpxtpx:TrackPointExtension>
            <gpxtpx:hr>141</gpxtpx:hr>
          </gpxtpx:TrackPointExtension>
        </extensions>
      </trkpt>
      <trkpt lat="22.75153980445891" lon="113.73333852384798">
        <ele>1.6048011537641287</ele>
        <time>1970-01-01T00:23:51.600000Z</time>
        <extensions>
          <gpxtpx:TrackPointExtension>
            <gpxtpx:hr>141</gpxtpx:hr>
          </gpxtpx:TrackPointExtension>
        </extensions>
      </trkpt>
      <trkpt lat="22.75156266218034" lon="113.73335359485486">
        <ele>1.643765864893794</ele>
        <time>1970-01-01T00:23:52.600000Z</time>
        <extensions>
          <gpxtpx:TrackPointExtension>
            <gpxtpx:hr>143</gpxtpx:hr>
          </gpxtpx:TrackPointExtension>
        </extensions>
      </trkpt>
      <trkpt lat="22.751584909209427" lon="113.73336811215388">
        <ele>1.688906948082149</ele>
        <time>1970-01-01T00:23:53.600000Z</time>
        <extensions>
          <gpxtpx:TrackPointExtension>
            <gpxtpx:hr>143</gpxtpx:hr>
          </gpxtpx:TrackPointExtension>
        </extensions>
      </trkpt>
      <trkpt lat="22.751606876631815" lon="113.73338278578392">
        <ele>1.7358424738049507</ele>
        <time>1970-01-01T00:23:54.600000Z</time>
        <extensions>
          <gpxtpx:TrackPointExtension>
            <gpxtpx:hr>143</gpxtpx:hr>
          </gpxtpx:TrackPointExtension>
        </extensions>
      </trkpt>
      <trkpt lat="22.75162835100651" lon="113.73339736537908">
        <ele>1.7790497783571482</ele>
        <time>1970-01-01T00:23:55.600000Z</time>
        <extensions>
          <gpxtpx:TrackPointExtension>
            <gpxtpx:hr>143</gpxtpx:hr>
          </gpxtpx:TrackPointExtension>
        </extensions>
      </trkpt>
      <trkpt lat="22.751649112109806" lon="113.73341185079815">
        <ele>1.814245537854731</ele>
        <time>1970-01-01T00:23:56.600000Z</time>
        <extensions>
          <gpxtpx:TrackPointExtension>
            <gpxtpx:hr>143</gpxtpx:hr>
          </gpxtpx:TrackPointExtension>
        </extensions>
      </trkpt>
      <trkpt lat="22.75166960925045" lon="113.73342633462408">
        <ele>1.8400045530870557</ele>
        <time>1970-01-01T00:23:57.600000Z</time>
        <extensions>
          <gpxtpx:TrackPointExtension>
            <gpxtpx:hr>143</gpxtpx:hr>
          </gpxtpx:TrackPointExtension>
        </extensions>
      </trkpt>
      <trkpt lat="22.751690449836342" lon="113.73344044839381">
        <ele>1.8561909617856145</ele>
        <time>1970-01-01T00:23:58.600000Z</time>
        <extensions>
          <gpxtpx:TrackPointExtension>
            <gpxtpx:hr>143</gpxtpx:hr>
          </gpxtpx:TrackPointExtension>
        </extensions>
      </trkpt>
      <trkpt lat="22.751711708701333" lon="113.73345380285122">
        <ele>1.8631000174209476</ele>
        <time>1970-01-01T00:23:59.600000Z</time>
        <extensions>
          <gpxtpx:TrackPointExtension>
            <gpxtpx:hr>143</gpxtpx:hr>
          </gpxtpx:TrackPointExtension>
        </extensions>
      </trkpt>
      <trkpt lat="22.751732269896614" lon="113.73346695266592">
        <ele>1.8605257645249367</ele>
        <time>1970-01-01T00:24:00.600000Z</time>
        <extensions>
          <gpxtpx:TrackPointExtension>
            <gpxtpx:hr>143</gpxtpx:hr>
          </gpxtpx:TrackPointExtension>
        </extensions>
      </trkpt>
      <trkpt lat="22.751751775235597" lon="113.73348100813703">
        <ele>1.8488411512225866</ele>
        <time>1970-01-01T00:24:01.600000Z</time>
        <extensions>
          <gpxtpx:TrackPointExtension>
            <gpxtpx:hr>143</gpxtpx:hr>
          </gpxtpx:TrackPointExtension>
        </extensions>
      </trkpt>
      <trkpt lat="22.751771003413058" lon="113.73349602520135">
        <ele>1.830727786757052</ele>
        <time>1970-01-01T00:24:02.600000Z</time>
        <extensions>
          <gpxtpx:TrackPointExtension>
            <gpxtpx:hr>144</gpxtpx:hr>
          </gpxtpx:TrackPointExtension>
        </extensions>
      </trkpt>
      <trkpt lat="22.751790623017644" lon="113.73351145038956">
        <ele>1.8112997012212873</ele>
        <time>1970-01-01T00:24:03.600000Z</time>
        <extensions>
          <gpxtpx:TrackPointExtension>
            <gpxtpx:hr>144</gpxtpx:hr>
          </gpxtpx:TrackPointExtension>
        </extensions>
      </trkpt>
      <trkpt lat="22.75181064077423" lon="113.73352693734198">
        <ele>1.7989290608093143</ele>
        <time>1970-01-01T00:24:04.600000Z</time>
        <extensions>
          <gpxtpx:TrackPointExtension>
            <gpxtpx:hr>144</gpxtpx:hr>
          </gpxtpx:TrackPointExtension>
        </extensions>
      </trkpt>
      <trkpt lat="22.751831173909128" lon="113.73354275647381">
        <ele>1.8002582881599665</ele>
        <time>1970-01-01T00:24:05.600000Z</time>
        <extensions>
          <gpxtpx:TrackPointExtension>
            <gpxtpx:hr>144</gpxtpx:hr>
          </gpxtpx:TrackPointExtension>
        </extensions>
      </trkpt>
      <trkpt lat="22.751851726675152" lon="113.73355879546222">
        <ele>1.8194640427827835</ele>
        <time>1970-01-01T00:24:06.600000Z</time>
        <extensions>
          <gpxtpx:TrackPointExtension>
            <gpxtpx:hr>143</gpxtpx:hr>
          </gpxtpx:TrackPointExtension>
        </extensions>
      </trkpt>
      <trkpt lat="22.751871623599637" lon="113.73357459830669">
        <ele>1.8572138035669923</ele>
        <time>1970-01-01T00:24:07.600000Z</time>
        <extensions>
          <gpxtpx:TrackPointExtension>
            <gpxtpx:hr>143</gpxtpx:hr>
          </gpxtpx:TrackPointExtension>
        </extensions>
      </trkpt>
      <trkpt lat="22.751891212301103" lon="113.73359020695773">
        <ele>1.9115846557542682</ele>
        <time>1970-01-01T00:24:08.600000Z</time>
        <extensions>
          <gpxtpx:TrackPointExtension>
            <gpxtpx:hr>143</gpxtpx:hr>
          </gpxtpx:TrackPointExtension>
        </extensions>
      </trkpt>
      <trkpt lat="22.751910926485674" lon="113.73360618989224">
        <ele>1.9807128002867103</ele>
        <time>1970-01-01T00:24:09.600000Z</time>
        <extensions>
          <gpxtpx:TrackPointExtension>
            <gpxtpx:hr>143</gpxtpx:hr>
          </gpxtpx:TrackPointExtension>
        </extensions>
      </trkpt>
      <trkpt lat="22.75193090074351" lon="113.73362277598181">
        <ele>2.062975374981761</ele>
        <time>1970-01-01T00:24:10.600000Z</time>
        <extensions>
          <gpxtpx:TrackPointExtension>
            <gpxtpx:hr>143</gpxtpx:hr>
          </gpxtpx:TrackPointExtension>
        </extensions>
      </trkpt>
      <trkpt lat="22.75195086086352" lon="113.73363932799055">
        <ele>2.1595663940533996</ele>
        <time>1970-01-01T00:24:11.600000Z</time>
        <extensions>
          <gpxtpx:TrackPointExtension>
            <gpxtpx:hr>143</gpxtpx:hr>
          </gpxtpx:TrackPointExtension>
        </extensions>
      </trkpt>
      <trkpt lat="22.75197139916243" lon="113.73365522695984">
        <ele>2.2753499764949083</ele>
        <time>1970-01-01T00:24:12.600000Z</time>
        <extensions>
          <gpxtpx:TrackPointExtension>
            <gpxtpx:hr>143</gpxtpx:hr>
          </gpxtpx:TrackPointExtension>
        </extensions>
      </trkpt>
      <trkpt lat="22.75199246337791" lon="113.73367049752973">
        <ele>2.4181894892826676</ele>
        <time>1970-01-01T00:24:13.600000Z</time>
        <extensions>
          <gpxtpx:TrackPointExtension>
            <gpxtpx:hr>143</gpxtpx:hr>
          </gpxtpx:TrackPointExtension>
        </extensions>
      </trkpt>
      <trkpt lat="22.752014227665782" lon="113.73368621479914">
        <ele>2.5901481844484806</ele>
        <time>1970-01-01T00:24:14.600000Z</time>
        <extensions>
          <gpxtpx:TrackPointExtension>
            <gpxtpx:hr>143</gpxtpx:hr>
          </gpxtpx:TrackPointExtension>
        </extensions>
      </trkpt>
      <trkpt lat="22.752037024700684" lon="113.73370253103191">
        <ele>2.7818130254745483</ele>
        <time>1970-01-01T00:24:15.600000Z</time>
        <extensions>
          <gpxtpx:TrackPointExtension>
            <gpxtpx:hr>143</gpxtpx:hr>
          </gpxtpx:TrackPointExtension>
        </extensions>
      </trkpt>
      <trkpt lat="22.75205976345534" lon="113.73371829728758">
        <ele>2.986240565776825</ele>
        <time>1970-01-01T00:24:16.600000Z</time>
        <extensions>
          <gpxtpx:TrackPointExtension>
            <gpxtpx:hr>143</gpxtpx:hr>
          </gpxtpx:TrackPointExtension>
        </extensions>
      </trkpt>
      <trkpt lat="22.752082529594542" lon="113.73373353417747">
        <ele>3.196167254820466</ele>
        <time>1970-01-01T00:24:17.600000Z</time>
        <extensions>
          <gpxtpx:TrackPointExtension>
            <gpxtpx:hr>143</gpxtpx:hr>
          </gpxtpx:TrackPointExtension>
        </extensions>
      </trkpt>
      <trkpt lat="22.75210571715488" lon="113.73374914131077">
        <ele>3.405753707513213</ele>
        <time>1970-01-01T00:24:18.600000Z</time>
        <extensions>
          <gpxtpx:TrackPointExtension>
            <gpxtpx:hr>143</gpxtpx:hr>
          </gpxtpx:TrackPointExtension>
        </extensions>
      </trkpt>
      <trkpt lat="22.75212944114655" lon="113.7337655327427">
        <ele>3.610644791275263</ele>
        <time>1970-01-01T00:24:19.600000Z</time>
        <extensions>
          <gpxtpx:TrackPointExtension>
            <gpxtpx:hr>141</gpxtpx:hr>
          </gpxtpx:TrackPointExtension>
        </extensions>
      </trkpt>
      <trkpt lat="22.752153368354822" lon="113.73378224684707">
        <ele>3.8027066867798567</ele>
        <time>1970-01-01T00:24:20.600000Z</time>
        <extensions>
          <gpxtpx:TrackPointExtension>
            <gpxtpx:hr>141</gpxtpx:hr>
          </gpxtpx:TrackPointExtension>
        </extensions>
      </trkpt>
      <trkpt lat="22.752176669612158" lon="113.73379851381854">
        <ele>3.9752828432247043</ele>
        <time>1970-01-01T00:24:21.600000Z</time>
        <extensions>
          <gpxtpx:TrackPointExtension>
            <gpxtpx:hr>141</gpxtpx:hr>
          </gpxtpx:TrackPointExtension>
        </extensions>
      </trkpt>
      <trkpt lat="22.752199687426582" lon="113.73381409967993">
        <ele>4.121667502447963</ele>
        <time>1970-01-01T00:24:22.600000Z</time>
        <extensions>
          <gpxtpx:TrackPointExtension>
            <gpxtpx:hr>141</gpxtpx:hr>
          </gpxtpx:TrackPointExtension>
        </extensions>
      </trkpt>
      <trkpt lat="22.752222861659792" lon="113.73382921817777">
        <ele>4.232501317746937</ele>
        <time>1970-01-01T00:24:23.600000Z</time>
        <extensions>
          <gpxtpx:TrackPointExtension>
            <gpxtpx:hr>142</gpxtpx:hr>
          </gpxtpx:TrackPointExtension>
        </extensions>
      </trkpt>
      <trkpt lat="22.75224576602429" lon="113.73384468132477">
        <ele>4.301386062987149</ele>
        <time>1970-01-01T00:24:24.600000Z</time>
        <extensions>
          <gpxtpx:TrackPointExtension>
            <gpxtpx:hr>142</gpxtpx:hr>
          </gpxtpx:TrackPointExtension>
        </extensions>
      </trkpt>
      <trkpt lat="22.752267748856287" lon="113.73386108658293">
        <ele>4.3282726891338825</ele>
        <time>1970-01-01T00:24:25.600000Z</time>
        <extensions>
          <gpxtpx:TrackPointExtension>
            <gpxtpx:hr>142</gpxtpx:hr>
          </gpxtpx:TrackPointExtension>
        </extensions>
      </trkpt>
      <trkpt lat="22.752288099737598" lon="113.73387836622368">
        <ele>4.317836203612387</ele>
        <time>1970-01-01T00:24:26.600000Z</time>
        <extensions>
          <gpxtpx:TrackPointExtension>
            <gpxtpx:hr>142</gpxtpx:hr>
          </gpxtpx:TrackPointExtension>
        </extensions>
      </trkpt>
      <trkpt lat="22.752307051552283" lon="113.73389631514308">
        <ele>4.2749202055856586</ele>
        <time>1970-01-01T00:24:27.600000Z</time>
        <extensions>
          <gpxtpx:TrackPointExtension>
            <gpxtpx:hr>142</gpxtpx:hr>
          </gpxtpx:TrackPointExtension>
        </extensions>
      </trkpt>
      <trkpt lat="22.752325536191485" lon="113.73391468174945">
        <ele>4.203814922831953</ele>
        <time>1970-01-01T00:24:28.600000Z</time>
        <extensions>
          <gpxtpx:TrackPointExtension>
            <gpxtpx:hr>142</gpxtpx:hr>
          </gpxtpx:TrackPointExtension>
        </extensions>
      </trkpt>
      <trkpt lat="22.752344489907465" lon="113.73393308507258">
        <ele>4.1094586392864585</ele>
        <time>1970-01-01T00:24:29.600000Z</time>
        <extensions>
          <gpxtpx:TrackPointExtension>
            <gpxtpx:hr>142</gpxtpx:hr>
          </gpxtpx:TrackPointExtension>
        </extensions>
      </trkpt>
      <trkpt lat="22.75236437955445" lon="113.73395089105733">
        <ele>3.997990463860333</ele>
        <time>1970-01-01T00:24:30.600000Z</time>
        <extensions>
          <gpxtpx:TrackPointExtension>
            <gpxtpx:hr>144</gpxtpx:hr>
          </gpxtpx:TrackPointExtension>
        </extensions>
      </trkpt>
      <trkpt lat="22.752385578748882" lon="113.73396766474063">
        <ele>3.878647867590189</ele>
        <time>1970-01-01T00:24:31.600000Z</time>
        <extensions>
          <gpxtpx:TrackPointExtension>
            <gpxtpx:hr>144</gpxtpx:hr>
          </gpxtpx:TrackPointExtension>
        </extensions>
      </trkpt>
      <trkpt lat="22.752407783916116" lon="113.73398325744468">
        <ele>3.7612130297347903</ele>
        <time>1970-01-01T00:24:32.600000Z</time>
        <extensions>
          <gpxtpx:TrackPointExtension>
            <gpxtpx:hr>144</gpxtpx:hr>
          </gpxtpx:TrackPointExtension>
        </extensions>
      </trkpt>
      <trkpt lat="22.752429652654918" lon="113.73399796065748">
        <ele>3.6516853710636497</ele>
        <time>1970-01-01T00:24:33.600000Z</time>
        <extensions>
          <gpxtpx:TrackPointExtension>
            <gpxtpx:hr>144</gpxtpx:hr>
          </gpxtpx:TrackPointExtension>
        </extensions>
      </trkpt>
      <trkpt lat="22.75245082929457" lon="113.73401254573433">
        <ele>3.5505917612463236</ele>
        <time>1970-01-01T00:24:34.600000Z</time>
        <extensions>
          <gpxtpx:TrackPointExtension>
            <gpxtpx:hr>144</gpxtpx:hr>
          </gpxtpx:TrackPointExtension>
        </extensions>
      </trkpt>
      <trkpt lat="22.752471544219034" lon="113.73402787286132">
        <ele>3.4584861397743225</ele>
        <time>1970-01-01T00:24:35.600000Z</time>
        <extensions>
          <gpxtpx:TrackPointExtension>
            <gpxtpx:hr>145</gpxtpx:hr>
          </gpxtpx:TrackPointExtension>
        </extensions>
      </trkpt>
      <trkpt lat="22.75249209160954" lon="113.73404374622403">
        <ele>3.3740871837362647</ele>
        <time>1970-01-01T00:24:36.600000Z</time>
        <extensions>
          <gpxtpx:TrackPointExtension>
            <gpxtpx:hr>145</gpxtpx:hr>
          </gpxtpx:TrackPointExtension>
        </extensions>
      </trkpt>
      <trkpt lat="22.752512715619687" lon="113.73405894124647">
        <ele>3.291187012568116</ele>
        <time>1970-01-01T00:24:37.600000Z</time>
        <extensions>
          <gpxtpx:TrackPointExtension>
            <gpxtpx:hr>145</gpxtpx:hr>
          </gpxtpx:TrackPointExtension>
        </extensions>
      </trkpt>
      <trkpt lat="22.752534054492237" lon="113.73407358023273">
        <ele>3.2043134355917573</ele>
        <time>1970-01-01T00:24:38.600000Z</time>
        <extensions>
          <gpxtpx:TrackPointExtension>
            <gpxtpx:hr>145</gpxtpx:hr>
          </gpxtpx:TrackPointExtension>
        </extensions>
      </trkpt>
      <trkpt lat="22.752556301948463" lon="113.73408835239215">
        <ele>3.1104734083637595</ele>
        <time>1970-01-01T00:24:39.600000Z</time>
        <extensions>
          <gpxtpx:TrackPointExtension>
            <gpxtpx:hr>145</gpxtpx:hr>
          </gpxtpx:TrackPointExtension>
        </extensions>
      </trkpt>
      <trkpt lat="22.752578637743802" lon="113.73410292991997">
        <ele>3.0043208077549934</ele>
        <time>1970-01-01T00:24:40.600000Z</time>
        <extensions>
          <gpxtpx:TrackPointExtension>
            <gpxtpx:hr>145</gpxtpx:hr>
          </gpxtpx:TrackPointExtension>
        </extensions>
      </trkpt>
      <trkpt lat="22.75260087911861" lon="113.7341176303824">
        <ele>2.882578758522868</ele>
        <time>1970-01-01T00:24:41.600000Z</time>
        <extensions>
          <gpxtpx:TrackPointExtension>
            <gpxtpx:hr>145</gpxtpx:hr>
          </gpxtpx:TrackPointExtension>
        </extensions>
      </trkpt>
      <trkpt lat="22.752622547770148" lon="113.73413289166861">
        <ele>2.7428958443924785</ele>
        <time>1970-01-01T00:24:42.600000Z</time>
        <extensions>
          <gpxtpx:TrackPointExtension>
            <gpxtpx:hr>145</gpxtpx:hr>
          </gpxtpx:TrackPointExtension>
        </extensions>
      </trkpt>
      <trkpt lat="22.75264365268466" lon="113.73414868785189">
        <ele>2.587342580780387</ele>
        <time>1970-01-01T00:24:43.600000Z</time>
        <extensions>
          <gpxtpx:TrackPointExtension>
            <gpxtpx:hr>145</gpxtpx:hr>
          </gpxtpx:TrackPointExtension>
        </extensions>
      </trkpt>
      <trkpt lat="22.752664826806363" lon="113.7341646519259">
        <ele>2.4236742798238993</ele>
        <time>1970-01-01T00:24:44.600000Z</time>
        <extensions>
          <gpxtpx:TrackPointExtension>
            <gpxtpx:hr>145</gpxtpx:hr>
          </gpxtpx:TrackPointExtension>
        </extensions>
      </trkpt>
      <trkpt lat="22.752686582238805" lon="113.73418038680556">
        <ele>2.259715747088194</ele>
        <time>1970-01-01T00:24:45.600000Z</time>
        <extensions>
          <gpxtpx:TrackPointExtension>
            <gpxtpx:hr>145</gpxtpx:hr>
          </gpxtpx:TrackPointExtension>
        </extensions>
      </trkpt>
      <trkpt lat="22.752709119541414" lon="113.73419586936491">
        <ele>2.1040517762303352</ele>
        <time>1970-01-01T00:24:46.600000Z</time>
        <extensions>
          <gpxtpx:TrackPointExtension>
            <gpxtpx:hr>145</gpxtpx:hr>
          </gpxtpx:TrackPointExtension>
        </extensions>
      </trkpt>
      <trkpt lat="22.752731656772543" lon="113.73421166266158">
        <ele>1.9670644979923964</ele>
        <time>1970-01-01T00:24:47.600000Z</time>
        <extensions>
          <gpxtpx:TrackPointExtension>
            <gpxtpx:hr>145</gpxtpx:hr>
          </gpxtpx:TrackPointExtension>
        </extensions>
      </trkpt>
      <trkpt lat="22.752753598446308" lon="113.73422800308467">
        <ele>1.8567847218364477</ele>
        <time>1970-01-01T00:24:48.600000Z</time>
        <extensions>
          <gpxtpx:TrackPointExtension>
            <gpxtpx:hr>145</gpxtpx:hr>
          </gpxtpx:TrackPointExtension>
        </extensions>
      </trkpt>
      <trkpt lat="22.75277490150127" lon="113.7342442719016">
        <ele>1.7759601073339581</ele>
        <time>1970-01-01T00:24:49.600000Z</time>
        <extensions>
          <gpxtpx:TrackPointExtension>
            <gpxtpx:hr>145</gpxtpx:hr>
          </gpxtpx:TrackPointExtension>
        </extensions>
      </trkpt>
      <trkpt lat="22.752796276099573" lon="113.73426042575643">
        <ele>1.7244949731975794</ele>
        <time>1970-01-01T00:24:50.600000Z</time>
        <extensions>
          <gpxtpx:TrackPointExtension>
            <gpxtpx:hr>145</gpxtpx:hr>
          </gpxtpx:TrackPointExtension>
        </extensions>
      </trkpt>
      <trkpt lat="22.752817874665176" lon="113.73427638221966">
        <ele>1.7016395023092628</ele>
        <time>1970-01-01T00:24:51.600000Z</time>
        <extensions>
          <gpxtpx:TrackPointExtension>
            <gpxtpx:hr>146</gpxtpx:hr>
          </gpxtpx:TrackPointExtension>
        </extensions>
      </trkpt>
      <trkpt lat="22.75283922398004" lon="113.73429221064185">
        <ele>1.7061229767277837</ele>
        <time>1970-01-01T00:24:52.600000Z</time>
        <extensions>
          <gpxtpx:TrackPointExtension>
            <gpxtpx:hr>146</gpxtpx:hr>
          </gpxtpx:TrackPointExtension>
        </extensions>
      </trkpt>
      <trkpt lat="22.752860359446302" lon="113.73430801502813">
        <ele>1.7333499863743782</ele>
        <time>1970-01-01T00:24:53.600000Z</time>
        <extensions>
          <gpxtpx:TrackPointExtension>
            <gpxtpx:hr>146</gpxtpx:hr>
          </gpxtpx:TrackPointExtension>
        </extensions>
      </trkpt>
      <trkpt lat="22.752881230158962" lon="113.73432429373055">
        <ele>1.7765024835243821</ele>
        <time>1970-01-01T00:24:54.600000Z</time>
        <extensions>
          <gpxtpx:TrackPointExtension>
            <gpxtpx:hr>146</gpxtpx:hr>
          </gpxtpx:TrackPointExtension>
        </extensions>
      </trkpt>
      <trkpt lat="22.75290209459376" lon="113.73434170442289">
        <ele>1.8291580565273762</ele>
        <time>1970-01-01T00:24:55.600000Z</time>
        <extensions>
          <gpxtpx:TrackPointExtension>
            <gpxtpx:hr>146</gpxtpx:hr>
          </gpxtpx:TrackPointExtension>
        </extensions>
      </trkpt>
      <trkpt lat="22.752922494850097" lon="113.73435980610772">
        <ele>1.8857582956552505</ele>
        <time>1970-01-01T00:24:56.600000Z</time>
        <extensions>
          <gpxtpx:TrackPointExtension>
            <gpxtpx:hr>146</gpxtpx:hr>
          </gpxtpx:TrackPointExtension>
        </extensions>
      </trkpt>
      <trkpt lat="22.752942082181168" lon="113.73437820328098">
        <ele>1.942192904651165</ele>
        <time>1970-01-01T00:24:57.600000Z</time>
        <extensions>
          <gpxtpx:TrackPointExtension>
            <gpxtpx:hr>145</gpxtpx:hr>
          </gpxtpx:TrackPointExtension>
        </extensions>
      </trkpt>
      <trkpt lat="22.752960902314975" lon="113.73439691122505">
        <ele>1.9975494658574462</ele>
        <time>1970-01-01T00:24:58.600000Z</time>
        <extensions>
          <gpxtpx:TrackPointExtension>
            <gpxtpx:hr>145</gpxtpx:hr>
          </gpxtpx:TrackPointExtension>
        </extensions>
      </trkpt>
      <trkpt lat="22.75297887519959" lon="113.73441639533694">
        <ele>2.05235293880105</ele>
        <time>1970-01-01T00:24:59.600000Z</time>
        <extensions>
          <gpxtpx:TrackPointExtension>
            <gpxtpx:hr>145</gpxtpx:hr>
          </gpxtpx:TrackPointExtension>
        </extensions>
      </trkpt>
      <trkpt lat="22.752996053033648" lon="113.73443664757704">
        <ele>2.110125310719013</ele>
        <time>1970-01-01T00:25:00.600000Z</time>
        <extensions>
          <gpxtpx:TrackPointExtension>
            <gpxtpx:hr>145</gpxtpx:hr>
          </gpxtpx:TrackPointExtension>
        </extensions>
      </trkpt>
      <trkpt lat="22.753012563404013" lon="113.734457308717">
        <ele>2.1723724333569407</ele>
        <time>1970-01-01T00:25:01.600000Z</time>
        <extensions>
          <gpxtpx:TrackPointExtension>
            <gpxtpx:hr>143</gpxtpx:hr>
          </gpxtpx:TrackPointExtension>
        </extensions>
      </trkpt>
      <trkpt lat="22.753029030975227" lon="113.73447879817705">
        <ele>2.2386971013620496</ele>
        <time>1970-01-01T00:25:02.600000Z</time>
        <extensions>
          <gpxtpx:TrackPointExtension>
            <gpxtpx:hr>143</gpxtpx:hr>
          </gpxtpx:TrackPointExtension>
        </extensions>
      </trkpt>
      <trkpt lat="22.753045618479078" lon="113.73450129235614">
        <ele>2.308537478558719</ele>
        <time>1970-01-01T00:25:03.600000Z</time>
        <extensions>
          <gpxtpx:TrackPointExtension>
            <gpxtpx:hr>143</gpxtpx:hr>
          </gpxtpx:TrackPointExtension>
        </extensions>
      </trkpt>
      <trkpt lat="22.753061999932854" lon="113.73452408889717">
        <ele>2.3790422240272164</ele>
        <time>1970-01-01T00:25:04.600000Z</time>
        <extensions>
          <gpxtpx:TrackPointExtension>
            <gpxtpx:hr>143</gpxtpx:hr>
          </gpxtpx:TrackPointExtension>
        </extensions>
      </trkpt>
      <trkpt lat="22.753077793131048" lon="113.73454648915933">
        <ele>2.4489031014963984</ele>
        <time>1970-01-01T00:25:05.600000Z</time>
        <extensions>
          <gpxtpx:TrackPointExtension>
            <gpxtpx:hr>143</gpxtpx:hr>
          </gpxtpx:TrackPointExtension>
        </extensions>
      </trkpt>
      <trkpt lat="22.753093028147195" lon="113.7345687827827">
        <ele>2.5183162102475762</ele>
        <time>1970-01-01T00:25:06.600000Z</time>
        <extensions>
          <gpxtpx:TrackPointExtension>
            <gpxtpx:hr>143</gpxtpx:hr>
          </gpxtpx:TrackPointExtension>
        </extensions>
      </trkpt>
      <trkpt lat="22.75310741691094" lon="113.73459143016862">
        <ele>2.5859802747145295</ele>
        <time>1970-01-01T00:25:07.600000Z</time>
        <extensions>
          <gpxtpx:TrackPointExtension>
            <gpxtpx:hr>143</gpxtpx:hr>
          </gpxtpx:TrackPointExtension>
        </extensions>
      </trkpt>
      <trkpt lat="22.753120878845927" lon="113.73461513182181">
        <ele>2.6494180727750063</ele>
        <time>1970-01-01T00:25:08.600000Z</time>
        <extensions>
          <gpxtpx:TrackPointExtension>
            <gpxtpx:hr>143</gpxtpx:hr>
          </gpxtpx:TrackPointExtension>
        </extensions>
      </trkpt>
      <trkpt lat="22.753133778506278" lon="113.73463960964321">
        <ele>2.704724463634193</ele>
        <time>1970-01-01T00:25:09.600000Z</time>
        <extensions>
          <gpxtpx:TrackPointExtension>
            <gpxtpx:hr>143</gpxtpx:hr>
          </gpxtpx:TrackPointExtension>
        </extensions>
      </trkpt>
      <trkpt lat="22.753146258543953" lon="113.73466409244799">
        <ele>2.7493096962571144</ele>
        <time>1970-01-01T00:25:10.600000Z</time>
        <extensions>
          <gpxtpx:TrackPointExtension>
            <gpxtpx:hr>143</gpxtpx:hr>
          </gpxtpx:TrackPointExtension>
        </extensions>
      </trkpt>
      <trkpt lat="22.753158232696265" lon="113.73468864186172">
        <ele>2.7815071921795607</ele>
        <time>1970-01-01T00:25:11.600000Z</time>
        <extensions>
          <gpxtpx:TrackPointExtension>
            <gpxtpx:hr>143</gpxtpx:hr>
          </gpxtpx:TrackPointExtension>
        </extensions>
      </trkpt>
      <trkpt lat="22.753169884806994" lon="113.73471263203531">
        <ele>2.7997409468516707</ele>
        <time>1970-01-01T00:25:12.600000Z</time>
        <extensions>
          <gpxtpx:TrackPointExtension>
            <gpxtpx:hr>143</gpxtpx:hr>
          </gpxtpx:TrackPointExtension>
        </extensions>
      </trkpt>
      <trkpt lat="22.753181111673456" lon="113.73473671930589">
        <ele>2.8043097676709294</ele>
        <time>1970-01-01T00:25:13.600000Z</time>
        <extensions>
          <gpxtpx:TrackPointExtension>
            <gpxtpx:hr>143</gpxtpx:hr>
          </gpxtpx:TrackPointExtension>
        </extensions>
      </trkpt>
      <trkpt lat="22.753190896784144" lon="113.7347623371409">
        <ele>2.795633837580681</ele>
        <time>1970-01-01T00:25:14.600000Z</time>
        <extensions>
          <gpxtpx:TrackPointExtension>
            <gpxtpx:hr>143</gpxtpx:hr>
          </gpxtpx:TrackPointExtension>
        </extensions>
      </trkpt>
      <trkpt lat="22.753198524656558" lon="113.73478895406076">
        <ele>2.779168981127441</ele>
        <time>1970-01-01T00:25:15.600000Z</time>
        <extensions>
          <gpxtpx:TrackPointExtension>
            <gpxtpx:hr>143</gpxtpx:hr>
          </gpxtpx:TrackPointExtension>
        </extensions>
      </trkpt>
      <trkpt lat="22.753203428629845" lon="113.73481576503218">
        <ele>2.7573024556040764</ele>
        <time>1970-01-01T00:25:16.600000Z</time>
        <extensions>
          <gpxtpx:TrackPointExtension>
            <gpxtpx:hr>143</gpxtpx:hr>
          </gpxtpx:TrackPointExtension>
        </extensions>
      </trkpt>
      <trkpt lat="22.75320573673793" lon="113.7348427965316">
        <ele>2.7312582712620497</ele>
        <time>1970-01-01T00:25:17.600000Z</time>
        <extensions>
          <gpxtpx:TrackPointExtension>
            <gpxtpx:hr>143</gpxtpx:hr>
          </gpxtpx:TrackPointExtension>
        </extensions>
      </trkpt>
      <trkpt lat="22.75320586748852" lon="113.73486964104261">
        <ele>2.705608921125531</ele>
        <time>1970-01-01T00:25:18.600000Z</time>
        <extensions>
          <gpxtpx:TrackPointExtension>
            <gpxtpx:hr>142</gpxtpx:hr>
          </gpxtpx:TrackPointExtension>
        </extensions>
      </trkpt>
      <trkpt lat="22.75320389188424" lon="113.73489621079754">
        <ele>2.6844747876748443</ele>
        <time>1970-01-01T00:25:19.600000Z</time>
        <extensions>
          <gpxtpx:TrackPointExtension>
            <gpxtpx:hr>142</gpxtpx:hr>
          </gpxtpx:TrackPointExtension>
        </extensions>
      </trkpt>
      <trkpt lat="22.75319974017392" lon="113.73492242063354">
        <ele>2.672377599403262</ele>
        <time>1970-01-01T00:25:20.600000Z</time>
        <extensions>
          <gpxtpx:TrackPointExtension>
            <gpxtpx:hr>142</gpxtpx:hr>
          </gpxtpx:TrackPointExtension>
        </extensions>
      </trkpt>
      <trkpt lat="22.753193381523324" lon="113.73494843346187">
        <ele>2.6729751508682966</ele>
        <time>1970-01-01T00:25:21.600000Z</time>
        <extensions>
          <gpxtpx:TrackPointExtension>
            <gpxtpx:hr>142</gpxtpx:hr>
          </gpxtpx:TrackPointExtension>
        </extensions>
      </trkpt>
      <trkpt lat="22.753184861718793" lon="113.73497426044628">
        <ele>2.684269230812788</ele>
        <time>1970-01-01T00:25:22.600000Z</time>
        <extensions>
          <gpxtpx:TrackPointExtension>
            <gpxtpx:hr>142</gpxtpx:hr>
          </gpxtpx:TrackPointExtension>
        </extensions>
      </trkpt>
      <trkpt lat="22.753174044717188" lon="113.7349995416704">
        <ele>2.7029687128961086</ele>
        <time>1970-01-01T00:25:23.600000Z</time>
        <extensions>
          <gpxtpx:TrackPointExtension>
            <gpxtpx:hr>142</gpxtpx:hr>
          </gpxtpx:TrackPointExtension>
        </extensions>
      </trkpt>
      <trkpt lat="22.753161322237336" lon="113.73502433665284">
        <ele>2.7266960237175226</ele>
        <time>1970-01-01T00:25:24.600000Z</time>
        <extensions>
          <gpxtpx:TrackPointExtension>
            <gpxtpx:hr>142</gpxtpx:hr>
          </gpxtpx:TrackPointExtension>
        </extensions>
      </trkpt>
      <trkpt lat="22.753147310185508" lon="113.73504792479834">
        <ele>2.7511983634904027</ele>
        <time>1970-01-01T00:25:25.600000Z</time>
        <extensions>
          <gpxtpx:TrackPointExtension>
            <gpxtpx:hr>142</gpxtpx:hr>
          </gpxtpx:TrackPointExtension>
        </extensions>
      </trkpt>
      <trkpt lat="22.753132054205597" lon="113.7350701642583">
        <ele>2.774682093411684</ele>
        <time>1970-01-01T00:25:26.600000Z</time>
        <extensions>
          <gpxtpx:TrackPointExtension>
            <gpxtpx:hr>142</gpxtpx:hr>
          </gpxtpx:TrackPointExtension>
        </extensions>
      </trkpt>
      <trkpt lat="22.753114876206734" lon="113.73509106300874">
        <ele>2.795258647762239</ele>
        <time>1970-01-01T00:25:27.600000Z</time>
        <extensions>
          <gpxtpx:TrackPointExtension>
            <gpxtpx:hr>142</gpxtpx:hr>
          </gpxtpx:TrackPointExtension>
        </extensions>
      </trkpt>
      <trkpt lat="22.753095518911" lon="113.73511010916238">
        <ele>2.8109499169513583</ele>
        <time>1970-01-01T00:25:28.600000Z</time>
        <extensions>
          <gpxtpx:TrackPointExtension>
            <gpxtpx:hr>142</gpxtpx:hr>
          </gpxtpx:TrackPointExtension>
        </extensions>
      </trkpt>
      <trkpt lat="22.753074803117894" lon="113.73512677228491">
        <ele>2.8228770159184933</ele>
        <time>1970-01-01T00:25:29.600000Z</time>
        <extensions>
          <gpxtpx:TrackPointExtension>
            <gpxtpx:hr>142</gpxtpx:hr>
          </gpxtpx:TrackPointExtension>
        </extensions>
      </trkpt>
      <trkpt lat="22.753052597265825" lon="113.73514137536554">
        <ele>2.833251880481839</ele>
        <time>1970-01-01T00:25:30.600000Z</time>
        <extensions>
          <gpxtpx:TrackPointExtension>
            <gpxtpx:hr>142</gpxtpx:hr>
          </gpxtpx:TrackPointExtension>
        </extensions>
      </trkpt>
      <trkpt lat="22.753028672813763" lon="113.7351544079579">
        <ele>2.844825342297554</ele>
        <time>1970-01-01T00:25:31.600000Z</time>
        <extensions>
          <gpxtpx:TrackPointExtension>
            <gpxtpx:hr>142</gpxtpx:hr>
          </gpxtpx:TrackPointExtension>
        </extensions>
      </trkpt>
      <trkpt lat="22.753003407898976" lon="113.73516564281347">
        <ele>2.860000554472208</ele>
        <time>1970-01-01T00:25:32.600000Z</time>
        <extensions>
          <gpxtpx:TrackPointExtension>
            <gpxtpx:hr>142</gpxtpx:hr>
          </gpxtpx:TrackPointExtension>
        </extensions>
      </trkpt>
      <trkpt lat="22.7529775276911" lon="113.73517517123335">
        <ele>2.8806203324347734</ele>
        <time>1970-01-01T00:25:33.600000Z</time>
        <extensions>
          <gpxtpx:TrackPointExtension>
            <gpxtpx:hr>142</gpxtpx:hr>
          </gpxtpx:TrackPointExtension>
        </extensions>
      </trkpt>
      <trkpt lat="22.7529515741806" lon="113.73518368643258">
        <ele>2.9049085937440395</ele>
        <time>1970-01-01T00:25:34.600000Z</time>
        <extensions>
          <gpxtpx:TrackPointExtension>
            <gpxtpx:hr>142</gpxtpx:hr>
          </gpxtpx:TrackPointExtension>
        </extensions>
      </trkpt>
      <trkpt lat="22.75292553070454" lon="113.73519118852901">
        <ele>2.9267551228404045</ele>
        <time>1970-01-01T00:25:35.600000Z</time>
        <extensions>
          <gpxtpx:TrackPointExtension>
            <gpxtpx:hr>143</gpxtpx:hr>
          </gpxtpx:TrackPointExtension>
        </extensions>
      </trkpt>
      <trkpt lat="22.752899288534707" lon="113.7351972061061">
        <ele>2.9420152166858315</ele>
        <time>1970-01-01T00:25:36.600000Z</time>
        <extensions>
          <gpxtpx:TrackPointExtension>
            <gpxtpx:hr>143</gpxtpx:hr>
          </gpxtpx:TrackPointExtension>
        </extensions>
      </trkpt>
      <trkpt lat="22.752872385075644" lon="113.73520120346822">
        <ele>2.9468409260734916</ele>
        <time>1970-01-01T00:25:37.600000Z</time>
        <extensions>
          <gpxtpx:TrackPointExtension>
            <gpxtpx:hr>143</gpxtpx:hr>
          </gpxtpx:TrackPointExtension>
        </extensions>
      </trkpt>
      <trkpt lat="22.752844657494432" lon="113.73520228343646">
        <ele>2.94176624994725</ele>
        <time>1970-01-01T00:25:38.600000Z</time>
        <extensions>
          <gpxtpx:TrackPointExtension>
            <gpxtpx:hr>143</gpxtpx:hr>
          </gpxtpx:TrackPointExtension>
        </extensions>
      </trkpt>
      <trkpt lat="22.752816803626796" lon="113.73520060142832">
        <ele>2.932964309118688</ele>
        <time>1970-01-01T00:25:39.600000Z</time>
        <extensions>
          <gpxtpx:TrackPointExtension>
            <gpxtpx:hr>143</gpxtpx:hr>
          </gpxtpx:TrackPointExtension>
        </extensions>
      </trkpt>
      <trkpt lat="22.7527899570293" lon="113.73519643171065">
        <ele>2.9240538515150547</ele>
        <time>1970-01-01T00:25:40.600000Z</time>
        <extensions>
          <gpxtpx:TrackPointExtension>
            <gpxtpx:hr>143</gpxtpx:hr>
          </gpxtpx:TrackPointExtension>
        </extensions>
      </trkpt>
      <trkpt lat="22.752763986806002" lon="113.73518958489326">
        <ele>2.9188864286988974</ele>
        <time>1970-01-01T00:25:41.600000Z</time>
        <extensions>
          <gpxtpx:TrackPointExtension>
            <gpxtpx:hr>145</gpxtpx:hr>
          </gpxtpx:TrackPointExtension>
        </extensions>
      </trkpt>
      <trkpt lat="22.752738397814813" lon="113.73518003457632">
        <ele>2.919190375134349</ele>
        <time>1970-01-01T00:25:42.600000Z</time>
        <extensions>
          <gpxtpx:TrackPointExtension>
            <gpxtpx:hr>145</gpxtpx:hr>
          </gpxtpx:TrackPointExtension>
        </extensions>
      </trkpt>
      <trkpt lat="22.75271271964168" lon="113.73516822020015">
        <ele>2.9254521392285824</ele>
        <time>1970-01-01T00:25:43.600000Z</time>
        <extensions>
          <gpxtpx:TrackPointExtension>
            <gpxtpx:hr>145</gpxtpx:hr>
          </gpxtpx:TrackPointExtension>
        </extensions>
      </trkpt>
      <trkpt lat="22.752687164136734" lon="113.73515476663124">
        <ele>2.938871793448925</ele>
        <time>1970-01-01T00:25:44.600000Z</time>
        <extensions>
          <gpxtpx:TrackPointExtension>
            <gpxtpx:hr>145</gpxtpx:hr>
          </gpxtpx:TrackPointExtension>
        </extensions>
      </trkpt>
      <trkpt lat="22.752663361888686" lon="113.73513983176979">
        <ele>2.957794248126447</ele>
        <time>1970-01-01T00:25:45.600000Z</time>
        <extensions>
          <gpxtpx:TrackPointExtension>
            <gpxtpx:hr>145</gpxtpx:hr>
          </gpxtpx:TrackPointExtension>
        </extensions>
      </trkpt>
      <trkpt lat="22.75264203986945" lon="113.73512372857057">
        <ele>2.9792560022324324</ele>
        <time>1970-01-01T00:25:46.600000Z</time>
        <extensions>
          <gpxtpx:TrackPointExtension>
            <gpxtpx:hr>144</gpxtpx:hr>
          </gpxtpx:TrackPointExtension>
        </extensions>
      </trkpt>
      <trkpt lat="22.752622056468173" lon="113.735106327391">
        <ele>2.99923213198781</ele>
        <time>1970-01-01T00:25:47.600000Z</time>
        <extensions>
          <gpxtpx:TrackPointExtension>
            <gpxtpx:hr>144</gpxtpx:hr>
          </gpxtpx:TrackPointExtension>
        </extensions>
      </trkpt>
      <trkpt lat="22.752603325766895" lon="113.73508741091817">
        <ele>3.0119498819112778</ele>
        <time>1970-01-01T00:25:48.600000Z</time>
        <extensions>
          <gpxtpx:TrackPointExtension>
            <gpxtpx:hr>144</gpxtpx:hr>
          </gpxtpx:TrackPointExtension>
        </extensions>
      </trkpt>
      <trkpt lat="22.75258628547244" lon="113.7350668623182">
        <ele>3.0131171448156238</ele>
        <time>1970-01-01T00:25:49.600000Z</time>
        <extensions>
          <gpxtpx:TrackPointExtension>
            <gpxtpx:hr>144</gpxtpx:hr>
          </gpxtpx:TrackPointExtension>
        </extensions>
      </trkpt>
      <trkpt lat="22.752570740214153" lon="113.7350450997542">
        <ele>2.999699770472944</ele>
        <time>1970-01-01T00:25:50.600000Z</time>
        <extensions>
          <gpxtpx:TrackPointExtension>
            <gpxtpx:hr>144</gpxtpx:hr>
          </gpxtpx:TrackPointExtension>
        </extensions>
      </trkpt>
      <trkpt lat="22.75255635004976" lon="113.73502278861673">
        <ele>2.9712427835911512</ele>
        <time>1970-01-01T00:25:51.600000Z</time>
        <extensions>
          <gpxtpx:TrackPointExtension>
            <gpxtpx:hr>143</gpxtpx:hr>
          </gpxtpx:TrackPointExtension>
        </extensions>
      </trkpt>
      <trkpt lat="22.752542551838008" lon="113.73499981059538">
        <ele>2.928012584336102</ele>
        <time>1970-01-01T00:25:52.600000Z</time>
        <extensions>
          <gpxtpx:TrackPointExtension>
            <gpxtpx:hr>143</gpxtpx:hr>
          </gpxtpx:TrackPointExtension>
        </extensions>
      </trkpt>
      <trkpt lat="22.752529422130824" lon="113.7349764548984">
        <ele>2.8747768895700574</ele>
        <time>1970-01-01T00:25:53.600000Z</time>
        <extensions>
          <gpxtpx:TrackPointExtension>
            <gpxtpx:hr>143</gpxtpx:hr>
          </gpxtpx:TrackPointExtension>
        </extensions>
      </trkpt>
      <trkpt lat="22.7525178353939" lon="113.73495275376028">
        <ele>2.8151190001517534</ele>
        <time>1970-01-01T00:25:54.600000Z</time>
        <extensions>
          <gpxtpx:TrackPointExtension>
            <gpxtpx:hr>143</gpxtpx:hr>
          </gpxtpx:TrackPointExtension>
        </extensions>
      </trkpt>
      <trkpt lat="22.752508475490092" lon="113.73492842520741">
        <ele>2.754463898949325</ele>
        <time>1970-01-01T00:25:55.600000Z</time>
        <extensions>
          <gpxtpx:TrackPointExtension>
            <gpxtpx:hr>143</gpxtpx:hr>
          </gpxtpx:TrackPointExtension>
        </extensions>
      </trkpt>
      <trkpt lat="22.752500271554634" lon="113.73490340409154">
        <ele>2.6986744003370404</ele>
        <time>1970-01-01T00:25:56.600000Z</time>
        <extensions>
          <gpxtpx:TrackPointExtension>
            <gpxtpx:hr>143</gpxtpx:hr>
          </gpxtpx:TrackPointExtension>
        </extensions>
      </trkpt>
      <trkpt lat="22.752491993958046" lon="113.73487840743638">
        <ele>2.6504901433363557</ele>
        <time>1970-01-01T00:25:57.600000Z</time>
        <extensions>
          <gpxtpx:TrackPointExtension>
            <gpxtpx:hr>143</gpxtpx:hr>
          </gpxtpx:TrackPointExtension>
        </extensions>
      </trkpt>
      <trkpt lat="22.75248306967258" lon="113.73485371401938">
        <ele>2.6094196317717433</ele>
        <time>1970-01-01T00:25:58.600000Z</time>
        <extensions>
          <gpxtpx:TrackPointExtension>
            <gpxtpx:hr>143</gpxtpx:hr>
          </gpxtpx:TrackPointExtension>
        </extensions>
      </trkpt>
      <trkpt lat="22.752473486942144" lon="113.73482909118272">
        <ele>2.571848942898214</ele>
        <time>1970-01-01T00:25:59.600000Z</time>
        <extensions>
          <gpxtpx:TrackPointExtension>
            <gpxtpx:hr>143</gpxtpx:hr>
          </gpxtpx:TrackPointExtension>
        </extensions>
      </trkpt>
      <trkpt lat="22.752463379678375" lon="113.73480420243664">
        <ele>2.5365661587566137</ele>
        <time>1970-01-01T00:26:00.600000Z</time>
        <extensions>
          <gpxtpx:TrackPointExtension>
            <gpxtpx:hr>143</gpxtpx:hr>
          </gpxtpx:TrackPointExtension>
        </extensions>
      </trkpt>
      <trkpt lat="22.75245264244935" lon="113.73477921463876">
        <ele>2.504818960092962</ele>
        <time>1970-01-01T00:26:01.600000Z</time>
        <extensions>
          <gpxtpx:TrackPointExtension>
            <gpxtpx:hr>143</gpxtpx:hr>
          </gpxtpx:TrackPointExtension>
        </extensions>
      </trkpt>
      <trkpt lat="22.752441422145605" lon="113.73475455001669">
        <ele>2.476960959844291</ele>
        <time>1970-01-01T00:26:02.600000Z</time>
        <extensions>
          <gpxtpx:TrackPointExtension>
            <gpxtpx:hr>143</gpxtpx:hr>
          </gpxtpx:TrackPointExtension>
        </extensions>
      </trkpt>
      <trkpt lat="22.752429781611276" lon="113.73472973440808">
        <ele>2.4538590451702476</ele>
        <time>1970-01-01T00:26:03.600000Z</time>
        <extensions>
          <gpxtpx:TrackPointExtension>
            <gpxtpx:hr>143</gpxtpx:hr>
          </gpxtpx:TrackPointExtension>
        </extensions>
      </trkpt>
      <trkpt lat="22.752418310678927" lon="113.73470487962376">
        <ele>2.436537941917777</ele>
        <time>1970-01-01T00:26:04.600000Z</time>
        <extensions>
          <gpxtpx:TrackPointExtension>
            <gpxtpx:hr>143</gpxtpx:hr>
          </gpxtpx:TrackPointExtension>
        </extensions>
      </trkpt>
      <trkpt lat="22.75240692458134" lon="113.73467969948179">
        <ele>2.423977161757648</ele>
        <time>1970-01-01T00:26:05.600000Z</time>
        <extensions>
          <gpxtpx:TrackPointExtension>
            <gpxtpx:hr>143</gpxtpx:hr>
          </gpxtpx:TrackPointExtension>
        </extensions>
      </trkpt>
      <trkpt lat="22.752394655850704" lon="113.73465388839621">
        <ele>2.413127861917019</ele>
        <time>1970-01-01T00:26:06.600000Z</time>
        <extensions>
          <gpxtpx:TrackPointExtension>
            <gpxtpx:hr>143</gpxtpx:hr>
          </gpxtpx:TrackPointExtension>
        </extensions>
      </trkpt>
      <trkpt lat="22.752381337396336" lon="113.73462836695667">
        <ele>2.3993656262755394</ele>
        <time>1970-01-01T00:26:07.600000Z</time>
        <extensions>
          <gpxtpx:TrackPointExtension>
            <gpxtpx:hr>144</gpxtpx:hr>
          </gpxtpx:TrackPointExtension>
        </extensions>
      </trkpt>
      <trkpt lat="22.752367465269394" lon="113.73460403196115">
        <ele>2.379061765037477</ele>
        <time>1970-01-01T00:26:08.600000Z</time>
        <extensions>
          <gpxtpx:TrackPointExtension>
            <gpxtpx:hr>144</gpxtpx:hr>
          </gpxtpx:TrackPointExtension>
        </extensions>
      </trkpt>
      <trkpt lat="22.752353839623552" lon="113.73458130753623">
        <ele>2.3536958945915103</ele>
        <time>1970-01-01T00:26:09.600000Z</time>
        <extensions>
          <gpxtpx:TrackPointExtension>
            <gpxtpx:hr>144</gpxtpx:hr>
          </gpxtpx:TrackPointExtension>
        </extensions>
      </trkpt>
      <trkpt lat="22.75233979762992" lon="113.73456012835892">
        <ele>2.326513011008501</ele>
        <time>1970-01-01T00:26:10.600000Z</time>
        <extensions>
          <gpxtpx:TrackPointExtension>
            <gpxtpx:hr>144</gpxtpx:hr>
          </gpxtpx:TrackPointExtension>
        </extensions>
      </trkpt>
      <trkpt lat="22.752323869171246" lon="113.7345407134548">
        <ele>2.300444251857698</ele>
        <time>1970-01-01T00:26:11.600000Z</time>
        <extensions>
          <gpxtpx:TrackPointExtension>
            <gpxtpx:hr>144</gpxtpx:hr>
          </gpxtpx:TrackPointExtension>
        </extensions>
      </trkpt>
      <trkpt lat="22.752305655130677" lon="113.73452302744452">
        <ele>2.282626618631184</ele>
        <time>1970-01-01T00:26:12.600000Z</time>
        <extensions>
          <gpxtpx:TrackPointExtension>
            <gpxtpx:hr>144</gpxtpx:hr>
          </gpxtpx:TrackPointExtension>
        </extensions>
      </trkpt>
      <trkpt lat="22.752285577095684" lon="113.73450643903514">
        <ele>2.2784108482301235</ele>
        <time>1970-01-01T00:26:13.600000Z</time>
        <extensions>
          <gpxtpx:TrackPointExtension>
            <gpxtpx:hr>144</gpxtpx:hr>
          </gpxtpx:TrackPointExtension>
        </extensions>
      </trkpt>
      <trkpt lat="22.7522646586911" lon="113.73449083933176">
        <ele>2.291997612453997</ele>
        <time>1970-01-01T00:26:14.600000Z</time>
        <extensions>
          <gpxtpx:TrackPointExtension>
            <gpxtpx:hr>144</gpxtpx:hr>
          </gpxtpx:TrackPointExtension>
        </extensions>
      </trkpt>
      <trkpt lat="22.752243091986998" lon="113.7344759152607">
        <ele>2.325387897901237</ele>
        <time>1970-01-01T00:26:15.600000Z</time>
        <extensions>
          <gpxtpx:TrackPointExtension>
            <gpxtpx:hr>144</gpxtpx:hr>
          </gpxtpx:TrackPointExtension>
        </extensions>
      </trkpt>
      <trkpt lat="22.752220471668416" lon="113.73446120569042">
        <ele>2.382381676696241</ele>
        <time>1970-01-01T00:26:16.600000Z</time>
        <extensions>
          <gpxtpx:TrackPointExtension>
            <gpxtpx:hr>144</gpxtpx:hr>
          </gpxtpx:TrackPointExtension>
        </extensions>
      </trkpt>
      <trkpt lat="22.75219695505516" lon="113.73444667066701">
        <ele>2.466496423818171</ele>
        <time>1970-01-01T00:26:17.600000Z</time>
        <extensions>
          <gpxtpx:TrackPointExtension>
            <gpxtpx:hr>144</gpxtpx:hr>
          </gpxtpx:TrackPointExtension>
        </extensions>
      </trkpt>
      <trkpt lat="22.752173338085402" lon="113.7344328843038">
        <ele>2.5793650336563587</ele>
        <time>1970-01-01T00:26:18.600000Z</time>
        <extensions>
          <gpxtpx:TrackPointExtension>
            <gpxtpx:hr>144</gpxtpx:hr>
          </gpxtpx:TrackPointExtension>
        </extensions>
      </trkpt>
      <trkpt lat="22.752149749521664" lon="113.73442028579282">
        <ele>2.718168457970023</ele>
        <time>1970-01-01T00:26:19.600000Z</time>
        <extensions>
          <gpxtpx:TrackPointExtension>
            <gpxtpx:hr>144</gpxtpx:hr>
          </gpxtpx:TrackPointExtension>
        </extensions>
      </trkpt>
      <trkpt lat="22.752125703018592" lon="113.73440904998729">
        <ele>2.8740518111735582</ele>
        <time>1970-01-01T00:26:20.600000Z</time>
        <extensions>
          <gpxtpx:TrackPointExtension>
            <gpxtpx:hr>144</gpxtpx:hr>
          </gpxtpx:TrackPointExtension>
        </extensions>
      </trkpt>
      <trkpt lat="22.752101234439596" lon="113.73439942719354">
        <ele>3.037108556367457</ele>
        <time>1970-01-01T00:26:21.600000Z</time>
        <extensions>
          <gpxtpx:TrackPointExtension>
            <gpxtpx:hr>144</gpxtpx:hr>
          </gpxtpx:TrackPointExtension>
        </extensions>
      </trkpt>
      <trkpt lat="22.752076514112343" lon="113.73439104433244">
        <ele>3.1969114327803254</ele>
        <time>1970-01-01T00:26:22.600000Z</time>
        <extensions>
          <gpxtpx:TrackPointExtension>
            <gpxtpx:hr>144</gpxtpx:hr>
          </gpxtpx:TrackPointExtension>
        </extensions>
      </trkpt>
      <trkpt lat="22.75205117636863" lon="113.73438386760446">
        <ele>3.3434231132268906</ele>
        <time>1970-01-01T00:26:23.600000Z</time>
        <extensions>
          <gpxtpx:TrackPointExtension>
            <gpxtpx:hr>144</gpxtpx:hr>
          </gpxtpx:TrackPointExtension>
        </extensions>
      </trkpt>
      <trkpt lat="22.75202452941712" lon="113.73437878147305">
        <ele>3.4752099560573697</ele>
        <time>1970-01-01T00:26:24.600000Z</time>
        <extensions>
          <gpxtpx:TrackPointExtension>
            <gpxtpx:hr>144</gpxtpx:hr>
          </gpxtpx:TrackPointExtension>
        </extensions>
      </trkpt>
      <trkpt lat="22.751997419096625" lon="113.73437614304582">
        <ele>3.5928563363850117</ele>
        <time>1970-01-01T00:26:25.600000Z</time>
        <extensions>
          <gpxtpx:TrackPointExtension>
            <gpxtpx:hr>144</gpxtpx:hr>
          </gpxtpx:TrackPointExtension>
        </extensions>
      </trkpt>
      <trkpt lat="22.751970311664994" lon="113.73437488125738">
        <ele>3.6958342706784606</ele>
        <time>1970-01-01T00:26:26.600000Z</time>
        <extensions>
          <gpxtpx:TrackPointExtension>
            <gpxtpx:hr>144</gpxtpx:hr>
          </gpxtpx:TrackPointExtension>
        </extensions>
      </trkpt>
      <trkpt lat="22.751943190828626" lon="113.73437365991181">
        <ele>3.7820718102157116</ele>
        <time>1970-01-01T00:26:27.600000Z</time>
        <extensions>
          <gpxtpx:TrackPointExtension>
            <gpxtpx:hr>144</gpxtpx:hr>
          </gpxtpx:TrackPointExtension>
        </extensions>
      </trkpt>
      <trkpt lat="22.75191711066214" lon="113.73437152801847">
        <ele>3.848991642706096</ele>
        <time>1970-01-01T00:26:28.600000Z</time>
        <extensions>
          <gpxtpx:TrackPointExtension>
            <gpxtpx:hr>143</gpxtpx:hr>
          </gpxtpx:TrackPointExtension>
        </extensions>
      </trkpt>
      <trkpt lat="22.75189197044952" lon="113.73436870222689">
        <ele>3.898402377963066</ele>
        <time>1970-01-01T00:26:29.600000Z</time>
        <extensions>
          <gpxtpx:TrackPointExtension>
            <gpxtpx:hr>143</gpxtpx:hr>
          </gpxtpx:TrackPointExtension>
        </extensions>
      </trkpt>
      <trkpt lat="22.751867466609585" lon="113.73436585707707">
        <ele>3.934655071236193</ele>
        <time>1970-01-01T00:26:30.600000Z</time>
        <extensions>
          <gpxtpx:TrackPointExtension>
            <gpxtpx:hr>143</gpxtpx:hr>
          </gpxtpx:TrackPointExtension>
        </extensions>
      </trkpt>
      <trkpt lat="22.75184300135056" lon="113.73436312866387">
        <ele>3.9654649728909135</ele>
        <time>1970-01-01T00:26:31.600000Z</time>
        <extensions>
          <gpxtpx:TrackPointExtension>
            <gpxtpx:hr>143</gpxtpx:hr>
          </gpxtpx:TrackPointExtension>
        </extensions>
      </trkpt>
      <trkpt lat="22.751818664794328" lon="113.73436070933236">
        <ele>3.996823559515178</ele>
        <time>1970-01-01T00:26:32.600000Z</time>
        <extensions>
          <gpxtpx:TrackPointExtension>
            <gpxtpx:hr>143</gpxtpx:hr>
          </gpxtpx:TrackPointExtension>
        </extensions>
      </trkpt>
      <trkpt lat="22.751795075104386" lon="113.73435784072859">
        <ele>4.032667959108949</ele>
        <time>1970-01-01T00:26:33.600000Z</time>
        <extensions>
          <gpxtpx:TrackPointExtension>
            <gpxtpx:hr>144</gpxtpx:hr>
          </gpxtpx:TrackPointExtension>
        </extensions>
      </trkpt>
      <trkpt lat="22.75177171713252" lon="113.7343542451909">
        <ele>4.075916888192296</ele>
        <time>1970-01-01T00:26:34.600000Z</time>
        <extensions>
          <gpxtpx:TrackPointExtension>
            <gpxtpx:hr>144</gpxtpx:hr>
          </gpxtpx:TrackPointExtension>
        </extensions>
      </trkpt>
      <trkpt lat="22.751747865902235" lon="113.73435076857417">
        <ele>4.125051508657634</ele>
        <time>1970-01-01T00:26:35.600000Z</time>
        <extensions>
          <gpxtpx:TrackPointExtension>
            <gpxtpx:hr>144</gpxtpx:hr>
          </gpxtpx:TrackPointExtension>
        </extensions>
      </trkpt>
      <trkpt lat="22.751722589776172" lon="113.7343478967842">
        <ele>4.179752263240516</ele>
        <time>1970-01-01T00:26:36.600000Z</time>
        <extensions>
          <gpxtpx:TrackPointExtension>
            <gpxtpx:hr>144</gpxtpx:hr>
          </gpxtpx:TrackPointExtension>
        </extensions>
      </trkpt>
      <trkpt lat="22.75169602068874" lon="113.73434522583287">
        <ele>4.2430693078786135</ele>
        <time>1970-01-01T00:26:37.600000Z</time>
        <extensions>
          <gpxtpx:TrackPointExtension>
            <gpxtpx:hr>144</gpxtpx:hr>
          </gpxtpx:TrackPointExtension>
        </extensions>
      </trkpt>
      <trkpt lat="22.75166871552834" lon="113.73434233154848">
        <ele>4.316794853657484</ele>
        <time>1970-01-01T00:26:38.600000Z</time>
        <extensions>
          <gpxtpx:TrackPointExtension>
            <gpxtpx:hr>145</gpxtpx:hr>
          </gpxtpx:TrackPointExtension>
        </extensions>
      </trkpt>
      <trkpt lat="22.751641371292724" lon="113.73433972201589">
        <ele>4.401895885355771</ele>
        <time>1970-01-01T00:26:39.600000Z</time>
        <extensions>
          <gpxtpx:TrackPointExtension>
            <gpxtpx:hr>145</gpxtpx:hr>
          </gpxtpx:TrackPointExtension>
        </extensions>
      </trkpt>
      <trkpt lat="22.75161379488212" lon="113.7343376858984">
        <ele>4.495152930729091</ele>
        <time>1970-01-01T00:26:40.600000Z</time>
        <extensions>
          <gpxtpx:TrackPointExtension>
            <gpxtpx:hr>145</gpxtpx:hr>
          </gpxtpx:TrackPointExtension>
        </extensions>
      </trkpt>
      <trkpt lat="22.751586293039935" lon="113.73433598574981">
        <ele>4.5880062729120255</ele>
        <time>1970-01-01T00:26:41.600000Z</time>
        <extensions>
          <gpxtpx:TrackPointExtension>
            <gpxtpx:hr>145</gpxtpx:hr>
          </gpxtpx:TrackPointExtension>
        </extensions>
      </trkpt>
      <trkpt lat="22.75155957855585" lon="113.73433467852627">
        <ele>4.674167958088219</ele>
        <time>1970-01-01T00:26:42.600000Z</time>
        <extensions>
          <gpxtpx:TrackPointExtension>
            <gpxtpx:hr>145</gpxtpx:hr>
          </gpxtpx:TrackPointExtension>
        </extensions>
      </trkpt>
      <trkpt lat="22.75153365805377" lon="113.73433402002651">
        <ele>4.747948703356087</ele>
        <time>1970-01-01T00:26:43.600000Z</time>
        <extensions>
          <gpxtpx:TrackPointExtension>
            <gpxtpx:hr>145</gpxtpx:hr>
          </gpxtpx:TrackPointExtension>
        </extensions>
      </trkpt>
      <trkpt lat="22.751508263443302" lon="113.7343336255516">
        <ele>4.803153806366026</ele>
        <time>1970-01-01T00:26:44.600000Z</time>
        <extensions>
          <gpxtpx:TrackPointExtension>
            <gpxtpx:hr>145</gpxtpx:hr>
          </gpxtpx:TrackPointExtension>
        </extensions>
      </trkpt>
      <trkpt lat="22.751482462949653" lon="113.73433277748656">
        <ele>4.837169708684087</ele>
        <time>1970-01-01T00:26:45.600000Z</time>
        <extensions>
          <gpxtpx:TrackPointExtension>
            <gpxtpx:hr>145</gpxtpx:hr>
          </gpxtpx:TrackPointExtension>
        </extensions>
      </trkpt>
      <trkpt lat="22.75145580817675" lon="113.73433129796007">
        <ele>4.850744508206844</ele>
        <time>1970-01-01T00:26:46.600000Z</time>
        <extensions>
          <gpxtpx:TrackPointExtension>
            <gpxtpx:hr>145</gpxtpx:hr>
          </gpxtpx:TrackPointExtension>
        </extensions>
      </trkpt>
      <trkpt lat="22.751427908418407" lon="113.73432963649937">
        <ele>4.84276604000479</ele>
        <time>1970-01-01T00:26:47.600000Z</time>
        <extensions>
          <gpxtpx:TrackPointExtension>
            <gpxtpx:hr>145</gpxtpx:hr>
          </gpxtpx:TrackPointExtension>
        </extensions>
      </trkpt>
      <trkpt lat="22.751399324893196" lon="113.73432748545376">
        <ele>4.812567406333983</ele>
        <time>1970-01-01T00:26:48.600000Z</time>
        <extensions>
          <gpxtpx:TrackPointExtension>
            <gpxtpx:hr>145</gpxtpx:hr>
          </gpxtpx:TrackPointExtension>
        </extensions>
      </trkpt>
      <trkpt lat="22.751370619900648" lon="113.73432420632358">
        <ele>4.757651248015463</ele>
        <time>1970-01-01T00:26:49.600000Z</time>
        <extensions>
          <gpxtpx:TrackPointExtension>
            <gpxtpx:hr>142</gpxtpx:hr>
          </gpxtpx:TrackPointExtension>
        </extensions>
      </trkpt>
      <trkpt lat="22.751342275645612" lon="113.73432058059156">
        <ele>4.673961658962071</ele>
        <time>1970-01-01T00:26:50.600000Z</time>
        <extensions>
          <gpxtpx:TrackPointExtension>
            <gpxtpx:hr>142</gpxtpx:hr>
          </gpxtpx:TrackPointExtension>
        </extensions>
      </trkpt>
      <trkpt lat="22.751314771128687" lon="113.73431711621471">
        <ele>4.559650843963027</ele>
        <time>1970-01-01T00:26:51.600000Z</time>
        <extensions>
          <gpxtpx:TrackPointExtension>
            <gpxtpx:hr>142</gpxtpx:hr>
          </gpxtpx:TrackPointExtension>
        </extensions>
      </trkpt>
      <trkpt lat="22.751288195233993" lon="113.73431330856387">
        <ele>4.413952059112489</ele>
        <time>1970-01-01T00:26:52.600000Z</time>
        <extensions>
          <gpxtpx:TrackPointExtension>
            <gpxtpx:hr>141</gpxtpx:hr>
          </gpxtpx:TrackPointExtension>
        </extensions>
      </trkpt>
      <trkpt lat="22.751262059735105" lon="113.73430877095835">
        <ele>4.240908300504088</ele>
        <time>1970-01-01T00:26:53.600000Z</time>
        <extensions>
          <gpxtpx:TrackPointExtension>
            <gpxtpx:hr>141</gpxtpx:hr>
          </gpxtpx:TrackPointExtension>
        </extensions>
      </trkpt>
      <trkpt lat="22.75123527972678" lon="113.73430408845523">
        <ele>4.048062459565699</ele>
        <time>1970-01-01T00:26:54.600000Z</time>
        <extensions>
          <gpxtpx:TrackPointExtension>
            <gpxtpx:hr>141</gpxtpx:hr>
          </gpxtpx:TrackPointExtension>
        </extensions>
      </trkpt>
      <trkpt lat="22.751207774301662" lon="113.73429977198505">
        <ele>3.8409114303067327</ele>
        <time>1970-01-01T00:26:55.600000Z</time>
        <extensions>
          <gpxtpx:TrackPointExtension>
            <gpxtpx:hr>141</gpxtpx:hr>
          </gpxtpx:TrackPointExtension>
        </extensions>
      </trkpt>
      <trkpt lat="22.751180154477918" lon="113.73429508509759">
        <ele>3.6243067551404238</ele>
        <time>1970-01-01T00:26:56.600000Z</time>
        <extensions>
          <gpxtpx:TrackPointExtension>
            <gpxtpx:hr>141</gpxtpx:hr>
          </gpxtpx:TrackPointExtension>
        </extensions>
      </trkpt>
      <trkpt lat="22.751153467108832" lon="113.73428962847778">
        <ele>3.400953688658774</ele>
        <time>1970-01-01T00:26:57.600000Z</time>
        <extensions>
          <gpxtpx:TrackPointExtension>
            <gpxtpx:hr>141</gpxtpx:hr>
          </gpxtpx:TrackPointExtension>
        </extensions>
      </trkpt>
      <trkpt lat="22.751127641586876" lon="113.73428360725616">
        <ele>3.1733708744868636</ele>
        <time>1970-01-01T00:26:58.600000Z</time>
        <extensions>
          <gpxtpx:TrackPointExtension>
            <gpxtpx:hr>141</gpxtpx:hr>
          </gpxtpx:TrackPointExtension>
        </extensions>
      </trkpt>
      <trkpt lat="22.75110239749188" lon="113.7342770717858">
        <ele>2.9476917907595634</ele>
        <time>1970-01-01T00:26:59.600000Z</time>
        <extensions>
          <gpxtpx:TrackPointExtension>
            <gpxtpx:hr>141</gpxtpx:hr>
          </gpxtpx:TrackPointExtension>
        </extensions>
      </trkpt>
      <trkpt lat="22.75107749855259" lon="113.73426970142357">
        <ele>2.7288772147148848</ele>
        <time>1970-01-01T00:27:00.600000Z</time>
        <extensions>
          <gpxtpx:TrackPointExtension>
            <gpxtpx:hr>141</gpxtpx:hr>
          </gpxtpx:TrackPointExtension>
        </extensions>
      </trkpt>
      <trkpt lat="22.75105279921661" lon="113.73426115003424">
        <ele>2.5232585398480296</ele>
        <time>1970-01-01T00:27:01.600000Z</time>
        <extensions>
          <gpxtpx:TrackPointExtension>
            <gpxtpx:hr>141</gpxtpx:hr>
          </gpxtpx:TrackPointExtension>
        </extensions>
      </trkpt>
      <trkpt lat="22.751028573997388" lon="113.73425139147494">
        <ele>2.3358251452445984</ele>
        <time>1970-01-01T00:27:02.600000Z</time>
        <extensions>
          <gpxtpx:TrackPointExtension>
            <gpxtpx:hr>141</gpxtpx:hr>
          </gpxtpx:TrackPointExtension>
        </extensions>
      </trkpt>
      <trkpt lat="22.751004610186182" lon="113.73424037408262">
        <ele>2.1714600697159767</ele>
        <time>1970-01-01T00:27:03.600000Z</time>
        <extensions>
          <gpxtpx:TrackPointExtension>
            <gpxtpx:hr>141</gpxtpx:hr>
          </gpxtpx:TrackPointExtension>
        </extensions>
      </trkpt>
      <trkpt lat="22.75098107034202" lon="113.73422872147752">
        <ele>2.028993308544159</ele>
        <time>1970-01-01T00:27:04.600000Z</time>
        <extensions>
          <gpxtpx:TrackPointExtension>
            <gpxtpx:hr>141</gpxtpx:hr>
          </gpxtpx:TrackPointExtension>
        </extensions>
      </trkpt>
      <trkpt lat="22.750958179783662" lon="113.73421793323958">
        <ele>1.903360901400447</ele>
        <time>1970-01-01T00:27:05.600000Z</time>
        <extensions>
          <gpxtpx:TrackPointExtension>
            <gpxtpx:hr>141</gpxtpx:hr>
          </gpxtpx:TrackPointExtension>
        </extensions>
      </trkpt>
      <trkpt lat="22.750934678890957" lon="113.73420783774318">
        <ele>1.794021657668054</ele>
        <time>1970-01-01T00:27:06.600000Z</time>
        <extensions>
          <gpxtpx:TrackPointExtension>
            <gpxtpx:hr>141</gpxtpx:hr>
          </gpxtpx:TrackPointExtension>
        </extensions>
      </trkpt>
      <trkpt lat="22.750908907783593" lon="113.73419738896015">
        <ele>1.7023049909621477</ele>
        <time>1970-01-01T00:27:07.600000Z</time>
        <extensions>
          <gpxtpx:TrackPointExtension>
            <gpxtpx:hr>141</gpxtpx:hr>
          </gpxtpx:TrackPointExtension>
        </extensions>
      </trkpt>
      <trkpt lat="22.750881848671835" lon="113.73418641057651">
        <ele>1.6300190165638924</ele>
        <time>1970-01-01T00:27:08.600000Z</time>
        <extensions>
          <gpxtpx:TrackPointExtension>
            <gpxtpx:hr>144</gpxtpx:hr>
          </gpxtpx:TrackPointExtension>
        </extensions>
      </trkpt>
      <trkpt lat="22.750855193691947" lon="113.7341740248804">
        <ele>1.5806225473061204</ele>
        <time>1970-01-01T00:27:09.600000Z</time>
        <extensions>
          <gpxtpx:TrackPointExtension>
            <gpxtpx:hr>144</gpxtpx:hr>
          </gpxtpx:TrackPointExtension>
        </extensions>
      </trkpt>
      <trkpt lat="22.750829796878364" lon="113.73415977902809">
        <ele>1.5550440354272723</ele>
        <time>1970-01-01T00:27:10.600000Z</time>
        <extensions>
          <gpxtpx:TrackPointExtension>
            <gpxtpx:hr>144</gpxtpx:hr>
          </gpxtpx:TrackPointExtension>
        </extensions>
      </trkpt>
      <trkpt lat="22.750805185634146" lon="113.73414385814743">
        <ele>1.5504565816372633</ele>
        <time>1970-01-01T00:27:11.600000Z</time>
        <extensions>
          <gpxtpx:TrackPointExtension>
            <gpxtpx:hr>144</gpxtpx:hr>
          </gpxtpx:TrackPointExtension>
        </extensions>
      </trkpt>
      <trkpt lat="22.750780334412635" lon="113.73412666274879">
        <ele>1.563777094706893</ele>
        <time>1970-01-01T00:27:12.600000Z</time>
        <extensions>
          <gpxtpx:TrackPointExtension>
            <gpxtpx:hr>144</gpxtpx:hr>
          </gpxtpx:TrackPointExtension>
        </extensions>
      </trkpt>
      <trkpt lat="22.750755266650355" lon="113.7341091987828">
        <ele>1.5919324327260256</ele>
        <time>1970-01-01T00:27:13.600000Z</time>
        <extensions>
          <gpxtpx:TrackPointExtension>
            <gpxtpx:hr>145</gpxtpx:hr>
          </gpxtpx:TrackPointExtension>
        </extensions>
      </trkpt>
      <trkpt lat="22.750730678450175" lon="113.73409161376081">
        <ele>1.630198989994824</ele>
        <time>1970-01-01T00:27:14.600000Z</time>
        <extensions>
          <gpxtpx:TrackPointExtension>
            <gpxtpx:hr>145</gpxtpx:hr>
          </gpxtpx:TrackPointExtension>
        </extensions>
      </trkpt>
      <trkpt lat="22.75070695302048" lon="113.73407292849778">
        <ele>1.6742811473086476</ele>
        <time>1970-01-01T00:27:15.600000Z</time>
        <extensions>
          <gpxtpx:TrackPointExtension>
            <gpxtpx:hr>145</gpxtpx:hr>
          </gpxtpx:TrackPointExtension>
        </extensions>
      </trkpt>
      <trkpt lat="22.7506840284421" lon="113.73405236497393">
        <ele>1.723269802518189</ele>
        <time>1970-01-01T00:27:16.600000Z</time>
        <extensions>
          <gpxtpx:TrackPointExtension>
            <gpxtpx:hr>146</gpxtpx:hr>
          </gpxtpx:TrackPointExtension>
        </extensions>
      </trkpt>
      <trkpt lat="22.750662584863363" lon="113.73403049464491">
        <ele>1.7770198909565806</ele>
        <time>1970-01-01T00:27:17.600000Z</time>
        <extensions>
          <gpxtpx:TrackPointExtension>
            <gpxtpx:hr>146</gpxtpx:hr>
          </gpxtpx:TrackPointExtension>
        </extensions>
      </trkpt>
      <trkpt lat="22.750642857696132" lon="113.73400806074731">
        <ele>1.836777656339109</ele>
        <time>1970-01-01T00:27:18.600000Z</time>
        <extensions>
          <gpxtpx:TrackPointExtension>
            <gpxtpx:hr>146</gpxtpx:hr>
          </gpxtpx:TrackPointExtension>
        </extensions>
      </trkpt>
      <trkpt lat="22.75062471888018" lon="113.7339853828046">
        <ele>1.9021641472354531</ele>
        <time>1970-01-01T00:27:19.600000Z</time>
        <extensions>
          <gpxtpx:TrackPointExtension>
            <gpxtpx:hr>146</gpxtpx:hr>
          </gpxtpx:TrackPointExtension>
        </extensions>
      </trkpt>
      <trkpt lat="22.75060777046366" lon="113.73396197058538">
        <ele>1.9727418115362525</ele>
        <time>1970-01-01T00:27:20.600000Z</time>
        <extensions>
          <gpxtpx:TrackPointExtension>
            <gpxtpx:hr>146</gpxtpx:hr>
          </gpxtpx:TrackPointExtension>
        </extensions>
      </trkpt>
      <trkpt lat="22.750591538980828" lon="113.73393706774927">
        <ele>2.0509910145774484</ele>
        <time>1970-01-01T00:27:21.600000Z</time>
        <extensions>
          <gpxtpx:TrackPointExtension>
            <gpxtpx:hr>146</gpxtpx:hr>
          </gpxtpx:TrackPointExtension>
        </extensions>
      </trkpt>
      <trkpt lat="22.75057628230513" lon="113.73391065128679">
        <ele>2.1375811770558357</ele>
        <time>1970-01-01T00:27:22.600000Z</time>
        <extensions>
          <gpxtpx:TrackPointExtension>
            <gpxtpx:hr>148</gpxtpx:hr>
          </gpxtpx:TrackPointExtension>
        </extensions>
      </trkpt>
      <trkpt lat="22.750562202656067" lon="113.73388286680415">
        <ele>2.231669039465487</ele>
        <time>1970-01-01T00:27:23.600000Z</time>
        <extensions>
          <gpxtpx:TrackPointExtension>
            <gpxtpx:hr>148</gpxtpx:hr>
          </gpxtpx:TrackPointExtension>
        </extensions>
      </trkpt>
      <trkpt lat="22.750549511189107" lon="113.73385439604895">
        <ele>2.329527098685503</ele>
        <time>1970-01-01T00:27:24.600000Z</time>
        <extensions>
          <gpxtpx:TrackPointExtension>
            <gpxtpx:hr>148</gpxtpx:hr>
          </gpxtpx:TrackPointExtension>
        </extensions>
      </trkpt>
      <trkpt lat="22.75053742781271" lon="113.73382514564426">
        <ele>2.4262127382680774</ele>
        <time>1970-01-01T00:27:25.600000Z</time>
        <extensions>
          <gpxtpx:TrackPointExtension>
            <gpxtpx:hr>148</gpxtpx:hr>
          </gpxtpx:TrackPointExtension>
        </extensions>
      </trkpt>
      <trkpt lat="22.750526164783007" lon="113.73379565138615">
        <ele>2.5178966615349054</ele>
        <time>1970-01-01T00:27:26.600000Z</time>
        <extensions>
          <gpxtpx:TrackPointExtension>
            <gpxtpx:hr>148</gpxtpx:hr>
          </gpxtpx:TrackPointExtension>
        </extensions>
      </trkpt>
      <trkpt lat="22.750516392636584" lon="113.73376703136816">
        <ele>2.5983164561912417</ele>
        <time>1970-01-01T00:27:27.600000Z</time>
        <extensions>
          <gpxtpx:TrackPointExtension>
            <gpxtpx:hr>148</gpxtpx:hr>
          </gpxtpx:TrackPointExtension>
        </extensions>
      </trkpt>
      <trkpt lat="22.750507129559054" lon="113.73373970793558">
        <ele>2.664864399470389</ele>
        <time>1970-01-01T00:27:28.600000Z</time>
        <extensions>
          <gpxtpx:TrackPointExtension>
            <gpxtpx:hr>148</gpxtpx:hr>
          </gpxtpx:TrackPointExtension>
        </extensions>
      </trkpt>
      <trkpt lat="22.75049717902532" lon="113.73371295706255">
        <ele>2.7177577521651983</ele>
        <time>1970-01-01T00:27:29.600000Z</time>
        <extensions>
          <gpxtpx:TrackPointExtension>
            <gpxtpx:hr>148</gpxtpx:hr>
          </gpxtpx:TrackPointExtension>
        </extensions>
      </trkpt>
      <trkpt lat="22.750486310580563" lon="113.73368543292355">
        <ele>2.758564777672291</ele>
        <time>1970-01-01T00:27:30.600000Z</time>
        <extensions>
          <gpxtpx:TrackPointExtension>
            <gpxtpx:hr>148</gpxtpx:hr>
          </gpxtpx:TrackPointExtension>
        </extensions>
      </trkpt>
      <trkpt lat="22.75047609368969" lon="113.73365692902026">
        <ele>2.7900931304320693</ele>
        <time>1970-01-01T00:27:31.600000Z</time>
        <extensions>
          <gpxtpx:TrackPointExtension>
            <gpxtpx:hr>148</gpxtpx:hr>
          </gpxtpx:TrackPointExtension>
        </extensions>
      </trkpt>
      <trkpt lat="22.75046777258674" lon="113.73362722121759">
        <ele>2.814729976467788</ele>
        <time>1970-01-01T00:27:32.600000Z</time>
        <extensions>
          <gpxtpx:TrackPointExtension>
            <gpxtpx:hr>149</gpxtpx:hr>
          </gpxtpx:TrackPointExtension>
        </extensions>
      </trkpt>
      <trkpt lat="22.750461270480006" lon="113.73359690548222">
        <ele>2.832727658562362</ele>
        <time>1970-01-01T00:27:33.600000Z</time>
        <extensions>
          <gpxtpx:TrackPointExtension>
            <gpxtpx:hr>149</gpxtpx:hr>
          </gpxtpx:TrackPointExtension>
        </extensions>
      </trkpt>
      <trkpt lat="22.750454650620206" lon="113.73356698447358">
        <ele>2.842312819324434</ele>
        <time>1970-01-01T00:27:34.600000Z</time>
        <extensions>
          <gpxtpx:TrackPointExtension>
            <gpxtpx:hr>149</gpxtpx:hr>
          </gpxtpx:TrackPointExtension>
        </extensions>
      </trkpt>
      <trkpt lat="22.75044635297292" lon="113.7335377099955">
        <ele>2.840908312238753</ele>
        <time>1970-01-01T00:27:35.600000Z</time>
        <extensions>
          <gpxtpx:TrackPointExtension>
            <gpxtpx:hr>149</gpxtpx:hr>
          </gpxtpx:TrackPointExtension>
        </extensions>
      </trkpt>
      <trkpt lat="22.75043725386781" lon="113.73350868970356">
        <ele>2.826134765520692</ele>
        <time>1970-01-01T00:27:36.600000Z</time>
        <extensions>
          <gpxtpx:TrackPointExtension>
            <gpxtpx:hr>149</gpxtpx:hr>
          </gpxtpx:TrackPointExtension>
        </extensions>
      </trkpt>
      <trkpt lat="22.75042853883147" lon="113.73347962300244">
        <ele>2.7966934321448207</ele>
        <time>1970-01-01T00:27:37.600000Z</time>
        <extensions>
          <gpxtpx:TrackPointExtension>
            <gpxtpx:hr>149</gpxtpx:hr>
          </gpxtpx:TrackPointExtension>
        </extensions>
      </trkpt>
      <trkpt lat="22.75042074916723" lon="113.73345026827427">
        <ele>2.754287216812372</ele>
        <time>1970-01-01T00:27:38.600000Z</time>
        <extensions>
          <gpxtpx:TrackPointExtension>
            <gpxtpx:hr>148</gpxtpx:hr>
          </gpxtpx:TrackPointExtension>
        </extensions>
      </trkpt>
      <trkpt lat="22.750413731315938" lon="113.73342033053599">
        <ele>2.702238460071385</ele>
        <time>1970-01-01T00:27:39.600000Z</time>
        <extensions>
          <gpxtpx:TrackPointExtension>
            <gpxtpx:hr>148</gpxtpx:hr>
          </gpxtpx:TrackPointExtension>
        </extensions>
      </trkpt>
      <trkpt lat="22.750407464555433" lon="113.73339084916995">
        <ele>2.6437212014570832</ele>
        <time>1970-01-01T00:27:40.600000Z</time>
        <extensions>
          <gpxtpx:TrackPointExtension>
            <gpxtpx:hr>148</gpxtpx:hr>
          </gpxtpx:TrackPointExtension>
        </extensions>
      </trkpt>
      <trkpt lat="22.750401691504347" lon="113.73336213412487">
        <ele>2.5832260828465223</ele>
        <time>1970-01-01T00:27:41.600000Z</time>
        <extensions>
          <gpxtpx:TrackPointExtension>
            <gpxtpx:hr>148</gpxtpx:hr>
          </gpxtpx:TrackPointExtension>
        </extensions>
      </trkpt>
      <trkpt lat="22.750395546897003" lon="113.73333374109313">
        <ele>2.527617659419775</ele>
        <time>1970-01-01T00:27:42.600000Z</time>
        <extensions>
          <gpxtpx:TrackPointExtension>
            <gpxtpx:hr>149</gpxtpx:hr>
          </gpxtpx:TrackPointExtension>
        </extensions>
      </trkpt>
      <trkpt lat="22.7503883703034" lon="113.73330526990495">
        <ele>2.4879725985229015</ele>
        <time>1970-01-01T00:27:43.600000Z</time>
        <extensions>
          <gpxtpx:TrackPointExtension>
            <gpxtpx:hr>149</gpxtpx:hr>
          </gpxtpx:TrackPointExtension>
        </extensions>
      </trkpt>
      <trkpt lat="22.750380992656968" lon="113.73327647437567">
        <ele>2.473480425775051</ele>
        <time>1970-01-01T00:27:44.600000Z</time>
        <extensions>
          <gpxtpx:TrackPointExtension>
            <gpxtpx:hr>149</gpxtpx:hr>
          </gpxtpx:TrackPointExtension>
        </extensions>
      </trkpt>
      <trkpt lat="22.750374300461267" lon="113.73324889749401">
        <ele>2.4861617144197226</ele>
        <time>1970-01-01T00:27:45.600000Z</time>
        <extensions>
          <gpxtpx:TrackPointExtension>
            <gpxtpx:hr>149</gpxtpx:hr>
          </gpxtpx:TrackPointExtension>
        </extensions>
      </trkpt>
      <trkpt lat="22.750367502034162" lon="113.73322179772748">
        <ele>2.525589576922357</ele>
        <time>1970-01-01T00:27:46.600000Z</time>
        <extensions>
          <gpxtpx:TrackPointExtension>
            <gpxtpx:hr>149</gpxtpx:hr>
          </gpxtpx:TrackPointExtension>
        </extensions>
      </trkpt>
      <trkpt lat="22.75035983931968" lon="113.73319349647973">
        <ele>2.5875723278149962</ele>
        <time>1970-01-01T00:27:47.600000Z</time>
        <extensions>
          <gpxtpx:TrackPointExtension>
            <gpxtpx:hr>149</gpxtpx:hr>
          </gpxtpx:TrackPointExtension>
        </extensions>
      </trkpt>
      <trkpt lat="22.7503509912575" lon="113.73316402737511">
        <ele>2.665771681815386</ele>
        <time>1970-01-01T00:27:48.600000Z</time>
        <extensions>
          <gpxtpx:TrackPointExtension>
            <gpxtpx:hr>149</gpxtpx:hr>
          </gpxtpx:TrackPointExtension>
        </extensions>
      </trkpt>
      <trkpt lat="22.75034093032587" lon="113.7331348600042">
        <ele>2.756232500076294</ele>
        <time>1970-01-01T00:27:49.600000Z</time>
        <extensions>
          <gpxtpx:TrackPointExtension>
            <gpxtpx:hr>149</gpxtpx:hr>
          </gpxtpx:TrackPointExtension>
        </extensions>
      </trkpt>
      <trkpt lat="22.750330403720582" lon="113.73310769682551">
        <ele>2.8524407148361206</ele>
        <time>1970-01-01T00:27:50.600000Z</time>
        <extensions>
          <gpxtpx:TrackPointExtension>
            <gpxtpx:hr>149</gpxtpx:hr>
          </gpxtpx:TrackPointExtension>
        </extensions>
      </trkpt>
      <trkpt lat="22.7503199641093" lon="113.73308280430136">
        <ele>2.949647911824286</ele>
        <time>1970-01-01T00:27:51.600000Z</time>
        <extensions>
          <gpxtpx:TrackPointExtension>
            <gpxtpx:hr>149</gpxtpx:hr>
          </gpxtpx:TrackPointExtension>
        </extensions>
      </trkpt>
      <trkpt lat="22.750309504480366" lon="113.7330591489953">
        <ele>3.045844294130802</ele>
        <time>1970-01-01T00:27:52.600000Z</time>
        <extensions>
          <gpxtpx:TrackPointExtension>
            <gpxtpx:hr>149</gpxtpx:hr>
          </gpxtpx:TrackPointExtension>
        </extensions>
      </trkpt>
      <trkpt lat="22.750299451444373" lon="113.73303496192469">
        <ele>3.136822646483779</ele>
        <time>1970-01-01T00:27:53.600000Z</time>
        <extensions>
          <gpxtpx:TrackPointExtension>
            <gpxtpx:hr>149</gpxtpx:hr>
          </gpxtpx:TrackPointExtension>
        </extensions>
      </trkpt>
      <trkpt lat="22.750290317948323" lon="113.7330106089411">
        <ele>3.2155393455177546</ele>
        <time>1970-01-01T00:27:54.600000Z</time>
        <extensions>
          <gpxtpx:TrackPointExtension>
            <gpxtpx:hr>149</gpxtpx:hr>
          </gpxtpx:TrackPointExtension>
        </extensions>
      </trkpt>
      <trkpt lat="22.750282339802386" lon="113.73298621357429">
        <ele>3.278684040531516</ele>
        <time>1970-01-01T00:27:55.600000Z</time>
        <extensions>
          <gpxtpx:TrackPointExtension>
            <gpxtpx:hr>149</gpxtpx:hr>
          </gpxtpx:TrackPointExtension>
        </extensions>
      </trkpt>
      <trkpt lat="22.750275538837627" lon="113.73296142646717">
        <ele>3.3255339078605175</ele>
        <time>1970-01-01T00:27:56.600000Z</time>
        <extensions>
          <gpxtpx:TrackPointExtension>
            <gpxtpx:hr>149</gpxtpx:hr>
          </gpxtpx:TrackPointExtension>
        </extensions>
      </trkpt>
      <trkpt lat="22.750268687816483" lon="113.73293688337547">
        <ele>3.3554815715178847</ele>
        <time>1970-01-01T00:27:57.600000Z</time>
        <extensions>
          <gpxtpx:TrackPointExtension>
            <gpxtpx:hr>148</gpxtpx:hr>
          </gpxtpx:TrackPointExtension>
        </extensions>
      </trkpt>
      <trkpt lat="22.75026080197145" lon="113.73291250278177">
        <ele>3.369238492101431</ele>
        <time>1970-01-01T00:27:58.600000Z</time>
        <extensions>
          <gpxtpx:TrackPointExtension>
            <gpxtpx:hr>148</gpxtpx:hr>
          </gpxtpx:TrackPointExtension>
        </extensions>
      </trkpt>
      <trkpt lat="22.750252594726664" lon="113.73288830369609">
        <ele>3.367840307764709</ele>
        <time>1970-01-01T00:27:59.600000Z</time>
        <extensions>
          <gpxtpx:TrackPointExtension>
            <gpxtpx:hr>148</gpxtpx:hr>
          </gpxtpx:TrackPointExtension>
        </extensions>
      </trkpt>
      <trkpt lat="22.75024477726381" lon="113.73286385421783">
        <ele>3.3508652076125145</ele>
        <time>1970-01-01T00:28:00.600000Z</time>
        <extensions>
          <gpxtpx:TrackPointExtension>
            <gpxtpx:hr>146</gpxtpx:hr>
          </gpxtpx:TrackPointExtension>
        </extensions>
      </trkpt>
      <trkpt lat="22.750237166786853" lon="113.7328385355818">
        <ele>3.321245483122766</ele>
        <time>1970-01-01T00:28:01.600000Z</time>
        <extensions>
          <gpxtpx:TrackPointExtension>
            <gpxtpx:hr>146</gpxtpx:hr>
          </gpxtpx:TrackPointExtension>
        </extensions>
      </trkpt>
      <trkpt lat="22.750229718317016" lon="113.73281236029813">
        <ele>3.2787553938105702</ele>
        <time>1970-01-01T00:28:02.600000Z</time>
        <extensions>
          <gpxtpx:TrackPointExtension>
            <gpxtpx:hr>146</gpxtpx:hr>
          </gpxtpx:TrackPointExtension>
        </extensions>
      </trkpt>
      <trkpt lat="22.75022258713649" lon="113.7327849019745">
        <ele>3.220516424626112</ele>
        <time>1970-01-01T00:28:03.600000Z</time>
        <extensions>
          <gpxtpx:TrackPointExtension>
            <gpxtpx:hr>146</gpxtpx:hr>
          </gpxtpx:TrackPointExtension>
        </extensions>
      </trkpt>
      <trkpt lat="22.750215965320777" lon="113.7327569336125">
        <ele>3.1432527657598257</ele>
        <time>1970-01-01T00:28:04.600000Z</time>
        <extensions>
          <gpxtpx:TrackPointExtension>
            <gpxtpx:hr>146</gpxtpx:hr>
          </gpxtpx:TrackPointExtension>
        </extensions>
      </trkpt>
      <trkpt lat="22.750209571680543" lon="113.73272917793363">
        <ele>3.0423307130113244</ele>
        <time>1970-01-01T00:28:05.600000Z</time>
        <extensions>
          <gpxtpx:TrackPointExtension>
            <gpxtpx:hr>146</gpxtpx:hr>
          </gpxtpx:TrackPointExtension>
        </extensions>
      </trkpt>
      <trkpt lat="22.75020269263566" lon="113.73270175472756">
        <ele>2.915271590463817</ele>
        <time>1970-01-01T00:28:06.600000Z</time>
        <extensions>
          <gpxtpx:TrackPointExtension>
            <gpxtpx:hr>146</gpxtpx:hr>
          </gpxtpx:TrackPointExtension>
        </extensions>
      </trkpt>
      <trkpt lat="22.750195655696583" lon="113.73267505996188">
        <ele>2.7653932152315974</ele>
        <time>1970-01-01T00:28:07.600000Z</time>
        <extensions>
          <gpxtpx:TrackPointExtension>
            <gpxtpx:hr>146</gpxtpx:hr>
          </gpxtpx:TrackPointExtension>
        </extensions>
      </trkpt>
      <trkpt lat="22.750188973870646" lon="113.73264839598319">
        <ele>2.5987499682232738</ele>
        <time>1970-01-01T00:28:08.600000Z</time>
        <extensions>
          <gpxtpx:TrackPointExtension>
            <gpxtpx:hr>146</gpxtpx:hr>
          </gpxtpx:TrackPointExtension>
        </extensions>
      </trkpt>
      <trkpt lat="22.750182944864815" lon="113.73262142806203">
        <ele>2.4189963303506374</ele>
        <time>1970-01-01T00:28:09.600000Z</time>
        <extensions>
          <gpxtpx:TrackPointExtension>
            <gpxtpx:hr>146</gpxtpx:hr>
          </gpxtpx:TrackPointExtension>
        </extensions>
      </trkpt>
      <trkpt lat="22.75017797695915" lon="113.7325937705729">
        <ele>2.2346074022352695</ele>
        <time>1970-01-01T00:28:10.600000Z</time>
        <extensions>
          <gpxtpx:TrackPointExtension>
            <gpxtpx:hr>146</gpxtpx:hr>
          </gpxtpx:TrackPointExtension>
        </extensions>
      </trkpt>
      <trkpt lat="22.750174535894022" lon="113.73256499137062">
        <ele>2.056167956441641</ele>
        <time>1970-01-01T00:28:11.600000Z</time>
        <extensions>
          <gpxtpx:TrackPointExtension>
            <gpxtpx:hr>147</gpxtpx:hr>
          </gpxtpx:TrackPointExtension>
        </extensions>
      </trkpt>
      <trkpt lat="22.750173555974865" lon="113.73253581943239">
        <ele>1.8915431126952171</ele>
        <time>1970-01-01T00:28:12.600000Z</time>
        <extensions>
          <gpxtpx:TrackPointExtension>
            <gpxtpx:hr>147</gpxtpx:hr>
          </gpxtpx:TrackPointExtension>
        </extensions>
      </trkpt>
      <trkpt lat="22.750175981142274" lon="113.73250650137165">
        <ele>1.7496247431263328</ele>
        <time>1970-01-01T00:28:13.600000Z</time>
        <extensions>
          <gpxtpx:TrackPointExtension>
            <gpxtpx:hr>147</gpxtpx:hr>
          </gpxtpx:TrackPointExtension>
        </extensions>
      </trkpt>
      <trkpt lat="22.750182914993033" lon="113.73247776932071">
        <ele>1.6387113695964217</ele>
        <time>1970-01-01T00:28:14.600000Z</time>
        <extensions>
          <gpxtpx:TrackPointExtension>
            <gpxtpx:hr>147</gpxtpx:hr>
          </gpxtpx:TrackPointExtension>
        </extensions>
      </trkpt>
      <trkpt lat="22.750195412342464" lon="113.7324516899551">
        <ele>1.5696391137316823</ele>
        <time>1970-01-01T00:28:15.600000Z</time>
        <extensions>
          <gpxtpx:TrackPointExtension>
            <gpxtpx:hr>147</gpxtpx:hr>
          </gpxtpx:TrackPointExtension>
        </extensions>
      </trkpt>
      <trkpt lat="22.750213260109838" lon="113.73243088424415">
        <ele>1.5482712220400572</ele>
        <time>1970-01-01T00:28:16.600000Z</time>
        <extensions>
          <gpxtpx:TrackPointExtension>
            <gpxtpx:hr>147</gpxtpx:hr>
          </gpxtpx:TrackPointExtension>
        </extensions>
      </trkpt>
      <trkpt lat="22.7502355001441" lon="113.73241734184339">
        <ele>1.576981601305306</ele>
        <time>1970-01-01T00:28:17.600000Z</time>
        <extensions>
          <gpxtpx:TrackPointExtension>
            <gpxtpx:hr>147</gpxtpx:hr>
          </gpxtpx:TrackPointExtension>
        </extensions>
      </trkpt>
      <trkpt lat="22.75026085772844" lon="113.73241137434016">
        <ele>1.6531904097646475</ele>
        <time>1970-01-01T00:28:18.600000Z</time>
        <extensions>
          <gpxtpx:TrackPointExtension>
            <gpxtpx:hr>147</gpxtpx:hr>
          </gpxtpx:TrackPointExtension>
        </extensions>
      </trkpt>
      <trkpt lat="22.750288037414084" lon="113.7324127889993">
        <ele>1.7693938743323088</ele>
        <time>1970-01-01T00:28:19.600000Z</time>
        <extensions>
          <gpxtpx:TrackPointExtension>
            <gpxtpx:hr>147</gpxtpx:hr>
          </gpxtpx:TrackPointExtension>
        </extensions>
      </trkpt>
      <trkpt lat="22.750315798755626" lon="113.732420868766">
        <ele>1.9169882517307997</ele>
        <time>1970-01-01T00:28:20.600000Z</time>
        <extensions>
          <gpxtpx:TrackPointExtension>
            <gpxtpx:hr>147</gpxtpx:hr>
          </gpxtpx:TrackPointExtension>
        </extensions>
      </trkpt>
      <trkpt lat="22.750342212368196" lon="113.7324342793014">
        <ele>2.0827152086421847</ele>
        <time>1970-01-01T00:28:21.600000Z</time>
        <extensions>
          <gpxtpx:TrackPointExtension>
            <gpxtpx:hr>147</gpxtpx:hr>
          </gpxtpx:TrackPointExtension>
        </extensions>
      </trkpt>
      <trkpt lat="22.750366431961975" lon="113.7324509852789">
        <ele>2.252725064754486</ele>
        <time>1970-01-01T00:28:22.600000Z</time>
        <extensions>
          <gpxtpx:TrackPointExtension>
            <gpxtpx:hr>147</gpxtpx:hr>
          </gpxtpx:TrackPointExtension>
        </extensions>
      </trkpt>
      <trkpt lat="22.750389120403295" lon="113.73246855633701">
        <ele>2.4178108274936676</ele>
        <time>1970-01-01T00:28:23.600000Z</time>
        <extensions>
          <gpxtpx:TrackPointExtension>
            <gpxtpx:hr>147</gpxtpx:hr>
          </gpxtpx:TrackPointExtension>
        </extensions>
      </trkpt>
      <trkpt lat="22.750411256420044" lon="113.73248559648925">
        <ele>2.5714740147814155</ele>
        <time>1970-01-01T00:28:24.600000Z</time>
        <extensions>
          <gpxtpx:TrackPointExtension>
            <gpxtpx:hr>147</gpxtpx:hr>
          </gpxtpx:TrackPointExtension>
        </extensions>
      </trkpt>
      <trkpt lat="22.750433065775773" lon="113.7325012691847">
        <ele>2.7041194941848516</ele>
        <time>1970-01-01T00:28:25.600000Z</time>
        <extensions>
          <gpxtpx:TrackPointExtension>
            <gpxtpx:hr>147</gpxtpx:hr>
          </gpxtpx:TrackPointExtension>
        </extensions>
      </trkpt>
      <trkpt lat="22.750454503932822" lon="113.73251569915604">
        <ele>2.80830171238631</ele>
        <time>1970-01-01T00:28:26.600000Z</time>
        <extensions>
          <gpxtpx:TrackPointExtension>
            <gpxtpx:hr>147</gpxtpx:hr>
          </gpxtpx:TrackPointExtension>
        </extensions>
      </trkpt>
      <trkpt lat="22.750476398507033" lon="113.73252962556461">
        <ele>2.878933032974601</ele>
        <time>1970-01-01T00:28:27.600000Z</time>
        <extensions>
          <gpxtpx:TrackPointExtension>
            <gpxtpx:hr>146</gpxtpx:hr>
          </gpxtpx:TrackPointExtension>
        </extensions>
      </trkpt>
      <trkpt lat="22.75049874474841" lon="113.73254335012851">
        <ele>2.9139272002503276</ele>
        <time>1970-01-01T00:28:28.600000Z</time>
        <extensions>
          <gpxtpx:TrackPointExtension>
            <gpxtpx:hr>146</gpxtpx:hr>
          </gpxtpx:TrackPointExtension>
        </extensions>
      </trkpt>
      <trkpt lat="22.750521123083296" lon="113.7325571710608">
        <ele>2.913304821588099</ele>
        <time>1970-01-01T00:28:29.600000Z</time>
        <extensions>
          <gpxtpx:TrackPointExtension>
            <gpxtpx:hr>146</gpxtpx:hr>
          </gpxtpx:TrackPointExtension>
        </extensions>
      </trkpt>
      <trkpt lat="22.750543015011228" lon="113.73257131536059">
        <ele>2.8791943741962314</ele>
        <time>1970-01-01T00:28:30.600000Z</time>
        <extensions>
          <gpxtpx:TrackPointExtension>
            <gpxtpx:hr>146</gpxtpx:hr>
          </gpxtpx:TrackPointExtension>
        </extensions>
      </trkpt>
      <trkpt lat="22.750564097656092" lon="113.73258628594843">
        <ele>2.8157937498763204</ele>
        <time>1970-01-01T00:28:31.600000Z</time>
        <extensions>
          <gpxtpx:TrackPointExtension>
            <gpxtpx:hr>146</gpxtpx:hr>
          </gpxtpx:TrackPointExtension>
        </extensions>
      </trkpt>
      <trkpt lat="22.7505840354873" lon="113.732602098223">
        <ele>2.727152869105339</ele>
        <time>1970-01-01T00:28:32.600000Z</time>
        <extensions>
          <gpxtpx:TrackPointExtension>
            <gpxtpx:hr>146</gpxtpx:hr>
          </gpxtpx:TrackPointExtension>
        </extensions>
      </trkpt>
      <trkpt lat="22.750602362528426" lon="113.73261881096651">
        <ele>2.6172531191259623</ele>
        <time>1970-01-01T00:28:33.600000Z</time>
        <extensions>
          <gpxtpx:TrackPointExtension>
            <gpxtpx:hr>146</gpxtpx:hr>
          </gpxtpx:TrackPointExtension>
        </extensions>
      </trkpt>
      <trkpt lat="22.75061909346568" lon="113.73263651822968">
        <ele>2.490299606695771</ele>
        <time>1970-01-01T00:28:34.600000Z</time>
        <extensions>
          <gpxtpx:TrackPointExtension>
            <gpxtpx:hr>146</gpxtpx:hr>
          </gpxtpx:TrackPointExtension>
        </extensions>
      </trkpt>
      <trkpt lat="22.750634987756563" lon="113.73265497925823">
        <ele>2.350787346251309</ele>
        <time>1970-01-01T00:28:35.600000Z</time>
        <extensions>
          <gpxtpx:TrackPointExtension>
            <gpxtpx:hr>146</gpxtpx:hr>
          </gpxtpx:TrackPointExtension>
        </extensions>
      </trkpt>
      <trkpt lat="22.750652249969473" lon="113.73267263175072">
        <ele>2.204693155363202</ele>
        <time>1970-01-01T00:28:36.600000Z</time>
        <extensions>
          <gpxtpx:TrackPointExtension>
            <gpxtpx:hr>146</gpxtpx:hr>
          </gpxtpx:TrackPointExtension>
        </extensions>
      </trkpt>
      <trkpt lat="22.750671892641808" lon="113.73268807773455">
        <ele>2.056724994443357</ele>
        <time>1970-01-01T00:28:37.600000Z</time>
        <extensions>
          <gpxtpx:TrackPointExtension>
            <gpxtpx:hr>145</gpxtpx:hr>
          </gpxtpx:TrackPointExtension>
        </extensions>
      </trkpt>
      <trkpt lat="22.750692318926223" lon="113.7327021375944">
        <ele>1.9097863901406527</ele>
        <time>1970-01-01T00:28:38.600000Z</time>
        <extensions>
          <gpxtpx:TrackPointExtension>
            <gpxtpx:hr>145</gpxtpx:hr>
          </gpxtpx:TrackPointExtension>
        </extensions>
      </trkpt>
      <trkpt lat="22.750711893301016" lon="113.73271601700233">
        <ele>1.768511620350182</ele>
        <time>1970-01-01T00:28:39.600000Z</time>
        <extensions>
          <gpxtpx:TrackPointExtension>
            <gpxtpx:hr>145</gpxtpx:hr>
          </gpxtpx:TrackPointExtension>
        </extensions>
      </trkpt>
      <trkpt lat="22.75073060190665" lon="113.7327305113654">
        <ele>1.6359783597290516</ele>
        <time>1970-01-01T00:28:40.600000Z</time>
        <extensions>
          <gpxtpx:TrackPointExtension>
            <gpxtpx:hr>145</gpxtpx:hr>
          </gpxtpx:TrackPointExtension>
        </extensions>
      </trkpt>
      <trkpt lat="22.750749345804685" lon="113.73274563845406">
        <ele>1.5122711081057787</ele>
        <time>1970-01-01T00:28:41.600000Z</time>
        <extensions>
          <gpxtpx:TrackPointExtension>
            <gpxtpx:hr>145</gpxtpx:hr>
          </gpxtpx:TrackPointExtension>
        </extensions>
      </trkpt>
      <trkpt lat="22.750768891666514" lon="113.73276117062379">
        <ele>1.4014330049976707</ele>
        <time>1970-01-01T00:28:42.600000Z</time>
        <extensions>
          <gpxtpx:TrackPointExtension>
            <gpxtpx:hr>145</gpxtpx:hr>
          </gpxtpx:TrackPointExtension>
        </extensions>
      </trkpt>
      <trkpt lat="22.75078957286328" lon="113.73277666792964">
        <ele>1.3053285405039787</ele>
        <time>1970-01-01T00:28:43.600000Z</time>
        <extensions>
          <gpxtpx:TrackPointExtension>
            <gpxtpx:hr>145</gpxtpx:hr>
          </gpxtpx:TrackPointExtension>
        </extensions>
      </trkpt>
      <trkpt lat="22.750810910113003" lon="113.73279217584191">
        <ele>1.2254453990608454</ele>
        <time>1970-01-01T00:28:44.600000Z</time>
        <extensions>
          <gpxtpx:TrackPointExtension>
            <gpxtpx:hr>145</gpxtpx:hr>
          </gpxtpx:TrackPointExtension>
        </extensions>
      </trkpt>
      <trkpt lat="22.750831650668317" lon="113.73280708268437">
        <ele>1.162620235234499</ele>
        <time>1970-01-01T00:28:45.600000Z</time>
        <extensions>
          <gpxtpx:TrackPointExtension>
            <gpxtpx:hr>145</gpxtpx:hr>
          </gpxtpx:TrackPointExtension>
        </extensions>
      </trkpt>
      <trkpt lat="22.75085178311983" lon="113.73282077721483">
        <ele>1.1176861356943846</ele>
        <time>1970-01-01T00:28:46.600000Z</time>
        <extensions>
          <gpxtpx:TrackPointExtension>
            <gpxtpx:hr>145</gpxtpx:hr>
          </gpxtpx:TrackPointExtension>
        </extensions>
      </trkpt>
      <trkpt lat="22.75087219132068" lon="113.73283363298378">
        <ele>1.0907902112230659</ele>
        <time>1970-01-01T00:28:47.600000Z</time>
        <extensions>
          <gpxtpx:TrackPointExtension>
            <gpxtpx:hr>145</gpxtpx:hr>
          </gpxtpx:TrackPointExtension>
        </extensions>
      </trkpt>
      <trkpt lat="22.750893406282007" lon="113.73284605325564">
        <ele>1.082882223650813</ele>
        <time>1970-01-01T00:28:48.600000Z</time>
        <extensions>
          <gpxtpx:TrackPointExtension>
            <gpxtpx:hr>145</gpxtpx:hr>
          </gpxtpx:TrackPointExtension>
        </extensions>
      </trkpt>
      <trkpt lat="22.750915241180635" lon="113.73285889170893">
        <ele>1.0916432095691562</ele>
        <time>1970-01-01T00:28:49.600000Z</time>
        <extensions>
          <gpxtpx:TrackPointExtension>
            <gpxtpx:hr>145</gpxtpx:hr>
          </gpxtpx:TrackPointExtension>
        </extensions>
      </trkpt>
      <trkpt lat="22.750937298584986" lon="113.73287283036478">
        <ele>1.113055911846459</ele>
        <time>1970-01-01T00:28:50.600000Z</time>
        <extensions>
          <gpxtpx:TrackPointExtension>
            <gpxtpx:hr>145</gpxtpx:hr>
          </gpxtpx:TrackPointExtension>
        </extensions>
      </trkpt>
      <trkpt lat="22.75095938251613" lon="113.73288779252158">
        <ele>1.142842493019998</ele>
        <time>1970-01-01T00:28:51.600000Z</time>
        <extensions>
          <gpxtpx:TrackPointExtension>
            <gpxtpx:hr>145</gpxtpx:hr>
          </gpxtpx:TrackPointExtension>
        </extensions>
      </trkpt>
      <trkpt lat="22.75098078375796" lon="113.73290350318301">
        <ele>1.17691086884588</ele>
        <time>1970-01-01T00:28:52.600000Z</time>
        <extensions>
          <gpxtpx:TrackPointExtension>
            <gpxtpx:hr>145</gpxtpx:hr>
          </gpxtpx:TrackPointExtension>
        </extensions>
      </trkpt>
      <trkpt lat="22.751001837723436" lon="113.73291995658758">
        <ele>1.2111084321513772</ele>
        <time>1970-01-01T00:28:53.600000Z</time>
        <extensions>
          <gpxtpx:TrackPointExtension>
            <gpxtpx:hr>145</gpxtpx:hr>
          </gpxtpx:TrackPointExtension>
        </extensions>
      </trkpt>
      <trkpt lat="22.751022459685878" lon="113.73293609206712">
        <ele>1.2426914442330599</ele>
        <time>1970-01-01T00:28:54.600000Z</time>
        <extensions>
          <gpxtpx:TrackPointExtension>
            <gpxtpx:hr>145</gpxtpx:hr>
          </gpxtpx:TrackPointExtension>
        </extensions>
      </trkpt>
      <trkpt lat="22.751042798447088" lon="113.73295139267617">
        <ele>1.269969156011939</ele>
        <time>1970-01-01T00:28:55.600000Z</time>
        <extensions>
          <gpxtpx:TrackPointExtension>
            <gpxtpx:hr>145</gpxtpx:hr>
          </gpxtpx:TrackPointExtension>
        </extensions>
      </trkpt>
      <trkpt lat="22.751063376827723" lon="113.73296665346508">
        <ele>1.2923605795949697</ele>
        <time>1970-01-01T00:28:56.600000Z</time>
        <extensions>
          <gpxtpx:TrackPointExtension>
            <gpxtpx:hr>145</gpxtpx:hr>
          </gpxtpx:TrackPointExtension>
        </extensions>
      </trkpt>
      <trkpt lat="22.751084042179997" lon="113.73298242495467">
        <ele>1.3094620611518621</ele>
        <time>1970-01-01T00:28:57.600000Z</time>
        <extensions>
          <gpxtpx:TrackPointExtension>
            <gpxtpx:hr>145</gpxtpx:hr>
          </gpxtpx:TrackPointExtension>
        </extensions>
      </trkpt>
      <trkpt lat="22.751105302166803" lon="113.73299821536025">
        <ele>1.3208090318366885</ele>
        <time>1970-01-01T00:28:58.600000Z</time>
        <extensions>
          <gpxtpx:TrackPointExtension>
            <gpxtpx:hr>145</gpxtpx:hr>
          </gpxtpx:TrackPointExtension>
        </extensions>
      </trkpt>
      <trkpt lat="22.75112765550845" lon="113.73301338111717">
        <ele>1.326427472755313</ele>
        <time>1970-01-01T00:28:59.600000Z</time>
        <extensions>
          <gpxtpx:TrackPointExtension>
            <gpxtpx:hr>144</gpxtpx:hr>
          </gpxtpx:TrackPointExtension>
        </extensions>
      </trkpt>
      <trkpt lat="22.751150711178287" lon="113.73302776328784">
        <ele>1.3273623865097761</ele>
        <time>1970-01-01T00:29:00.600000Z</time>
        <extensions>
          <gpxtpx:TrackPointExtension>
            <gpxtpx:hr>144</gpxtpx:hr>
          </gpxtpx:TrackPointExtension>
        </extensions>
      </trkpt>
      <trkpt lat="22.751173162747723" lon="113.73304208009078">
        <ele>1.3250472052022815</ele>
        <time>1970-01-01T00:29:01.600000Z</time>
        <extensions>
          <gpxtpx:TrackPointExtension>
            <gpxtpx:hr>144</gpxtpx:hr>
          </gpxtpx:TrackPointExtension>
        </extensions>
      </trkpt>
      <trkpt lat="22.751194482592346" lon="113.73305727015907">
        <ele>1.321082716807723</ele>
        <time>1970-01-01T00:29:02.600000Z</time>
        <extensions>
          <gpxtpx:TrackPointExtension>
            <gpxtpx:hr>144</gpxtpx:hr>
          </gpxtpx:TrackPointExtension>
        </extensions>
      </trkpt>
      <trkpt lat="22.751215131869042" lon="113.73307303987592">
        <ele>1.316858220845461</ele>
        <time>1970-01-01T00:29:03.600000Z</time>
        <extensions>
          <gpxtpx:TrackPointExtension>
            <gpxtpx:hr>144</gpxtpx:hr>
          </gpxtpx:TrackPointExtension>
        </extensions>
      </trkpt>
      <trkpt lat="22.751236145669825" lon="113.73308924528403">
        <ele>1.3133354410529137</ele>
        <time>1970-01-01T00:29:04.600000Z</time>
        <extensions>
          <gpxtpx:TrackPointExtension>
            <gpxtpx:hr>147</gpxtpx:hr>
          </gpxtpx:TrackPointExtension>
        </extensions>
      </trkpt>
      <trkpt lat="22.75125767469722" lon="113.73310598583389">
        <ele>1.3108338313177228</ele>
        <time>1970-01-01T00:29:05.600000Z</time>
        <extensions>
          <gpxtpx:TrackPointExtension>
            <gpxtpx:hr>147</gpxtpx:hr>
          </gpxtpx:TrackPointExtension>
        </extensions>
      </trkpt>
      <trkpt lat="22.751279345660464" lon="113.73312299946095">
        <ele>1.3090839413926005</ele>
        <time>1970-01-01T00:29:06.600000Z</time>
        <extensions>
          <gpxtpx:TrackPointExtension>
            <gpxtpx:hr>147</gpxtpx:hr>
          </gpxtpx:TrackPointExtension>
        </extensions>
      </trkpt>
      <trkpt lat="22.751301088632836" lon="113.73313986250623">
        <ele>1.3074484653770924</ele>
        <time>1970-01-01T00:29:07.600000Z</time>
        <extensions>
          <gpxtpx:TrackPointExtension>
            <gpxtpx:hr>147</gpxtpx:hr>
          </gpxtpx:TrackPointExtension>
        </extensions>
      </trkpt>
      <trkpt lat="22.751322783182257" lon="113.73315625092022">
        <ele>1.3052403563633561</ele>
        <time>1970-01-01T00:29:08.600000Z</time>
        <extensions>
          <gpxtpx:TrackPointExtension>
            <gpxtpx:hr>147</gpxtpx:hr>
          </gpxtpx:TrackPointExtension>
        </extensions>
      </trkpt>
      <trkpt lat="22.75134421164753" lon="113.73317264435896">
        <ele>1.3018127158284187</ele>
        <time>1970-01-01T00:29:09.600000Z</time>
        <extensions>
          <gpxtpx:TrackPointExtension>
            <gpxtpx:hr>147</gpxtpx:hr>
          </gpxtpx:TrackPointExtension>
        </extensions>
      </trkpt>
      <trkpt lat="22.75136535806057" lon="113.73318918496905">
        <ele>1.2967592189088464</ele>
        <time>1970-01-01T00:29:10.600000Z</time>
        <extensions>
          <gpxtpx:TrackPointExtension>
            <gpxtpx:hr>147</gpxtpx:hr>
          </gpxtpx:TrackPointExtension>
        </extensions>
      </trkpt>
      <trkpt lat="22.751386871233" lon="113.73320560226729">
        <ele>1.290055837482214</ele>
        <time>1970-01-01T00:29:11.600000Z</time>
        <extensions>
          <gpxtpx:TrackPointExtension>
            <gpxtpx:hr>147</gpxtpx:hr>
          </gpxtpx:TrackPointExtension>
        </extensions>
      </trkpt>
      <trkpt lat="22.751408755915733" lon="113.73322197191551">
        <ele>1.281958468258381</ele>
        <time>1970-01-01T00:29:12.600000Z</time>
        <extensions>
          <gpxtpx:TrackPointExtension>
            <gpxtpx:hr>147</gpxtpx:hr>
          </gpxtpx:TrackPointExtension>
        </extensions>
      </trkpt>
      <trkpt lat="22.75143062819599" lon="113.73323774364138">
        <ele>1.2727259630337358</ele>
        <time>1970-01-01T00:29:13.600000Z</time>
        <extensions>
          <gpxtpx:TrackPointExtension>
            <gpxtpx:hr>147</gpxtpx:hr>
          </gpxtpx:TrackPointExtension>
        </extensions>
      </trkpt>
      <trkpt lat="22.751451916333803" lon="113.73325290773417">
        <ele>1.2627641847357154</ele>
        <time>1970-01-01T00:29:14.600000Z</time>
        <extensions>
          <gpxtpx:TrackPointExtension>
            <gpxtpx:hr>147</gpxtpx:hr>
          </gpxtpx:TrackPointExtension>
        </extensions>
      </trkpt>
      <trkpt lat="22.751472588793323" lon="113.73326817872996">
        <ele>1.2523309737443924</ele>
        <time>1970-01-01T00:29:15.600000Z</time>
        <extensions>
          <gpxtpx:TrackPointExtension>
            <gpxtpx:hr>147</gpxtpx:hr>
          </gpxtpx:TrackPointExtension>
        </extensions>
      </trkpt>
      <trkpt lat="22.751492993091965" lon="113.73328373139381">
        <ele>1.2416926082223654</ele>
        <time>1970-01-01T00:29:16.600000Z</time>
        <extensions>
          <gpxtpx:TrackPointExtension>
            <gpxtpx:hr>147</gpxtpx:hr>
          </gpxtpx:TrackPointExtension>
        </extensions>
      </trkpt>
      <trkpt lat="22.751513286434747" lon="113.73329965109333">
        <ele>1.2312644254416227</ele>
        <time>1970-01-01T00:29:17.600000Z</time>
        <extensions>
          <gpxtpx:TrackPointExtension>
            <gpxtpx:hr>147</gpxtpx:hr>
          </gpxtpx:TrackPointExtension>
        </extensions>
      </trkpt>
      <trkpt lat="22.751533541366957" lon="113.73331611640951">
        <ele>1.2215867387130857</ele>
        <time>1970-01-01T00:29:18.600000Z</time>
        <extensions>
          <gpxtpx:TrackPointExtension>
            <gpxtpx:hr>146</gpxtpx:hr>
          </gpxtpx:TrackPointExtension>
        </extensions>
      </trkpt>
      <trkpt lat="22.75155402175265" lon="113.73333332478327">
        <ele>1.2132477974519134</ele>
        <time>1970-01-01T00:29:19.600000Z</time>
        <extensions>
          <gpxtpx:TrackPointExtension>
            <gpxtpx:hr>146</gpxtpx:hr>
          </gpxtpx:TrackPointExtension>
        </extensions>
      </trkpt>
      <trkpt lat="22.75157468224155" lon="113.73335103148831">
        <ele>1.2069075116887689</ele>
        <time>1970-01-01T00:29:20.600000Z</time>
        <extensions>
          <gpxtpx:TrackPointExtension>
            <gpxtpx:hr>146</gpxtpx:hr>
          </gpxtpx:TrackPointExtension>
        </extensions>
      </trkpt>
      <trkpt lat="22.751595185548513" lon="113.7333688452359">
        <ele>1.2031967239454389</ele>
        <time>1970-01-01T00:29:21.600000Z</time>
        <extensions>
          <gpxtpx:TrackPointExtension>
            <gpxtpx:hr>146</gpxtpx:hr>
          </gpxtpx:TrackPointExtension>
        </extensions>
      </trkpt>
      <trkpt lat="22.751615600916736" lon="113.73338651382694">
        <ele>1.202615074813366</ele>
        <time>1970-01-01T00:29:22.600000Z</time>
        <extensions>
          <gpxtpx:TrackPointExtension>
            <gpxtpx:hr>146</gpxtpx:hr>
          </gpxtpx:TrackPointExtension>
        </extensions>
      </trkpt>
      <trkpt lat="22.751635752891314" lon="113.73340334093338">
        <ele>1.205536751076579</ele>
        <time>1970-01-01T00:29:23.600000Z</time>
        <extensions>
          <gpxtpx:TrackPointExtension>
            <gpxtpx:hr>146</gpxtpx:hr>
          </gpxtpx:TrackPointExtension>
        </extensions>
      </trkpt>
      <trkpt lat="22.751656414752674" lon="113.7334193488417">
        <ele>1.212017498910427</ele>
        <time>1970-01-01T00:29:24.600000Z</time>
        <extensions>
          <gpxtpx:TrackPointExtension>
            <gpxtpx:hr>146</gpxtpx:hr>
          </gpxtpx:TrackPointExtension>
        </extensions>
      </trkpt>
      <trkpt lat="22.751677818835315" lon="113.73343487799922">
        <ele>1.2218144070357084</ele>
        <time>1970-01-01T00:29:25.600000Z</time>
        <extensions>
          <gpxtpx:TrackPointExtension>
            <gpxtpx:hr>146</gpxtpx:hr>
          </gpxtpx:TrackPointExtension>
        </extensions>
      </trkpt>
      <trkpt lat="22.751699298526983" lon="113.73345053591106">
        <ele>1.2343916594982147</ele>
        <time>1970-01-01T00:29:26.600000Z</time>
        <extensions>
          <gpxtpx:TrackPointExtension>
            <gpxtpx:hr>146</gpxtpx:hr>
          </gpxtpx:TrackPointExtension>
        </extensions>
      </trkpt>
      <trkpt lat="22.751720308381394" lon="113.73346668727822">
        <ele>1.2489655744284391</ele>
        <time>1970-01-01T00:29:27.600000Z</time>
        <extensions>
          <gpxtpx:TrackPointExtension>
            <gpxtpx:hr>146</gpxtpx:hr>
          </gpxtpx:TrackPointExtension>
        </extensions>
      </trkpt>
      <trkpt lat="22.751740687211573" lon="113.73348296218585">
        <ele>1.2646748684346676</ele>
        <time>1970-01-01T00:29:28.600000Z</time>
        <extensions>
          <gpxtpx:TrackPointExtension>
            <gpxtpx:hr>146</gpxtpx:hr>
          </gpxtpx:TrackPointExtension>
        </extensions>
      </trkpt>
      <trkpt lat="22.751760960367175" lon="113.73349924811531">
        <ele>1.2807418461889029</ele>
        <time>1970-01-01T00:29:29.600000Z</time>
        <extensions>
          <gpxtpx:TrackPointExtension>
            <gpxtpx:hr>146</gpxtpx:hr>
          </gpxtpx:TrackPointExtension>
        </extensions>
      </trkpt>
      <trkpt lat="22.75178128395606" lon="113.73351566676325">
        <ele>1.2965226378291845</ele>
        <time>1970-01-01T00:29:30.600000Z</time>
        <extensions>
          <gpxtpx:TrackPointExtension>
            <gpxtpx:hr>146</gpxtpx:hr>
          </gpxtpx:TrackPointExtension>
        </extensions>
      </trkpt>
      <trkpt lat="22.751801830199096" lon="113.73353248249776">
        <ele>1.3114954754710197</ele>
        <time>1970-01-01T00:29:31.600000Z</time>
        <extensions>
          <gpxtpx:TrackPointExtension>
            <gpxtpx:hr>146</gpxtpx:hr>
          </gpxtpx:TrackPointExtension>
        </extensions>
      </trkpt>
      <trkpt lat="22.751822487083942" lon="113.73354909402728">
        <ele>1.3253946024924517</ele>
        <time>1970-01-01T00:29:32.600000Z</time>
        <extensions>
          <gpxtpx:TrackPointExtension>
            <gpxtpx:hr>146</gpxtpx:hr>
          </gpxtpx:TrackPointExtension>
        </extensions>
      </trkpt>
      <trkpt lat="22.75184272484195" lon="113.73356404514071">
        <ele>1.3381639309227467</ele>
        <time>1970-01-01T00:29:33.600000Z</time>
        <extensions>
          <gpxtpx:TrackPointExtension>
            <gpxtpx:hr>146</gpxtpx:hr>
          </gpxtpx:TrackPointExtension>
        </extensions>
      </trkpt>
      <trkpt lat="22.751863264103694" lon="113.73357735792649">
        <ele>1.349885861389339</ele>
        <time>1970-01-01T00:29:34.600000Z</time>
        <extensions>
          <gpxtpx:TrackPointExtension>
            <gpxtpx:hr>146</gpxtpx:hr>
          </gpxtpx:TrackPointExtension>
        </extensions>
      </trkpt>
      <trkpt lat="22.75188530029753" lon="113.73359134010745">
        <ele>1.3607279947027564</ele>
        <time>1970-01-01T00:29:35.600000Z</time>
        <extensions>
          <gpxtpx:TrackPointExtension>
            <gpxtpx:hr>146</gpxtpx:hr>
          </gpxtpx:TrackPointExtension>
        </extensions>
      </trkpt>
      <trkpt lat="22.75190822867576" lon="113.73360759169366">
        <ele>1.3710068222135305</ele>
        <time>1970-01-01T00:29:36.600000Z</time>
        <extensions>
          <gpxtpx:TrackPointExtension>
            <gpxtpx:hr>146</gpxtpx:hr>
          </gpxtpx:TrackPointExtension>
        </extensions>
      </trkpt>
      <trkpt lat="22.751930251078285" lon="113.73362491668148">
        <ele>1.3809330137446523</ele>
        <time>1970-01-01T00:29:37.600000Z</time>
        <extensions>
          <gpxtpx:TrackPointExtension>
            <gpxtpx:hr>146</gpxtpx:hr>
          </gpxtpx:TrackPointExtension>
        </extensions>
      </trkpt>
      <trkpt lat="22.75195078561702" lon="113.73364196077081">
        <ele>1.3907952085137367</ele>
        <time>1970-01-01T00:29:38.600000Z</time>
        <extensions>
          <gpxtpx:TrackPointExtension>
            <gpxtpx:hr>146</gpxtpx:hr>
          </gpxtpx:TrackPointExtension>
        </extensions>
      </trkpt>
      <trkpt lat="22.75197053555947" lon="113.7336583862202">
        <ele>1.4007390411570668</ele>
        <time>1970-01-01T00:29:39.600000Z</time>
        <extensions>
          <gpxtpx:TrackPointExtension>
            <gpxtpx:hr>146</gpxtpx:hr>
          </gpxtpx:TrackPointExtension>
        </extensions>
      </trkpt>
      <trkpt lat="22.7519899344811" lon="113.73367425619725">
        <ele>1.4105293955653906</ele>
        <time>1970-01-01T00:29:40.600000Z</time>
        <extensions>
          <gpxtpx:TrackPointExtension>
            <gpxtpx:hr>146</gpxtpx:hr>
          </gpxtpx:TrackPointExtension>
        </extensions>
      </trkpt>
      <trkpt lat="22.75200967569611" lon="113.73369045565883">
        <ele>1.4196124346926808</ele>
        <time>1970-01-01T00:29:41.600000Z</time>
        <extensions>
          <gpxtpx:TrackPointExtension>
            <gpxtpx:hr>146</gpxtpx:hr>
          </gpxtpx:TrackPointExtension>
        </extensions>
      </trkpt>
      <trkpt lat="22.752030079865133" lon="113.73370664134931">
        <ele>1.4274821756407619</ele>
        <time>1970-01-01T00:29:42.600000Z</time>
        <extensions>
          <gpxtpx:TrackPointExtension>
            <gpxtpx:hr>146</gpxtpx:hr>
          </gpxtpx:TrackPointExtension>
        </extensions>
      </trkpt>
      <trkpt lat="22.75205133844365" lon="113.7337221366539">
        <ele>1.4334742221981287</ele>
        <time>1970-01-01T00:29:43.600000Z</time>
        <extensions>
          <gpxtpx:TrackPointExtension>
            <gpxtpx:hr>145</gpxtpx:hr>
          </gpxtpx:TrackPointExtension>
        </extensions>
      </trkpt>
      <trkpt lat="22.75207395691203" lon="113.73373706916055">
        <ele>1.436895390972495</ele>
        <time>1970-01-01T00:29:44.600000Z</time>
        <extensions>
          <gpxtpx:TrackPointExtension>
            <gpxtpx:hr>145</gpxtpx:hr>
          </gpxtpx:TrackPointExtension>
        </extensions>
      </trkpt>
      <trkpt lat="22.752097676771793" lon="113.73375182236236">
        <ele>1.4374594641849399</ele>
        <time>1970-01-01T00:29:45.600000Z</time>
        <extensions>
          <gpxtpx:TrackPointExtension>
            <gpxtpx:hr>145</gpxtpx:hr>
          </gpxtpx:TrackPointExtension>
        </extensions>
      </trkpt>
      <trkpt lat="22.752121827630905" lon="113.73376648547047">
        <ele>1.435059616342187</ele>
        <time>1970-01-01T00:29:46.600000Z</time>
        <extensions>
          <gpxtpx:TrackPointExtension>
            <gpxtpx:hr>145</gpxtpx:hr>
          </gpxtpx:TrackPointExtension>
        </extensions>
      </trkpt>
      <trkpt lat="22.752145583848044" lon="113.73378104323247">
        <ele>1.4299107315018773</ele>
        <time>1970-01-01T00:29:47.600000Z</time>
        <extensions>
          <gpxtpx:TrackPointExtension>
            <gpxtpx:hr>146</gpxtpx:hr>
          </gpxtpx:TrackPointExtension>
        </extensions>
      </trkpt>
      <trkpt lat="22.752169173049275" lon="113.73379631847251">
        <ele>1.422667951323092</ele>
        <time>1970-01-01T00:29:48.600000Z</time>
        <extensions>
          <gpxtpx:TrackPointExtension>
            <gpxtpx:hr>146</gpxtpx:hr>
          </gpxtpx:TrackPointExtension>
        </extensions>
      </trkpt>
      <trkpt lat="22.752192696602126" lon="113.73381193089017">
        <ele>1.4145220359787345</ele>
        <time>1970-01-01T00:29:49.600000Z</time>
        <extensions>
          <gpxtpx:TrackPointExtension>
            <gpxtpx:hr>146</gpxtpx:hr>
          </gpxtpx:TrackPointExtension>
        </extensions>
      </trkpt>
      <trkpt lat="22.752216278471533" lon="113.73382752435684">
        <ele>1.4068236416205764</ele>
        <time>1970-01-01T00:29:50.600000Z</time>
        <extensions>
          <gpxtpx:TrackPointExtension>
            <gpxtpx:hr>146</gpxtpx:hr>
          </gpxtpx:TrackPointExtension>
        </extensions>
      </trkpt>
      <trkpt lat="22.752240181767437" lon="113.73384347023281">
        <ele>1.4010135931894183</ele>
        <time>1970-01-01T00:29:51.600000Z</time>
        <extensions>
          <gpxtpx:TrackPointExtension>
            <gpxtpx:hr>146</gpxtpx:hr>
          </gpxtpx:TrackPointExtension>
        </extensions>
      </trkpt>
      <trkpt lat="22.75226289704856" lon="113.7338593981198">
        <ele>1.3981761522591114</ele>
        <time>1970-01-01T00:29:52.600000Z</time>
        <extensions>
          <gpxtpx:TrackPointExtension>
            <gpxtpx:hr>146</gpxtpx:hr>
          </gpxtpx:TrackPointExtension>
        </extensions>
      </trkpt>
      <trkpt lat="22.752283349028307" lon="113.73387512686708">
        <ele>1.3988541159778833</ele>
        <time>1970-01-01T00:29:53.600000Z</time>
        <extensions>
          <gpxtpx:TrackPointExtension>
            <gpxtpx:hr>145</gpxtpx:hr>
          </gpxtpx:TrackPointExtension>
        </extensions>
      </trkpt>
      <trkpt lat="22.75230214989902" lon="113.7338913348365">
        <ele>1.402972417883575</ele>
        <time>1970-01-01T00:29:54.600000Z</time>
        <extensions>
          <gpxtpx:TrackPointExtension>
            <gpxtpx:hr>145</gpxtpx:hr>
          </gpxtpx:TrackPointExtension>
        </extensions>
      </trkpt>
      <trkpt lat="22.752320629983558" lon="113.7339085418198">
        <ele>1.4099025158211589</ele>
        <time>1970-01-01T00:29:55.600000Z</time>
        <extensions>
          <gpxtpx:TrackPointExtension>
            <gpxtpx:hr>145</gpxtpx:hr>
          </gpxtpx:TrackPointExtension>
        </extensions>
      </trkpt>
      <trkpt lat="22.752339648925755" lon="113.73392625148796">
        <ele>1.418632228858769</ele>
        <time>1970-01-01T00:29:56.600000Z</time>
        <extensions>
          <gpxtpx:TrackPointExtension>
            <gpxtpx:hr>145</gpxtpx:hr>
          </gpxtpx:TrackPointExtension>
        </extensions>
      </trkpt>
      <trkpt lat="22.752359536715854" lon="113.73394374177218">
        <ele>1.4279976589605212</ele>
        <time>1970-01-01T00:29:57.600000Z</time>
        <extensions>
          <gpxtpx:TrackPointExtension>
            <gpxtpx:hr>145</gpxtpx:hr>
          </gpxtpx:TrackPointExtension>
        </extensions>
      </trkpt>
      <trkpt lat="22.752380077876175" lon="113.73396042670367">
        <ele>1.4368875930085778</ele>
        <time>1970-01-01T00:29:58.600000Z</time>
        <extensions>
          <gpxtpx:TrackPointExtension>
            <gpxtpx:hr>145</gpxtpx:hr>
          </gpxtpx:TrackPointExtension>
        </extensions>
      </trkpt>
      <trkpt lat="22.75240127912475" lon="113.73397676059297">
        <ele>1.4443840710446239</ele>
        <time>1970-01-01T00:29:59.600000Z</time>
        <extensions>
          <gpxtpx:TrackPointExtension>
            <gpxtpx:hr>145</gpxtpx:hr>
          </gpxtpx:TrackPointExtension>
        </extensions>
      </trkpt>
      <trkpt lat="22.75242260156263" lon="113.73399310091887">
        <ele>1.4500311277806759</ele>
        <time>1970-01-01T00:30:00.600000Z</time>
        <extensions>
          <gpxtpx:TrackPointExtension>
            <gpxtpx:hr>145</gpxtpx:hr>
          </gpxtpx:TrackPointExtension>
        </extensions>
      </trkpt>
      <trkpt lat="22.752442970030256" lon="113.7340087719928">
        <ele>1.4537250865250826</ele>
        <time>1970-01-01T00:30:01.600000Z</time>
        <extensions>
          <gpxtpx:TrackPointExtension>
            <gpxtpx:hr>145</gpxtpx:hr>
          </gpxtpx:TrackPointExtension>
        </extensions>
      </trkpt>
      <trkpt lat="22.75246381248047" lon="113.7340233859886">
        <ele>1.4556437162682414</ele>
        <time>1970-01-01T00:30:02.600000Z</time>
        <extensions>
          <gpxtpx:TrackPointExtension>
            <gpxtpx:hr>145</gpxtpx:hr>
          </gpxtpx:TrackPointExtension>
        </extensions>
      </trkpt>
      <trkpt lat="22.752486662743777" lon="113.7340374037967">
        <ele>1.4561528991907835</ele>
        <time>1970-01-01T00:30:03.600000Z</time>
        <extensions>
          <gpxtpx:TrackPointExtension>
            <gpxtpx:hr>145</gpxtpx:hr>
          </gpxtpx:TrackPointExtension>
        </extensions>
      </trkpt>
      <trkpt lat="22.75251102503194" lon="113.73405239351213">
        <ele>1.4557788642123342</ele>
        <time>1970-01-01T00:30:04.600000Z</time>
        <extensions>
          <gpxtpx:TrackPointExtension>
            <gpxtpx:hr>145</gpxtpx:hr>
          </gpxtpx:TrackPointExtension>
        </extensions>
      </trkpt>
      <trkpt lat="22.75253536482947" lon="113.734068467781">
        <ele>1.4549155896529555</ele>
        <time>1970-01-01T00:30:05.600000Z</time>
        <extensions>
          <gpxtpx:TrackPointExtension>
            <gpxtpx:hr>145</gpxtpx:hr>
          </gpxtpx:TrackPointExtension>
        </extensions>
      </trkpt>
      <trkpt lat="22.752558350255356" lon="113.73408414469253">
        <ele>1.4538614368066192</ele>
        <time>1970-01-01T00:30:06.600000Z</time>
        <extensions>
          <gpxtpx:TrackPointExtension>
            <gpxtpx:hr>145</gpxtpx:hr>
          </gpxtpx:TrackPointExtension>
        </extensions>
      </trkpt>
      <trkpt lat="22.75258043304485" lon="113.7340988083628">
        <ele>1.4528274610638618</ele>
        <time>1970-01-01T00:30:07.600000Z</time>
        <extensions>
          <gpxtpx:TrackPointExtension>
            <gpxtpx:hr>145</gpxtpx:hr>
          </gpxtpx:TrackPointExtension>
        </extensions>
      </trkpt>
      <trkpt lat="22.752602773582403" lon="113.73411291179622">
        <ele>1.452029263600707</ele>
        <time>1970-01-01T00:30:08.600000Z</time>
        <extensions>
          <gpxtpx:TrackPointExtension>
            <gpxtpx:hr>145</gpxtpx:hr>
          </gpxtpx:TrackPointExtension>
        </extensions>
      </trkpt>
      <trkpt lat="22.752625868378118" lon="113.73412677000472">
        <ele>1.4515241710469127</ele>
        <time>1970-01-01T00:30:09.600000Z</time>
        <extensions>
          <gpxtpx:TrackPointExtension>
            <gpxtpx:hr>145</gpxtpx:hr>
          </gpxtpx:TrackPointExtension>
        </extensions>
      </trkpt>
      <trkpt lat="22.75264902388249" lon="113.73413968592418">
        <ele>1.4512433521449566</ele>
        <time>1970-01-01T00:30:10.600000Z</time>
        <extensions>
          <gpxtpx:TrackPointExtension>
            <gpxtpx:hr>145</gpxtpx:hr>
          </gpxtpx:TrackPointExtension>
        </extensions>
      </trkpt>
      <trkpt lat="22.75267196504519" lon="113.73415242052246">
        <ele>1.451030258089304</ele>
        <time>1970-01-01T00:30:11.600000Z</time>
        <extensions>
          <gpxtpx:TrackPointExtension>
            <gpxtpx:hr>145</gpxtpx:hr>
          </gpxtpx:TrackPointExtension>
        </extensions>
      </trkpt>
      <trkpt lat="22.752694546394114" lon="113.73416655073684">
        <ele>1.450710067525506</ele>
        <time>1970-01-01T00:30:12.600000Z</time>
        <extensions>
          <gpxtpx:TrackPointExtension>
            <gpxtpx:hr>145</gpxtpx:hr>
          </gpxtpx:TrackPointExtension>
        </extensions>
      </trkpt>
      <trkpt lat="22.752716089253955" lon="113.734182560463">
        <ele>1.450153011828661</ele>
        <time>1970-01-01T00:30:13.600000Z</time>
        <extensions>
          <gpxtpx:TrackPointExtension>
            <gpxtpx:hr>145</gpxtpx:hr>
          </gpxtpx:TrackPointExtension>
        </extensions>
      </trkpt>
      <trkpt lat="22.75273673916017" lon="113.73419984781242">
        <ele>1.4493485474959016</ele>
        <time>1970-01-01T00:30:14.600000Z</time>
        <extensions>
          <gpxtpx:TrackPointExtension>
            <gpxtpx:hr>145</gpxtpx:hr>
          </gpxtpx:TrackPointExtension>
        </extensions>
      </trkpt>
      <trkpt lat="22.752757004714546" lon="113.73421691689713">
        <ele>1.4484792705625296</ele>
        <time>1970-01-01T00:30:15.600000Z</time>
        <extensions>
          <gpxtpx:TrackPointExtension>
            <gpxtpx:hr>145</gpxtpx:hr>
          </gpxtpx:TrackPointExtension>
        </extensions>
      </trkpt>
      <trkpt lat="22.752777471430512" lon="113.73423275126683">
        <ele>1.4478593450039625</ele>
        <time>1970-01-01T00:30:16.600000Z</time>
        <extensions>
          <gpxtpx:TrackPointExtension>
            <gpxtpx:hr>145</gpxtpx:hr>
          </gpxtpx:TrackPointExtension>
        </extensions>
      </trkpt>
      <trkpt lat="22.752798209670836" lon="113.7342476099789">
        <ele>1.447870253585279</ele>
        <time>1970-01-01T00:30:17.600000Z</time>
        <extensions>
          <gpxtpx:TrackPointExtension>
            <gpxtpx:hr>145</gpxtpx:hr>
          </gpxtpx:TrackPointExtension>
        </extensions>
      </trkpt>
      <trkpt lat="22.752818880679175" lon="113.73426251971877">
        <ele>1.4486362896859646</ele>
        <time>1970-01-01T00:30:18.600000Z</time>
        <extensions>
          <gpxtpx:TrackPointExtension>
            <gpxtpx:hr>145</gpxtpx:hr>
          </gpxtpx:TrackPointExtension>
        </extensions>
      </trkpt>
      <trkpt lat="22.75283969801819" lon="113.73427781548456">
        <ele>1.4501703958958387</ele>
        <time>1970-01-01T00:30:19.600000Z</time>
        <extensions>
          <gpxtpx:TrackPointExtension>
            <gpxtpx:hr>146</gpxtpx:hr>
          </gpxtpx:TrackPointExtension>
        </extensions>
      </trkpt>
      <trkpt lat="22.752860672453508" lon="113.73429369199842">
        <ele>1.4523821026086807</ele>
        <time>1970-01-01T00:30:20.600000Z</time>
        <extensions>
          <gpxtpx:TrackPointExtension>
            <gpxtpx:hr>146</gpxtpx:hr>
          </gpxtpx:TrackPointExtension>
        </extensions>
      </trkpt>
      <trkpt lat="22.752881407123628" lon="113.73431035005135">
        <ele>1.45509666018188</ele>
        <time>1970-01-01T00:30:21.600000Z</time>
        <extensions>
          <gpxtpx:TrackPointExtension>
            <gpxtpx:hr>146</gpxtpx:hr>
          </gpxtpx:TrackPointExtension>
        </extensions>
      </trkpt>
      <trkpt lat="22.752901489939248" lon="113.73432715071178">
        <ele>1.4580305945128202</ele>
        <time>1970-01-01T00:30:22.600000Z</time>
        <extensions>
          <gpxtpx:TrackPointExtension>
            <gpxtpx:hr>146</gpxtpx:hr>
          </gpxtpx:TrackPointExtension>
        </extensions>
      </trkpt>
      <trkpt lat="22.7529214278284" lon="113.73434411535305">
        <ele>1.460976648144424</ele>
        <time>1970-01-01T00:30:23.600000Z</time>
        <extensions>
          <gpxtpx:TrackPointExtension>
            <gpxtpx:hr>146</gpxtpx:hr>
          </gpxtpx:TrackPointExtension>
        </extensions>
      </trkpt>
      <trkpt lat="22.752942058532014" lon="113.73436140435372">
        <ele>1.4580683102831244</ele>
        <time>1970-01-01T00:30:24.600000Z</time>
        <extensions>
          <gpxtpx:TrackPointExtension>
            <gpxtpx:hr>146</gpxtpx:hr>
          </gpxtpx:TrackPointExtension>
        </extensions>
      </trkpt>
      <trkpt lat="22.752963159775028" lon="113.73437865637784">
        <ele>1.4595133000984788</ele>
        <time>1970-01-01T00:30:25.600000Z</time>
        <extensions>
          <gpxtpx:TrackPointExtension>
            <gpxtpx:hr>146</gpxtpx:hr>
          </gpxtpx:TrackPointExtension>
        </extensions>
      </trkpt>
      <trkpt lat="22.752984442798223" lon="113.73439557523237">
        <ele>1.4646400017663836</ele>
        <time>1970-01-01T00:30:26.600000Z</time>
        <extensions>
          <gpxtpx:TrackPointExtension>
            <gpxtpx:hr>146</gpxtpx:hr>
          </gpxtpx:TrackPointExtension>
        </extensions>
      </trkpt>
      <trkpt lat="22.753005980070157" lon="113.73441238779657">
        <ele>1.4780022352933884</ele>
        <time>1970-01-01T00:30:27.600000Z</time>
        <extensions>
          <gpxtpx:TrackPointExtension>
            <gpxtpx:hr>146</gpxtpx:hr>
          </gpxtpx:TrackPointExtension>
        </extensions>
      </trkpt>
      <trkpt lat="22.753027223624866" lon="113.73442901920995">
        <ele>1.5031621493399143</ele>
        <time>1970-01-01T00:30:28.600000Z</time>
        <extensions>
          <gpxtpx:TrackPointExtension>
            <gpxtpx:hr>147</gpxtpx:hr>
          </gpxtpx:TrackPointExtension>
        </extensions>
      </trkpt>
      <trkpt lat="22.75304813177125" lon="113.73444491646546">
        <ele>1.5388564504683018</ele>
        <time>1970-01-01T00:30:29.600000Z</time>
        <extensions>
          <gpxtpx:TrackPointExtension>
            <gpxtpx:hr>147</gpxtpx:hr>
          </gpxtpx:TrackPointExtension>
        </extensions>
      </trkpt>
      <trkpt lat="22.75306900878528" lon="113.73446043210895">
        <ele>1.5900701433420181</ele>
        <time>1970-01-01T00:30:30.600000Z</time>
        <extensions>
          <gpxtpx:TrackPointExtension>
            <gpxtpx:hr>147</gpxtpx:hr>
          </gpxtpx:TrackPointExtension>
        </extensions>
      </trkpt>
      <trkpt lat="22.753089942277967" lon="113.73447661846855">
        <ele>1.6597032332792878</ele>
        <time>1970-01-01T00:30:31.600000Z</time>
        <extensions>
          <gpxtpx:TrackPointExtension>
            <gpxtpx:hr>147</gpxtpx:hr>
          </gpxtpx:TrackPointExtension>
        </extensions>
      </trkpt>
      <trkpt lat="22.753110994692165" lon="113.73449368138182">
        <ele>1.7490488644689322</ele>
        <time>1970-01-01T00:30:32.600000Z</time>
        <extensions>
          <gpxtpx:TrackPointExtension>
            <gpxtpx:hr>147</gpxtpx:hr>
          </gpxtpx:TrackPointExtension>
        </extensions>
      </trkpt>
      <trkpt lat="22.753130820536544" lon="113.73451015895355">
        <ele>1.8562540393322706</ele>
        <time>1970-01-01T00:30:33.600000Z</time>
        <extensions>
          <gpxtpx:TrackPointExtension>
            <gpxtpx:hr>147</gpxtpx:hr>
          </gpxtpx:TrackPointExtension>
        </extensions>
      </trkpt>
      <trkpt lat="22.753148748287717" lon="113.73452544659614">
        <ele>1.9742187922820449</ele>
        <time>1970-01-01T00:30:34.600000Z</time>
        <extensions>
          <gpxtpx:TrackPointExtension>
            <gpxtpx:hr>147</gpxtpx:hr>
          </gpxtpx:TrackPointExtension>
        </extensions>
      </trkpt>
      <trkpt lat="22.7531659498229" lon="113.73454031655">
        <ele>2.0925916926935315</ele>
        <time>1970-01-01T00:30:35.600000Z</time>
        <extensions>
          <gpxtpx:TrackPointExtension>
            <gpxtpx:hr>147</gpxtpx:hr>
          </gpxtpx:TrackPointExtension>
        </extensions>
      </trkpt>
      <trkpt lat="22.75318227409712" lon="113.73455467526065">
        <ele>2.2038283348083496</ele>
        <time>1970-01-01T00:30:36.600000Z</time>
        <extensions>
          <gpxtpx:TrackPointExtension>
            <gpxtpx:hr>147</gpxtpx:hr>
          </gpxtpx:TrackPointExtension>
        </extensions>
      </trkpt>
      <trkpt lat="22.753195912864047" lon="113.73456806680468">
        <ele>2.3053212333470583</ele>
        <time>1970-01-01T00:30:37.600000Z</time>
        <extensions>
          <gpxtpx:TrackPointExtension>
            <gpxtpx:hr>147</gpxtpx:hr>
          </gpxtpx:TrackPointExtension>
        </extensions>
      </trkpt>
      <trkpt lat="22.753207622117706" lon="113.7345809357581">
        <ele>2.3987598391249776</ele>
        <time>1970-01-01T00:30:38.600000Z</time>
        <extensions>
          <gpxtpx:TrackPointExtension>
            <gpxtpx:hr>147</gpxtpx:hr>
          </gpxtpx:TrackPointExtension>
        </extensions>
      </trkpt>
    </trkseg>
  </trk>
</gpx>